label,message
ham,Let me know if you need anything else.
ham,Thanks for your help with the project.
ham,Meeting scheduled for 13:00 tomorrow. Please confirm.
ham,Quick question: are you free at 10:00?
ham,Quick question: are you free at 11:00?
ham,Thanks for the feedback. I will incorporate it.
ham,I will send you the details by 13:00.
ham,See you at 15:00 for lunch.
ham,I will send you the details by 11:00.
ham,The meeting went well. Next steps are...
ham,See you at 14:00 for lunch.
ham,I will send you the details by 10:00.
ham,Quick question: are you free at 9:00?
ham,I will send you the details by 16:00.
spam,FREE entry to win  cash! Text WIN to 3385
spam,Alert: Suspicious activity on your account. Secure at http://spam-link.com
ham,The package has been delivered.
spam,FREE entry to win  cash! Text WIN to 3780
ham,Reminder: appointment at 10:00 tomorrow.
ham,Thanks for the update. I will review it tomorrow.
ham,The meeting went well. Next steps are...
spam,CONGRATULATIONS! You have won a  prize! Click here to claim.
ham,Happy birthday! Have a great day!
ham,The payment has been processed successfully.
spam,CONGRATULATIONS! You have won a  prize! Click here to claim.
ham,"Hey, how are you? Let me know when you can meet."
spam,WINNER! You have won a free vacation worth . Call 4854 now.
ham,Your order #5897 has been shipped.
spam,FREE entry to win  cash! Text WIN to 6031
ham,Let me know if you need anything else.
ham,The meeting went well. Next steps are...
ham,I will send you the details by 17:00.
spam,Earn  per week from home! Details at http://spam-link.com
spam,FREE entry to win  cash! Text WIN to 5028
ham,Meeting scheduled for 16:00 tomorrow. Please confirm.
ham,The payment has been processed successfully.
spam,WINNER! You have won a free vacation worth . Call 1391 now.
spam,LIMITED TIME OFFER: Get  off your next purchase. Use code SPAM3432
spam,LIMITED TIME OFFER: Get  off your next purchase. Use code SPAM823
ham,The package has been delivered.
spam,LIMITED TIME OFFER: Get  off your next purchase. Use code SPAM720
spam,FREE entry to win  cash! Text WIN to 9528
ham,Thanks for your help with the project.
ham,Thanks for your help with the project.
ham,The payment has been processed successfully.
spam,URGENT: Your account will be closed. Verify now at http://spam-link.com
spam,WINNER! You have won a free vacation worth . Call 5903 now.
spam,You have been selected for a  reward. Claim at http://spam-link.com
spam,FREE entry to win  cash! Text WIN to 7648
ham,Your order #6828 has been shipped.
spam,WINNER! You have won a free vacation worth . Call 4097 now.
spam,You have been selected for a  reward. Claim at http://spam-link.com
ham,Just wanted to check in. Hope you are doing well.
ham,Meeting scheduled for 10:00 tomorrow. Please confirm.
ham,Just wanted to check in. Hope you are doing well.
spam,Last chance to claim your  reward. Click http://spam-link.com
ham,The meeting went well. Next steps are...
ham,"Hey, how are you? Let me know when you can meet."
ham,The report is ready. Please find attached.
ham,Welcome to the team! Looking forward to working with you.
ham,The payment has been processed successfully.
spam,Your package delivery failed. Reschedule at http://spam-link.com
spam,Last chance to claim your  reward. Click http://spam-link.com
spam,You have  unread messages. Check at http://spam-link.com
ham,Let me know if you need anything else.
ham,Please review the document and let me know.
spam,You have been selected for a  reward. Claim at http://spam-link.com
ham,Can we reschedule our call to 16:00?
spam,URGENT: Security alert for your account. Verify at http://spam-link.com
spam,You have been pre-approved for  loan. Apply now at http://spam-link.com
ham,Please review the document and let me know.
ham,Your order #4655 has been shipped.
ham,Can we reschedule our call to 9:00?
ham,The payment has been processed successfully.
ham,Let me know if you need anything else.
ham,The payment has been processed successfully.
ham,See you at 14:00 for lunch.
ham,The package has been delivered.
ham,See you at 17:00 for lunch.
spam,You have been selected for a  reward. Claim at http://spam-link.com
spam,WINNER! You have won a free vacation worth . Call 2677 now.
spam,Exclusive deal:  discount on all items. Shop at http://spam-link.com
spam,Earn  per week from home! Details at http://spam-link.com
ham,The payment has been processed successfully.
spam,You have won a brand new iPhone! Claim at http://spam-link.com
ham,Thanks for your help with the project.
ham,Your order #1269 has been shipped.
ham,Let me know if you need anything else.
spam,URGENT: Your account will be closed. Verify now at http://spam-link.com
spam,URGENT: Security alert for your account. Verify at http://spam-link.com
spam,LIMITED TIME OFFER: Get  off your next purchase. Use code SPAM3338
ham,Let me know if you need anything else.
ham,I will send you the details by 17:00.
ham,Your order #8542 has been shipped.
ham,Let me know if you need anything else.
spam,Alert: Suspicious activity on your account. Secure at http://spam-link.com
ham,Meeting scheduled for 16:00 tomorrow. Please confirm.
spam,FREE entry to win  cash! Text WIN to 6545
ham,Just wanted to check in. Hope you are doing well.
ham,Reminder: appointment at 10:00 tomorrow.
ham,Reminder: appointment at 9:00 tomorrow.
ham,Can we reschedule our call to 11:00?
ham,Reminder: appointment at 10:00 tomorrow.
spam,Exclusive: % off everything today only. Shop http://spam-link.com
ham,Meeting scheduled for 12:00 tomorrow. Please confirm.
ham,Can we reschedule our call to 13:00?
ham,I will send you the details by 11:00.
ham,The report is ready. Please find attached.
spam,Exclusive: % off everything today only. Shop http://spam-link.com
ham,Meeting scheduled for 13:00 tomorrow. Please confirm.
ham,Happy birthday! Have a great day!
ham,Happy birthday! Have a great day!
spam,You have  unread messages. Check at http://spam-link.com
ham,Happy birthday! Have a great day!
ham,Let me know if you need anything else.
spam,FREE entry to win  cash! Text WIN to 1939
ham,Welcome to the team! Looking forward to working with you.
ham,The payment has been processed successfully.
ham,I will send you the details by 17:00.
ham,Reminder: appointment at 17:00 tomorrow.
ham,The meeting went well. Next steps are...
ham,Can we reschedule our call to 14:00?
spam,URGENT: Security alert for your account. Verify at http://spam-link.com
ham,Can we reschedule our call to 9:00?
ham,Meeting scheduled for 13:00 tomorrow. Please confirm.
spam,Congratulations! You are eligible for  cashback. Visit http://spam-link.com
ham,Can we reschedule our call to 14:00?
spam,URGENT: Your account will be closed. Verify now at http://spam-link.com
ham,The meeting went well. Next steps are...
spam,Earn  per week from home! Details at http://spam-link.com
spam,You have  unread messages. Check at http://spam-link.com
spam,You have been selected for a  reward. Claim at http://spam-link.com
ham,Just wanted to check in. Hope you are doing well.
ham,The meeting went well. Next steps are...
spam,Earn  per week from home! Details at http://spam-link.com
spam,You have won a brand new iPhone! Claim at http://spam-link.com
spam,Exclusive deal:  discount on all items. Shop at http://spam-link.com
spam,Alert: Suspicious activity on your account. Secure at http://spam-link.com
ham,Thanks for the update. I will review it tomorrow.
ham,I will send you the details by 13:00.
spam,Free gift card worth ! Claim at http://spam-link.com
spam,FREE entry to win  cash! Text WIN to 1159
spam,CONGRATULATIONS! You have won a  prize! Click here to claim.
spam,Last chance to claim your  reward. Click http://spam-link.com
spam,URGENT: Your account will be closed. Verify now at http://spam-link.com
spam,Special offer: Buy 1 get  free. Visit http://spam-link.com
ham,"Hey, how are you? Let me know when you can meet."
spam,Your package delivery failed. Reschedule at http://spam-link.com
ham,"Hey, how are you? Let me know when you can meet."
ham,The payment has been processed successfully.
ham,Can we reschedule our call to 14:00?
spam,You have been pre-approved for  loan. Apply now at http://spam-link.com
spam,FREE entry to win  cash! Text WIN to 7422
spam,You have won a brand new iPhone! Claim at http://spam-link.com
ham,The report is ready. Please find attached.
ham,Happy birthday! Have a great day!
ham,The meeting went well. Next steps are...
ham,Your order #9003 has been shipped.
spam,LIMITED TIME OFFER: Get  off your next purchase. Use code SPAM2279
ham,Just wanted to check in. Hope you are doing well.
ham,Quick question: are you free at 11:00?
spam,FREE entry to win  cash! Text WIN to 1790
ham,Welcome to the team! Looking forward to working with you.
ham,The payment has been processed successfully.
ham,The package has been delivered.
spam,Exclusive: % off everything today only. Shop http://spam-link.com
ham,The package has been delivered.
ham,Reminder: appointment at 13:00 tomorrow.
spam,LIMITED TIME OFFER: Get  off your next purchase. Use code SPAM4884
ham,Reminder: appointment at 17:00 tomorrow.
spam,LIMITED TIME OFFER: Get  off your next purchase. Use code SPAM5232
ham,Thanks for the feedback. I will incorporate it.
ham,Your order #5715 has been shipped.
spam,You have  unread messages. Check at http://spam-link.com
ham,The meeting went well. Next steps are...
spam,WINNER! You have won a free vacation worth . Call 6433 now.
spam,Earn  per week from home! Details at http://spam-link.com
spam,URGENT: Your account will be closed. Verify now at http://spam-link.com
ham,Thanks for the feedback. I will incorporate it.
ham,The package has been delivered.
spam,You have been pre-approved for  loan. Apply now at http://spam-link.com
ham,The report is ready. Please find attached.
ham,Quick question: are you free at 10:00?
ham,See you at 9:00 for lunch.
ham,See you at 15:00 for lunch.
spam,Free gift card worth ! Claim at http://spam-link.com
spam,You have been pre-approved for  loan. Apply now at http://spam-link.com
spam,Last chance to claim your  reward. Click http://spam-link.com
ham,"Hey, how are you? Let me know when you can meet."
ham,Meeting scheduled for 14:00 tomorrow. Please confirm.
ham,The report is ready. Please find attached.
spam,Last chance to claim your  reward. Click http://spam-link.com
spam,Special offer: Buy 1 get  free. Visit http://spam-link.com
spam,You have been selected for a  reward. Claim at http://spam-link.com
ham,Thanks for the update. I will review it tomorrow.
ham,Reminder: appointment at 9:00 tomorrow.
ham,See you at 13:00 for lunch.
ham,Happy birthday! Have a great day!
spam,Last chance to claim your  reward. Click http://spam-link.com
spam,You have been selected for a  reward. Claim at http://spam-link.com
spam,Your package delivery failed. Reschedule at http://spam-link.com
ham,The payment has been processed successfully.
ham,I will send you the details by 17:00.
spam,You have won a brand new iPhone! Claim at http://spam-link.com
spam,You have won a brand new iPhone! Claim at http://spam-link.com
ham,Please review the document and let me know.
ham,Welcome to the team! Looking forward to working with you.
spam,Congratulations! You are eligible for  cashback. Visit http://spam-link.com
spam,You have been pre-approved for  loan. Apply now at http://spam-link.com
ham,Please review the document and let me know.
spam,Last chance to claim your  reward. Click http://spam-link.com
ham,I will send you the details by 10:00.
spam,Last chance to claim your  reward. Click http://spam-link.com
ham,Let me know if you need anything else.
spam,CONGRATULATIONS! You have won a  prize! Click here to claim.
ham,Your order #4098 has been shipped.
spam,Earn  per week from home! Details at http://spam-link.com
ham,Meeting scheduled for 9:00 tomorrow. Please confirm.
spam,Your loan of  has been approved. No credit check. Apply at http://spam-link.com
ham,Thanks for your help with the project.
ham,Meeting scheduled for 12:00 tomorrow. Please confirm.
ham,Welcome to the team! Looking forward to working with you.
spam,Free gift card worth ! Claim at http://spam-link.com
spam,Your package delivery failed. Reschedule at http://spam-link.com
ham,Thanks for the update. I will review it tomorrow.
spam,Your package delivery failed. Reschedule at http://spam-link.com
ham,The report is ready. Please find attached.
ham,Happy birthday! Have a great day!
ham,See you at 13:00 for lunch.
ham,Thanks for your help with the project.
ham,The meeting went well. Next steps are...
spam,You have won a brand new iPhone! Claim at http://spam-link.com
ham,The meeting went well. Next steps are...
spam,Free gift card worth ! Claim at http://spam-link.com
ham,The meeting went well. Next steps are...
spam,Last chance to claim your  reward. Click http://spam-link.com
spam,URGENT: Security alert for your account. Verify at http://spam-link.com
ham,Just wanted to check in. Hope you are doing well.
ham,Quick question: are you free at 13:00?
spam,You have been selected for a  reward. Claim at http://spam-link.com
ham,The meeting went well. Next steps are...
ham,Can we reschedule our call to 10:00?
spam,Your package delivery failed. Reschedule at http://spam-link.com
spam,FREE entry to win  cash! Text WIN to 204
ham,Happy birthday! Have a great day!
ham,Thanks for your help with the project.
ham,See you at 15:00 for lunch.
ham,Thanks for the feedback. I will incorporate it.
ham,The package has been delivered.
spam,LIMITED TIME OFFER: Get  off your next purchase. Use code SPAM8207
spam,WINNER! You have won a free vacation worth . Call 4392 now.
spam,URGENT: Your account will be closed. Verify now at http://spam-link.com
ham,Meeting scheduled for 11:00 tomorrow. Please confirm.
ham,Let me know if you need anything else.
ham,Thanks for the feedback. I will incorporate it.
ham,Please review the document and let me know.
spam,Your loan of  has been approved. No credit check. Apply at http://spam-link.com
ham,Thanks for your help with the project.
ham,Please review the document and let me know.
ham,Thanks for the feedback. I will incorporate it.
ham,Please review the document and let me know.
ham,See you at 11:00 for lunch.
ham,The report is ready. Please find attached.
spam,Alert: Suspicious activity on your account. Secure at http://spam-link.com
ham,The report is ready. Please find attached.
ham,Please review the document and let me know.
ham,Quick question: are you free at 17:00?
ham,Quick question: are you free at 10:00?
ham,The payment has been processed successfully.
ham,Quick question: are you free at 15:00?
ham,Thanks for the feedback. I will incorporate it.
ham,Reminder: appointment at 15:00 tomorrow.
spam,Special offer: Buy 1 get  free. Visit http://spam-link.com
ham,Please review the document and let me know.
ham,Just wanted to check in. Hope you are doing well.
spam,Congratulations! You are eligible for  cashback. Visit http://spam-link.com
ham,Your order #6746 has been shipped.
ham,Quick question: are you free at 13:00?
spam,You have won a brand new iPhone! Claim at http://spam-link.com
ham,I will send you the details by 9:00.
spam,Exclusive deal:  discount on all items. Shop at http://spam-link.com
spam,Congratulations! You are eligible for  cashback. Visit http://spam-link.com
ham,Quick question: are you free at 10:00?
ham,Can we reschedule our call to 9:00?
ham,Your order #2464 has been shipped.
spam,CONGRATULATIONS! You have won a  prize! Click here to claim.
ham,Reminder: appointment at 12:00 tomorrow.
spam,FREE entry to win  cash! Text WIN to 8250
ham,Thanks for the update. I will review it tomorrow.
ham,Welcome to the team! Looking forward to working with you.
ham,Reminder: appointment at 10:00 tomorrow.
ham,Quick question: are you free at 11:00?
ham,The package has been delivered.
ham,Thanks for your help with the project.
spam,Your package delivery failed. Reschedule at http://spam-link.com
ham,Can we reschedule our call to 11:00?
ham,Thanks for the update. I will review it tomorrow.
ham,Thanks for the feedback. I will incorporate it.
spam,You have won a brand new iPhone! Claim at http://spam-link.com
ham,Thanks for your help with the project.
ham,"Hey, how are you? Let me know when you can meet."
ham,Let me know if you need anything else.
spam,Your loan of  has been approved. No credit check. Apply at http://spam-link.com
ham,See you at 9:00 for lunch.
ham,Can we reschedule our call to 14:00?
spam,Your package delivery failed. Reschedule at http://spam-link.com
spam,URGENT: Your account will be closed. Verify now at http://spam-link.com
ham,Reminder: appointment at 16:00 tomorrow.
ham,Can we reschedule our call to 14:00?
ham,Just wanted to check in. Hope you are doing well.
spam,Exclusive deal:  discount on all items. Shop at http://spam-link.com
spam,You have  unread messages. Check at http://spam-link.com
ham,See you at 12:00 for lunch.
spam,Your package delivery failed. Reschedule at http://spam-link.com
ham,I will send you the details by 17:00.
ham,Can we reschedule our call to 11:00?
ham,Quick question: are you free at 13:00?
ham,Thanks for your help with the project.
spam,You have won a brand new iPhone! Claim at http://spam-link.com
spam,URGENT: Your account will be closed. Verify now at http://spam-link.com
spam,Alert: Suspicious activity on your account. Secure at http://spam-link.com
spam,LIMITED TIME OFFER: Get  off your next purchase. Use code SPAM3504
ham,Can we reschedule our call to 15:00?
spam,You have been pre-approved for  loan. Apply now at http://spam-link.com
ham,The package has been delivered.
ham,Thanks for the update. I will review it tomorrow.
ham,Please review the document and let me know.
ham,Your order #6190 has been shipped.
spam,You have  unread messages. Check at http://spam-link.com
spam,You have won a brand new iPhone! Claim at http://spam-link.com
spam,Alert: Suspicious activity on your account. Secure at http://spam-link.com
ham,Meeting scheduled for 16:00 tomorrow. Please confirm.
spam,WINNER! You have won a free vacation worth . Call 1857 now.
ham,"Hey, how are you? Let me know when you can meet."
ham,Meeting scheduled for 12:00 tomorrow. Please confirm.
ham,Thanks for your help with the project.
ham,The package has been delivered.
ham,The meeting went well. Next steps are...
spam,You have been pre-approved for  loan. Apply now at http://spam-link.com
ham,The report is ready. Please find attached.
spam,LIMITED TIME OFFER: Get  off your next purchase. Use code SPAM5381
spam,You have won a brand new iPhone! Claim at http://spam-link.com
ham,Your order #9112 has been shipped.
ham,The meeting went well. Next steps are...
spam,WINNER! You have won a free vacation worth . Call 4057 now.
spam,Exclusive deal:  discount on all items. Shop at http://spam-link.com
spam,Your package delivery failed. Reschedule at http://spam-link.com
spam,CONGRATULATIONS! You have won a  prize! Click here to claim.
ham,The report is ready. Please find attached.
ham,See you at 13:00 for lunch.
spam,You have been pre-approved for  loan. Apply now at http://spam-link.com
spam,Your loan of  has been approved. No credit check. Apply at http://spam-link.com
ham,The package has been delivered.
ham,Thanks for your help with the project.
spam,Congratulations! You are eligible for  cashback. Visit http://spam-link.com
ham,See you at 13:00 for lunch.
spam,You have been pre-approved for  loan. Apply now at http://spam-link.com
ham,Reminder: appointment at 10:00 tomorrow.
ham,I will send you the details by 17:00.
ham,Meeting scheduled for 12:00 tomorrow. Please confirm.
ham,Quick question: are you free at 10:00?
ham,The package has been delivered.
spam,URGENT: Security alert for your account. Verify at http://spam-link.com
ham,Just wanted to check in. Hope you are doing well.
ham,I will send you the details by 12:00.
spam,Your package delivery failed. Reschedule at http://spam-link.com
ham,Welcome to the team! Looking forward to working with you.
ham,Please review the document and let me know.
ham,Thanks for your help with the project.
spam,Your loan of  has been approved. No credit check. Apply at http://spam-link.com
spam,Alert: Suspicious activity on your account. Secure at http://spam-link.com
spam,Exclusive: % off everything today only. Shop http://spam-link.com
ham,Thanks for the feedback. I will incorporate it.
ham,See you at 10:00 for lunch.
ham,"Hey, how are you? Let me know when you can meet."
spam,URGENT: Security alert for your account. Verify at http://spam-link.com
spam,Exclusive deal:  discount on all items. Shop at http://spam-link.com
ham,The meeting went well. Next steps are...
ham,Let me know if you need anything else.
spam,CONGRATULATIONS! You have won a  prize! Click here to claim.
spam,Alert: Suspicious activity on your account. Secure at http://spam-link.com
spam,Exclusive deal:  discount on all items. Shop at http://spam-link.com
ham,Your order #2342 has been shipped.
ham,Thanks for the feedback. I will incorporate it.
ham,See you at 16:00 for lunch.
ham,The package has been delivered.
spam,WINNER! You have won a free vacation worth . Call 5367 now.
ham,Please review the document and let me know.
ham,"Hey, how are you? Let me know when you can meet."
ham,Thanks for the feedback. I will incorporate it.
ham,Welcome to the team! Looking forward to working with you.
spam,Exclusive deal:  discount on all items. Shop at http://spam-link.com
spam,You have  unread messages. Check at http://spam-link.com
ham,Reminder: appointment at 15:00 tomorrow.
ham,Please review the document and let me know.
ham,Welcome to the team! Looking forward to working with you.
ham,Thanks for the feedback. I will incorporate it.
ham,Thanks for the update. I will review it tomorrow.
spam,CONGRATULATIONS! You have won a  prize! Click here to claim.
spam,Your package delivery failed. Reschedule at http://spam-link.com
ham,I will send you the details by 14:00.
spam,Special offer: Buy 1 get  free. Visit http://spam-link.com
ham,Happy birthday! Have a great day!
ham,Thanks for the update. I will review it tomorrow.
spam,Special offer: Buy 1 get  free. Visit http://spam-link.com
ham,Please review the document and let me know.
ham,The meeting went well. Next steps are...
ham,Thanks for your help with the project.
ham,Welcome to the team! Looking forward to working with you.
ham,Let me know if you need anything else.
ham,Your order #4387 has been shipped.
spam,URGENT: Your account will be closed. Verify now at http://spam-link.com
ham,Quick question: are you free at 13:00?
ham,Your order #6147 has been shipped.
ham,Thanks for your help with the project.
spam,Congratulations! You are eligible for  cashback. Visit http://spam-link.com
ham,Your order #4877 has been shipped.
spam,Last chance to claim your  reward. Click http://spam-link.com
spam,Special offer: Buy 1 get  free. Visit http://spam-link.com
ham,The meeting went well. Next steps are...
ham,The meeting went well. Next steps are...
ham,Let me know if you need anything else.
ham,Thanks for the feedback. I will incorporate it.
ham,Please review the document and let me know.
ham,I will send you the details by 9:00.
spam,WINNER! You have won a free vacation worth . Call 7128 now.
ham,Just wanted to check in. Hope you are doing well.
ham,The package has been delivered.
spam,Earn  per week from home! Details at http://spam-link.com
ham,The report is ready. Please find attached.
ham,Happy birthday! Have a great day!
spam,Exclusive: % off everything today only. Shop http://spam-link.com
ham,Your order #2841 has been shipped.
ham,Just wanted to check in. Hope you are doing well.
ham,Let me know if you need anything else.
ham,The meeting went well. Next steps are...
ham,Thanks for the update. I will review it tomorrow.
spam,You have been pre-approved for  loan. Apply now at http://spam-link.com
ham,Your order #923 has been shipped.
ham,Please review the document and let me know.
spam,Special offer: Buy 1 get  free. Visit http://spam-link.com
ham,Meeting scheduled for 17:00 tomorrow. Please confirm.
ham,Can we reschedule our call to 12:00?
ham,Welcome to the team! Looking forward to working with you.
ham,Thanks for the update. I will review it tomorrow.
ham,The payment has been processed successfully.
ham,"Hey, how are you? Let me know when you can meet."
spam,FREE entry to win  cash! Text WIN to 2111
ham,Quick question: are you free at 11:00?
ham,Your order #706 has been shipped.
ham,Thanks for your help with the project.
spam,Alert: Suspicious activity on your account. Secure at http://spam-link.com
spam,FREE entry to win  cash! Text WIN to 1476
ham,Can we reschedule our call to 16:00?
spam,You have been selected for a  reward. Claim at http://spam-link.com
ham,Thanks for your help with the project.
ham,See you at 12:00 for lunch.
ham,Just wanted to check in. Hope you are doing well.
spam,Your package delivery failed. Reschedule at http://spam-link.com
ham,Just wanted to check in. Hope you are doing well.
ham,Meeting scheduled for 14:00 tomorrow. Please confirm.
ham,I will send you the details by 17:00.
ham,Can we reschedule our call to 14:00?
spam,Your loan of  has been approved. No credit check. Apply at http://spam-link.com
ham,Your order #6561 has been shipped.
spam,You have been selected for a  reward. Claim at http://spam-link.com
ham,Please review the document and let me know.
spam,CONGRATULATIONS! You have won a  prize! Click here to claim.
spam,You have been pre-approved for  loan. Apply now at http://spam-link.com
spam,Alert: Suspicious activity on your account. Secure at http://spam-link.com
ham,Your order #698 has been shipped.
ham,Reminder: appointment at 16:00 tomorrow.
ham,Reminder: appointment at 13:00 tomorrow.
ham,Thanks for your help with the project.
ham,The report is ready. Please find attached.
ham,Please review the document and let me know.
ham,"Hey, how are you? Let me know when you can meet."
ham,Can we reschedule our call to 15:00?
ham,The payment has been processed successfully.
ham,The payment has been processed successfully.
spam,Your loan of  has been approved. No credit check. Apply at http://spam-link.com
spam,WINNER! You have won a free vacation worth . Call 1012 now.
ham,Let me know if you need anything else.
spam,Last chance to claim your  reward. Click http://spam-link.com
spam,You have been selected for a  reward. Claim at http://spam-link.com
spam,Exclusive deal:  discount on all items. Shop at http://spam-link.com
ham,I will send you the details by 12:00.
spam,You have been selected for a  reward. Claim at http://spam-link.com
ham,Your order #1352 has been shipped.
ham,The package has been delivered.
ham,Meeting scheduled for 12:00 tomorrow. Please confirm.
ham,See you at 15:00 for lunch.
ham,The package has been delivered.
ham,Quick question: are you free at 16:00?
ham,Welcome to the team! Looking forward to working with you.
spam,Alert: Suspicious activity on your account. Secure at http://spam-link.com
ham,The payment has been processed successfully.
ham,I will send you the details by 17:00.
ham,Quick question: are you free at 16:00?
spam,Exclusive: % off everything today only. Shop http://spam-link.com
spam,FREE entry to win  cash! Text WIN to 9218
spam,Alert: Suspicious activity on your account. Secure at http://spam-link.com
ham,The payment has been processed successfully.
spam,You have been pre-approved for  loan. Apply now at http://spam-link.com
ham,The meeting went well. Next steps are...
ham,Please review the document and let me know.
ham,Happy birthday! Have a great day!
ham,I will send you the details by 14:00.
ham,Thanks for your help with the project.
ham,I will send you the details by 14:00.
spam,URGENT: Security alert for your account. Verify at http://spam-link.com
ham,Thanks for your help with the project.
ham,I will send you the details by 14:00.
ham,Reminder: appointment at 14:00 tomorrow.
ham,The package has been delivered.
ham,Can we reschedule our call to 14:00?
ham,Reminder: appointment at 15:00 tomorrow.
ham,"Hey, how are you? Let me know when you can meet."
ham,"Hey, how are you? Let me know when you can meet."
spam,URGENT: Your account will be closed. Verify now at http://spam-link.com
spam,Last chance to claim your  reward. Click http://spam-link.com
spam,Earn  per week from home! Details at http://spam-link.com
ham,Reminder: appointment at 11:00 tomorrow.
ham,Just wanted to check in. Hope you are doing well.
ham,The meeting went well. Next steps are...
ham,"Hey, how are you? Let me know when you can meet."
spam,FREE entry to win  cash! Text WIN to 1611
spam,Exclusive: % off everything today only. Shop http://spam-link.com
spam,LIMITED TIME OFFER: Get  off your next purchase. Use code SPAM7245
spam,Earn  per week from home! Details at http://spam-link.com
ham,Reminder: appointment at 10:00 tomorrow.
ham,The payment has been processed successfully.
spam,Last chance to claim your  reward. Click http://spam-link.com
ham,Can we reschedule our call to 17:00?
spam,Congratulations! You are eligible for  cashback. Visit http://spam-link.com
spam,Special offer: Buy 1 get  free. Visit http://spam-link.com
ham,The report is ready. Please find attached.
spam,Alert: Suspicious activity on your account. Secure at http://spam-link.com
ham,Reminder: appointment at 9:00 tomorrow.
spam,WINNER! You have won a free vacation worth . Call 2837 now.
ham,The meeting went well. Next steps are...
ham,Your order #9405 has been shipped.
ham,The package has been delivered.
spam,You have  unread messages. Check at http://spam-link.com
spam,You have  unread messages. Check at http://spam-link.com
spam,You have  unread messages. Check at http://spam-link.com
spam,You have been selected for a  reward. Claim at http://spam-link.com
spam,Last chance to claim your  reward. Click http://spam-link.com
spam,Earn  per week from home! Details at http://spam-link.com
ham,Happy birthday! Have a great day!
spam,URGENT: Your account will be closed. Verify now at http://spam-link.com
ham,Reminder: appointment at 11:00 tomorrow.
spam,URGENT: Your account will be closed. Verify now at http://spam-link.com
ham,Your order #6159 has been shipped.
ham,Thanks for the feedback. I will incorporate it.
ham,See you at 16:00 for lunch.
spam,You have been selected for a  reward. Claim at http://spam-link.com
spam,LIMITED TIME OFFER: Get  off your next purchase. Use code SPAM3512
spam,Your loan of  has been approved. No credit check. Apply at http://spam-link.com
spam,Congratulations! You are eligible for  cashback. Visit http://spam-link.com
spam,Free gift card worth ! Claim at http://spam-link.com
spam,LIMITED TIME OFFER: Get  off your next purchase. Use code SPAM707
spam,Exclusive: % off everything today only. Shop http://spam-link.com
ham,Your order #6454 has been shipped.
ham,Meeting scheduled for 9:00 tomorrow. Please confirm.
spam,Your package delivery failed. Reschedule at http://spam-link.com
spam,You have been pre-approved for  loan. Apply now at http://spam-link.com
ham,Just wanted to check in. Hope you are doing well.
ham,Reminder: appointment at 14:00 tomorrow.
spam,Alert: Suspicious activity on your account. Secure at http://spam-link.com
spam,Last chance to claim your  reward. Click http://spam-link.com
spam,URGENT: Your account will be closed. Verify now at http://spam-link.com
spam,Exclusive deal:  discount on all items. Shop at http://spam-link.com
ham,The payment has been processed successfully.
ham,Happy birthday! Have a great day!
spam,Your package delivery failed. Reschedule at http://spam-link.com
ham,Thanks for your help with the project.
spam,Alert: Suspicious activity on your account. Secure at http://spam-link.com
spam,CONGRATULATIONS! You have won a  prize! Click here to claim.
spam,Earn  per week from home! Details at http://spam-link.com
ham,Let me know if you need anything else.
spam,You have been pre-approved for  loan. Apply now at http://spam-link.com
ham,Meeting scheduled for 10:00 tomorrow. Please confirm.
spam,Your package delivery failed. Reschedule at http://spam-link.com
ham,The report is ready. Please find attached.
spam,Earn  per week from home! Details at http://spam-link.com
spam,Your package delivery failed. Reschedule at http://spam-link.com
ham,The payment has been processed successfully.
ham,I will send you the details by 16:00.
spam,You have won a brand new iPhone! Claim at http://spam-link.com
spam,Special offer: Buy 1 get  free. Visit http://spam-link.com
ham,Reminder: appointment at 16:00 tomorrow.
ham,Welcome to the team! Looking forward to working with you.
spam,Special offer: Buy 1 get  free. Visit http://spam-link.com
spam,You have  unread messages. Check at http://spam-link.com
ham,Happy birthday! Have a great day!
spam,Earn  per week from home! Details at http://spam-link.com
ham,Quick question: are you free at 9:00?
ham,Quick question: are you free at 11:00?
ham,Welcome to the team! Looking forward to working with you.
ham,I will send you the details by 11:00.
spam,URGENT: Security alert for your account. Verify at http://spam-link.com
ham,Welcome to the team! Looking forward to working with you.
spam,CONGRATULATIONS! You have won a  prize! Click here to claim.
spam,CONGRATULATIONS! You have won a  prize! Click here to claim.
spam,Free gift card worth ! Claim at http://spam-link.com
ham,Welcome to the team! Looking forward to working with you.
ham,See you at 13:00 for lunch.
spam,CONGRATULATIONS! You have won a  prize! Click here to claim.
spam,You have won a brand new iPhone! Claim at http://spam-link.com
ham,Thanks for the feedback. I will incorporate it.
spam,You have won a brand new iPhone! Claim at http://spam-link.com
ham,I will send you the details by 15:00.
ham,Just wanted to check in. Hope you are doing well.
spam,URGENT: Your account will be closed. Verify now at http://spam-link.com
ham,I will send you the details by 16:00.
ham,See you at 11:00 for lunch.
ham,Quick question: are you free at 17:00?
ham,Can we reschedule our call to 14:00?
ham,Please review the document and let me know.
ham,Quick question: are you free at 14:00?
spam,Free gift card worth ! Claim at http://spam-link.com
ham,Let me know if you need anything else.
spam,Your loan of  has been approved. No credit check. Apply at http://spam-link.com
spam,Special offer: Buy 1 get  free. Visit http://spam-link.com
spam,Last chance to claim your  reward. Click http://spam-link.com
ham,"Hey, how are you? Let me know when you can meet."
ham,The package has been delivered.
ham,Thanks for the update. I will review it tomorrow.
ham,Just wanted to check in. Hope you are doing well.
ham,Can we reschedule our call to 17:00?
ham,Welcome to the team! Looking forward to working with you.
ham,The report is ready. Please find attached.
spam,Special offer: Buy 1 get  free. Visit http://spam-link.com
ham,Your order #9210 has been shipped.
ham,Welcome to the team! Looking forward to working with you.
ham,Let me know if you need anything else.
spam,Free gift card worth ! Claim at http://spam-link.com
spam,WINNER! You have won a free vacation worth . Call 7297 now.
spam,You have been selected for a  reward. Claim at http://spam-link.com
spam,Alert: Suspicious activity on your account. Secure at http://spam-link.com
spam,URGENT: Your account will be closed. Verify now at http://spam-link.com
ham,Quick question: are you free at 17:00?
ham,The report is ready. Please find attached.
spam,WINNER! You have won a free vacation worth . Call 9775 now.
spam,You have  unread messages. Check at http://spam-link.com
spam,Your package delivery failed. Reschedule at http://spam-link.com
spam,Earn  per week from home! Details at http://spam-link.com
ham,Can we reschedule our call to 14:00?
spam,You have been pre-approved for  loan. Apply now at http://spam-link.com
spam,Special offer: Buy 1 get  free. Visit http://spam-link.com
ham,Can we reschedule our call to 16:00?
spam,WINNER! You have won a free vacation worth . Call 2696 now.
ham,Meeting scheduled for 15:00 tomorrow. Please confirm.
ham,Reminder: appointment at 11:00 tomorrow.
ham,"Hey, how are you? Let me know when you can meet."
spam,You have been pre-approved for  loan. Apply now at http://spam-link.com
ham,See you at 16:00 for lunch.
ham,Please review the document and let me know.
ham,Thanks for your help with the project.
ham,I will send you the details by 9:00.
ham,Thanks for your help with the project.
spam,Special offer: Buy 1 get  free. Visit http://spam-link.com
ham,"Hey, how are you? Let me know when you can meet."
ham,Reminder: appointment at 17:00 tomorrow.
ham,See you at 14:00 for lunch.
ham,Let me know if you need anything else.
spam,Special offer: Buy 1 get  free. Visit http://spam-link.com
spam,You have been selected for a  reward. Claim at http://spam-link.com
ham,Welcome to the team! Looking forward to working with you.
spam,Earn  per week from home! Details at http://spam-link.com
ham,Let me know if you need anything else.
ham,Reminder: appointment at 14:00 tomorrow.
ham,Let me know if you need anything else.
ham,Let me know if you need anything else.
spam,You have won a brand new iPhone! Claim at http://spam-link.com
spam,Your package delivery failed. Reschedule at http://spam-link.com
ham,Quick question: are you free at 15:00?
spam,Exclusive deal:  discount on all items. Shop at http://spam-link.com
spam,FREE entry to win  cash! Text WIN to 5658
ham,Quick question: are you free at 14:00?
ham,The payment has been processed successfully.
ham,Welcome to the team! Looking forward to working with you.
spam,Your package delivery failed. Reschedule at http://spam-link.com
spam,Exclusive deal:  discount on all items. Shop at http://spam-link.com
spam,You have been selected for a  reward. Claim at http://spam-link.com
ham,Please review the document and let me know.
ham,The report is ready. Please find attached.
spam,Special offer: Buy 1 get  free. Visit http://spam-link.com
spam,Special offer: Buy 1 get  free. Visit http://spam-link.com
spam,CONGRATULATIONS! You have won a  prize! Click here to claim.
spam,WINNER! You have won a free vacation worth . Call 7962 now.
ham,The package has been delivered.
ham,I will send you the details by 17:00.
ham,Thanks for your help with the project.
ham,Reminder: appointment at 10:00 tomorrow.
ham,Meeting scheduled for 15:00 tomorrow. Please confirm.
ham,I will send you the details by 16:00.
ham,Thanks for your help with the project.
ham,The payment has been processed successfully.
spam,Last chance to claim your  reward. Click http://spam-link.com
spam,Exclusive deal:  discount on all items. Shop at http://spam-link.com
spam,URGENT: Security alert for your account. Verify at http://spam-link.com
ham,Happy birthday! Have a great day!
spam,Free gift card worth ! Claim at http://spam-link.com
spam,Congratulations! You are eligible for  cashback. Visit http://spam-link.com
ham,Thanks for your help with the project.
ham,Please review the document and let me know.
spam,Last chance to claim your  reward. Click http://spam-link.com
spam,Exclusive: % off everything today only. Shop http://spam-link.com
spam,FREE entry to win  cash! Text WIN to 657
ham,Your order #8969 has been shipped.
ham,The package has been delivered.
spam,CONGRATULATIONS! You have won a  prize! Click here to claim.
spam,LIMITED TIME OFFER: Get  off your next purchase. Use code SPAM8821
ham,Reminder: appointment at 16:00 tomorrow.
spam,URGENT: Security alert for your account. Verify at http://spam-link.com
ham,See you at 17:00 for lunch.
ham,The payment has been processed successfully.
spam,Free gift card worth ! Claim at http://spam-link.com
spam,URGENT: Your account will be closed. Verify now at http://spam-link.com
ham,Just wanted to check in. Hope you are doing well.
ham,Meeting scheduled for 17:00 tomorrow. Please confirm.
spam,Alert: Suspicious activity on your account. Secure at http://spam-link.com
ham,The payment has been processed successfully.
spam,Exclusive deal:  discount on all items. Shop at http://spam-link.com
ham,The report is ready. Please find attached.
ham,The package has been delivered.
ham,The package has been delivered.
ham,Thanks for your help with the project.
spam,Alert: Suspicious activity on your account. Secure at http://spam-link.com
ham,Thanks for the update. I will review it tomorrow.
spam,FREE entry to win  cash! Text WIN to 6201
ham,Reminder: appointment at 14:00 tomorrow.
spam,You have been pre-approved for  loan. Apply now at http://spam-link.com
spam,Your loan of  has been approved. No credit check. Apply at http://spam-link.com
ham,Thanks for your help with the project.
ham,"Hey, how are you? Let me know when you can meet."
spam,You have won a brand new iPhone! Claim at http://spam-link.com
ham,Meeting scheduled for 11:00 tomorrow. Please confirm.
ham,The report is ready. Please find attached.
ham,The report is ready. Please find attached.
spam,Free gift card worth ! Claim at http://spam-link.com
spam,Exclusive: % off everything today only. Shop http://spam-link.com
spam,URGENT: Your account will be closed. Verify now at http://spam-link.com
ham,I will send you the details by 9:00.
ham,Happy birthday! Have a great day!
ham,Can we reschedule our call to 14:00?
ham,Just wanted to check in. Hope you are doing well.
spam,You have been selected for a  reward. Claim at http://spam-link.com
ham,Your order #2470 has been shipped.
spam,FREE entry to win  cash! Text WIN to 3919
spam,You have  unread messages. Check at http://spam-link.com
spam,WINNER! You have won a free vacation worth . Call 7509 now.
spam,Free gift card worth ! Claim at http://spam-link.com
ham,I will send you the details by 10:00.
ham,Can we reschedule our call to 17:00?
ham,"Hey, how are you? Let me know when you can meet."
spam,CONGRATULATIONS! You have won a  prize! Click here to claim.
spam,Alert: Suspicious activity on your account. Secure at http://spam-link.com
spam,Earn  per week from home! Details at http://spam-link.com
ham,The report is ready. Please find attached.
ham,Thanks for the feedback. I will incorporate it.
spam,You have won a brand new iPhone! Claim at http://spam-link.com
spam,You have been selected for a  reward. Claim at http://spam-link.com
ham,Quick question: are you free at 12:00?
ham,Thanks for the feedback. I will incorporate it.
ham,Meeting scheduled for 12:00 tomorrow. Please confirm.
ham,Thanks for the feedback. I will incorporate it.
ham,The package has been delivered.
ham,The report is ready. Please find attached.
ham,The payment has been processed successfully.
ham,"Hey, how are you? Let me know when you can meet."
ham,The report is ready. Please find attached.
spam,Exclusive deal:  discount on all items. Shop at http://spam-link.com
spam,LIMITED TIME OFFER: Get  off your next purchase. Use code SPAM4470
ham,Please review the document and let me know.
ham,The payment has been processed successfully.
ham,The package has been delivered.
spam,Your package delivery failed. Reschedule at http://spam-link.com
ham,I will send you the details by 13:00.
ham,Meeting scheduled for 14:00 tomorrow. Please confirm.
spam,Earn  per week from home! Details at http://spam-link.com
ham,Reminder: appointment at 15:00 tomorrow.
spam,Earn  per week from home! Details at http://spam-link.com
ham,Welcome to the team! Looking forward to working with you.
spam,Your loan of  has been approved. No credit check. Apply at http://spam-link.com
ham,The meeting went well. Next steps are...
spam,Special offer: Buy 1 get  free. Visit http://spam-link.com
ham,"Hey, how are you? Let me know when you can meet."
ham,Your order #1821 has been shipped.
ham,Let me know if you need anything else.
spam,CONGRATULATIONS! You have won a  prize! Click here to claim.
ham,Please review the document and let me know.
spam,You have  unread messages. Check at http://spam-link.com
ham,Can we reschedule our call to 11:00?
ham,The payment has been processed successfully.
spam,Exclusive: % off everything today only. Shop http://spam-link.com
spam,Special offer: Buy 1 get  free. Visit http://spam-link.com
ham,Let me know if you need anything else.
ham,Please review the document and let me know.
ham,See you at 13:00 for lunch.
ham,Can we reschedule our call to 9:00?
ham,Reminder: appointment at 10:00 tomorrow.
ham,Can we reschedule our call to 11:00?
spam,LIMITED TIME OFFER: Get  off your next purchase. Use code SPAM1864
spam,You have been pre-approved for  loan. Apply now at http://spam-link.com
spam,You have been selected for a  reward. Claim at http://spam-link.com
ham,Let me know if you need anything else.
spam,CONGRATULATIONS! You have won a  prize! Click here to claim.
ham,Let me know if you need anything else.
ham,Quick question: are you free at 9:00?
ham,See you at 15:00 for lunch.
ham,Just wanted to check in. Hope you are doing well.
spam,Special offer: Buy 1 get  free. Visit http://spam-link.com
spam,Congratulations! You are eligible for  cashback. Visit http://spam-link.com
ham,Reminder: appointment at 17:00 tomorrow.
spam,Your package delivery failed. Reschedule at http://spam-link.com
spam,Free gift card worth ! Claim at http://spam-link.com
ham,Happy birthday! Have a great day!
ham,Reminder: appointment at 13:00 tomorrow.
spam,WINNER! You have won a free vacation worth . Call 7800 now.
spam,Alert: Suspicious activity on your account. Secure at http://spam-link.com
spam,URGENT: Security alert for your account. Verify at http://spam-link.com
ham,Let me know if you need anything else.
ham,Meeting scheduled for 16:00 tomorrow. Please confirm.
ham,Please review the document and let me know.
ham,The report is ready. Please find attached.
spam,Last chance to claim your  reward. Click http://spam-link.com
spam,You have been pre-approved for  loan. Apply now at http://spam-link.com
spam,Congratulations! You are eligible for  cashback. Visit http://spam-link.com
ham,Thanks for your help with the project.
ham,The payment has been processed successfully.
spam,Exclusive deal:  discount on all items. Shop at http://spam-link.com
spam,Your package delivery failed. Reschedule at http://spam-link.com
ham,The meeting went well. Next steps are...
spam,LIMITED TIME OFFER: Get  off your next purchase. Use code SPAM2832
ham,I will send you the details by 16:00.
ham,The package has been delivered.
ham,Thanks for your help with the project.
spam,Earn  per week from home! Details at http://spam-link.com
ham,The meeting went well. Next steps are...
ham,Quick question: are you free at 15:00?
ham,"Hey, how are you? Let me know when you can meet."
ham,Can we reschedule our call to 16:00?
spam,Your package delivery failed. Reschedule at http://spam-link.com
ham,Your order #5688 has been shipped.
spam,URGENT: Your account will be closed. Verify now at http://spam-link.com
spam,Exclusive deal:  discount on all items. Shop at http://spam-link.com
spam,WINNER! You have won a free vacation worth . Call 2515 now.
ham,I will send you the details by 10:00.
ham,Just wanted to check in. Hope you are doing well.
ham,Happy birthday! Have a great day!
spam,Exclusive: % off everything today only. Shop http://spam-link.com
ham,Quick question: are you free at 15:00?
ham,Happy birthday! Have a great day!
ham,Reminder: appointment at 13:00 tomorrow.
ham,The report is ready. Please find attached.
spam,Earn  per week from home! Details at http://spam-link.com
ham,I will send you the details by 17:00.
spam,You have won a brand new iPhone! Claim at http://spam-link.com
spam,Alert: Suspicious activity on your account. Secure at http://spam-link.com
ham,Let me know if you need anything else.
spam,URGENT: Your account will be closed. Verify now at http://spam-link.com
spam,WINNER! You have won a free vacation worth . Call 4171 now.
ham,"Hey, how are you? Let me know when you can meet."
ham,Your order #1733 has been shipped.
ham,I will send you the details by 16:00.
ham,Just wanted to check in. Hope you are doing well.
spam,LIMITED TIME OFFER: Get  off your next purchase. Use code SPAM3756
ham,Reminder: appointment at 15:00 tomorrow.
ham,Let me know if you need anything else.
ham,Please review the document and let me know.
spam,You have been pre-approved for  loan. Apply now at http://spam-link.com
spam,Special offer: Buy 1 get  free. Visit http://spam-link.com
ham,Reminder: appointment at 9:00 tomorrow.
spam,FREE entry to win  cash! Text WIN to 3885
ham,Thanks for the update. I will review it tomorrow.
ham,Just wanted to check in. Hope you are doing well.
ham,Thanks for the feedback. I will incorporate it.
ham,Happy birthday! Have a great day!
ham,Thanks for the feedback. I will incorporate it.
ham,Thanks for the update. I will review it tomorrow.
spam,Special offer: Buy 1 get  free. Visit http://spam-link.com
ham,Welcome to the team! Looking forward to working with you.
ham,The meeting went well. Next steps are...
spam,You have been selected for a  reward. Claim at http://spam-link.com
spam,Your package delivery failed. Reschedule at http://spam-link.com
ham,See you at 13:00 for lunch.
spam,FREE entry to win  cash! Text WIN to 4187
spam,Last chance to claim your  reward. Click http://spam-link.com
spam,You have won a brand new iPhone! Claim at http://spam-link.com
spam,Free gift card worth ! Claim at http://spam-link.com
ham,Just wanted to check in. Hope you are doing well.
spam,CONGRATULATIONS! You have won a  prize! Click here to claim.
spam,Your loan of  has been approved. No credit check. Apply at http://spam-link.com
ham,The meeting went well. Next steps are...
spam,LIMITED TIME OFFER: Get  off your next purchase. Use code SPAM1578
spam,Congratulations! You are eligible for  cashback. Visit http://spam-link.com
spam,WINNER! You have won a free vacation worth . Call 5764 now.
ham,Thanks for the update. I will review it tomorrow.
spam,Special offer: Buy 1 get  free. Visit http://spam-link.com
spam,Free gift card worth ! Claim at http://spam-link.com
ham,"Hey, how are you? Let me know when you can meet."
spam,URGENT: Security alert for your account. Verify at http://spam-link.com
ham,Your order #6476 has been shipped.
ham,Thanks for the update. I will review it tomorrow.
ham,Reminder: appointment at 11:00 tomorrow.
spam,Last chance to claim your  reward. Click http://spam-link.com
spam,You have been pre-approved for  loan. Apply now at http://spam-link.com
ham,Please review the document and let me know.
ham,"Hey, how are you? Let me know when you can meet."
ham,Just wanted to check in. Hope you are doing well.
ham,Just wanted to check in. Hope you are doing well.
spam,Free gift card worth ! Claim at http://spam-link.com
ham,Happy birthday! Have a great day!
spam,Last chance to claim your  reward. Click http://spam-link.com
spam,URGENT: Your account will be closed. Verify now at http://spam-link.com
spam,Free gift card worth ! Claim at http://spam-link.com
ham,Your order #1733 has been shipped.
spam,CONGRATULATIONS! You have won a  prize! Click here to claim.
ham,Please review the document and let me know.
ham,"Hey, how are you? Let me know when you can meet."
ham,Thanks for the feedback. I will incorporate it.
spam,FREE entry to win  cash! Text WIN to 8593
spam,Free gift card worth ! Claim at http://spam-link.com
spam,Special offer: Buy 1 get  free. Visit http://spam-link.com
spam,LIMITED TIME OFFER: Get  off your next purchase. Use code SPAM3552
ham,"Hey, how are you? Let me know when you can meet."
ham,Can we reschedule our call to 12:00?
ham,The meeting went well. Next steps are...
spam,Alert: Suspicious activity on your account. Secure at http://spam-link.com
ham,Meeting scheduled for 15:00 tomorrow. Please confirm.
ham,Just wanted to check in. Hope you are doing well.
ham,Meeting scheduled for 9:00 tomorrow. Please confirm.
ham,Reminder: appointment at 17:00 tomorrow.
spam,Exclusive deal:  discount on all items. Shop at http://spam-link.com
spam,You have been pre-approved for  loan. Apply now at http://spam-link.com
ham,See you at 10:00 for lunch.
spam,Special offer: Buy 1 get  free. Visit http://spam-link.com
ham,Please review the document and let me know.
spam,You have been selected for a  reward. Claim at http://spam-link.com
spam,CONGRATULATIONS! You have won a  prize! Click here to claim.
ham,Welcome to the team! Looking forward to working with you.
ham,"Hey, how are you? Let me know when you can meet."
ham,Thanks for the update. I will review it tomorrow.
ham,Just wanted to check in. Hope you are doing well.
ham,Reminder: appointment at 11:00 tomorrow.
ham,Reminder: appointment at 10:00 tomorrow.
ham,The package has been delivered.
spam,You have been selected for a  reward. Claim at http://spam-link.com
spam,Special offer: Buy 1 get  free. Visit http://spam-link.com
ham,The meeting went well. Next steps are...
spam,You have won a brand new iPhone! Claim at http://spam-link.com
ham,Can we reschedule our call to 15:00?
ham,Welcome to the team! Looking forward to working with you.
ham,Quick question: are you free at 16:00?
ham,Can we reschedule our call to 10:00?
spam,Special offer: Buy 1 get  free. Visit http://spam-link.com
ham,The package has been delivered.
ham,Thanks for the update. I will review it tomorrow.
ham,Your order #3267 has been shipped.
spam,Exclusive: % off everything today only. Shop http://spam-link.com
ham,Let me know if you need anything else.
spam,Your package delivery failed. Reschedule at http://spam-link.com
spam,Special offer: Buy 1 get  free. Visit http://spam-link.com
ham,Please review the document and let me know.
ham,Meeting scheduled for 11:00 tomorrow. Please confirm.
ham,Reminder: appointment at 16:00 tomorrow.
ham,Just wanted to check in. Hope you are doing well.
ham,Reminder: appointment at 10:00 tomorrow.
ham,Thanks for the update. I will review it tomorrow.
ham,Can we reschedule our call to 11:00?
ham,Can we reschedule our call to 17:00?
ham,"Hey, how are you? Let me know when you can meet."
spam,CONGRATULATIONS! You have won a  prize! Click here to claim.
spam,Special offer: Buy 1 get  free. Visit http://spam-link.com
ham,Happy birthday! Have a great day!
spam,Your loan of  has been approved. No credit check. Apply at http://spam-link.com
spam,FREE entry to win  cash! Text WIN to 4279
ham,Can we reschedule our call to 14:00?
ham,Your order #6329 has been shipped.
spam,Free gift card worth ! Claim at http://spam-link.com
spam,You have won a brand new iPhone! Claim at http://spam-link.com
spam,Your loan of  has been approved. No credit check. Apply at http://spam-link.com
ham,Let me know if you need anything else.
ham,Meeting scheduled for 9:00 tomorrow. Please confirm.
ham,The report is ready. Please find attached.
spam,FREE entry to win  cash! Text WIN to 2902
spam,You have been pre-approved for  loan. Apply now at http://spam-link.com
ham,The report is ready. Please find attached.
ham,Your order #7124 has been shipped.
spam,You have won a brand new iPhone! Claim at http://spam-link.com
ham,Can we reschedule our call to 14:00?
spam,FREE entry to win  cash! Text WIN to 105
spam,You have been pre-approved for  loan. Apply now at http://spam-link.com
ham,I will send you the details by 14:00.
spam,Earn  per week from home! Details at http://spam-link.com
ham,Meeting scheduled for 14:00 tomorrow. Please confirm.
ham,Let me know if you need anything else.
spam,You have  unread messages. Check at http://spam-link.com
spam,Alert: Suspicious activity on your account. Secure at http://spam-link.com
ham,"Hey, how are you? Let me know when you can meet."
spam,You have been selected for a  reward. Claim at http://spam-link.com
spam,Last chance to claim your  reward. Click http://spam-link.com
ham,Quick question: are you free at 15:00?
spam,You have won a brand new iPhone! Claim at http://spam-link.com
spam,You have been selected for a  reward. Claim at http://spam-link.com
ham,Let me know if you need anything else.
ham,Thanks for your help with the project.
spam,Exclusive deal:  discount on all items. Shop at http://spam-link.com
ham,Quick question: are you free at 13:00?
spam,Your loan of  has been approved. No credit check. Apply at http://spam-link.com
spam,URGENT: Security alert for your account. Verify at http://spam-link.com
ham,Quick question: are you free at 16:00?
ham,Thanks for the update. I will review it tomorrow.
ham,Thanks for the update. I will review it tomorrow.
spam,You have been selected for a  reward. Claim at http://spam-link.com
spam,Congratulations! You are eligible for  cashback. Visit http://spam-link.com
spam,Earn  per week from home! Details at http://spam-link.com
spam,CONGRATULATIONS! You have won a  prize! Click here to claim.
spam,Alert: Suspicious activity on your account. Secure at http://spam-link.com
ham,Can we reschedule our call to 10:00?
spam,You have been pre-approved for  loan. Apply now at http://spam-link.com
ham,Welcome to the team! Looking forward to working with you.
ham,The meeting went well. Next steps are...
ham,The payment has been processed successfully.
spam,WINNER! You have won a free vacation worth . Call 6077 now.
spam,Exclusive deal:  discount on all items. Shop at http://spam-link.com
ham,Your order #344 has been shipped.
ham,Just wanted to check in. Hope you are doing well.
spam,Exclusive: % off everything today only. Shop http://spam-link.com
ham,"Hey, how are you? Let me know when you can meet."
spam,You have been selected for a  reward. Claim at http://spam-link.com
spam,Your package delivery failed. Reschedule at http://spam-link.com
spam,URGENT: Security alert for your account. Verify at http://spam-link.com
ham,Thanks for the update. I will review it tomorrow.
ham,Welcome to the team! Looking forward to working with you.
ham,"Hey, how are you? Let me know when you can meet."
ham,Your order #7290 has been shipped.
ham,Can we reschedule our call to 17:00?
ham,The package has been delivered.
ham,The package has been delivered.
ham,Quick question: are you free at 15:00?
ham,The package has been delivered.
ham,Your order #1566 has been shipped.
ham,Quick question: are you free at 12:00?
ham,Quick question: are you free at 11:00?
ham,Reminder: appointment at 14:00 tomorrow.
spam,You have been selected for a  reward. Claim at http://spam-link.com
ham,The package has been delivered.
ham,Please review the document and let me know.
ham,The payment has been processed successfully.
ham,Just wanted to check in. Hope you are doing well.
ham,The report is ready. Please find attached.
ham,Please review the document and let me know.
spam,Earn  per week from home! Details at http://spam-link.com
spam,Your package delivery failed. Reschedule at http://spam-link.com
ham,Reminder: appointment at 11:00 tomorrow.
ham,The report is ready. Please find attached.
ham,Quick question: are you free at 15:00?
ham,Can we reschedule our call to 12:00?
ham,The meeting went well. Next steps are...
ham,Reminder: appointment at 12:00 tomorrow.
ham,Thanks for the feedback. I will incorporate it.
spam,CONGRATULATIONS! You have won a  prize! Click here to claim.
ham,Thanks for the update. I will review it tomorrow.
spam,You have  unread messages. Check at http://spam-link.com
ham,Welcome to the team! Looking forward to working with you.
ham,"Hey, how are you? Let me know when you can meet."
ham,The package has been delivered.
spam,Free gift card worth ! Claim at http://spam-link.com
spam,You have been pre-approved for  loan. Apply now at http://spam-link.com
ham,See you at 9:00 for lunch.
spam,Your loan of  has been approved. No credit check. Apply at http://spam-link.com
ham,The payment has been processed successfully.
ham,Can we reschedule our call to 13:00?
ham,I will send you the details by 13:00.
spam,You have been selected for a  reward. Claim at http://spam-link.com
ham,Meeting scheduled for 16:00 tomorrow. Please confirm.
ham,Thanks for the feedback. I will incorporate it.
spam,You have been selected for a  reward. Claim at http://spam-link.com
ham,The payment has been processed successfully.
ham,The meeting went well. Next steps are...
spam,Special offer: Buy 1 get  free. Visit http://spam-link.com
spam,FREE entry to win  cash! Text WIN to 8383
ham,Can we reschedule our call to 15:00?
ham,The meeting went well. Next steps are...
spam,Your loan of  has been approved. No credit check. Apply at http://spam-link.com
ham,Please review the document and let me know.
ham,The payment has been processed successfully.
spam,CONGRATULATIONS! You have won a  prize! Click here to claim.
ham,The report is ready. Please find attached.
spam,Earn  per week from home! Details at http://spam-link.com
spam,LIMITED TIME OFFER: Get  off your next purchase. Use code SPAM6642
ham,Meeting scheduled for 14:00 tomorrow. Please confirm.
ham,"Hey, how are you? Let me know when you can meet."
ham,Reminder: appointment at 10:00 tomorrow.
ham,The payment has been processed successfully.
spam,Alert: Suspicious activity on your account. Secure at http://spam-link.com
ham,Reminder: appointment at 13:00 tomorrow.
ham,"Hey, how are you? Let me know when you can meet."
spam,You have been pre-approved for  loan. Apply now at http://spam-link.com
ham,Happy birthday! Have a great day!
ham,Please review the document and let me know.
ham,Thanks for the feedback. I will incorporate it.
spam,WINNER! You have won a free vacation worth . Call 9360 now.
ham,Thanks for your help with the project.
spam,URGENT: Your account will be closed. Verify now at http://spam-link.com
ham,The report is ready. Please find attached.
ham,The report is ready. Please find attached.
ham,Thanks for the update. I will review it tomorrow.
ham,Meeting scheduled for 17:00 tomorrow. Please confirm.
ham,Thanks for the update. I will review it tomorrow.
spam,Congratulations! You are eligible for  cashback. Visit http://spam-link.com
ham,Thanks for the feedback. I will incorporate it.
ham,The meeting went well. Next steps are...
spam,Earn  per week from home! Details at http://spam-link.com
ham,Your order #8173 has been shipped.
spam,Last chance to claim your  reward. Click http://spam-link.com
ham,Can we reschedule our call to 13:00?
spam,FREE entry to win  cash! Text WIN to 5392
ham,Please review the document and let me know.
ham,"Hey, how are you? Let me know when you can meet."
ham,Welcome to the team! Looking forward to working with you.
ham,I will send you the details by 10:00.
spam,FREE entry to win  cash! Text WIN to 4316
spam,You have  unread messages. Check at http://spam-link.com
spam,FREE entry to win  cash! Text WIN to 8668
ham,Welcome to the team! Looking forward to working with you.
ham,Please review the document and let me know.
spam,You have been pre-approved for  loan. Apply now at http://spam-link.com
ham,The meeting went well. Next steps are...
ham,Just wanted to check in. Hope you are doing well.
ham,Thanks for the update. I will review it tomorrow.
spam,FREE entry to win  cash! Text WIN to 8238
spam,Your package delivery failed. Reschedule at http://spam-link.com
ham,Reminder: appointment at 12:00 tomorrow.
ham,Please review the document and let me know.
ham,Please review the document and let me know.
spam,FREE entry to win  cash! Text WIN to 911
spam,LIMITED TIME OFFER: Get  off your next purchase. Use code SPAM1068
ham,Just wanted to check in. Hope you are doing well.
ham,Please review the document and let me know.
ham,Thanks for the feedback. I will incorporate it.
spam,Congratulations! You are eligible for  cashback. Visit http://spam-link.com
ham,Thanks for your help with the project.
spam,You have been pre-approved for  loan. Apply now at http://spam-link.com
spam,Exclusive: % off everything today only. Shop http://spam-link.com
ham,Let me know if you need anything else.
spam,WINNER! You have won a free vacation worth . Call 3495 now.
spam,Your loan of  has been approved. No credit check. Apply at http://spam-link.com
spam,Special offer: Buy 1 get  free. Visit http://spam-link.com
spam,Alert: Suspicious activity on your account. Secure at http://spam-link.com
ham,Welcome to the team! Looking forward to working with you.
ham,Thanks for your help with the project.
ham,Thanks for your help with the project.
spam,LIMITED TIME OFFER: Get  off your next purchase. Use code SPAM809
spam,Exclusive deal:  discount on all items. Shop at http://spam-link.com
spam,WINNER! You have won a free vacation worth . Call 5421 now.
spam,You have been pre-approved for  loan. Apply now at http://spam-link.com
spam,Exclusive: % off everything today only. Shop http://spam-link.com
ham,Welcome to the team! Looking forward to working with you.
ham,The payment has been processed successfully.
spam,You have won a brand new iPhone! Claim at http://spam-link.com
spam,Earn  per week from home! Details at http://spam-link.com
ham,Just wanted to check in. Hope you are doing well.
ham,I will send you the details by 14:00.
ham,The meeting went well. Next steps are...
spam,CONGRATULATIONS! You have won a  prize! Click here to claim.
ham,Thanks for the update. I will review it tomorrow.
ham,Please review the document and let me know.
ham,The payment has been processed successfully.
spam,Exclusive deal:  discount on all items. Shop at http://spam-link.com
spam,You have been pre-approved for  loan. Apply now at http://spam-link.com
ham,Please review the document and let me know.
ham,"Hey, how are you? Let me know when you can meet."
ham,Thanks for the update. I will review it tomorrow.
spam,You have been selected for a  reward. Claim at http://spam-link.com
spam,Alert: Suspicious activity on your account. Secure at http://spam-link.com
spam,LIMITED TIME OFFER: Get  off your next purchase. Use code SPAM4822
spam,Exclusive: % off everything today only. Shop http://spam-link.com
spam,Exclusive: % off everything today only. Shop http://spam-link.com
ham,The payment has been processed successfully.
spam,WINNER! You have won a free vacation worth . Call 7598 now.
ham,Quick question: are you free at 13:00?
ham,Can we reschedule our call to 17:00?
spam,FREE entry to win  cash! Text WIN to 2095
spam,Exclusive: % off everything today only. Shop http://spam-link.com
spam,Earn  per week from home! Details at http://spam-link.com
ham,Just wanted to check in. Hope you are doing well.
spam,You have  unread messages. Check at http://spam-link.com
ham,Thanks for the update. I will review it tomorrow.
spam,Congratulations! You are eligible for  cashback. Visit http://spam-link.com
ham,Your order #2333 has been shipped.
spam,You have  unread messages. Check at http://spam-link.com
ham,Let me know if you need anything else.
ham,I will send you the details by 12:00.
spam,Exclusive deal:  discount on all items. Shop at http://spam-link.com
ham,Thanks for your help with the project.
ham,Thanks for the update. I will review it tomorrow.
ham,Your order #5680 has been shipped.
spam,Special offer: Buy 1 get  free. Visit http://spam-link.com
ham,Thanks for the feedback. I will incorporate it.
ham,Can we reschedule our call to 12:00?
ham,Can we reschedule our call to 16:00?
ham,Thanks for the feedback. I will incorporate it.
ham,Thanks for the feedback. I will incorporate it.
ham,Happy birthday! Have a great day!
ham,Let me know if you need anything else.
spam,Your package delivery failed. Reschedule at http://spam-link.com
ham,Your order #6871 has been shipped.
spam,Free gift card worth ! Claim at http://spam-link.com
spam,Your loan of  has been approved. No credit check. Apply at http://spam-link.com
spam,You have  unread messages. Check at http://spam-link.com
spam,Your package delivery failed. Reschedule at http://spam-link.com
ham,See you at 12:00 for lunch.
spam,CONGRATULATIONS! You have won a  prize! Click here to claim.
ham,Let me know if you need anything else.
spam,Your package delivery failed. Reschedule at http://spam-link.com
spam,Congratulations! You are eligible for  cashback. Visit http://spam-link.com
ham,Thanks for the update. I will review it tomorrow.
spam,Your package delivery failed. Reschedule at http://spam-link.com
ham,Can we reschedule our call to 11:00?
ham,I will send you the details by 17:00.
ham,Let me know if you need anything else.
spam,Free gift card worth ! Claim at http://spam-link.com
spam,WINNER! You have won a free vacation worth . Call 8841 now.
spam,URGENT: Your account will be closed. Verify now at http://spam-link.com
ham,Can we reschedule our call to 12:00?
ham,Quick question: are you free at 9:00?
ham,The package has been delivered.
ham,Thanks for your help with the project.
ham,Quick question: are you free at 11:00?
spam,Special offer: Buy 1 get  free. Visit http://spam-link.com
ham,Thanks for the feedback. I will incorporate it.
ham,Let me know if you need anything else.
spam,You have been pre-approved for  loan. Apply now at http://spam-link.com
ham,"Hey, how are you? Let me know when you can meet."
ham,Thanks for the update. I will review it tomorrow.
spam,Exclusive deal:  discount on all items. Shop at http://spam-link.com
ham,The meeting went well. Next steps are...
spam,Free gift card worth ! Claim at http://spam-link.com
ham,The package has been delivered.
ham,Please review the document and let me know.
spam,URGENT: Security alert for your account. Verify at http://spam-link.com
spam,URGENT: Your account will be closed. Verify now at http://spam-link.com
ham,Welcome to the team! Looking forward to working with you.
spam,URGENT: Your account will be closed. Verify now at http://spam-link.com
spam,Free gift card worth ! Claim at http://spam-link.com
spam,Your loan of  has been approved. No credit check. Apply at http://spam-link.com
spam,You have  unread messages. Check at http://spam-link.com
ham,The meeting went well. Next steps are...
ham,Thanks for the update. I will review it tomorrow.
ham,Thanks for the feedback. I will incorporate it.
spam,URGENT: Your account will be closed. Verify now at http://spam-link.com
spam,Your loan of  has been approved. No credit check. Apply at http://spam-link.com
ham,Welcome to the team! Looking forward to working with you.
spam,You have  unread messages. Check at http://spam-link.com
ham,Meeting scheduled for 14:00 tomorrow. Please confirm.
ham,The report is ready. Please find attached.
ham,Just wanted to check in. Hope you are doing well.
ham,Please review the document and let me know.
ham,Welcome to the team! Looking forward to working with you.
ham,Just wanted to check in. Hope you are doing well.
ham,Welcome to the team! Looking forward to working with you.
spam,Free gift card worth ! Claim at http://spam-link.com
ham,Just wanted to check in. Hope you are doing well.
spam,WINNER! You have won a free vacation worth . Call 8883 now.
ham,Let me know if you need anything else.
ham,I will send you the details by 12:00.
spam,FREE entry to win  cash! Text WIN to 4450
ham,Thanks for the update. I will review it tomorrow.
ham,Your order #1268 has been shipped.
spam,Exclusive deal:  discount on all items. Shop at http://spam-link.com
spam,Earn  per week from home! Details at http://spam-link.com
ham,Just wanted to check in. Hope you are doing well.
spam,URGENT: Security alert for your account. Verify at http://spam-link.com
ham,Can we reschedule our call to 13:00?
ham,Can we reschedule our call to 16:00?
ham,Happy birthday! Have a great day!
ham,Let me know if you need anything else.
spam,Earn  per week from home! Details at http://spam-link.com
spam,You have  unread messages. Check at http://spam-link.com
ham,The package has been delivered.
ham,I will send you the details by 9:00.
ham,The meeting went well. Next steps are...
ham,Reminder: appointment at 13:00 tomorrow.
ham,"Hey, how are you? Let me know when you can meet."
ham,Please review the document and let me know.
spam,You have been pre-approved for  loan. Apply now at http://spam-link.com
ham,Just wanted to check in. Hope you are doing well.
spam,LIMITED TIME OFFER: Get  off your next purchase. Use code SPAM8894
spam,Exclusive deal:  discount on all items. Shop at http://spam-link.com
spam,You have  unread messages. Check at http://spam-link.com
spam,CONGRATULATIONS! You have won a  prize! Click here to claim.
ham,The package has been delivered.
ham,I will send you the details by 10:00.
ham,The payment has been processed successfully.
ham,Welcome to the team! Looking forward to working with you.
ham,Thanks for your help with the project.
ham,Welcome to the team! Looking forward to working with you.
ham,Thanks for the update. I will review it tomorrow.
spam,CONGRATULATIONS! You have won a  prize! Click here to claim.
spam,Your package delivery failed. Reschedule at http://spam-link.com
ham,Reminder: appointment at 15:00 tomorrow.
spam,Your package delivery failed. Reschedule at http://spam-link.com
spam,Special offer: Buy 1 get  free. Visit http://spam-link.com
ham,See you at 15:00 for lunch.
ham,Welcome to the team! Looking forward to working with you.
spam,Earn  per week from home! Details at http://spam-link.com
ham,See you at 14:00 for lunch.
ham,Your order #3122 has been shipped.
ham,Reminder: appointment at 13:00 tomorrow.
ham,Thanks for the feedback. I will incorporate it.
ham,See you at 11:00 for lunch.
spam,You have been selected for a  reward. Claim at http://spam-link.com
spam,WINNER! You have won a free vacation worth . Call 2766 now.
ham,Please review the document and let me know.
ham,I will send you the details by 14:00.
spam,You have been pre-approved for  loan. Apply now at http://spam-link.com
ham,Meeting scheduled for 14:00 tomorrow. Please confirm.
ham,Let me know if you need anything else.
ham,Thanks for the feedback. I will incorporate it.
ham,The meeting went well. Next steps are...
spam,Last chance to claim your  reward. Click http://spam-link.com
ham,Meeting scheduled for 10:00 tomorrow. Please confirm.
ham,Quick question: are you free at 12:00?
ham,Let me know if you need anything else.
ham,Thanks for the update. I will review it tomorrow.
ham,Quick question: are you free at 13:00?
ham,Your order #9163 has been shipped.
ham,Thanks for your help with the project.
ham,The report is ready. Please find attached.
ham,Reminder: appointment at 12:00 tomorrow.
spam,Congratulations! You are eligible for  cashback. Visit http://spam-link.com
ham,See you at 9:00 for lunch.
spam,LIMITED TIME OFFER: Get  off your next purchase. Use code SPAM2391
spam,You have  unread messages. Check at http://spam-link.com
spam,Last chance to claim your  reward. Click http://spam-link.com
ham,The payment has been processed successfully.
ham,Please review the document and let me know.
spam,Last chance to claim your  reward. Click http://spam-link.com
ham,Thanks for the update. I will review it tomorrow.
spam,Exclusive deal:  discount on all items. Shop at http://spam-link.com
spam,You have been pre-approved for  loan. Apply now at http://spam-link.com
ham,"Hey, how are you? Let me know when you can meet."
ham,Thanks for the update. I will review it tomorrow.
ham,Can we reschedule our call to 10:00?
ham,See you at 15:00 for lunch.
spam,Earn  per week from home! Details at http://spam-link.com
spam,FREE entry to win  cash! Text WIN to 1651
ham,Quick question: are you free at 10:00?
spam,Last chance to claim your  reward. Click http://spam-link.com
ham,Welcome to the team! Looking forward to working with you.
spam,FREE entry to win  cash! Text WIN to 3649
ham,Please review the document and let me know.
ham,Just wanted to check in. Hope you are doing well.
ham,Your order #3532 has been shipped.
ham,Please review the document and let me know.
spam,Special offer: Buy 1 get  free. Visit http://spam-link.com
spam,CONGRATULATIONS! You have won a  prize! Click here to claim.
spam,Special offer: Buy 1 get  free. Visit http://spam-link.com
ham,Just wanted to check in. Hope you are doing well.
ham,Welcome to the team! Looking forward to working with you.
ham,Your order #3268 has been shipped.
ham,Thanks for the update. I will review it tomorrow.
ham,The meeting went well. Next steps are...
ham,Just wanted to check in. Hope you are doing well.
ham,Welcome to the team! Looking forward to working with you.
ham,"Hey, how are you? Let me know when you can meet."
ham,Reminder: appointment at 10:00 tomorrow.
ham,Reminder: appointment at 9:00 tomorrow.
spam,You have won a brand new iPhone! Claim at http://spam-link.com
ham,Thanks for your help with the project.
ham,Let me know if you need anything else.
spam,Your loan of  has been approved. No credit check. Apply at http://spam-link.com
spam,FREE entry to win  cash! Text WIN to 4463
spam,FREE entry to win  cash! Text WIN to 4576
spam,LIMITED TIME OFFER: Get  off your next purchase. Use code SPAM7967
ham,Please review the document and let me know.
spam,Your loan of  has been approved. No credit check. Apply at http://spam-link.com
ham,I will send you the details by 12:00.
ham,Meeting scheduled for 9:00 tomorrow. Please confirm.
spam,Exclusive: % off everything today only. Shop http://spam-link.com
ham,Welcome to the team! Looking forward to working with you.
ham,Just wanted to check in. Hope you are doing well.
spam,You have  unread messages. Check at http://spam-link.com
ham,The package has been delivered.
ham,The report is ready. Please find attached.
ham,Reminder: appointment at 12:00 tomorrow.
ham,Happy birthday! Have a great day!
ham,Just wanted to check in. Hope you are doing well.
ham,Let me know if you need anything else.
spam,Exclusive deal:  discount on all items. Shop at http://spam-link.com
spam,Last chance to claim your  reward. Click http://spam-link.com
ham,The package has been delivered.
spam,You have won a brand new iPhone! Claim at http://spam-link.com
ham,Meeting scheduled for 14:00 tomorrow. Please confirm.
ham,Thanks for your help with the project.
ham,I will send you the details by 13:00.
spam,Alert: Suspicious activity on your account. Secure at http://spam-link.com
ham,Happy birthday! Have a great day!
ham,The payment has been processed successfully.
ham,Happy birthday! Have a great day!
spam,Last chance to claim your  reward. Click http://spam-link.com
ham,"Hey, how are you? Let me know when you can meet."
spam,Your loan of  has been approved. No credit check. Apply at http://spam-link.com
ham,Just wanted to check in. Hope you are doing well.
spam,Your loan of  has been approved. No credit check. Apply at http://spam-link.com
spam,Alert: Suspicious activity on your account. Secure at http://spam-link.com
ham,The meeting went well. Next steps are...
ham,"Hey, how are you? Let me know when you can meet."
ham,Quick question: are you free at 11:00?
ham,"Hey, how are you? Let me know when you can meet."
ham,The package has been delivered.
ham,The meeting went well. Next steps are...
spam,CONGRATULATIONS! You have won a  prize! Click here to claim.
ham,Welcome to the team! Looking forward to working with you.
ham,The report is ready. Please find attached.
spam,Exclusive: % off everything today only. Shop http://spam-link.com
spam,Congratulations! You are eligible for  cashback. Visit http://spam-link.com
ham,Thanks for the feedback. I will incorporate it.
ham,I will send you the details by 12:00.
spam,Earn  per week from home! Details at http://spam-link.com
ham,See you at 9:00 for lunch.
ham,Let me know if you need anything else.
spam,LIMITED TIME OFFER: Get  off your next purchase. Use code SPAM8190
ham,"Hey, how are you? Let me know when you can meet."
ham,Welcome to the team! Looking forward to working with you.
ham,"Hey, how are you? Let me know when you can meet."
spam,Congratulations! You are eligible for  cashback. Visit http://spam-link.com
ham,Thanks for the update. I will review it tomorrow.
ham,Reminder: appointment at 9:00 tomorrow.
ham,Just wanted to check in. Hope you are doing well.
ham,See you at 10:00 for lunch.
ham,Your order #1069 has been shipped.
ham,Thanks for the update. I will review it tomorrow.
ham,I will send you the details by 16:00.
ham,Please review the document and let me know.
spam,Alert: Suspicious activity on your account. Secure at http://spam-link.com
ham,The package has been delivered.
ham,Can we reschedule our call to 17:00?
spam,You have been pre-approved for  loan. Apply now at http://spam-link.com
ham,The payment has been processed successfully.
spam,LIMITED TIME OFFER: Get  off your next purchase. Use code SPAM8512
ham,Thanks for the feedback. I will incorporate it.
spam,URGENT: Security alert for your account. Verify at http://spam-link.com
ham,Please review the document and let me know.
ham,Just wanted to check in. Hope you are doing well.
ham,Thanks for the feedback. I will incorporate it.
ham,Reminder: appointment at 9:00 tomorrow.
spam,CONGRATULATIONS! You have won a  prize! Click here to claim.
ham,See you at 9:00 for lunch.
spam,URGENT: Your account will be closed. Verify now at http://spam-link.com
ham,Your order #3796 has been shipped.
spam,Exclusive deal:  discount on all items. Shop at http://spam-link.com
spam,Last chance to claim your  reward. Click http://spam-link.com
spam,Exclusive deal:  discount on all items. Shop at http://spam-link.com
ham,The report is ready. Please find attached.
ham,Let me know if you need anything else.
ham,Thanks for the update. I will review it tomorrow.
ham,Thanks for the update. I will review it tomorrow.
ham,The payment has been processed successfully.
ham,The meeting went well. Next steps are...
ham,The meeting went well. Next steps are...
ham,Thanks for the update. I will review it tomorrow.
spam,URGENT: Security alert for your account. Verify at http://spam-link.com
ham,The package has been delivered.
ham,Your order #9859 has been shipped.
spam,Special offer: Buy 1 get  free. Visit http://spam-link.com
spam,You have  unread messages. Check at http://spam-link.com
spam,WINNER! You have won a free vacation worth . Call 7097 now.
ham,Please review the document and let me know.
ham,Meeting scheduled for 15:00 tomorrow. Please confirm.
ham,Please review the document and let me know.
ham,See you at 15:00 for lunch.
ham,The meeting went well. Next steps are...
spam,Your package delivery failed. Reschedule at http://spam-link.com
spam,You have  unread messages. Check at http://spam-link.com
spam,Special offer: Buy 1 get  free. Visit http://spam-link.com
spam,You have  unread messages. Check at http://spam-link.com
ham,The meeting went well. Next steps are...
spam,WINNER! You have won a free vacation worth . Call 5467 now.
ham,Let me know if you need anything else.
ham,Quick question: are you free at 14:00?
spam,Last chance to claim your  reward. Click http://spam-link.com
spam,Earn  per week from home! Details at http://spam-link.com
ham,The meeting went well. Next steps are...
ham,Can we reschedule our call to 17:00?
spam,Free gift card worth ! Claim at http://spam-link.com
ham,Let me know if you need anything else.
ham,Thanks for the update. I will review it tomorrow.
ham,Just wanted to check in. Hope you are doing well.
ham,Thanks for your help with the project.
spam,You have been selected for a  reward. Claim at http://spam-link.com
ham,Reminder: appointment at 13:00 tomorrow.
ham,I will send you the details by 15:00.
ham,Can we reschedule our call to 17:00?
ham,I will send you the details by 9:00.
ham,Your order #1512 has been shipped.
ham,Just wanted to check in. Hope you are doing well.
spam,Exclusive deal:  discount on all items. Shop at http://spam-link.com
ham,See you at 12:00 for lunch.
ham,The package has been delivered.
ham,Thanks for your help with the project.
ham,Happy birthday! Have a great day!
ham,Just wanted to check in. Hope you are doing well.
spam,Exclusive deal:  discount on all items. Shop at http://spam-link.com
ham,The package has been delivered.
ham,Quick question: are you free at 10:00?
spam,Exclusive: % off everything today only. Shop http://spam-link.com
ham,Thanks for your help with the project.
spam,Congratulations! You are eligible for  cashback. Visit http://spam-link.com
ham,Quick question: are you free at 9:00?
ham,Welcome to the team! Looking forward to working with you.
ham,Thanks for the update. I will review it tomorrow.
ham,Reminder: appointment at 10:00 tomorrow.
ham,Thanks for your help with the project.
ham,The report is ready. Please find attached.
ham,Quick question: are you free at 9:00?
ham,Let me know if you need anything else.
ham,Can we reschedule our call to 11:00?
spam,Your loan of  has been approved. No credit check. Apply at http://spam-link.com
ham,Thanks for your help with the project.
ham,Can we reschedule our call to 13:00?
spam,Your loan of  has been approved. No credit check. Apply at http://spam-link.com
ham,Thanks for the update. I will review it tomorrow.
ham,Your order #1609 has been shipped.
ham,The report is ready. Please find attached.
ham,Thanks for the feedback. I will incorporate it.
spam,Alert: Suspicious activity on your account. Secure at http://spam-link.com
ham,The report is ready. Please find attached.
ham,Thanks for the update. I will review it tomorrow.
ham,The package has been delivered.
ham,See you at 12:00 for lunch.
spam,You have been pre-approved for  loan. Apply now at http://spam-link.com
ham,Can we reschedule our call to 16:00?
spam,FREE entry to win  cash! Text WIN to 4670
ham,I will send you the details by 13:00.
spam,Exclusive: % off everything today only. Shop http://spam-link.com
ham,The meeting went well. Next steps are...
ham,See you at 16:00 for lunch.
ham,Reminder: appointment at 15:00 tomorrow.
ham,Quick question: are you free at 11:00?
spam,Your package delivery failed. Reschedule at http://spam-link.com
ham,I will send you the details by 14:00.
ham,The payment has been processed successfully.
ham,Please review the document and let me know.
ham,Meeting scheduled for 9:00 tomorrow. Please confirm.
ham,See you at 15:00 for lunch.
ham,Your order #3249 has been shipped.
spam,Exclusive: % off everything today only. Shop http://spam-link.com
ham,Thanks for the update. I will review it tomorrow.
spam,Earn  per week from home! Details at http://spam-link.com
ham,Meeting scheduled for 15:00 tomorrow. Please confirm.
spam,Last chance to claim your  reward. Click http://spam-link.com
spam,Last chance to claim your  reward. Click http://spam-link.com
ham,Thanks for your help with the project.
spam,Congratulations! You are eligible for  cashback. Visit http://spam-link.com
spam,You have been pre-approved for  loan. Apply now at http://spam-link.com
ham,See you at 11:00 for lunch.
ham,Thanks for the update. I will review it tomorrow.
ham,Thanks for your help with the project.
ham,Please review the document and let me know.
ham,Welcome to the team! Looking forward to working with you.
ham,Meeting scheduled for 14:00 tomorrow. Please confirm.
spam,Congratulations! You are eligible for  cashback. Visit http://spam-link.com
spam,You have been selected for a  reward. Claim at http://spam-link.com
ham,The report is ready. Please find attached.
ham,Welcome to the team! Looking forward to working with you.
spam,Congratulations! You are eligible for  cashback. Visit http://spam-link.com
ham,Meeting scheduled for 11:00 tomorrow. Please confirm.
ham,Can we reschedule our call to 9:00?
ham,See you at 14:00 for lunch.
spam,Congratulations! You are eligible for  cashback. Visit http://spam-link.com
spam,WINNER! You have won a free vacation worth . Call 8176 now.
ham,The meeting went well. Next steps are...
ham,The package has been delivered.
ham,The payment has been processed successfully.
spam,LIMITED TIME OFFER: Get  off your next purchase. Use code SPAM7290
spam,Free gift card worth ! Claim at http://spam-link.com
spam,Your package delivery failed. Reschedule at http://spam-link.com
spam,Exclusive deal:  discount on all items. Shop at http://spam-link.com
spam,You have  unread messages. Check at http://spam-link.com
ham,Meeting scheduled for 14:00 tomorrow. Please confirm.
ham,Happy birthday! Have a great day!
spam,FREE entry to win  cash! Text WIN to 6296
spam,Exclusive: % off everything today only. Shop http://spam-link.com
ham,Happy birthday! Have a great day!
spam,Alert: Suspicious activity on your account. Secure at http://spam-link.com
ham,Thanks for your help with the project.
spam,FREE entry to win  cash! Text WIN to 2300
ham,Thanks for the update. I will review it tomorrow.
spam,URGENT: Security alert for your account. Verify at http://spam-link.com
spam,Exclusive: % off everything today only. Shop http://spam-link.com
ham,See you at 17:00 for lunch.
ham,Quick question: are you free at 13:00?
ham,Please review the document and let me know.
spam,URGENT: Security alert for your account. Verify at http://spam-link.com
spam,You have been selected for a  reward. Claim at http://spam-link.com
spam,Exclusive: % off everything today only. Shop http://spam-link.com
spam,Last chance to claim your  reward. Click http://spam-link.com
ham,The payment has been processed successfully.
spam,Special offer: Buy 1 get  free. Visit http://spam-link.com
ham,Reminder: appointment at 10:00 tomorrow.
spam,Exclusive deal:  discount on all items. Shop at http://spam-link.com
spam,Exclusive: % off everything today only. Shop http://spam-link.com
spam,Exclusive deal:  discount on all items. Shop at http://spam-link.com
ham,Quick question: are you free at 16:00?
ham,The meeting went well. Next steps are...
ham,The report is ready. Please find attached.
ham,Happy birthday! Have a great day!
ham,Happy birthday! Have a great day!
ham,Happy birthday! Have a great day!
ham,Please review the document and let me know.
ham,Quick question: are you free at 9:00?
ham,The meeting went well. Next steps are...
ham,See you at 9:00 for lunch.
ham,Your order #2932 has been shipped.
spam,You have  unread messages. Check at http://spam-link.com
ham,The report is ready. Please find attached.
ham,See you at 12:00 for lunch.
ham,Thanks for your help with the project.
ham,Just wanted to check in. Hope you are doing well.
ham,Thanks for your help with the project.
ham,Just wanted to check in. Hope you are doing well.
ham,The package has been delivered.
spam,LIMITED TIME OFFER: Get  off your next purchase. Use code SPAM4875
spam,You have  unread messages. Check at http://spam-link.com
ham,Can we reschedule our call to 14:00?
ham,Thanks for the feedback. I will incorporate it.
ham,Thanks for your help with the project.
spam,Alert: Suspicious activity on your account. Secure at http://spam-link.com
spam,You have been selected for a  reward. Claim at http://spam-link.com
ham,Happy birthday! Have a great day!
ham,Meeting scheduled for 10:00 tomorrow. Please confirm.
ham,Happy birthday! Have a great day!
ham,Reminder: appointment at 13:00 tomorrow.
ham,Please review the document and let me know.
ham,The package has been delivered.
spam,Exclusive: % off everything today only. Shop http://spam-link.com
ham,Thanks for the feedback. I will incorporate it.
ham,Thanks for the feedback. I will incorporate it.
spam,Your loan of  has been approved. No credit check. Apply at http://spam-link.com
ham,Please review the document and let me know.
ham,Your order #674 has been shipped.
spam,You have been selected for a  reward. Claim at http://spam-link.com
ham,Can we reschedule our call to 12:00?
ham,Happy birthday! Have a great day!
ham,Just wanted to check in. Hope you are doing well.
ham,Can we reschedule our call to 15:00?
ham,Your order #2699 has been shipped.
ham,Meeting scheduled for 9:00 tomorrow. Please confirm.
ham,Welcome to the team! Looking forward to working with you.
ham,Thanks for the update. I will review it tomorrow.
ham,Thanks for your help with the project.
ham,"Hey, how are you? Let me know when you can meet."
ham,See you at 17:00 for lunch.
spam,Special offer: Buy 1 get  free. Visit http://spam-link.com
spam,Your package delivery failed. Reschedule at http://spam-link.com
ham,Quick question: are you free at 14:00?
ham,I will send you the details by 15:00.
ham,Quick question: are you free at 9:00?
ham,See you at 17:00 for lunch.
ham,Quick question: are you free at 15:00?
ham,Can we reschedule our call to 13:00?
ham,I will send you the details by 14:00.
spam,CONGRATULATIONS! You have won a  prize! Click here to claim.
spam,You have been pre-approved for  loan. Apply now at http://spam-link.com
ham,Happy birthday! Have a great day!
spam,You have  unread messages. Check at http://spam-link.com
spam,URGENT: Security alert for your account. Verify at http://spam-link.com
spam,CONGRATULATIONS! You have won a  prize! Click here to claim.
ham,Thanks for the feedback. I will incorporate it.
ham,Thanks for the feedback. I will incorporate it.
ham,Just wanted to check in. Hope you are doing well.
ham,Thanks for the feedback. I will incorporate it.
ham,The payment has been processed successfully.
spam,Exclusive deal:  discount on all items. Shop at http://spam-link.com
spam,Free gift card worth ! Claim at http://spam-link.com
ham,Welcome to the team! Looking forward to working with you.
spam,WINNER! You have won a free vacation worth . Call 7946 now.
ham,Thanks for your help with the project.
spam,CONGRATULATIONS! You have won a  prize! Click here to claim.
ham,Your order #2427 has been shipped.
ham,See you at 12:00 for lunch.
ham,The report is ready. Please find attached.
ham,Happy birthday! Have a great day!
spam,WINNER! You have won a free vacation worth . Call 9136 now.
ham,Thanks for the feedback. I will incorporate it.
ham,Happy birthday! Have a great day!
ham,Reminder: appointment at 16:00 tomorrow.
spam,URGENT: Security alert for your account. Verify at http://spam-link.com
spam,CONGRATULATIONS! You have won a  prize! Click here to claim.
spam,CONGRATULATIONS! You have won a  prize! Click here to claim.
ham,I will send you the details by 10:00.
ham,Happy birthday! Have a great day!
ham,"Hey, how are you? Let me know when you can meet."
ham,The payment has been processed successfully.
ham,The meeting went well. Next steps are...
spam,URGENT: Security alert for your account. Verify at http://spam-link.com
ham,Welcome to the team! Looking forward to working with you.
ham,The report is ready. Please find attached.
ham,The package has been delivered.
ham,The payment has been processed successfully.
ham,Let me know if you need anything else.
spam,You have  unread messages. Check at http://spam-link.com
spam,Free gift card worth ! Claim at http://spam-link.com
spam,Exclusive deal:  discount on all items. Shop at http://spam-link.com
ham,Just wanted to check in. Hope you are doing well.
spam,Your package delivery failed. Reschedule at http://spam-link.com
spam,Your package delivery failed. Reschedule at http://spam-link.com
spam,Special offer: Buy 1 get  free. Visit http://spam-link.com
ham,Welcome to the team! Looking forward to working with you.
ham,Your order #9616 has been shipped.
ham,Happy birthday! Have a great day!
spam,Your package delivery failed. Reschedule at http://spam-link.com
ham,Please review the document and let me know.
spam,You have  unread messages. Check at http://spam-link.com
ham,I will send you the details by 15:00.
spam,Free gift card worth ! Claim at http://spam-link.com
ham,Thanks for your help with the project.
spam,Last chance to claim your  reward. Click http://spam-link.com
ham,Welcome to the team! Looking forward to working with you.
ham,Let me know if you need anything else.
ham,Just wanted to check in. Hope you are doing well.
spam,Congratulations! You are eligible for  cashback. Visit http://spam-link.com
ham,Let me know if you need anything else.
spam,URGENT: Security alert for your account. Verify at http://spam-link.com
ham,Let me know if you need anything else.
spam,URGENT: Security alert for your account. Verify at http://spam-link.com
ham,Reminder: appointment at 13:00 tomorrow.
spam,Earn  per week from home! Details at http://spam-link.com
spam,Last chance to claim your  reward. Click http://spam-link.com
ham,Can we reschedule our call to 10:00?
spam,Exclusive deal:  discount on all items. Shop at http://spam-link.com
spam,CONGRATULATIONS! You have won a  prize! Click here to claim.
ham,I will send you the details by 15:00.
ham,The payment has been processed successfully.
ham,See you at 16:00 for lunch.
spam,You have won a brand new iPhone! Claim at http://spam-link.com
spam,CONGRATULATIONS! You have won a  prize! Click here to claim.
spam,Free gift card worth ! Claim at http://spam-link.com
ham,See you at 16:00 for lunch.
ham,Just wanted to check in. Hope you are doing well.
spam,Free gift card worth ! Claim at http://spam-link.com
ham,Just wanted to check in. Hope you are doing well.
spam,Earn  per week from home! Details at http://spam-link.com
ham,The payment has been processed successfully.
spam,Free gift card worth ! Claim at http://spam-link.com
spam,Congratulations! You are eligible for  cashback. Visit http://spam-link.com
ham,Can we reschedule our call to 15:00?
spam,Free gift card worth ! Claim at http://spam-link.com
ham,I will send you the details by 14:00.
ham,"Hey, how are you? Let me know when you can meet."
ham,Welcome to the team! Looking forward to working with you.
ham,Let me know if you need anything else.
ham,Thanks for the update. I will review it tomorrow.
ham,See you at 9:00 for lunch.
ham,Just wanted to check in. Hope you are doing well.
spam,URGENT: Security alert for your account. Verify at http://spam-link.com
spam,You have been selected for a  reward. Claim at http://spam-link.com
ham,Reminder: appointment at 17:00 tomorrow.
spam,Special offer: Buy 1 get  free. Visit http://spam-link.com
spam,Alert: Suspicious activity on your account. Secure at http://spam-link.com
ham,Thanks for your help with the project.
ham,Meeting scheduled for 17:00 tomorrow. Please confirm.
spam,Exclusive deal:  discount on all items. Shop at http://spam-link.com
ham,Welcome to the team! Looking forward to working with you.
spam,You have  unread messages. Check at http://spam-link.com
spam,Last chance to claim your  reward. Click http://spam-link.com
ham,Please review the document and let me know.
ham,"Hey, how are you? Let me know when you can meet."
ham,The report is ready. Please find attached.
spam,You have won a brand new iPhone! Claim at http://spam-link.com
ham,Your order #7262 has been shipped.
ham,Reminder: appointment at 14:00 tomorrow.
ham,The payment has been processed successfully.
ham,Quick question: are you free at 10:00?
spam,Earn  per week from home! Details at http://spam-link.com
ham,Meeting scheduled for 17:00 tomorrow. Please confirm.
spam,You have  unread messages. Check at http://spam-link.com
ham,Welcome to the team! Looking forward to working with you.
ham,Please review the document and let me know.
ham,Reminder: appointment at 9:00 tomorrow.
ham,Quick question: are you free at 12:00?
ham,See you at 17:00 for lunch.
ham,"Hey, how are you? Let me know when you can meet."
ham,Can we reschedule our call to 10:00?
spam,Last chance to claim your  reward. Click http://spam-link.com
ham,The meeting went well. Next steps are...
ham,The meeting went well. Next steps are...
ham,The package has been delivered.
ham,Please review the document and let me know.
ham,Happy birthday! Have a great day!
ham,The package has been delivered.
ham,Your order #9356 has been shipped.
spam,Free gift card worth ! Claim at http://spam-link.com
ham,Thanks for the update. I will review it tomorrow.
ham,Can we reschedule our call to 16:00?
ham,Can we reschedule our call to 10:00?
ham,Your order #7611 has been shipped.
spam,Congratulations! You are eligible for  cashback. Visit http://spam-link.com
ham,The package has been delivered.
ham,Thanks for the update. I will review it tomorrow.
ham,Let me know if you need anything else.
ham,Meeting scheduled for 14:00 tomorrow. Please confirm.
ham,Can we reschedule our call to 10:00?
spam,Free gift card worth ! Claim at http://spam-link.com
spam,Special offer: Buy 1 get  free. Visit http://spam-link.com
ham,Can we reschedule our call to 14:00?
ham,See you at 12:00 for lunch.
spam,You have won a brand new iPhone! Claim at http://spam-link.com
spam,Last chance to claim your  reward. Click http://spam-link.com
ham,Just wanted to check in. Hope you are doing well.
spam,Special offer: Buy 1 get  free. Visit http://spam-link.com
ham,Quick question: are you free at 15:00?
ham,See you at 15:00 for lunch.
ham,I will send you the details by 15:00.
ham,Your order #3939 has been shipped.
ham,"Hey, how are you? Let me know when you can meet."
ham,Your order #156 has been shipped.
ham,I will send you the details by 13:00.
spam,Special offer: Buy 1 get  free. Visit http://spam-link.com
ham,Quick question: are you free at 14:00?
ham,Can we reschedule our call to 15:00?
spam,Free gift card worth ! Claim at http://spam-link.com
ham,Welcome to the team! Looking forward to working with you.
ham,The package has been delivered.
ham,The report is ready. Please find attached.
ham,Please review the document and let me know.
spam,Exclusive: % off everything today only. Shop http://spam-link.com
ham,The report is ready. Please find attached.
ham,Please review the document and let me know.
spam,URGENT: Security alert for your account. Verify at http://spam-link.com
ham,See you at 11:00 for lunch.
ham,Please review the document and let me know.
ham,Meeting scheduled for 14:00 tomorrow. Please confirm.
ham,Your order #5873 has been shipped.
ham,Let me know if you need anything else.
ham,I will send you the details by 17:00.
ham,Can we reschedule our call to 14:00?
spam,CONGRATULATIONS! You have won a  prize! Click here to claim.
ham,Let me know if you need anything else.
ham,Thanks for the update. I will review it tomorrow.
spam,You have won a brand new iPhone! Claim at http://spam-link.com
spam,Earn  per week from home! Details at http://spam-link.com
spam,Your loan of  has been approved. No credit check. Apply at http://spam-link.com
spam,URGENT: Your account will be closed. Verify now at http://spam-link.com
spam,Your loan of  has been approved. No credit check. Apply at http://spam-link.com
spam,LIMITED TIME OFFER: Get  off your next purchase. Use code SPAM3577
spam,Last chance to claim your  reward. Click http://spam-link.com
spam,Exclusive: % off everything today only. Shop http://spam-link.com
spam,LIMITED TIME OFFER: Get  off your next purchase. Use code SPAM7949
spam,Alert: Suspicious activity on your account. Secure at http://spam-link.com
ham,Your order #9141 has been shipped.
spam,Exclusive deal:  discount on all items. Shop at http://spam-link.com
ham,Please review the document and let me know.
ham,Just wanted to check in. Hope you are doing well.
ham,Just wanted to check in. Hope you are doing well.
ham,Let me know if you need anything else.
ham,"Hey, how are you? Let me know when you can meet."
spam,URGENT: Your account will be closed. Verify now at http://spam-link.com
ham,Meeting scheduled for 17:00 tomorrow. Please confirm.
spam,You have been selected for a  reward. Claim at http://spam-link.com
ham,The package has been delivered.
ham,Thanks for your help with the project.
spam,You have been selected for a  reward. Claim at http://spam-link.com
ham,The payment has been processed successfully.
ham,Just wanted to check in. Hope you are doing well.
ham,Quick question: are you free at 9:00?
spam,CONGRATULATIONS! You have won a  prize! Click here to claim.
spam,Alert: Suspicious activity on your account. Secure at http://spam-link.com
spam,You have been selected for a  reward. Claim at http://spam-link.com
spam,WINNER! You have won a free vacation worth . Call 648 now.
spam,Exclusive: % off everything today only. Shop http://spam-link.com
spam,Last chance to claim your  reward. Click http://spam-link.com
spam,CONGRATULATIONS! You have won a  prize! Click here to claim.
ham,See you at 15:00 for lunch.
spam,CONGRATULATIONS! You have won a  prize! Click here to claim.
ham,Thanks for your help with the project.
ham,The payment has been processed successfully.
spam,Free gift card worth ! Claim at http://spam-link.com
spam,FREE entry to win  cash! Text WIN to 1280
ham,The package has been delivered.
spam,URGENT: Security alert for your account. Verify at http://spam-link.com
spam,URGENT: Your account will be closed. Verify now at http://spam-link.com
spam,Last chance to claim your  reward. Click http://spam-link.com
ham,Just wanted to check in. Hope you are doing well.
ham,Let me know if you need anything else.
ham,Please review the document and let me know.
spam,CONGRATULATIONS! You have won a  prize! Click here to claim.
ham,Meeting scheduled for 17:00 tomorrow. Please confirm.
spam,Special offer: Buy 1 get  free. Visit http://spam-link.com
ham,Meeting scheduled for 14:00 tomorrow. Please confirm.
ham,Can we reschedule our call to 15:00?
ham,The payment has been processed successfully.
ham,Can we reschedule our call to 12:00?
ham,I will send you the details by 15:00.
spam,You have won a brand new iPhone! Claim at http://spam-link.com
ham,Meeting scheduled for 16:00 tomorrow. Please confirm.
ham,Just wanted to check in. Hope you are doing well.
spam,Congratulations! You are eligible for  cashback. Visit http://spam-link.com
ham,The package has been delivered.
spam,Congratulations! You are eligible for  cashback. Visit http://spam-link.com
ham,Please review the document and let me know.
ham,Let me know if you need anything else.
spam,You have won a brand new iPhone! Claim at http://spam-link.com
spam,URGENT: Security alert for your account. Verify at http://spam-link.com
spam,Last chance to claim your  reward. Click http://spam-link.com
ham,Reminder: appointment at 13:00 tomorrow.
ham,Your order #320 has been shipped.
ham,Quick question: are you free at 11:00?
ham,See you at 13:00 for lunch.
ham,Happy birthday! Have a great day!
ham,See you at 11:00 for lunch.
spam,You have been pre-approved for  loan. Apply now at http://spam-link.com
spam,FREE entry to win  cash! Text WIN to 2615
ham,Reminder: appointment at 16:00 tomorrow.
ham,The package has been delivered.
ham,Thanks for the update. I will review it tomorrow.
spam,WINNER! You have won a free vacation worth . Call 713 now.
spam,CONGRATULATIONS! You have won a  prize! Click here to claim.
ham,Let me know if you need anything else.
ham,Thanks for your help with the project.
ham,See you at 9:00 for lunch.
ham,Can we reschedule our call to 11:00?
spam,You have been pre-approved for  loan. Apply now at http://spam-link.com
spam,Free gift card worth ! Claim at http://spam-link.com
spam,URGENT: Security alert for your account. Verify at http://spam-link.com
ham,I will send you the details by 9:00.
ham,Welcome to the team! Looking forward to working with you.
spam,FREE entry to win  cash! Text WIN to 1081
ham,Reminder: appointment at 12:00 tomorrow.
spam,Earn  per week from home! Details at http://spam-link.com
ham,See you at 16:00 for lunch.
ham,The report is ready. Please find attached.
ham,The payment has been processed successfully.
ham,Your order #1160 has been shipped.
spam,WINNER! You have won a free vacation worth . Call 9290 now.
spam,LIMITED TIME OFFER: Get  off your next purchase. Use code SPAM3524
ham,I will send you the details by 13:00.
ham,"Hey, how are you? Let me know when you can meet."
ham,Happy birthday! Have a great day!
ham,Reminder: appointment at 13:00 tomorrow.
ham,Happy birthday! Have a great day!
ham,See you at 15:00 for lunch.
spam,Your loan of  has been approved. No credit check. Apply at http://spam-link.com
ham,Thanks for the feedback. I will incorporate it.
ham,Reminder: appointment at 15:00 tomorrow.
ham,Reminder: appointment at 16:00 tomorrow.
ham,Happy birthday! Have a great day!
spam,URGENT: Your account will be closed. Verify now at http://spam-link.com
spam,Exclusive: % off everything today only. Shop http://spam-link.com
spam,CONGRATULATIONS! You have won a  prize! Click here to claim.
ham,Thanks for the update. I will review it tomorrow.
spam,URGENT: Security alert for your account. Verify at http://spam-link.com
spam,FREE entry to win  cash! Text WIN to 3932
spam,Last chance to claim your  reward. Click http://spam-link.com
spam,Last chance to claim your  reward. Click http://spam-link.com
ham,Thanks for the feedback. I will incorporate it.
ham,The report is ready. Please find attached.
spam,Congratulations! You are eligible for  cashback. Visit http://spam-link.com
ham,Thanks for the update. I will review it tomorrow.
spam,Special offer: Buy 1 get  free. Visit http://spam-link.com
ham,Reminder: appointment at 17:00 tomorrow.
ham,I will send you the details by 9:00.
ham,"Hey, how are you? Let me know when you can meet."
ham,Just wanted to check in. Hope you are doing well.
spam,LIMITED TIME OFFER: Get  off your next purchase. Use code SPAM8988
spam,WINNER! You have won a free vacation worth . Call 4344 now.
ham,The package has been delivered.
spam,You have won a brand new iPhone! Claim at http://spam-link.com
ham,Reminder: appointment at 14:00 tomorrow.
ham,The payment has been processed successfully.
ham,"Hey, how are you? Let me know when you can meet."
ham,The package has been delivered.
spam,Special offer: Buy 1 get  free. Visit http://spam-link.com
spam,You have won a brand new iPhone! Claim at http://spam-link.com
ham,Just wanted to check in. Hope you are doing well.
ham,Let me know if you need anything else.
ham,Thanks for your help with the project.
spam,Your loan of  has been approved. No credit check. Apply at http://spam-link.com
ham,The meeting went well. Next steps are...
ham,Thanks for your help with the project.
ham,The package has been delivered.
ham,See you at 16:00 for lunch.
ham,Please review the document and let me know.
spam,Special offer: Buy 1 get  free. Visit http://spam-link.com
spam,Earn  per week from home! Details at http://spam-link.com
spam,URGENT: Security alert for your account. Verify at http://spam-link.com
ham,Quick question: are you free at 10:00?
ham,Happy birthday! Have a great day!
ham,Thanks for the update. I will review it tomorrow.
ham,Reminder: appointment at 9:00 tomorrow.
spam,Exclusive: % off everything today only. Shop http://spam-link.com
ham,Welcome to the team! Looking forward to working with you.
ham,Let me know if you need anything else.
spam,URGENT: Security alert for your account. Verify at http://spam-link.com
spam,WINNER! You have won a free vacation worth . Call 384 now.
ham,Reminder: appointment at 14:00 tomorrow.
ham,Thanks for the update. I will review it tomorrow.
ham,Please review the document and let me know.
spam,You have been selected for a  reward. Claim at http://spam-link.com
ham,The report is ready. Please find attached.
spam,Special offer: Buy 1 get  free. Visit http://spam-link.com
ham,Reminder: appointment at 12:00 tomorrow.
ham,Just wanted to check in. Hope you are doing well.
ham,Just wanted to check in. Hope you are doing well.
ham,The package has been delivered.
ham,The payment has been processed successfully.
ham,Meeting scheduled for 16:00 tomorrow. Please confirm.
spam,Your package delivery failed. Reschedule at http://spam-link.com
spam,You have won a brand new iPhone! Claim at http://spam-link.com
ham,Meeting scheduled for 16:00 tomorrow. Please confirm.
ham,Welcome to the team! Looking forward to working with you.
ham,Please review the document and let me know.
spam,FREE entry to win  cash! Text WIN to 4957
ham,Reminder: appointment at 12:00 tomorrow.
spam,LIMITED TIME OFFER: Get  off your next purchase. Use code SPAM3165
spam,Last chance to claim your  reward. Click http://spam-link.com
ham,Can we reschedule our call to 12:00?
spam,Exclusive: % off everything today only. Shop http://spam-link.com
spam,Special offer: Buy 1 get  free. Visit http://spam-link.com
ham,The meeting went well. Next steps are...
spam,Congratulations! You are eligible for  cashback. Visit http://spam-link.com
ham,I will send you the details by 10:00.
spam,You have  unread messages. Check at http://spam-link.com
spam,You have won a brand new iPhone! Claim at http://spam-link.com
spam,WINNER! You have won a free vacation worth . Call 5779 now.
spam,You have been selected for a  reward. Claim at http://spam-link.com
spam,URGENT: Security alert for your account. Verify at http://spam-link.com
spam,Your package delivery failed. Reschedule at http://spam-link.com
spam,Special offer: Buy 1 get  free. Visit http://spam-link.com
ham,"Hey, how are you? Let me know when you can meet."
spam,FREE entry to win  cash! Text WIN to 2187
spam,Earn  per week from home! Details at http://spam-link.com
ham,Please review the document and let me know.
ham,Thanks for the feedback. I will incorporate it.
spam,You have been selected for a  reward. Claim at http://spam-link.com
ham,Quick question: are you free at 16:00?
ham,Can we reschedule our call to 13:00?
spam,You have  unread messages. Check at http://spam-link.com
spam,WINNER! You have won a free vacation worth . Call 2584 now.
spam,Last chance to claim your  reward. Click http://spam-link.com
ham,Thanks for your help with the project.
ham,The package has been delivered.
ham,Quick question: are you free at 15:00?
spam,Free gift card worth ! Claim at http://spam-link.com
spam,You have been pre-approved for  loan. Apply now at http://spam-link.com
ham,Welcome to the team! Looking forward to working with you.
ham,Quick question: are you free at 9:00?
ham,Can we reschedule our call to 12:00?
spam,FREE entry to win  cash! Text WIN to 8598
ham,I will send you the details by 13:00.
spam,URGENT: Your account will be closed. Verify now at http://spam-link.com
spam,Exclusive deal:  discount on all items. Shop at http://spam-link.com
spam,Exclusive: % off everything today only. Shop http://spam-link.com
ham,Welcome to the team! Looking forward to working with you.
ham,Reminder: appointment at 15:00 tomorrow.
ham,The payment has been processed successfully.
spam,Alert: Suspicious activity on your account. Secure at http://spam-link.com
ham,Quick question: are you free at 10:00?
ham,The meeting went well. Next steps are...
ham,See you at 11:00 for lunch.
ham,Thanks for your help with the project.
ham,The package has been delivered.
spam,Special offer: Buy 1 get  free. Visit http://spam-link.com
ham,The package has been delivered.
spam,Your package delivery failed. Reschedule at http://spam-link.com
ham,Let me know if you need anything else.
spam,CONGRATULATIONS! You have won a  prize! Click here to claim.
spam,Earn  per week from home! Details at http://spam-link.com
ham,Happy birthday! Have a great day!
ham,The payment has been processed successfully.
spam,You have been selected for a  reward. Claim at http://spam-link.com
ham,Thanks for the feedback. I will incorporate it.
spam,WINNER! You have won a free vacation worth . Call 462 now.
spam,Your package delivery failed. Reschedule at http://spam-link.com
spam,WINNER! You have won a free vacation worth . Call 6132 now.
ham,The meeting went well. Next steps are...
spam,WINNER! You have won a free vacation worth . Call 9705 now.
ham,The report is ready. Please find attached.
ham,"Hey, how are you? Let me know when you can meet."
ham,Happy birthday! Have a great day!
ham,The payment has been processed successfully.
spam,CONGRATULATIONS! You have won a  prize! Click here to claim.
ham,Reminder: appointment at 14:00 tomorrow.
ham,Thanks for your help with the project.
ham,The package has been delivered.
ham,Quick question: are you free at 14:00?
spam,Your package delivery failed. Reschedule at http://spam-link.com
ham,"Hey, how are you? Let me know when you can meet."
spam,LIMITED TIME OFFER: Get  off your next purchase. Use code SPAM1334
ham,Welcome to the team! Looking forward to working with you.
ham,The report is ready. Please find attached.
ham,Quick question: are you free at 13:00?
ham,Thanks for the feedback. I will incorporate it.
ham,Thanks for your help with the project.
ham,The meeting went well. Next steps are...
spam,Free gift card worth ! Claim at http://spam-link.com
spam,WINNER! You have won a free vacation worth . Call 9823 now.
ham,I will send you the details by 9:00.
ham,Your order #7223 has been shipped.
spam,Your loan of  has been approved. No credit check. Apply at http://spam-link.com
ham,Your order #482 has been shipped.
spam,URGENT: Your account will be closed. Verify now at http://spam-link.com
ham,Quick question: are you free at 9:00?
ham,Happy birthday! Have a great day!
spam,Exclusive: % off everything today only. Shop http://spam-link.com
ham,Please review the document and let me know.
ham,The payment has been processed successfully.
ham,The meeting went well. Next steps are...
spam,URGENT: Your account will be closed. Verify now at http://spam-link.com
ham,Your order #125 has been shipped.
ham,Happy birthday! Have a great day!
spam,WINNER! You have won a free vacation worth . Call 3767 now.
ham,See you at 12:00 for lunch.
ham,See you at 10:00 for lunch.
ham,Your order #2750 has been shipped.
spam,You have been selected for a  reward. Claim at http://spam-link.com
spam,You have won a brand new iPhone! Claim at http://spam-link.com
spam,Congratulations! You are eligible for  cashback. Visit http://spam-link.com
spam,CONGRATULATIONS! You have won a  prize! Click here to claim.
ham,Just wanted to check in. Hope you are doing well.
spam,Your loan of  has been approved. No credit check. Apply at http://spam-link.com
spam,Your loan of  has been approved. No credit check. Apply at http://spam-link.com
ham,Thanks for your help with the project.
spam,You have won a brand new iPhone! Claim at http://spam-link.com
spam,URGENT: Your account will be closed. Verify now at http://spam-link.com
spam,Last chance to claim your  reward. Click http://spam-link.com
spam,Special offer: Buy 1 get  free. Visit http://spam-link.com
ham,Let me know if you need anything else.
spam,Exclusive: % off everything today only. Shop http://spam-link.com
ham,Thanks for the update. I will review it tomorrow.
spam,Exclusive deal:  discount on all items. Shop at http://spam-link.com
spam,URGENT: Security alert for your account. Verify at http://spam-link.com
ham,I will send you the details by 14:00.
ham,See you at 11:00 for lunch.
spam,Exclusive deal:  discount on all items. Shop at http://spam-link.com
spam,You have won a brand new iPhone! Claim at http://spam-link.com
ham,I will send you the details by 9:00.
spam,URGENT: Security alert for your account. Verify at http://spam-link.com
spam,URGENT: Security alert for your account. Verify at http://spam-link.com
ham,Your order #1151 has been shipped.
ham,Quick question: are you free at 12:00?
ham,The meeting went well. Next steps are...
spam,Earn  per week from home! Details at http://spam-link.com
ham,Can we reschedule our call to 11:00?
spam,Special offer: Buy 1 get  free. Visit http://spam-link.com
ham,Let me know if you need anything else.
ham,Welcome to the team! Looking forward to working with you.
spam,CONGRATULATIONS! You have won a  prize! Click here to claim.
ham,Quick question: are you free at 16:00?
spam,Exclusive: % off everything today only. Shop http://spam-link.com
ham,Happy birthday! Have a great day!
ham,I will send you the details by 11:00.
ham,The package has been delivered.
ham,See you at 10:00 for lunch.
ham,Just wanted to check in. Hope you are doing well.
spam,Exclusive deal:  discount on all items. Shop at http://spam-link.com
ham,Can we reschedule our call to 9:00?
ham,Let me know if you need anything else.
ham,See you at 15:00 for lunch.
spam,URGENT: Your account will be closed. Verify now at http://spam-link.com
spam,You have been pre-approved for  loan. Apply now at http://spam-link.com
spam,WINNER! You have won a free vacation worth . Call 2922 now.
spam,WINNER! You have won a free vacation worth . Call 2356 now.
ham,Please review the document and let me know.
spam,FREE entry to win  cash! Text WIN to 8210
ham,"Hey, how are you? Let me know when you can meet."
ham,Welcome to the team! Looking forward to working with you.
ham,Thanks for your help with the project.
spam,You have been pre-approved for  loan. Apply now at http://spam-link.com
ham,The package has been delivered.
ham,Let me know if you need anything else.
ham,Can we reschedule our call to 12:00?
ham,I will send you the details by 13:00.
ham,The meeting went well. Next steps are...
spam,You have been selected for a  reward. Claim at http://spam-link.com
ham,The payment has been processed successfully.
ham,Quick question: are you free at 12:00?
ham,Happy birthday! Have a great day!
ham,I will send you the details by 14:00.
spam,Special offer: Buy 1 get  free. Visit http://spam-link.com
ham,Meeting scheduled for 13:00 tomorrow. Please confirm.
ham,Meeting scheduled for 13:00 tomorrow. Please confirm.
spam,CONGRATULATIONS! You have won a  prize! Click here to claim.
ham,I will send you the details by 17:00.
spam,Earn  per week from home! Details at http://spam-link.com
spam,CONGRATULATIONS! You have won a  prize! Click here to claim.
ham,See you at 15:00 for lunch.
spam,Earn  per week from home! Details at http://spam-link.com
ham,Just wanted to check in. Hope you are doing well.
ham,Quick question: are you free at 11:00?
ham,Can we reschedule our call to 11:00?
ham,The report is ready. Please find attached.
spam,Alert: Suspicious activity on your account. Secure at http://spam-link.com
ham,Happy birthday! Have a great day!
ham,I will send you the details by 10:00.
ham,Please review the document and let me know.
spam,Free gift card worth ! Claim at http://spam-link.com
ham,Welcome to the team! Looking forward to working with you.
ham,The package has been delivered.
spam,You have won a brand new iPhone! Claim at http://spam-link.com
ham,I will send you the details by 17:00.
ham,Please review the document and let me know.
spam,Special offer: Buy 1 get  free. Visit http://spam-link.com
spam,Special offer: Buy 1 get  free. Visit http://spam-link.com
ham,The report is ready. Please find attached.
ham,"Hey, how are you? Let me know when you can meet."
ham,Quick question: are you free at 13:00?
spam,Last chance to claim your  reward. Click http://spam-link.com
ham,Just wanted to check in. Hope you are doing well.
spam,You have  unread messages. Check at http://spam-link.com
spam,Exclusive: % off everything today only. Shop http://spam-link.com
spam,You have been pre-approved for  loan. Apply now at http://spam-link.com
ham,Meeting scheduled for 17:00 tomorrow. Please confirm.
ham,The package has been delivered.
ham,The report is ready. Please find attached.
ham,Quick question: are you free at 17:00?
spam,Earn  per week from home! Details at http://spam-link.com
ham,Thanks for the feedback. I will incorporate it.
spam,Last chance to claim your  reward. Click http://spam-link.com
spam,Earn  per week from home! Details at http://spam-link.com
ham,Thanks for the feedback. I will incorporate it.
ham,Quick question: are you free at 12:00?
spam,Your loan of  has been approved. No credit check. Apply at http://spam-link.com
spam,WINNER! You have won a free vacation worth . Call 4099 now.
ham,Thanks for your help with the project.
ham,Happy birthday! Have a great day!
ham,Just wanted to check in. Hope you are doing well.
ham,Can we reschedule our call to 15:00?
ham,Reminder: appointment at 10:00 tomorrow.
ham,Welcome to the team! Looking forward to working with you.
spam,You have been selected for a  reward. Claim at http://spam-link.com
ham,I will send you the details by 11:00.
ham,Meeting scheduled for 17:00 tomorrow. Please confirm.
spam,Last chance to claim your  reward. Click http://spam-link.com
ham,I will send you the details by 15:00.
spam,Alert: Suspicious activity on your account. Secure at http://spam-link.com
ham,Can we reschedule our call to 17:00?
ham,Please review the document and let me know.
spam,URGENT: Security alert for your account. Verify at http://spam-link.com
ham,"Hey, how are you? Let me know when you can meet."
spam,Congratulations! You are eligible for  cashback. Visit http://spam-link.com
spam,Alert: Suspicious activity on your account. Secure at http://spam-link.com
ham,Welcome to the team! Looking forward to working with you.
spam,CONGRATULATIONS! You have won a  prize! Click here to claim.
ham,Happy birthday! Have a great day!
ham,The meeting went well. Next steps are...
ham,Let me know if you need anything else.
ham,Your order #2510 has been shipped.
ham,The meeting went well. Next steps are...
ham,Can we reschedule our call to 12:00?
spam,You have won a brand new iPhone! Claim at http://spam-link.com
ham,I will send you the details by 14:00.
spam,WINNER! You have won a free vacation worth . Call 8537 now.
spam,You have  unread messages. Check at http://spam-link.com
ham,"Hey, how are you? Let me know when you can meet."
ham,Reminder: appointment at 13:00 tomorrow.
spam,Your loan of  has been approved. No credit check. Apply at http://spam-link.com
ham,See you at 11:00 for lunch.
spam,Your package delivery failed. Reschedule at http://spam-link.com
spam,Exclusive deal:  discount on all items. Shop at http://spam-link.com
spam,Exclusive: % off everything today only. Shop http://spam-link.com
ham,Thanks for the update. I will review it tomorrow.
spam,LIMITED TIME OFFER: Get  off your next purchase. Use code SPAM6864
ham,Thanks for the feedback. I will incorporate it.
ham,See you at 17:00 for lunch.
ham,Happy birthday! Have a great day!
ham,Quick question: are you free at 16:00?
spam,Special offer: Buy 1 get  free. Visit http://spam-link.com
ham,Meeting scheduled for 16:00 tomorrow. Please confirm.
ham,Can we reschedule our call to 13:00?
spam,Special offer: Buy 1 get  free. Visit http://spam-link.com
spam,Free gift card worth ! Claim at http://spam-link.com
ham,Reminder: appointment at 16:00 tomorrow.
ham,Reminder: appointment at 15:00 tomorrow.
ham,The payment has been processed successfully.
spam,Exclusive: % off everything today only. Shop http://spam-link.com
ham,Let me know if you need anything else.
ham,Quick question: are you free at 12:00?
ham,See you at 12:00 for lunch.
ham,Thanks for the update. I will review it tomorrow.
ham,The payment has been processed successfully.
ham,See you at 10:00 for lunch.
spam,CONGRATULATIONS! You have won a  prize! Click here to claim.
ham,I will send you the details by 12:00.
ham,I will send you the details by 17:00.
spam,Alert: Suspicious activity on your account. Secure at http://spam-link.com
spam,URGENT: Your account will be closed. Verify now at http://spam-link.com
spam,LIMITED TIME OFFER: Get  off your next purchase. Use code SPAM9832
ham,Your order #2952 has been shipped.
spam,You have  unread messages. Check at http://spam-link.com
ham,See you at 10:00 for lunch.
ham,Let me know if you need anything else.
spam,Free gift card worth ! Claim at http://spam-link.com
spam,CONGRATULATIONS! You have won a  prize! Click here to claim.
spam,Earn  per week from home! Details at http://spam-link.com
ham,The report is ready. Please find attached.
spam,WINNER! You have won a free vacation worth . Call 9769 now.
spam,Your loan of  has been approved. No credit check. Apply at http://spam-link.com
spam,You have won a brand new iPhone! Claim at http://spam-link.com
ham,Welcome to the team! Looking forward to working with you.
ham,Meeting scheduled for 15:00 tomorrow. Please confirm.
spam,Exclusive: % off everything today only. Shop http://spam-link.com
ham,I will send you the details by 12:00.
spam,CONGRATULATIONS! You have won a  prize! Click here to claim.
spam,Alert: Suspicious activity on your account. Secure at http://spam-link.com
ham,Thanks for your help with the project.
ham,"Hey, how are you? Let me know when you can meet."
spam,You have been pre-approved for  loan. Apply now at http://spam-link.com
spam,CONGRATULATIONS! You have won a  prize! Click here to claim.
spam,LIMITED TIME OFFER: Get  off your next purchase. Use code SPAM4262
ham,Quick question: are you free at 11:00?
ham,The report is ready. Please find attached.
ham,I will send you the details by 16:00.
spam,Special offer: Buy 1 get  free. Visit http://spam-link.com
ham,The meeting went well. Next steps are...
ham,Thanks for the update. I will review it tomorrow.
ham,Meeting scheduled for 15:00 tomorrow. Please confirm.
ham,Let me know if you need anything else.
ham,Thanks for the update. I will review it tomorrow.
spam,Congratulations! You are eligible for  cashback. Visit http://spam-link.com
spam,Alert: Suspicious activity on your account. Secure at http://spam-link.com
ham,I will send you the details by 14:00.
spam,URGENT: Your account will be closed. Verify now at http://spam-link.com
spam,FREE entry to win  cash! Text WIN to 3635
spam,Congratulations! You are eligible for  cashback. Visit http://spam-link.com
spam,URGENT: Your account will be closed. Verify now at http://spam-link.com
ham,The report is ready. Please find attached.
ham,Happy birthday! Have a great day!
ham,Thanks for the feedback. I will incorporate it.
spam,URGENT: Security alert for your account. Verify at http://spam-link.com
ham,Let me know if you need anything else.
spam,LIMITED TIME OFFER: Get  off your next purchase. Use code SPAM6741
ham,The package has been delivered.
spam,Alert: Suspicious activity on your account. Secure at http://spam-link.com
ham,Thanks for your help with the project.
ham,Thanks for the update. I will review it tomorrow.
ham,I will send you the details by 14:00.
ham,The meeting went well. Next steps are...
spam,Congratulations! You are eligible for  cashback. Visit http://spam-link.com
ham,Let me know if you need anything else.
spam,FREE entry to win  cash! Text WIN to 8078
spam,You have  unread messages. Check at http://spam-link.com
ham,"Hey, how are you? Let me know when you can meet."
spam,Exclusive: % off everything today only. Shop http://spam-link.com
ham,Thanks for the feedback. I will incorporate it.
spam,You have been pre-approved for  loan. Apply now at http://spam-link.com
ham,Thanks for the update. I will review it tomorrow.
ham,I will send you the details by 16:00.
spam,You have  unread messages. Check at http://spam-link.com
ham,See you at 11:00 for lunch.
spam,WINNER! You have won a free vacation worth . Call 4114 now.
spam,URGENT: Security alert for your account. Verify at http://spam-link.com
ham,Just wanted to check in. Hope you are doing well.
ham,Thanks for your help with the project.
ham,Thanks for the update. I will review it tomorrow.
ham,Your order #3975 has been shipped.
ham,The package has been delivered.
spam,FREE entry to win  cash! Text WIN to 9643
ham,The meeting went well. Next steps are...
ham,Can we reschedule our call to 15:00?
ham,Just wanted to check in. Hope you are doing well.
ham,The meeting went well. Next steps are...
ham,The report is ready. Please find attached.
ham,Thanks for the feedback. I will incorporate it.
ham,Thanks for the update. I will review it tomorrow.
ham,Happy birthday! Have a great day!
spam,FREE entry to win  cash! Text WIN to 4960
ham,Reminder: appointment at 17:00 tomorrow.
ham,Thanks for your help with the project.
spam,You have won a brand new iPhone! Claim at http://spam-link.com
ham,The report is ready. Please find attached.
ham,Quick question: are you free at 9:00?
ham,Reminder: appointment at 15:00 tomorrow.
ham,Thanks for your help with the project.
spam,Free gift card worth ! Claim at http://spam-link.com
ham,Thanks for your help with the project.
spam,Last chance to claim your  reward. Click http://spam-link.com
spam,Your package delivery failed. Reschedule at http://spam-link.com
ham,Thanks for the update. I will review it tomorrow.
ham,Let me know if you need anything else.
ham,Quick question: are you free at 15:00?
ham,See you at 12:00 for lunch.
ham,Please review the document and let me know.
ham,Just wanted to check in. Hope you are doing well.
ham,The meeting went well. Next steps are...
spam,LIMITED TIME OFFER: Get  off your next purchase. Use code SPAM5011
ham,Thanks for the update. I will review it tomorrow.
spam,Earn  per week from home! Details at http://spam-link.com
spam,CONGRATULATIONS! You have won a  prize! Click here to claim.
spam,URGENT: Security alert for your account. Verify at http://spam-link.com
ham,The report is ready. Please find attached.
spam,You have been pre-approved for  loan. Apply now at http://spam-link.com
ham,Quick question: are you free at 17:00?
spam,Exclusive deal:  discount on all items. Shop at http://spam-link.com
spam,You have  unread messages. Check at http://spam-link.com
ham,The package has been delivered.
ham,Thanks for the update. I will review it tomorrow.
ham,Thanks for the update. I will review it tomorrow.
ham,The payment has been processed successfully.
spam,You have been selected for a  reward. Claim at http://spam-link.com
spam,You have been selected for a  reward. Claim at http://spam-link.com
ham,Quick question: are you free at 11:00?
ham,Please review the document and let me know.
ham,The report is ready. Please find attached.
spam,Free gift card worth ! Claim at http://spam-link.com
ham,The report is ready. Please find attached.
ham,Let me know if you need anything else.
ham,Happy birthday! Have a great day!
ham,Quick question: are you free at 17:00?
ham,See you at 17:00 for lunch.
ham,The report is ready. Please find attached.
spam,WINNER! You have won a free vacation worth . Call 1806 now.
ham,Meeting scheduled for 10:00 tomorrow. Please confirm.
spam,You have won a brand new iPhone! Claim at http://spam-link.com
ham,Reminder: appointment at 14:00 tomorrow.
ham,Thanks for the feedback. I will incorporate it.
spam,Your loan of  has been approved. No credit check. Apply at http://spam-link.com
spam,WINNER! You have won a free vacation worth . Call 3277 now.
spam,Congratulations! You are eligible for  cashback. Visit http://spam-link.com
ham,Happy birthday! Have a great day!
ham,Your order #4178 has been shipped.
ham,The meeting went well. Next steps are...
spam,CONGRATULATIONS! You have won a  prize! Click here to claim.
ham,Quick question: are you free at 13:00?
spam,Last chance to claim your  reward. Click http://spam-link.com
ham,Happy birthday! Have a great day!
ham,Quick question: are you free at 10:00?
ham,The meeting went well. Next steps are...
ham,Thanks for the update. I will review it tomorrow.
spam,FREE entry to win  cash! Text WIN to 6065
ham,I will send you the details by 9:00.
ham,The payment has been processed successfully.
ham,Thanks for the feedback. I will incorporate it.
ham,Quick question: are you free at 17:00?
ham,Thanks for the feedback. I will incorporate it.
ham,I will send you the details by 12:00.
ham,Thanks for the update. I will review it tomorrow.
spam,You have been selected for a  reward. Claim at http://spam-link.com
spam,You have won a brand new iPhone! Claim at http://spam-link.com
spam,CONGRATULATIONS! You have won a  prize! Click here to claim.
ham,The report is ready. Please find attached.
ham,Just wanted to check in. Hope you are doing well.
ham,Thanks for the update. I will review it tomorrow.
ham,Welcome to the team! Looking forward to working with you.
ham,Let me know if you need anything else.
ham,Just wanted to check in. Hope you are doing well.
ham,Can we reschedule our call to 9:00?
ham,"Hey, how are you? Let me know when you can meet."
ham,Thanks for your help with the project.
ham,Thanks for your help with the project.
ham,Your order #4629 has been shipped.
ham,Meeting scheduled for 15:00 tomorrow. Please confirm.
ham,The report is ready. Please find attached.
ham,Welcome to the team! Looking forward to working with you.
spam,Free gift card worth ! Claim at http://spam-link.com
ham,I will send you the details by 9:00.
spam,Your package delivery failed. Reschedule at http://spam-link.com
ham,Just wanted to check in. Hope you are doing well.
ham,"Hey, how are you? Let me know when you can meet."
spam,You have won a brand new iPhone! Claim at http://spam-link.com
ham,Happy birthday! Have a great day!
spam,Free gift card worth ! Claim at http://spam-link.com
spam,LIMITED TIME OFFER: Get  off your next purchase. Use code SPAM4281
ham,Let me know if you need anything else.
spam,Exclusive deal:  discount on all items. Shop at http://spam-link.com
ham,Reminder: appointment at 11:00 tomorrow.
spam,Last chance to claim your  reward. Click http://spam-link.com
spam,Exclusive: % off everything today only. Shop http://spam-link.com
spam,Exclusive: % off everything today only. Shop http://spam-link.com
spam,LIMITED TIME OFFER: Get  off your next purchase. Use code SPAM7372
spam,You have been pre-approved for  loan. Apply now at http://spam-link.com
ham,Can we reschedule our call to 13:00?
spam,Your package delivery failed. Reschedule at http://spam-link.com
spam,Last chance to claim your  reward. Click http://spam-link.com
spam,You have won a brand new iPhone! Claim at http://spam-link.com
ham,Meeting scheduled for 16:00 tomorrow. Please confirm.
spam,Special offer: Buy 1 get  free. Visit http://spam-link.com
ham,See you at 12:00 for lunch.
ham,Just wanted to check in. Hope you are doing well.
ham,Just wanted to check in. Hope you are doing well.
ham,Please review the document and let me know.
spam,You have won a brand new iPhone! Claim at http://spam-link.com
ham,Happy birthday! Have a great day!
ham,The payment has been processed successfully.
ham,Let me know if you need anything else.
ham,I will send you the details by 9:00.
ham,Please review the document and let me know.
spam,FREE entry to win  cash! Text WIN to 184
ham,Thanks for your help with the project.
ham,Can we reschedule our call to 12:00?
spam,Alert: Suspicious activity on your account. Secure at http://spam-link.com
spam,Earn  per week from home! Details at http://spam-link.com
spam,FREE entry to win  cash! Text WIN to 1159
ham,Quick question: are you free at 16:00?
ham,Your order #6609 has been shipped.
ham,Let me know if you need anything else.
ham,Just wanted to check in. Hope you are doing well.
spam,Last chance to claim your  reward. Click http://spam-link.com
spam,You have been selected for a  reward. Claim at http://spam-link.com
ham,Thanks for the feedback. I will incorporate it.
spam,Exclusive deal:  discount on all items. Shop at http://spam-link.com
ham,Welcome to the team! Looking forward to working with you.
spam,URGENT: Your account will be closed. Verify now at http://spam-link.com
spam,URGENT: Security alert for your account. Verify at http://spam-link.com
ham,The package has been delivered.
spam,Special offer: Buy 1 get  free. Visit http://spam-link.com
ham,Happy birthday! Have a great day!
spam,Free gift card worth ! Claim at http://spam-link.com
ham,Quick question: are you free at 14:00?
ham,The meeting went well. Next steps are...
spam,You have won a brand new iPhone! Claim at http://spam-link.com
ham,Welcome to the team! Looking forward to working with you.
spam,You have won a brand new iPhone! Claim at http://spam-link.com
spam,Earn  per week from home! Details at http://spam-link.com
ham,Please review the document and let me know.
spam,You have been pre-approved for  loan. Apply now at http://spam-link.com
spam,Last chance to claim your  reward. Click http://spam-link.com
ham,Thanks for the update. I will review it tomorrow.
spam,You have  unread messages. Check at http://spam-link.com
ham,Happy birthday! Have a great day!
spam,Earn  per week from home! Details at http://spam-link.com
ham,Quick question: are you free at 14:00?
ham,The meeting went well. Next steps are...
spam,FREE entry to win  cash! Text WIN to 7762
spam,You have been pre-approved for  loan. Apply now at http://spam-link.com
ham,See you at 9:00 for lunch.
ham,Let me know if you need anything else.
ham,Your order #9208 has been shipped.
ham,Please review the document and let me know.
ham,The meeting went well. Next steps are...
ham,I will send you the details by 15:00.
ham,"Hey, how are you? Let me know when you can meet."
ham,The payment has been processed successfully.
spam,LIMITED TIME OFFER: Get  off your next purchase. Use code SPAM7108
spam,You have won a brand new iPhone! Claim at http://spam-link.com
spam,LIMITED TIME OFFER: Get  off your next purchase. Use code SPAM4693
ham,Happy birthday! Have a great day!
ham,Welcome to the team! Looking forward to working with you.
ham,Thanks for the feedback. I will incorporate it.
ham,"Hey, how are you? Let me know when you can meet."
ham,Reminder: appointment at 15:00 tomorrow.
ham,Thanks for your help with the project.
spam,You have been selected for a  reward. Claim at http://spam-link.com
spam,Exclusive deal:  discount on all items. Shop at http://spam-link.com
spam,Free gift card worth ! Claim at http://spam-link.com
ham,Please review the document and let me know.
ham,Let me know if you need anything else.
ham,Meeting scheduled for 17:00 tomorrow. Please confirm.
ham,"Hey, how are you? Let me know when you can meet."
spam,CONGRATULATIONS! You have won a  prize! Click here to claim.
spam,Alert: Suspicious activity on your account. Secure at http://spam-link.com
spam,Your loan of  has been approved. No credit check. Apply at http://spam-link.com
spam,Exclusive deal:  discount on all items. Shop at http://spam-link.com
ham,Thanks for your help with the project.
ham,"Hey, how are you? Let me know when you can meet."
spam,Exclusive: % off everything today only. Shop http://spam-link.com
spam,You have won a brand new iPhone! Claim at http://spam-link.com
spam,Last chance to claim your  reward. Click http://spam-link.com
ham,The report is ready. Please find attached.
ham,See you at 12:00 for lunch.
ham,Can we reschedule our call to 16:00?
spam,URGENT: Security alert for your account. Verify at http://spam-link.com
spam,You have  unread messages. Check at http://spam-link.com
ham,Thanks for your help with the project.
spam,Special offer: Buy 1 get  free. Visit http://spam-link.com
spam,Last chance to claim your  reward. Click http://spam-link.com
ham,Thanks for the feedback. I will incorporate it.
ham,The payment has been processed successfully.
spam,FREE entry to win  cash! Text WIN to 7741
ham,Happy birthday! Have a great day!
ham,I will send you the details by 10:00.
spam,You have been pre-approved for  loan. Apply now at http://spam-link.com
ham,Welcome to the team! Looking forward to working with you.
spam,Your package delivery failed. Reschedule at http://spam-link.com
ham,Your order #9743 has been shipped.
spam,You have  unread messages. Check at http://spam-link.com
spam,Last chance to claim your  reward. Click http://spam-link.com
spam,Congratulations! You are eligible for  cashback. Visit http://spam-link.com
ham,Reminder: appointment at 16:00 tomorrow.
ham,Happy birthday! Have a great day!
ham,Happy birthday! Have a great day!
ham,Quick question: are you free at 11:00?
ham,Thanks for your help with the project.
spam,Earn  per week from home! Details at http://spam-link.com
ham,Your order #3217 has been shipped.
ham,Let me know if you need anything else.
spam,CONGRATULATIONS! You have won a  prize! Click here to claim.
spam,Exclusive: % off everything today only. Shop http://spam-link.com
ham,Happy birthday! Have a great day!
spam,Alert: Suspicious activity on your account. Secure at http://spam-link.com
spam,Earn  per week from home! Details at http://spam-link.com
ham,Your order #2523 has been shipped.
spam,LIMITED TIME OFFER: Get  off your next purchase. Use code SPAM1209
spam,Free gift card worth ! Claim at http://spam-link.com
ham,The report is ready. Please find attached.
ham,Thanks for your help with the project.
ham,Happy birthday! Have a great day!
ham,See you at 16:00 for lunch.
spam,You have  unread messages. Check at http://spam-link.com
ham,"Hey, how are you? Let me know when you can meet."
ham,The payment has been processed successfully.
ham,Let me know if you need anything else.
ham,I will send you the details by 15:00.
spam,Free gift card worth ! Claim at http://spam-link.com
ham,The payment has been processed successfully.
ham,See you at 16:00 for lunch.
ham,The payment has been processed successfully.
ham,Let me know if you need anything else.
spam,Your package delivery failed. Reschedule at http://spam-link.com
ham,"Hey, how are you? Let me know when you can meet."
spam,You have been selected for a  reward. Claim at http://spam-link.com
ham,The meeting went well. Next steps are...
ham,Please review the document and let me know.
spam,Alert: Suspicious activity on your account. Secure at http://spam-link.com
ham,The package has been delivered.
ham,The payment has been processed successfully.
spam,Alert: Suspicious activity on your account. Secure at http://spam-link.com
spam,Congratulations! You are eligible for  cashback. Visit http://spam-link.com
ham,Thanks for the feedback. I will incorporate it.
ham,"Hey, how are you? Let me know when you can meet."
spam,Exclusive: % off everything today only. Shop http://spam-link.com
ham,Can we reschedule our call to 14:00?
ham,Reminder: appointment at 11:00 tomorrow.
ham,Thanks for the update. I will review it tomorrow.
ham,See you at 13:00 for lunch.
ham,Welcome to the team! Looking forward to working with you.
ham,The package has been delivered.
ham,See you at 9:00 for lunch.
ham,Let me know if you need anything else.
spam,You have won a brand new iPhone! Claim at http://spam-link.com
ham,Meeting scheduled for 10:00 tomorrow. Please confirm.
ham,Just wanted to check in. Hope you are doing well.
ham,Thanks for the feedback. I will incorporate it.
spam,Congratulations! You are eligible for  cashback. Visit http://spam-link.com
ham,The meeting went well. Next steps are...
ham,Let me know if you need anything else.
ham,Welcome to the team! Looking forward to working with you.
spam,FREE entry to win  cash! Text WIN to 2748
ham,Let me know if you need anything else.
ham,Welcome to the team! Looking forward to working with you.
ham,Quick question: are you free at 11:00?
spam,Congratulations! You are eligible for  cashback. Visit http://spam-link.com
ham,I will send you the details by 13:00.
ham,Your order #4372 has been shipped.
spam,Last chance to claim your  reward. Click http://spam-link.com
ham,Meeting scheduled for 9:00 tomorrow. Please confirm.
ham,Happy birthday! Have a great day!
ham,Welcome to the team! Looking forward to working with you.
ham,Thanks for the feedback. I will incorporate it.
ham,Just wanted to check in. Hope you are doing well.
ham,The payment has been processed successfully.
spam,You have won a brand new iPhone! Claim at http://spam-link.com
spam,LIMITED TIME OFFER: Get  off your next purchase. Use code SPAM7045
spam,Alert: Suspicious activity on your account. Secure at http://spam-link.com
spam,Special offer: Buy 1 get  free. Visit http://spam-link.com
spam,Earn  per week from home! Details at http://spam-link.com
ham,Your order #9699 has been shipped.
ham,Your order #438 has been shipped.
ham,See you at 13:00 for lunch.
spam,Alert: Suspicious activity on your account. Secure at http://spam-link.com
spam,Free gift card worth ! Claim at http://spam-link.com
ham,The payment has been processed successfully.
ham,The report is ready. Please find attached.
ham,Meeting scheduled for 9:00 tomorrow. Please confirm.
spam,You have been selected for a  reward. Claim at http://spam-link.com
ham,The report is ready. Please find attached.
ham,"Hey, how are you? Let me know when you can meet."
spam,Your package delivery failed. Reschedule at http://spam-link.com
ham,Let me know if you need anything else.
ham,The meeting went well. Next steps are...
ham,The meeting went well. Next steps are...
ham,Please review the document and let me know.
ham,Quick question: are you free at 12:00?
ham,Quick question: are you free at 17:00?
spam,Special offer: Buy 1 get  free. Visit http://spam-link.com
ham,Let me know if you need anything else.
spam,Your package delivery failed. Reschedule at http://spam-link.com
spam,Your package delivery failed. Reschedule at http://spam-link.com
ham,The report is ready. Please find attached.
ham,Thanks for the update. I will review it tomorrow.
spam,You have been selected for a  reward. Claim at http://spam-link.com
ham,I will send you the details by 9:00.
spam,Your loan of  has been approved. No credit check. Apply at http://spam-link.com
spam,Last chance to claim your  reward. Click http://spam-link.com
spam,Exclusive: % off everything today only. Shop http://spam-link.com
spam,Alert: Suspicious activity on your account. Secure at http://spam-link.com
spam,URGENT: Your account will be closed. Verify now at http://spam-link.com
spam,Your package delivery failed. Reschedule at http://spam-link.com
spam,Special offer: Buy 1 get  free. Visit http://spam-link.com
ham,Meeting scheduled for 11:00 tomorrow. Please confirm.
spam,Alert: Suspicious activity on your account. Secure at http://spam-link.com
spam,Exclusive deal:  discount on all items. Shop at http://spam-link.com
ham,The payment has been processed successfully.
spam,Earn  per week from home! Details at http://spam-link.com
spam,Special offer: Buy 1 get  free. Visit http://spam-link.com
spam,You have won a brand new iPhone! Claim at http://spam-link.com
spam,FREE entry to win  cash! Text WIN to 405
spam,Congratulations! You are eligible for  cashback. Visit http://spam-link.com
ham,The report is ready. Please find attached.
ham,Quick question: are you free at 11:00?
ham,Quick question: are you free at 13:00?
ham,Thanks for your help with the project.
ham,Happy birthday! Have a great day!
spam,WINNER! You have won a free vacation worth . Call 3528 now.
spam,Earn  per week from home! Details at http://spam-link.com
ham,Quick question: are you free at 10:00?
ham,Thanks for the feedback. I will incorporate it.
ham,The payment has been processed successfully.
spam,Special offer: Buy 1 get  free. Visit http://spam-link.com
spam,You have won a brand new iPhone! Claim at http://spam-link.com
ham,Let me know if you need anything else.
ham,I will send you the details by 9:00.
ham,Thanks for the feedback. I will incorporate it.
ham,Just wanted to check in. Hope you are doing well.
ham,Let me know if you need anything else.
spam,Alert: Suspicious activity on your account. Secure at http://spam-link.com
ham,Quick question: are you free at 10:00?
ham,"Hey, how are you? Let me know when you can meet."
ham,Thanks for your help with the project.
ham,Thanks for your help with the project.
ham,Let me know if you need anything else.
ham,"Hey, how are you? Let me know when you can meet."
ham,Just wanted to check in. Hope you are doing well.
spam,Exclusive deal:  discount on all items. Shop at http://spam-link.com
spam,Your package delivery failed. Reschedule at http://spam-link.com
ham,I will send you the details by 10:00.
ham,Reminder: appointment at 10:00 tomorrow.
spam,Your loan of  has been approved. No credit check. Apply at http://spam-link.com
spam,Your package delivery failed. Reschedule at http://spam-link.com
spam,Earn  per week from home! Details at http://spam-link.com
spam,FREE entry to win  cash! Text WIN to 6438
spam,You have won a brand new iPhone! Claim at http://spam-link.com
ham,Welcome to the team! Looking forward to working with you.
spam,Earn  per week from home! Details at http://spam-link.com
ham,Your order #2369 has been shipped.
ham,The report is ready. Please find attached.
spam,Earn  per week from home! Details at http://spam-link.com
spam,Exclusive deal:  discount on all items. Shop at http://spam-link.com
spam,Free gift card worth ! Claim at http://spam-link.com
spam,WINNER! You have won a free vacation worth . Call 1763 now.
ham,The report is ready. Please find attached.
spam,Your loan of  has been approved. No credit check. Apply at http://spam-link.com
spam,You have  unread messages. Check at http://spam-link.com
spam,FREE entry to win  cash! Text WIN to 8268
spam,Last chance to claim your  reward. Click http://spam-link.com
ham,Reminder: appointment at 15:00 tomorrow.
spam,You have  unread messages. Check at http://spam-link.com
spam,Free gift card worth ! Claim at http://spam-link.com
ham,Your order #9118 has been shipped.
spam,Last chance to claim your  reward. Click http://spam-link.com
ham,Meeting scheduled for 11:00 tomorrow. Please confirm.
ham,Quick question: are you free at 11:00?
ham,Reminder: appointment at 14:00 tomorrow.
ham,I will send you the details by 11:00.
ham,Your order #5039 has been shipped.
ham,"Hey, how are you? Let me know when you can meet."
ham,The report is ready. Please find attached.
spam,You have won a brand new iPhone! Claim at http://spam-link.com
spam,Exclusive deal:  discount on all items. Shop at http://spam-link.com
spam,Exclusive deal:  discount on all items. Shop at http://spam-link.com
spam,Free gift card worth ! Claim at http://spam-link.com
spam,Your package delivery failed. Reschedule at http://spam-link.com
ham,Thanks for the feedback. I will incorporate it.
ham,"Hey, how are you? Let me know when you can meet."
ham,Quick question: are you free at 13:00?
ham,See you at 12:00 for lunch.
ham,Happy birthday! Have a great day!
ham,The report is ready. Please find attached.
ham,Thanks for the feedback. I will incorporate it.
ham,Reminder: appointment at 14:00 tomorrow.
ham,See you at 12:00 for lunch.
spam,Free gift card worth ! Claim at http://spam-link.com
spam,You have  unread messages. Check at http://spam-link.com
ham,The payment has been processed successfully.
spam,Your loan of  has been approved. No credit check. Apply at http://spam-link.com
ham,Just wanted to check in. Hope you are doing well.
spam,Last chance to claim your  reward. Click http://spam-link.com
spam,Congratulations! You are eligible for  cashback. Visit http://spam-link.com
spam,Free gift card worth ! Claim at http://spam-link.com
ham,Thanks for the feedback. I will incorporate it.
ham,Quick question: are you free at 15:00?
spam,LIMITED TIME OFFER: Get  off your next purchase. Use code SPAM1714
ham,Welcome to the team! Looking forward to working with you.
ham,Reminder: appointment at 9:00 tomorrow.
spam,Free gift card worth ! Claim at http://spam-link.com
spam,Exclusive: % off everything today only. Shop http://spam-link.com
spam,Special offer: Buy 1 get  free. Visit http://spam-link.com
ham,The payment has been processed successfully.
spam,Your package delivery failed. Reschedule at http://spam-link.com
ham,The meeting went well. Next steps are...
spam,CONGRATULATIONS! You have won a  prize! Click here to claim.
ham,See you at 9:00 for lunch.
spam,Alert: Suspicious activity on your account. Secure at http://spam-link.com
ham,"Hey, how are you? Let me know when you can meet."
ham,Thanks for the update. I will review it tomorrow.
spam,URGENT: Your account will be closed. Verify now at http://spam-link.com
ham,Thanks for your help with the project.
ham,Happy birthday! Have a great day!
spam,URGENT: Your account will be closed. Verify now at http://spam-link.com
ham,"Hey, how are you? Let me know when you can meet."
ham,The payment has been processed successfully.
ham,See you at 15:00 for lunch.
spam,You have been selected for a  reward. Claim at http://spam-link.com
ham,The payment has been processed successfully.
ham,Meeting scheduled for 11:00 tomorrow. Please confirm.
ham,Reminder: appointment at 11:00 tomorrow.
spam,Exclusive deal:  discount on all items. Shop at http://spam-link.com
spam,URGENT: Security alert for your account. Verify at http://spam-link.com
spam,LIMITED TIME OFFER: Get  off your next purchase. Use code SPAM6977
ham,Happy birthday! Have a great day!
spam,Last chance to claim your  reward. Click http://spam-link.com
ham,Thanks for the feedback. I will incorporate it.
ham,Meeting scheduled for 12:00 tomorrow. Please confirm.
spam,WINNER! You have won a free vacation worth . Call 2924 now.
ham,Thanks for the update. I will review it tomorrow.
spam,Exclusive: % off everything today only. Shop http://spam-link.com
spam,Alert: Suspicious activity on your account. Secure at http://spam-link.com
spam,LIMITED TIME OFFER: Get  off your next purchase. Use code SPAM5389
ham,The report is ready. Please find attached.
spam,You have been selected for a  reward. Claim at http://spam-link.com
ham,Can we reschedule our call to 14:00?
spam,Alert: Suspicious activity on your account. Secure at http://spam-link.com
spam,You have been pre-approved for  loan. Apply now at http://spam-link.com
ham,Thanks for the update. I will review it tomorrow.
ham,Just wanted to check in. Hope you are doing well.
spam,Your loan of  has been approved. No credit check. Apply at http://spam-link.com
spam,You have been pre-approved for  loan. Apply now at http://spam-link.com
spam,Last chance to claim your  reward. Click http://spam-link.com
spam,Exclusive: % off everything today only. Shop http://spam-link.com
ham,The report is ready. Please find attached.
ham,Welcome to the team! Looking forward to working with you.
ham,Can we reschedule our call to 17:00?
ham,Thanks for the feedback. I will incorporate it.
ham,Thanks for the update. I will review it tomorrow.
spam,Free gift card worth ! Claim at http://spam-link.com
spam,Special offer: Buy 1 get  free. Visit http://spam-link.com
spam,LIMITED TIME OFFER: Get  off your next purchase. Use code SPAM4737
ham,Your order #1351 has been shipped.
spam,Earn  per week from home! Details at http://spam-link.com
spam,URGENT: Security alert for your account. Verify at http://spam-link.com
ham,The meeting went well. Next steps are...
spam,Earn  per week from home! Details at http://spam-link.com
ham,Please review the document and let me know.
spam,You have  unread messages. Check at http://spam-link.com
spam,Alert: Suspicious activity on your account. Secure at http://spam-link.com
ham,I will send you the details by 9:00.
ham,Can we reschedule our call to 9:00?
ham,Quick question: are you free at 13:00?
spam,Congratulations! You are eligible for  cashback. Visit http://spam-link.com
ham,Thanks for your help with the project.
spam,Free gift card worth ! Claim at http://spam-link.com
ham,The meeting went well. Next steps are...
ham,Quick question: are you free at 17:00?
ham,The package has been delivered.
spam,LIMITED TIME OFFER: Get  off your next purchase. Use code SPAM9587
spam,Your package delivery failed. Reschedule at http://spam-link.com
spam,LIMITED TIME OFFER: Get  off your next purchase. Use code SPAM7134
spam,Your package delivery failed. Reschedule at http://spam-link.com
spam,Exclusive: % off everything today only. Shop http://spam-link.com
spam,Free gift card worth ! Claim at http://spam-link.com
spam,You have been selected for a  reward. Claim at http://spam-link.com
spam,Congratulations! You are eligible for  cashback. Visit http://spam-link.com
ham,The report is ready. Please find attached.
ham,Happy birthday! Have a great day!
spam,You have been selected for a  reward. Claim at http://spam-link.com
ham,See you at 16:00 for lunch.
ham,The meeting went well. Next steps are...
ham,Please review the document and let me know.
spam,Exclusive: % off everything today only. Shop http://spam-link.com
ham,Thanks for the update. I will review it tomorrow.
ham,The package has been delivered.
spam,FREE entry to win  cash! Text WIN to 4960
ham,The report is ready. Please find attached.
spam,Earn  per week from home! Details at http://spam-link.com
ham,Happy birthday! Have a great day!
spam,You have been pre-approved for  loan. Apply now at http://spam-link.com
ham,See you at 11:00 for lunch.
ham,Thanks for your help with the project.
spam,URGENT: Your account will be closed. Verify now at http://spam-link.com
ham,Happy birthday! Have a great day!
ham,Welcome to the team! Looking forward to working with you.
ham,The report is ready. Please find attached.
ham,"Hey, how are you? Let me know when you can meet."
spam,You have  unread messages. Check at http://spam-link.com
spam,Last chance to claim your  reward. Click http://spam-link.com
ham,The payment has been processed successfully.
spam,Your package delivery failed. Reschedule at http://spam-link.com
ham,Meeting scheduled for 10:00 tomorrow. Please confirm.
spam,You have won a brand new iPhone! Claim at http://spam-link.com
ham,The package has been delivered.
spam,CONGRATULATIONS! You have won a  prize! Click here to claim.
ham,Welcome to the team! Looking forward to working with you.
ham,Please review the document and let me know.
ham,The meeting went well. Next steps are...
spam,Exclusive: % off everything today only. Shop http://spam-link.com
ham,The meeting went well. Next steps are...
spam,You have won a brand new iPhone! Claim at http://spam-link.com
ham,The package has been delivered.
ham,The meeting went well. Next steps are...
ham,Your order #7137 has been shipped.
ham,The package has been delivered.
ham,Thanks for the update. I will review it tomorrow.
ham,Meeting scheduled for 15:00 tomorrow. Please confirm.
ham,Can we reschedule our call to 17:00?
ham,The meeting went well. Next steps are...
ham,Your order #1391 has been shipped.
ham,Thanks for the update. I will review it tomorrow.
spam,You have won a brand new iPhone! Claim at http://spam-link.com
ham,Can we reschedule our call to 16:00?
ham,Thanks for the feedback. I will incorporate it.
spam,Your loan of  has been approved. No credit check. Apply at http://spam-link.com
spam,Your package delivery failed. Reschedule at http://spam-link.com
spam,Special offer: Buy 1 get  free. Visit http://spam-link.com
spam,Your package delivery failed. Reschedule at http://spam-link.com
ham,The report is ready. Please find attached.
ham,Quick question: are you free at 10:00?
spam,WINNER! You have won a free vacation worth . Call 9186 now.
ham,Just wanted to check in. Hope you are doing well.
spam,You have won a brand new iPhone! Claim at http://spam-link.com
ham,See you at 13:00 for lunch.
ham,The meeting went well. Next steps are...
ham,The package has been delivered.
spam,WINNER! You have won a free vacation worth . Call 5538 now.
ham,The package has been delivered.
spam,WINNER! You have won a free vacation worth . Call 1984 now.
ham,Thanks for the update. I will review it tomorrow.
ham,Quick question: are you free at 11:00?
spam,You have been selected for a  reward. Claim at http://spam-link.com
ham,"Hey, how are you? Let me know when you can meet."
spam,Exclusive deal:  discount on all items. Shop at http://spam-link.com
spam,You have  unread messages. Check at http://spam-link.com
ham,The package has been delivered.
ham,Let me know if you need anything else.
ham,Let me know if you need anything else.
ham,The payment has been processed successfully.
ham,The report is ready. Please find attached.
ham,The payment has been processed successfully.
spam,Exclusive deal:  discount on all items. Shop at http://spam-link.com
spam,Exclusive deal:  discount on all items. Shop at http://spam-link.com
ham,Your order #9899 has been shipped.
ham,The payment has been processed successfully.
ham,Quick question: are you free at 12:00?
ham,Welcome to the team! Looking forward to working with you.
spam,You have been pre-approved for  loan. Apply now at http://spam-link.com
ham,Can we reschedule our call to 13:00?
ham,Thanks for the update. I will review it tomorrow.
spam,Free gift card worth ! Claim at http://spam-link.com
ham,Welcome to the team! Looking forward to working with you.
spam,Free gift card worth ! Claim at http://spam-link.com
ham,The meeting went well. Next steps are...
ham,I will send you the details by 13:00.
ham,The report is ready. Please find attached.
ham,Thanks for the update. I will review it tomorrow.
ham,The meeting went well. Next steps are...
ham,The report is ready. Please find attached.
spam,Your package delivery failed. Reschedule at http://spam-link.com
spam,Congratulations! You are eligible for  cashback. Visit http://spam-link.com
ham,Quick question: are you free at 12:00?
ham,Thanks for the feedback. I will incorporate it.
spam,CONGRATULATIONS! You have won a  prize! Click here to claim.
ham,Happy birthday! Have a great day!
spam,Exclusive deal:  discount on all items. Shop at http://spam-link.com
ham,Welcome to the team! Looking forward to working with you.
spam,Exclusive deal:  discount on all items. Shop at http://spam-link.com
ham,The package has been delivered.
ham,Meeting scheduled for 16:00 tomorrow. Please confirm.
spam,You have been selected for a  reward. Claim at http://spam-link.com
ham,Reminder: appointment at 10:00 tomorrow.
ham,Quick question: are you free at 12:00?
ham,The payment has been processed successfully.
ham,The meeting went well. Next steps are...
ham,Meeting scheduled for 9:00 tomorrow. Please confirm.
spam,LIMITED TIME OFFER: Get  off your next purchase. Use code SPAM3146
spam,Exclusive deal:  discount on all items. Shop at http://spam-link.com
spam,Alert: Suspicious activity on your account. Secure at http://spam-link.com
spam,Last chance to claim your  reward. Click http://spam-link.com
ham,Reminder: appointment at 13:00 tomorrow.
spam,Alert: Suspicious activity on your account. Secure at http://spam-link.com
ham,Meeting scheduled for 9:00 tomorrow. Please confirm.
spam,Alert: Suspicious activity on your account. Secure at http://spam-link.com
spam,You have been pre-approved for  loan. Apply now at http://spam-link.com
ham,Please review the document and let me know.
ham,Your order #9286 has been shipped.
ham,See you at 12:00 for lunch.
ham,Welcome to the team! Looking forward to working with you.
ham,Welcome to the team! Looking forward to working with you.
ham,See you at 12:00 for lunch.
ham,Thanks for the feedback. I will incorporate it.
spam,FREE entry to win  cash! Text WIN to 1357
ham,Thanks for the feedback. I will incorporate it.
spam,URGENT: Security alert for your account. Verify at http://spam-link.com
ham,The package has been delivered.
spam,You have won a brand new iPhone! Claim at http://spam-link.com
ham,Reminder: appointment at 9:00 tomorrow.
spam,LIMITED TIME OFFER: Get  off your next purchase. Use code SPAM7564
spam,You have been pre-approved for  loan. Apply now at http://spam-link.com
spam,Earn  per week from home! Details at http://spam-link.com
spam,You have won a brand new iPhone! Claim at http://spam-link.com
spam,Exclusive: % off everything today only. Shop http://spam-link.com
spam,Your loan of  has been approved. No credit check. Apply at http://spam-link.com
ham,See you at 17:00 for lunch.
ham,Thanks for the update. I will review it tomorrow.
ham,Thanks for the feedback. I will incorporate it.
ham,Welcome to the team! Looking forward to working with you.
ham,Your order #4721 has been shipped.
ham,Just wanted to check in. Hope you are doing well.
ham,The report is ready. Please find attached.
ham,Thanks for the update. I will review it tomorrow.
spam,CONGRATULATIONS! You have won a  prize! Click here to claim.
ham,Thanks for the update. I will review it tomorrow.
ham,The package has been delivered.
ham,Please review the document and let me know.
spam,Exclusive: % off everything today only. Shop http://spam-link.com
spam,Your package delivery failed. Reschedule at http://spam-link.com
ham,Can we reschedule our call to 12:00?
ham,The meeting went well. Next steps are...
spam,Congratulations! You are eligible for  cashback. Visit http://spam-link.com
ham,I will send you the details by 10:00.
ham,Thanks for the feedback. I will incorporate it.
ham,The package has been delivered.
ham,Just wanted to check in. Hope you are doing well.
spam,CONGRATULATIONS! You have won a  prize! Click here to claim.
ham,I will send you the details by 15:00.
spam,Alert: Suspicious activity on your account. Secure at http://spam-link.com
ham,Can we reschedule our call to 13:00?
ham,Please review the document and let me know.
ham,Can we reschedule our call to 9:00?
ham,Happy birthday! Have a great day!
ham,Happy birthday! Have a great day!
spam,Last chance to claim your  reward. Click http://spam-link.com
spam,You have been pre-approved for  loan. Apply now at http://spam-link.com
ham,"Hey, how are you? Let me know when you can meet."
ham,Happy birthday! Have a great day!
ham,Meeting scheduled for 11:00 tomorrow. Please confirm.
ham,See you at 14:00 for lunch.
ham,Thanks for the update. I will review it tomorrow.
ham,Can we reschedule our call to 9:00?
ham,"Hey, how are you? Let me know when you can meet."
spam,You have won a brand new iPhone! Claim at http://spam-link.com
ham,Meeting scheduled for 10:00 tomorrow. Please confirm.
spam,Exclusive: % off everything today only. Shop http://spam-link.com
spam,LIMITED TIME OFFER: Get  off your next purchase. Use code SPAM5151
spam,URGENT: Security alert for your account. Verify at http://spam-link.com
ham,Can we reschedule our call to 11:00?
spam,Exclusive deal:  discount on all items. Shop at http://spam-link.com
ham,"Hey, how are you? Let me know when you can meet."
ham,Just wanted to check in. Hope you are doing well.
spam,You have been selected for a  reward. Claim at http://spam-link.com
ham,See you at 11:00 for lunch.
spam,Your loan of  has been approved. No credit check. Apply at http://spam-link.com
ham,The payment has been processed successfully.
spam,LIMITED TIME OFFER: Get  off your next purchase. Use code SPAM1104
ham,I will send you the details by 13:00.
spam,FREE entry to win  cash! Text WIN to 3078
spam,Your package delivery failed. Reschedule at http://spam-link.com
spam,Exclusive deal:  discount on all items. Shop at http://spam-link.com
spam,Your loan of  has been approved. No credit check. Apply at http://spam-link.com
ham,Thanks for your help with the project.
spam,Last chance to claim your  reward. Click http://spam-link.com
ham,Can we reschedule our call to 16:00?
ham,The payment has been processed successfully.
spam,Alert: Suspicious activity on your account. Secure at http://spam-link.com
ham,Reminder: appointment at 12:00 tomorrow.
ham,The report is ready. Please find attached.
ham,Welcome to the team! Looking forward to working with you.
ham,The report is ready. Please find attached.
ham,Your order #3155 has been shipped.
ham,Reminder: appointment at 16:00 tomorrow.
spam,Special offer: Buy 1 get  free. Visit http://spam-link.com
ham,The package has been delivered.
ham,Reminder: appointment at 10:00 tomorrow.
ham,Thanks for your help with the project.
spam,Your package delivery failed. Reschedule at http://spam-link.com
ham,Just wanted to check in. Hope you are doing well.
spam,WINNER! You have won a free vacation worth . Call 5158 now.
spam,Free gift card worth ! Claim at http://spam-link.com
spam,Special offer: Buy 1 get  free. Visit http://spam-link.com
ham,"Hey, how are you? Let me know when you can meet."
spam,You have been pre-approved for  loan. Apply now at http://spam-link.com
spam,Last chance to claim your  reward. Click http://spam-link.com
ham,Happy birthday! Have a great day!
ham,"Hey, how are you? Let me know when you can meet."
spam,Exclusive deal:  discount on all items. Shop at http://spam-link.com
ham,The meeting went well. Next steps are...
ham,Thanks for the feedback. I will incorporate it.
ham,Welcome to the team! Looking forward to working with you.
ham,Let me know if you need anything else.
ham,"Hey, how are you? Let me know when you can meet."
ham,Quick question: are you free at 9:00?
spam,URGENT: Security alert for your account. Verify at http://spam-link.com
ham,Please review the document and let me know.
ham,"Hey, how are you? Let me know when you can meet."
ham,The meeting went well. Next steps are...
ham,Just wanted to check in. Hope you are doing well.
ham,I will send you the details by 9:00.
ham,Happy birthday! Have a great day!
ham,The report is ready. Please find attached.
spam,You have won a brand new iPhone! Claim at http://spam-link.com
spam,Your package delivery failed. Reschedule at http://spam-link.com
ham,Happy birthday! Have a great day!
ham,Meeting scheduled for 11:00 tomorrow. Please confirm.
spam,URGENT: Security alert for your account. Verify at http://spam-link.com
spam,You have won a brand new iPhone! Claim at http://spam-link.com
ham,"Hey, how are you? Let me know when you can meet."
spam,You have been selected for a  reward. Claim at http://spam-link.com
ham,Happy birthday! Have a great day!
spam,CONGRATULATIONS! You have won a  prize! Click here to claim.
ham,Thanks for the feedback. I will incorporate it.
spam,You have been pre-approved for  loan. Apply now at http://spam-link.com
spam,Your loan of  has been approved. No credit check. Apply at http://spam-link.com
ham,Thanks for the update. I will review it tomorrow.
ham,"Hey, how are you? Let me know when you can meet."
ham,"Hey, how are you? Let me know when you can meet."
ham,Quick question: are you free at 9:00?
spam,You have won a brand new iPhone! Claim at http://spam-link.com
spam,You have been pre-approved for  loan. Apply now at http://spam-link.com
ham,Your order #532 has been shipped.
ham,Quick question: are you free at 13:00?
ham,Thanks for your help with the project.
spam,Your loan of  has been approved. No credit check. Apply at http://spam-link.com
ham,Meeting scheduled for 9:00 tomorrow. Please confirm.
spam,Last chance to claim your  reward. Click http://spam-link.com
ham,Meeting scheduled for 11:00 tomorrow. Please confirm.
spam,You have been pre-approved for  loan. Apply now at http://spam-link.com
spam,Exclusive deal:  discount on all items. Shop at http://spam-link.com
ham,Reminder: appointment at 9:00 tomorrow.
ham,Thanks for your help with the project.
spam,FREE entry to win  cash! Text WIN to 2176
spam,Congratulations! You are eligible for  cashback. Visit http://spam-link.com
spam,Special offer: Buy 1 get  free. Visit http://spam-link.com
ham,Just wanted to check in. Hope you are doing well.
ham,See you at 13:00 for lunch.
spam,Alert: Suspicious activity on your account. Secure at http://spam-link.com
ham,The payment has been processed successfully.
ham,Please review the document and let me know.
ham,The meeting went well. Next steps are...
spam,You have been selected for a  reward. Claim at http://spam-link.com
spam,Alert: Suspicious activity on your account. Secure at http://spam-link.com
spam,WINNER! You have won a free vacation worth . Call 4715 now.
ham,The payment has been processed successfully.
ham,Meeting scheduled for 11:00 tomorrow. Please confirm.
ham,"Hey, how are you? Let me know when you can meet."
spam,Alert: Suspicious activity on your account. Secure at http://spam-link.com
spam,You have won a brand new iPhone! Claim at http://spam-link.com
ham,Welcome to the team! Looking forward to working with you.
spam,URGENT: Security alert for your account. Verify at http://spam-link.com
ham,Please review the document and let me know.
ham,Your order #4481 has been shipped.
ham,"Hey, how are you? Let me know when you can meet."
spam,Free gift card worth ! Claim at http://spam-link.com
ham,Reminder: appointment at 12:00 tomorrow.
ham,The package has been delivered.
ham,Happy birthday! Have a great day!
ham,Just wanted to check in. Hope you are doing well.
spam,You have  unread messages. Check at http://spam-link.com
spam,Alert: Suspicious activity on your account. Secure at http://spam-link.com
spam,Earn  per week from home! Details at http://spam-link.com
spam,Your package delivery failed. Reschedule at http://spam-link.com
ham,The report is ready. Please find attached.
ham,Let me know if you need anything else.
spam,Exclusive deal:  discount on all items. Shop at http://spam-link.com
ham,The payment has been processed successfully.
ham,Just wanted to check in. Hope you are doing well.
ham,Thanks for the feedback. I will incorporate it.
ham,The meeting went well. Next steps are...
spam,LIMITED TIME OFFER: Get  off your next purchase. Use code SPAM3635
ham,Meeting scheduled for 12:00 tomorrow. Please confirm.
ham,I will send you the details by 12:00.
ham,Happy birthday! Have a great day!
spam,You have  unread messages. Check at http://spam-link.com
ham,Thanks for the feedback. I will incorporate it.
ham,See you at 10:00 for lunch.
spam,Your package delivery failed. Reschedule at http://spam-link.com
ham,Meeting scheduled for 13:00 tomorrow. Please confirm.
ham,Reminder: appointment at 10:00 tomorrow.
ham,See you at 12:00 for lunch.
spam,You have won a brand new iPhone! Claim at http://spam-link.com
ham,Meeting scheduled for 12:00 tomorrow. Please confirm.
ham,"Hey, how are you? Let me know when you can meet."
ham,The payment has been processed successfully.
spam,Exclusive: % off everything today only. Shop http://spam-link.com
spam,Alert: Suspicious activity on your account. Secure at http://spam-link.com
ham,Welcome to the team! Looking forward to working with you.
ham,Please review the document and let me know.
ham,Your order #4641 has been shipped.
ham,Happy birthday! Have a great day!
ham,The package has been delivered.
ham,Reminder: appointment at 10:00 tomorrow.
ham,The report is ready. Please find attached.
ham,Thanks for the update. I will review it tomorrow.
spam,URGENT: Your account will be closed. Verify now at http://spam-link.com
ham,Quick question: are you free at 15:00?
spam,LIMITED TIME OFFER: Get  off your next purchase. Use code SPAM1887
spam,You have won a brand new iPhone! Claim at http://spam-link.com
spam,URGENT: Your account will be closed. Verify now at http://spam-link.com
spam,Exclusive: % off everything today only. Shop http://spam-link.com
spam,Exclusive: % off everything today only. Shop http://spam-link.com
spam,Your loan of  has been approved. No credit check. Apply at http://spam-link.com
spam,You have been selected for a  reward. Claim at http://spam-link.com
ham,Welcome to the team! Looking forward to working with you.
ham,The payment has been processed successfully.
ham,Welcome to the team! Looking forward to working with you.
ham,See you at 14:00 for lunch.
spam,Your package delivery failed. Reschedule at http://spam-link.com
ham,I will send you the details by 17:00.
spam,Earn  per week from home! Details at http://spam-link.com
ham,Quick question: are you free at 10:00?
spam,CONGRATULATIONS! You have won a  prize! Click here to claim.
spam,Last chance to claim your  reward. Click http://spam-link.com
ham,Thanks for the update. I will review it tomorrow.
spam,Your loan of  has been approved. No credit check. Apply at http://spam-link.com
ham,Thanks for the update. I will review it tomorrow.
spam,Free gift card worth ! Claim at http://spam-link.com
ham,Meeting scheduled for 9:00 tomorrow. Please confirm.
spam,Exclusive deal:  discount on all items. Shop at http://spam-link.com
ham,Can we reschedule our call to 14:00?
spam,Earn  per week from home! Details at http://spam-link.com
spam,Free gift card worth ! Claim at http://spam-link.com
ham,The payment has been processed successfully.
ham,Thanks for the update. I will review it tomorrow.
spam,Exclusive: % off everything today only. Shop http://spam-link.com
spam,URGENT: Your account will be closed. Verify now at http://spam-link.com
ham,The report is ready. Please find attached.
ham,Let me know if you need anything else.
ham,I will send you the details by 15:00.
spam,Special offer: Buy 1 get  free. Visit http://spam-link.com
ham,Just wanted to check in. Hope you are doing well.
spam,FREE entry to win  cash! Text WIN to 8993
ham,The package has been delivered.
ham,Thanks for the update. I will review it tomorrow.
spam,Last chance to claim your  reward. Click http://spam-link.com
ham,The payment has been processed successfully.
spam,You have  unread messages. Check at http://spam-link.com
spam,You have won a brand new iPhone! Claim at http://spam-link.com
ham,Your order #4434 has been shipped.
ham,Can we reschedule our call to 13:00?
spam,Exclusive: % off everything today only. Shop http://spam-link.com
ham,The payment has been processed successfully.
spam,Your package delivery failed. Reschedule at http://spam-link.com
ham,Please review the document and let me know.
ham,The payment has been processed successfully.
spam,Free gift card worth ! Claim at http://spam-link.com
ham,"Hey, how are you? Let me know when you can meet."
ham,I will send you the details by 16:00.
spam,CONGRATULATIONS! You have won a  prize! Click here to claim.
ham,Can we reschedule our call to 13:00?
spam,Earn  per week from home! Details at http://spam-link.com
spam,URGENT: Your account will be closed. Verify now at http://spam-link.com
ham,Meeting scheduled for 16:00 tomorrow. Please confirm.
ham,The meeting went well. Next steps are...
ham,Meeting scheduled for 10:00 tomorrow. Please confirm.
ham,The package has been delivered.
spam,URGENT: Security alert for your account. Verify at http://spam-link.com
ham,Your order #5292 has been shipped.
ham,Let me know if you need anything else.
spam,Your loan of  has been approved. No credit check. Apply at http://spam-link.com
spam,Exclusive: % off everything today only. Shop http://spam-link.com
ham,Meeting scheduled for 9:00 tomorrow. Please confirm.
ham,Can we reschedule our call to 13:00?
spam,URGENT: Your account will be closed. Verify now at http://spam-link.com
ham,Welcome to the team! Looking forward to working with you.
spam,Free gift card worth ! Claim at http://spam-link.com
ham,I will send you the details by 11:00.
spam,FREE entry to win  cash! Text WIN to 4224
ham,The package has been delivered.
ham,The package has been delivered.
spam,Free gift card worth ! Claim at http://spam-link.com
ham,Reminder: appointment at 12:00 tomorrow.
spam,You have  unread messages. Check at http://spam-link.com
spam,CONGRATULATIONS! You have won a  prize! Click here to claim.
ham,The payment has been processed successfully.
spam,WINNER! You have won a free vacation worth . Call 4230 now.
ham,Can we reschedule our call to 10:00?
ham,Just wanted to check in. Hope you are doing well.
ham,The report is ready. Please find attached.
spam,Last chance to claim your  reward. Click http://spam-link.com
ham,Thanks for your help with the project.
ham,Meeting scheduled for 17:00 tomorrow. Please confirm.
spam,You have been pre-approved for  loan. Apply now at http://spam-link.com
spam,Last chance to claim your  reward. Click http://spam-link.com
spam,Your loan of  has been approved. No credit check. Apply at http://spam-link.com
ham,The package has been delivered.
ham,Please review the document and let me know.
spam,Your package delivery failed. Reschedule at http://spam-link.com
spam,Congratulations! You are eligible for  cashback. Visit http://spam-link.com
spam,You have been selected for a  reward. Claim at http://spam-link.com
ham,Can we reschedule our call to 10:00?
ham,Happy birthday! Have a great day!
ham,The meeting went well. Next steps are...
ham,The package has been delivered.
spam,Congratulations! You are eligible for  cashback. Visit http://spam-link.com
ham,The report is ready. Please find attached.
ham,Let me know if you need anything else.
ham,"Hey, how are you? Let me know when you can meet."
ham,See you at 14:00 for lunch.
spam,Alert: Suspicious activity on your account. Secure at http://spam-link.com
spam,Earn  per week from home! Details at http://spam-link.com
ham,Can we reschedule our call to 16:00?
ham,Welcome to the team! Looking forward to working with you.
spam,Congratulations! You are eligible for  cashback. Visit http://spam-link.com
spam,You have  unread messages. Check at http://spam-link.com
spam,Your loan of  has been approved. No credit check. Apply at http://spam-link.com
spam,URGENT: Your account will be closed. Verify now at http://spam-link.com
spam,FREE entry to win  cash! Text WIN to 8634
ham,Let me know if you need anything else.
ham,Happy birthday! Have a great day!
ham,"Hey, how are you? Let me know when you can meet."
spam,You have been pre-approved for  loan. Apply now at http://spam-link.com
ham,Your order #1394 has been shipped.
ham,Please review the document and let me know.
spam,You have won a brand new iPhone! Claim at http://spam-link.com
ham,Thanks for the update. I will review it tomorrow.
spam,You have  unread messages. Check at http://spam-link.com
ham,Reminder: appointment at 9:00 tomorrow.
ham,Just wanted to check in. Hope you are doing well.
ham,Please review the document and let me know.
spam,Special offer: Buy 1 get  free. Visit http://spam-link.com
ham,I will send you the details by 9:00.
spam,Your loan of  has been approved. No credit check. Apply at http://spam-link.com
ham,Thanks for your help with the project.
ham,Let me know if you need anything else.
ham,"Hey, how are you? Let me know when you can meet."
spam,Alert: Suspicious activity on your account. Secure at http://spam-link.com
ham,Meeting scheduled for 15:00 tomorrow. Please confirm.
ham,The package has been delivered.
ham,The report is ready. Please find attached.
ham,Please review the document and let me know.
spam,Earn  per week from home! Details at http://spam-link.com
spam,Last chance to claim your  reward. Click http://spam-link.com
ham,Thanks for your help with the project.
ham,See you at 11:00 for lunch.
spam,You have been pre-approved for  loan. Apply now at http://spam-link.com
spam,Your package delivery failed. Reschedule at http://spam-link.com
spam,You have  unread messages. Check at http://spam-link.com
ham,"Hey, how are you? Let me know when you can meet."
ham,Your order #3184 has been shipped.
ham,"Hey, how are you? Let me know when you can meet."
ham,Reminder: appointment at 16:00 tomorrow.
spam,CONGRATULATIONS! You have won a  prize! Click here to claim.
ham,Meeting scheduled for 13:00 tomorrow. Please confirm.
spam,Special offer: Buy 1 get  free. Visit http://spam-link.com
ham,The report is ready. Please find attached.
spam,Exclusive: % off everything today only. Shop http://spam-link.com
spam,LIMITED TIME OFFER: Get  off your next purchase. Use code SPAM1628
spam,You have been pre-approved for  loan. Apply now at http://spam-link.com
spam,Your package delivery failed. Reschedule at http://spam-link.com
ham,Quick question: are you free at 10:00?
ham,I will send you the details by 14:00.
spam,URGENT: Your account will be closed. Verify now at http://spam-link.com
spam,URGENT: Security alert for your account. Verify at http://spam-link.com
ham,See you at 15:00 for lunch.
ham,The package has been delivered.
ham,Just wanted to check in. Hope you are doing well.
ham,See you at 13:00 for lunch.
spam,You have been selected for a  reward. Claim at http://spam-link.com
ham,Thanks for the feedback. I will incorporate it.
spam,Last chance to claim your  reward. Click http://spam-link.com
ham,The meeting went well. Next steps are...
spam,CONGRATULATIONS! You have won a  prize! Click here to claim.
spam,Your package delivery failed. Reschedule at http://spam-link.com
ham,Reminder: appointment at 16:00 tomorrow.
ham,Reminder: appointment at 14:00 tomorrow.
spam,URGENT: Your account will be closed. Verify now at http://spam-link.com
spam,You have been selected for a  reward. Claim at http://spam-link.com
spam,Your loan of  has been approved. No credit check. Apply at http://spam-link.com
ham,"Hey, how are you? Let me know when you can meet."
spam,Exclusive: % off everything today only. Shop http://spam-link.com
ham,Your order #3152 has been shipped.
ham,Your order #827 has been shipped.
spam,Earn  per week from home! Details at http://spam-link.com
spam,URGENT: Your account will be closed. Verify now at http://spam-link.com
spam,You have won a brand new iPhone! Claim at http://spam-link.com
spam,WINNER! You have won a free vacation worth . Call 1047 now.
spam,You have been selected for a  reward. Claim at http://spam-link.com
ham,Welcome to the team! Looking forward to working with you.
spam,Your package delivery failed. Reschedule at http://spam-link.com
ham,Thanks for your help with the project.
ham,See you at 17:00 for lunch.
spam,URGENT: Security alert for your account. Verify at http://spam-link.com
spam,Congratulations! You are eligible for  cashback. Visit http://spam-link.com
ham,The report is ready. Please find attached.
ham,The report is ready. Please find attached.
ham,Please review the document and let me know.
ham,Thanks for your help with the project.
spam,LIMITED TIME OFFER: Get  off your next purchase. Use code SPAM6018
ham,Thanks for your help with the project.
spam,Your package delivery failed. Reschedule at http://spam-link.com
ham,Just wanted to check in. Hope you are doing well.
ham,Quick question: are you free at 9:00?
ham,Meeting scheduled for 16:00 tomorrow. Please confirm.
ham,Meeting scheduled for 9:00 tomorrow. Please confirm.
spam,Special offer: Buy 1 get  free. Visit http://spam-link.com
spam,You have  unread messages. Check at http://spam-link.com
ham,Your order #7079 has been shipped.
spam,Alert: Suspicious activity on your account. Secure at http://spam-link.com
ham,Thanks for your help with the project.
ham,"Hey, how are you? Let me know when you can meet."
spam,LIMITED TIME OFFER: Get  off your next purchase. Use code SPAM3938
ham,Just wanted to check in. Hope you are doing well.
ham,The meeting went well. Next steps are...
spam,Your package delivery failed. Reschedule at http://spam-link.com
ham,Thanks for the update. I will review it tomorrow.
ham,Quick question: are you free at 10:00?
ham,Quick question: are you free at 15:00?
ham,Please review the document and let me know.
ham,Welcome to the team! Looking forward to working with you.
ham,Quick question: are you free at 15:00?
spam,Exclusive deal:  discount on all items. Shop at http://spam-link.com
spam,WINNER! You have won a free vacation worth . Call 5515 now.
ham,Happy birthday! Have a great day!
spam,Exclusive: % off everything today only. Shop http://spam-link.com
spam,FREE entry to win  cash! Text WIN to 7000
ham,The payment has been processed successfully.
ham,See you at 10:00 for lunch.
spam,You have  unread messages. Check at http://spam-link.com
ham,Reminder: appointment at 12:00 tomorrow.
ham,Happy birthday! Have a great day!
ham,Thanks for the feedback. I will incorporate it.
ham,Welcome to the team! Looking forward to working with you.
ham,Quick question: are you free at 10:00?
ham,Just wanted to check in. Hope you are doing well.
ham,The report is ready. Please find attached.
ham,Thanks for the update. I will review it tomorrow.
ham,Your order #6851 has been shipped.
ham,See you at 11:00 for lunch.
spam,Exclusive: % off everything today only. Shop http://spam-link.com
spam,CONGRATULATIONS! You have won a  prize! Click here to claim.
ham,Can we reschedule our call to 11:00?
spam,Special offer: Buy 1 get  free. Visit http://spam-link.com
ham,Just wanted to check in. Hope you are doing well.
ham,The meeting went well. Next steps are...
ham,Please review the document and let me know.
ham,Let me know if you need anything else.
ham,The package has been delivered.
ham,I will send you the details by 17:00.
ham,"Hey, how are you? Let me know when you can meet."
spam,FREE entry to win  cash! Text WIN to 7719
spam,Your package delivery failed. Reschedule at http://spam-link.com
spam,Congratulations! You are eligible for  cashback. Visit http://spam-link.com
ham,Thanks for the update. I will review it tomorrow.
ham,Happy birthday! Have a great day!
spam,Your loan of  has been approved. No credit check. Apply at http://spam-link.com
spam,Special offer: Buy 1 get  free. Visit http://spam-link.com
ham,Please review the document and let me know.
spam,Free gift card worth ! Claim at http://spam-link.com
ham,Can we reschedule our call to 11:00?
ham,Thanks for the feedback. I will incorporate it.
ham,Meeting scheduled for 15:00 tomorrow. Please confirm.
ham,Happy birthday! Have a great day!
ham,Welcome to the team! Looking forward to working with you.
ham,The payment has been processed successfully.
ham,See you at 10:00 for lunch.
spam,Your package delivery failed. Reschedule at http://spam-link.com
ham,Thanks for the feedback. I will incorporate it.
ham,Your order #1645 has been shipped.
spam,Last chance to claim your  reward. Click http://spam-link.com
ham,Just wanted to check in. Hope you are doing well.
ham,Let me know if you need anything else.
ham,Welcome to the team! Looking forward to working with you.
ham,The package has been delivered.
ham,Please review the document and let me know.
spam,Last chance to claim your  reward. Click http://spam-link.com
spam,Your loan of  has been approved. No credit check. Apply at http://spam-link.com
ham,Thanks for your help with the project.
spam,You have won a brand new iPhone! Claim at http://spam-link.com
spam,You have won a brand new iPhone! Claim at http://spam-link.com
spam,You have been selected for a  reward. Claim at http://spam-link.com
ham,The report is ready. Please find attached.
spam,CONGRATULATIONS! You have won a  prize! Click here to claim.
ham,Your order #2206 has been shipped.
ham,The package has been delivered.
ham,Quick question: are you free at 14:00?
spam,You have been pre-approved for  loan. Apply now at http://spam-link.com
ham,Your order #9824 has been shipped.
spam,Exclusive: % off everything today only. Shop http://spam-link.com
ham,Happy birthday! Have a great day!
ham,Thanks for your help with the project.
ham,Please review the document and let me know.
ham,Meeting scheduled for 9:00 tomorrow. Please confirm.
ham,Meeting scheduled for 10:00 tomorrow. Please confirm.
ham,I will send you the details by 10:00.
spam,URGENT: Security alert for your account. Verify at http://spam-link.com
ham,Welcome to the team! Looking forward to working with you.
spam,URGENT: Security alert for your account. Verify at http://spam-link.com
spam,FREE entry to win  cash! Text WIN to 4818
ham,"Hey, how are you? Let me know when you can meet."
spam,WINNER! You have won a free vacation worth . Call 3040 now.
spam,Exclusive deal:  discount on all items. Shop at http://spam-link.com
spam,FREE entry to win  cash! Text WIN to 7334
ham,Just wanted to check in. Hope you are doing well.
ham,The package has been delivered.
spam,URGENT: Security alert for your account. Verify at http://spam-link.com
ham,The meeting went well. Next steps are...
ham,The meeting went well. Next steps are...
spam,Your package delivery failed. Reschedule at http://spam-link.com
ham,The report is ready. Please find attached.
ham,The package has been delivered.
spam,URGENT: Security alert for your account. Verify at http://spam-link.com
ham,Thanks for your help with the project.
spam,WINNER! You have won a free vacation worth . Call 9380 now.
spam,Special offer: Buy 1 get  free. Visit http://spam-link.com
ham,Meeting scheduled for 11:00 tomorrow. Please confirm.
spam,CONGRATULATIONS! You have won a  prize! Click here to claim.
ham,Your order #3935 has been shipped.
ham,The report is ready. Please find attached.
spam,LIMITED TIME OFFER: Get  off your next purchase. Use code SPAM8038
ham,"Hey, how are you? Let me know when you can meet."
spam,Free gift card worth ! Claim at http://spam-link.com
ham,Thanks for the feedback. I will incorporate it.
ham,Thanks for the update. I will review it tomorrow.
ham,Quick question: are you free at 9:00?
spam,CONGRATULATIONS! You have won a  prize! Click here to claim.
ham,"Hey, how are you? Let me know when you can meet."
ham,Thanks for the feedback. I will incorporate it.
ham,Meeting scheduled for 10:00 tomorrow. Please confirm.
ham,Please review the document and let me know.
ham,Welcome to the team! Looking forward to working with you.
spam,Alert: Suspicious activity on your account. Secure at http://spam-link.com
ham,Just wanted to check in. Hope you are doing well.
spam,Free gift card worth ! Claim at http://spam-link.com
spam,LIMITED TIME OFFER: Get  off your next purchase. Use code SPAM995
ham,Thanks for your help with the project.
spam,Alert: Suspicious activity on your account. Secure at http://spam-link.com
ham,Meeting scheduled for 12:00 tomorrow. Please confirm.
ham,Just wanted to check in. Hope you are doing well.
ham,The meeting went well. Next steps are...
spam,Congratulations! You are eligible for  cashback. Visit http://spam-link.com
ham,Your order #4412 has been shipped.
ham,The meeting went well. Next steps are...
ham,Reminder: appointment at 11:00 tomorrow.
spam,Alert: Suspicious activity on your account. Secure at http://spam-link.com
spam,Free gift card worth ! Claim at http://spam-link.com
spam,Free gift card worth ! Claim at http://spam-link.com
ham,Welcome to the team! Looking forward to working with you.
spam,Earn  per week from home! Details at http://spam-link.com
spam,WINNER! You have won a free vacation worth . Call 4331 now.
ham,Welcome to the team! Looking forward to working with you.
ham,Thanks for the update. I will review it tomorrow.
ham,Please review the document and let me know.
ham,Your order #5020 has been shipped.
ham,Quick question: are you free at 9:00?
spam,You have won a brand new iPhone! Claim at http://spam-link.com
spam,Exclusive: % off everything today only. Shop http://spam-link.com
ham,Quick question: are you free at 11:00?
ham,Welcome to the team! Looking forward to working with you.
spam,Last chance to claim your  reward. Click http://spam-link.com
ham,Just wanted to check in. Hope you are doing well.
ham,Thanks for your help with the project.
ham,Welcome to the team! Looking forward to working with you.
ham,Meeting scheduled for 14:00 tomorrow. Please confirm.
spam,Your package delivery failed. Reschedule at http://spam-link.com
ham,The package has been delivered.
ham,The report is ready. Please find attached.
ham,Thanks for the update. I will review it tomorrow.
ham,Just wanted to check in. Hope you are doing well.
spam,You have been pre-approved for  loan. Apply now at http://spam-link.com
ham,Thanks for the update. I will review it tomorrow.
ham,Meeting scheduled for 9:00 tomorrow. Please confirm.
ham,Just wanted to check in. Hope you are doing well.
ham,Welcome to the team! Looking forward to working with you.
spam,URGENT: Your account will be closed. Verify now at http://spam-link.com
ham,The payment has been processed successfully.
ham,Reminder: appointment at 12:00 tomorrow.
spam,You have won a brand new iPhone! Claim at http://spam-link.com
spam,You have been selected for a  reward. Claim at http://spam-link.com
ham,Your order #4837 has been shipped.
ham,The payment has been processed successfully.
ham,Quick question: are you free at 15:00?
ham,Thanks for the update. I will review it tomorrow.
ham,Please review the document and let me know.
ham,Thanks for the feedback. I will incorporate it.
spam,You have been pre-approved for  loan. Apply now at http://spam-link.com
spam,Exclusive deal:  discount on all items. Shop at http://spam-link.com
ham,Let me know if you need anything else.
spam,You have been selected for a  reward. Claim at http://spam-link.com
spam,Congratulations! You are eligible for  cashback. Visit http://spam-link.com
spam,FREE entry to win  cash! Text WIN to 3431
ham,Happy birthday! Have a great day!
spam,Congratulations! You are eligible for  cashback. Visit http://spam-link.com
spam,You have  unread messages. Check at http://spam-link.com
ham,"Hey, how are you? Let me know when you can meet."
spam,WINNER! You have won a free vacation worth . Call 2753 now.
ham,The meeting went well. Next steps are...
ham,Welcome to the team! Looking forward to working with you.
ham,The meeting went well. Next steps are...
ham,Thanks for the feedback. I will incorporate it.
spam,You have been pre-approved for  loan. Apply now at http://spam-link.com
ham,Thanks for the feedback. I will incorporate it.
ham,The meeting went well. Next steps are...
ham,Let me know if you need anything else.
ham,Welcome to the team! Looking forward to working with you.
spam,Exclusive deal:  discount on all items. Shop at http://spam-link.com
ham,I will send you the details by 9:00.
spam,You have  unread messages. Check at http://spam-link.com
ham,Thanks for the feedback. I will incorporate it.
ham,Happy birthday! Have a great day!
spam,Congratulations! You are eligible for  cashback. Visit http://spam-link.com
spam,Your package delivery failed. Reschedule at http://spam-link.com
spam,WINNER! You have won a free vacation worth . Call 4416 now.
ham,The payment has been processed successfully.
spam,Alert: Suspicious activity on your account. Secure at http://spam-link.com
spam,Your loan of  has been approved. No credit check. Apply at http://spam-link.com
ham,The meeting went well. Next steps are...
spam,Exclusive: % off everything today only. Shop http://spam-link.com
ham,Please review the document and let me know.
spam,CONGRATULATIONS! You have won a  prize! Click here to claim.
spam,Special offer: Buy 1 get  free. Visit http://spam-link.com
ham,Reminder: appointment at 12:00 tomorrow.
ham,"Hey, how are you? Let me know when you can meet."
spam,Special offer: Buy 1 get  free. Visit http://spam-link.com
ham,Thanks for the feedback. I will incorporate it.
ham,Quick question: are you free at 16:00?
ham,Your order #8294 has been shipped.
ham,The report is ready. Please find attached.
spam,WINNER! You have won a free vacation worth . Call 6224 now.
ham,Meeting scheduled for 9:00 tomorrow. Please confirm.
spam,Exclusive deal:  discount on all items. Shop at http://spam-link.com
ham,Thanks for your help with the project.
spam,Your package delivery failed. Reschedule at http://spam-link.com
ham,The report is ready. Please find attached.
spam,You have been pre-approved for  loan. Apply now at http://spam-link.com
ham,Quick question: are you free at 14:00?
ham,"Hey, how are you? Let me know when you can meet."
spam,URGENT: Security alert for your account. Verify at http://spam-link.com
ham,Meeting scheduled for 16:00 tomorrow. Please confirm.
spam,CONGRATULATIONS! You have won a  prize! Click here to claim.
spam,Earn  per week from home! Details at http://spam-link.com
ham,The report is ready. Please find attached.
ham,Can we reschedule our call to 10:00?
ham,Happy birthday! Have a great day!
ham,Let me know if you need anything else.
ham,Your order #2085 has been shipped.
spam,Your loan of  has been approved. No credit check. Apply at http://spam-link.com
ham,Your order #335 has been shipped.
ham,Please review the document and let me know.
ham,Just wanted to check in. Hope you are doing well.
ham,Let me know if you need anything else.
ham,The meeting went well. Next steps are...
ham,Let me know if you need anything else.
ham,Reminder: appointment at 13:00 tomorrow.
ham,The report is ready. Please find attached.
spam,Free gift card worth ! Claim at http://spam-link.com
ham,See you at 13:00 for lunch.
spam,Your loan of  has been approved. No credit check. Apply at http://spam-link.com
ham,The report is ready. Please find attached.
spam,WINNER! You have won a free vacation worth . Call 6312 now.
spam,Special offer: Buy 1 get  free. Visit http://spam-link.com
ham,Please review the document and let me know.
spam,Your package delivery failed. Reschedule at http://spam-link.com
ham,Please review the document and let me know.
ham,The payment has been processed successfully.
ham,The package has been delivered.
ham,See you at 15:00 for lunch.
ham,The report is ready. Please find attached.
spam,CONGRATULATIONS! You have won a  prize! Click here to claim.
ham,The report is ready. Please find attached.
ham,Thanks for the feedback. I will incorporate it.
spam,Special offer: Buy 1 get  free. Visit http://spam-link.com
ham,Reminder: appointment at 9:00 tomorrow.
ham,Quick question: are you free at 12:00?
ham,Your order #9024 has been shipped.
spam,You have been pre-approved for  loan. Apply now at http://spam-link.com
ham,Just wanted to check in. Hope you are doing well.
spam,Special offer: Buy 1 get  free. Visit http://spam-link.com
ham,The payment has been processed successfully.
spam,Free gift card worth ! Claim at http://spam-link.com
ham,"Hey, how are you? Let me know when you can meet."
spam,Congratulations! You are eligible for  cashback. Visit http://spam-link.com
ham,Quick question: are you free at 10:00?
spam,You have been pre-approved for  loan. Apply now at http://spam-link.com
ham,Let me know if you need anything else.
spam,You have been pre-approved for  loan. Apply now at http://spam-link.com
ham,Thanks for your help with the project.
ham,Please review the document and let me know.
spam,Your loan of  has been approved. No credit check. Apply at http://spam-link.com
ham,Please review the document and let me know.
spam,URGENT: Your account will be closed. Verify now at http://spam-link.com
ham,Please review the document and let me know.
ham,"Hey, how are you? Let me know when you can meet."
ham,Reminder: appointment at 11:00 tomorrow.
spam,Exclusive deal:  discount on all items. Shop at http://spam-link.com
ham,Meeting scheduled for 12:00 tomorrow. Please confirm.
ham,The report is ready. Please find attached.
ham,See you at 9:00 for lunch.
spam,Congratulations! You are eligible for  cashback. Visit http://spam-link.com
spam,LIMITED TIME OFFER: Get  off your next purchase. Use code SPAM364
ham,Welcome to the team! Looking forward to working with you.
spam,You have won a brand new iPhone! Claim at http://spam-link.com
spam,Your loan of  has been approved. No credit check. Apply at http://spam-link.com
ham,Welcome to the team! Looking forward to working with you.
spam,You have won a brand new iPhone! Claim at http://spam-link.com
ham,See you at 9:00 for lunch.
ham,Thanks for the feedback. I will incorporate it.
spam,You have been pre-approved for  loan. Apply now at http://spam-link.com
ham,Your order #7546 has been shipped.
ham,Thanks for your help with the project.
spam,Earn  per week from home! Details at http://spam-link.com
spam,You have won a brand new iPhone! Claim at http://spam-link.com
ham,See you at 12:00 for lunch.
spam,Your package delivery failed. Reschedule at http://spam-link.com
ham,Thanks for your help with the project.
ham,The package has been delivered.
ham,Meeting scheduled for 11:00 tomorrow. Please confirm.
spam,You have  unread messages. Check at http://spam-link.com
ham,The report is ready. Please find attached.
ham,Meeting scheduled for 9:00 tomorrow. Please confirm.
spam,You have been pre-approved for  loan. Apply now at http://spam-link.com
ham,Can we reschedule our call to 17:00?
ham,Welcome to the team! Looking forward to working with you.
ham,See you at 13:00 for lunch.
spam,You have been pre-approved for  loan. Apply now at http://spam-link.com
spam,CONGRATULATIONS! You have won a  prize! Click here to claim.
spam,Earn  per week from home! Details at http://spam-link.com
ham,Thanks for your help with the project.
ham,Happy birthday! Have a great day!
ham,The meeting went well. Next steps are...
ham,The meeting went well. Next steps are...
spam,Exclusive: % off everything today only. Shop http://spam-link.com
spam,WINNER! You have won a free vacation worth . Call 176 now.
ham,Thanks for your help with the project.
ham,Happy birthday! Have a great day!
spam,Congratulations! You are eligible for  cashback. Visit http://spam-link.com
spam,CONGRATULATIONS! You have won a  prize! Click here to claim.
spam,Your package delivery failed. Reschedule at http://spam-link.com
spam,Congratulations! You are eligible for  cashback. Visit http://spam-link.com
ham,See you at 16:00 for lunch.
ham,See you at 9:00 for lunch.
spam,You have won a brand new iPhone! Claim at http://spam-link.com
ham,Let me know if you need anything else.
spam,You have been pre-approved for  loan. Apply now at http://spam-link.com
spam,You have  unread messages. Check at http://spam-link.com
ham,Quick question: are you free at 10:00?
ham,Meeting scheduled for 16:00 tomorrow. Please confirm.
ham,The meeting went well. Next steps are...
spam,Exclusive: % off everything today only. Shop http://spam-link.com
spam,WINNER! You have won a free vacation worth . Call 3634 now.
ham,Quick question: are you free at 17:00?
ham,Reminder: appointment at 15:00 tomorrow.
ham,Can we reschedule our call to 9:00?
spam,Your package delivery failed. Reschedule at http://spam-link.com
ham,Thanks for the feedback. I will incorporate it.
ham,Just wanted to check in. Hope you are doing well.
ham,Welcome to the team! Looking forward to working with you.
spam,Your loan of  has been approved. No credit check. Apply at http://spam-link.com
spam,You have been selected for a  reward. Claim at http://spam-link.com
spam,Earn  per week from home! Details at http://spam-link.com
spam,Earn  per week from home! Details at http://spam-link.com
ham,Reminder: appointment at 9:00 tomorrow.
spam,Your package delivery failed. Reschedule at http://spam-link.com
spam,You have  unread messages. Check at http://spam-link.com
ham,The report is ready. Please find attached.
ham,See you at 10:00 for lunch.
ham,Your order #2522 has been shipped.
ham,The meeting went well. Next steps are...
spam,FREE entry to win  cash! Text WIN to 4096
ham,Thanks for the update. I will review it tomorrow.
ham,Welcome to the team! Looking forward to working with you.
ham,Let me know if you need anything else.
spam,You have been pre-approved for  loan. Apply now at http://spam-link.com
spam,Earn  per week from home! Details at http://spam-link.com
spam,URGENT: Security alert for your account. Verify at http://spam-link.com
spam,Your package delivery failed. Reschedule at http://spam-link.com
spam,LIMITED TIME OFFER: Get  off your next purchase. Use code SPAM6366
spam,You have  unread messages. Check at http://spam-link.com
spam,Free gift card worth ! Claim at http://spam-link.com
spam,You have won a brand new iPhone! Claim at http://spam-link.com
ham,Can we reschedule our call to 14:00?
ham,The report is ready. Please find attached.
spam,You have been pre-approved for  loan. Apply now at http://spam-link.com
ham,Thanks for the update. I will review it tomorrow.
spam,You have  unread messages. Check at http://spam-link.com
ham,See you at 12:00 for lunch.
ham,I will send you the details by 12:00.
ham,Your order #1173 has been shipped.
spam,Earn  per week from home! Details at http://spam-link.com
ham,Please review the document and let me know.
ham,Please review the document and let me know.
ham,I will send you the details by 16:00.
spam,Special offer: Buy 1 get  free. Visit http://spam-link.com
spam,You have  unread messages. Check at http://spam-link.com
spam,Last chance to claim your  reward. Click http://spam-link.com
spam,Free gift card worth ! Claim at http://spam-link.com
spam,Exclusive: % off everything today only. Shop http://spam-link.com
spam,You have been selected for a  reward. Claim at http://spam-link.com
ham,Quick question: are you free at 10:00?
spam,Special offer: Buy 1 get  free. Visit http://spam-link.com
spam,URGENT: Security alert for your account. Verify at http://spam-link.com
ham,The payment has been processed successfully.
spam,CONGRATULATIONS! You have won a  prize! Click here to claim.
ham,I will send you the details by 16:00.
spam,Free gift card worth ! Claim at http://spam-link.com
spam,LIMITED TIME OFFER: Get  off your next purchase. Use code SPAM3969
spam,CONGRATULATIONS! You have won a  prize! Click here to claim.
ham,Your order #5568 has been shipped.
ham,Thanks for the feedback. I will incorporate it.
ham,Let me know if you need anything else.
ham,Just wanted to check in. Hope you are doing well.
spam,FREE entry to win  cash! Text WIN to 7999
ham,Meeting scheduled for 16:00 tomorrow. Please confirm.
ham,Let me know if you need anything else.
spam,Special offer: Buy 1 get  free. Visit http://spam-link.com
ham,I will send you the details by 13:00.
ham,Welcome to the team! Looking forward to working with you.
ham,I will send you the details by 16:00.
spam,Earn  per week from home! Details at http://spam-link.com
ham,Welcome to the team! Looking forward to working with you.
spam,URGENT: Your account will be closed. Verify now at http://spam-link.com
ham,The report is ready. Please find attached.
ham,Your order #1090 has been shipped.
ham,The report is ready. Please find attached.
ham,Happy birthday! Have a great day!
spam,You have been selected for a  reward. Claim at http://spam-link.com
spam,Alert: Suspicious activity on your account. Secure at http://spam-link.com
spam,Exclusive deal:  discount on all items. Shop at http://spam-link.com
ham,Reminder: appointment at 16:00 tomorrow.
ham,Thanks for the feedback. I will incorporate it.
spam,Special offer: Buy 1 get  free. Visit http://spam-link.com
ham,The meeting went well. Next steps are...
ham,Reminder: appointment at 14:00 tomorrow.
spam,LIMITED TIME OFFER: Get  off your next purchase. Use code SPAM1310
ham,"Hey, how are you? Let me know when you can meet."
ham,The meeting went well. Next steps are...
spam,You have been pre-approved for  loan. Apply now at http://spam-link.com
spam,Your loan of  has been approved. No credit check. Apply at http://spam-link.com
ham,Your order #9147 has been shipped.
spam,Last chance to claim your  reward. Click http://spam-link.com
spam,WINNER! You have won a free vacation worth . Call 2384 now.
ham,Reminder: appointment at 16:00 tomorrow.
spam,CONGRATULATIONS! You have won a  prize! Click here to claim.
ham,I will send you the details by 14:00.
ham,Thanks for the feedback. I will incorporate it.
ham,Quick question: are you free at 9:00?
ham,The package has been delivered.
ham,Can we reschedule our call to 9:00?
ham,Reminder: appointment at 17:00 tomorrow.
ham,Let me know if you need anything else.
ham,Happy birthday! Have a great day!
ham,The report is ready. Please find attached.
ham,The meeting went well. Next steps are...
spam,Congratulations! You are eligible for  cashback. Visit http://spam-link.com
spam,Exclusive deal:  discount on all items. Shop at http://spam-link.com
ham,Let me know if you need anything else.
spam,You have  unread messages. Check at http://spam-link.com
spam,Your loan of  has been approved. No credit check. Apply at http://spam-link.com
ham,Let me know if you need anything else.
ham,Please review the document and let me know.
ham,"Hey, how are you? Let me know when you can meet."
spam,Exclusive deal:  discount on all items. Shop at http://spam-link.com
spam,Congratulations! You are eligible for  cashback. Visit http://spam-link.com
ham,I will send you the details by 16:00.
spam,You have been pre-approved for  loan. Apply now at http://spam-link.com
spam,You have  unread messages. Check at http://spam-link.com
ham,Reminder: appointment at 11:00 tomorrow.
ham,Thanks for your help with the project.
ham,Quick question: are you free at 16:00?
ham,Happy birthday! Have a great day!
ham,The package has been delivered.
spam,You have won a brand new iPhone! Claim at http://spam-link.com
ham,Let me know if you need anything else.
ham,Welcome to the team! Looking forward to working with you.
spam,CONGRATULATIONS! You have won a  prize! Click here to claim.
spam,FREE entry to win  cash! Text WIN to 3749
ham,Thanks for your help with the project.
spam,Exclusive: % off everything today only. Shop http://spam-link.com
ham,Your order #5333 has been shipped.
ham,The package has been delivered.
spam,Exclusive: % off everything today only. Shop http://spam-link.com
ham,"Hey, how are you? Let me know when you can meet."
ham,See you at 14:00 for lunch.
spam,CONGRATULATIONS! You have won a  prize! Click here to claim.
ham,Thanks for the update. I will review it tomorrow.
ham,Welcome to the team! Looking forward to working with you.
spam,CONGRATULATIONS! You have won a  prize! Click here to claim.
spam,Last chance to claim your  reward. Click http://spam-link.com
ham,The package has been delivered.
ham,Can we reschedule our call to 11:00?
ham,Reminder: appointment at 9:00 tomorrow.
ham,Meeting scheduled for 14:00 tomorrow. Please confirm.
ham,Your order #977 has been shipped.
spam,You have been pre-approved for  loan. Apply now at http://spam-link.com
spam,CONGRATULATIONS! You have won a  prize! Click here to claim.
ham,Welcome to the team! Looking forward to working with you.
ham,The report is ready. Please find attached.
spam,Exclusive deal:  discount on all items. Shop at http://spam-link.com
spam,Free gift card worth ! Claim at http://spam-link.com
ham,Meeting scheduled for 17:00 tomorrow. Please confirm.
ham,I will send you the details by 17:00.
spam,Your package delivery failed. Reschedule at http://spam-link.com
ham,I will send you the details by 12:00.
ham,Thanks for the feedback. I will incorporate it.
ham,See you at 10:00 for lunch.
ham,Thanks for your help with the project.
spam,You have been selected for a  reward. Claim at http://spam-link.com
spam,URGENT: Your account will be closed. Verify now at http://spam-link.com
spam,You have been pre-approved for  loan. Apply now at http://spam-link.com
ham,Your order #4593 has been shipped.
ham,Happy birthday! Have a great day!
spam,Special offer: Buy 1 get  free. Visit http://spam-link.com
spam,Free gift card worth ! Claim at http://spam-link.com
ham,Your order #4750 has been shipped.
spam,Your package delivery failed. Reschedule at http://spam-link.com
ham,The meeting went well. Next steps are...
ham,Let me know if you need anything else.
spam,Exclusive deal:  discount on all items. Shop at http://spam-link.com
ham,Meeting scheduled for 11:00 tomorrow. Please confirm.
ham,Let me know if you need anything else.
spam,LIMITED TIME OFFER: Get  off your next purchase. Use code SPAM6474
spam,Exclusive: % off everything today only. Shop http://spam-link.com
spam,URGENT: Security alert for your account. Verify at http://spam-link.com
ham,Meeting scheduled for 16:00 tomorrow. Please confirm.
spam,Alert: Suspicious activity on your account. Secure at http://spam-link.com
spam,Exclusive: % off everything today only. Shop http://spam-link.com
ham,Thanks for the update. I will review it tomorrow.
spam,Alert: Suspicious activity on your account. Secure at http://spam-link.com
ham,Happy birthday! Have a great day!
spam,Your loan of  has been approved. No credit check. Apply at http://spam-link.com
ham,Thanks for the feedback. I will incorporate it.
spam,Exclusive: % off everything today only. Shop http://spam-link.com
ham,Happy birthday! Have a great day!
ham,Just wanted to check in. Hope you are doing well.
spam,Your package delivery failed. Reschedule at http://spam-link.com
ham,Quick question: are you free at 14:00?
spam,Congratulations! You are eligible for  cashback. Visit http://spam-link.com
ham,I will send you the details by 16:00.
spam,URGENT: Security alert for your account. Verify at http://spam-link.com
spam,Your package delivery failed. Reschedule at http://spam-link.com
spam,You have won a brand new iPhone! Claim at http://spam-link.com
spam,WINNER! You have won a free vacation worth . Call 855 now.
ham,Thanks for the update. I will review it tomorrow.
spam,URGENT: Your account will be closed. Verify now at http://spam-link.com
ham,Welcome to the team! Looking forward to working with you.
ham,Welcome to the team! Looking forward to working with you.
ham,The report is ready. Please find attached.
ham,I will send you the details by 10:00.
ham,The report is ready. Please find attached.
ham,Please review the document and let me know.
spam,Free gift card worth ! Claim at http://spam-link.com
ham,Please review the document and let me know.
ham,Just wanted to check in. Hope you are doing well.
ham,Welcome to the team! Looking forward to working with you.
ham,Thanks for the feedback. I will incorporate it.
ham,The package has been delivered.
ham,The meeting went well. Next steps are...
ham,Happy birthday! Have a great day!
spam,FREE entry to win  cash! Text WIN to 3078
spam,URGENT: Your account will be closed. Verify now at http://spam-link.com
ham,The payment has been processed successfully.
spam,Your package delivery failed. Reschedule at http://spam-link.com
ham,The package has been delivered.
spam,Special offer: Buy 1 get  free. Visit http://spam-link.com
spam,URGENT: Security alert for your account. Verify at http://spam-link.com
spam,Your loan of  has been approved. No credit check. Apply at http://spam-link.com
ham,Happy birthday! Have a great day!
spam,You have been pre-approved for  loan. Apply now at http://spam-link.com
spam,Your package delivery failed. Reschedule at http://spam-link.com
spam,LIMITED TIME OFFER: Get  off your next purchase. Use code SPAM6756
spam,Special offer: Buy 1 get  free. Visit http://spam-link.com
spam,Special offer: Buy 1 get  free. Visit http://spam-link.com
spam,Free gift card worth ! Claim at http://spam-link.com
spam,Earn  per week from home! Details at http://spam-link.com
spam,You have  unread messages. Check at http://spam-link.com
spam,URGENT: Security alert for your account. Verify at http://spam-link.com
ham,See you at 9:00 for lunch.
ham,Happy birthday! Have a great day!
ham,See you at 13:00 for lunch.
ham,Can we reschedule our call to 9:00?
ham,Can we reschedule our call to 16:00?
ham,Just wanted to check in. Hope you are doing well.
spam,Special offer: Buy 1 get  free. Visit http://spam-link.com
ham,Welcome to the team! Looking forward to working with you.
ham,Please review the document and let me know.
spam,Your loan of  has been approved. No credit check. Apply at http://spam-link.com
spam,Special offer: Buy 1 get  free. Visit http://spam-link.com
spam,Last chance to claim your  reward. Click http://spam-link.com
ham,The report is ready. Please find attached.
spam,You have  unread messages. Check at http://spam-link.com
spam,Your package delivery failed. Reschedule at http://spam-link.com
spam,Alert: Suspicious activity on your account. Secure at http://spam-link.com
ham,Reminder: appointment at 14:00 tomorrow.
spam,Alert: Suspicious activity on your account. Secure at http://spam-link.com
ham,I will send you the details by 13:00.
ham,Thanks for your help with the project.
ham,The payment has been processed successfully.
ham,Happy birthday! Have a great day!
ham,Just wanted to check in. Hope you are doing well.
spam,Earn  per week from home! Details at http://spam-link.com
spam,You have been selected for a  reward. Claim at http://spam-link.com
ham,The report is ready. Please find attached.
ham,The report is ready. Please find attached.
spam,Exclusive: % off everything today only. Shop http://spam-link.com
ham,"Hey, how are you? Let me know when you can meet."
spam,Your package delivery failed. Reschedule at http://spam-link.com
spam,Alert: Suspicious activity on your account. Secure at http://spam-link.com
ham,Happy birthday! Have a great day!
ham,Welcome to the team! Looking forward to working with you.
spam,Exclusive: % off everything today only. Shop http://spam-link.com
ham,Meeting scheduled for 11:00 tomorrow. Please confirm.
ham,The meeting went well. Next steps are...
ham,Thanks for the feedback. I will incorporate it.
ham,The report is ready. Please find attached.
ham,Reminder: appointment at 13:00 tomorrow.
spam,Exclusive: % off everything today only. Shop http://spam-link.com
spam,Your loan of  has been approved. No credit check. Apply at http://spam-link.com
ham,Happy birthday! Have a great day!
ham,Happy birthday! Have a great day!
ham,The meeting went well. Next steps are...
spam,CONGRATULATIONS! You have won a  prize! Click here to claim.
spam,Special offer: Buy 1 get  free. Visit http://spam-link.com
spam,You have been pre-approved for  loan. Apply now at http://spam-link.com
spam,WINNER! You have won a free vacation worth . Call 8694 now.
ham,Thanks for the feedback. I will incorporate it.
spam,CONGRATULATIONS! You have won a  prize! Click here to claim.
ham,Let me know if you need anything else.
spam,Exclusive deal:  discount on all items. Shop at http://spam-link.com
ham,Can we reschedule our call to 10:00?
ham,Welcome to the team! Looking forward to working with you.
ham,Just wanted to check in. Hope you are doing well.
spam,You have  unread messages. Check at http://spam-link.com
ham,Reminder: appointment at 15:00 tomorrow.
ham,Just wanted to check in. Hope you are doing well.
spam,URGENT: Your account will be closed. Verify now at http://spam-link.com
spam,You have  unread messages. Check at http://spam-link.com
ham,Quick question: are you free at 9:00?
ham,Quick question: are you free at 11:00?
spam,You have been selected for a  reward. Claim at http://spam-link.com
ham,See you at 13:00 for lunch.
spam,Your package delivery failed. Reschedule at http://spam-link.com
ham,Your order #3801 has been shipped.
ham,Quick question: are you free at 14:00?
ham,Thanks for the feedback. I will incorporate it.
ham,See you at 15:00 for lunch.
ham,Just wanted to check in. Hope you are doing well.
ham,I will send you the details by 9:00.
ham,Welcome to the team! Looking forward to working with you.
spam,Exclusive: % off everything today only. Shop http://spam-link.com
ham,Your order #2243 has been shipped.
ham,The report is ready. Please find attached.
spam,URGENT: Your account will be closed. Verify now at http://spam-link.com
ham,I will send you the details by 13:00.
ham,The package has been delivered.
ham,Quick question: are you free at 11:00?
spam,You have been pre-approved for  loan. Apply now at http://spam-link.com
ham,The meeting went well. Next steps are...
spam,WINNER! You have won a free vacation worth . Call 3848 now.
ham,Can we reschedule our call to 10:00?
ham,Welcome to the team! Looking forward to working with you.
ham,Happy birthday! Have a great day!
ham,See you at 9:00 for lunch.
ham,Can we reschedule our call to 11:00?
ham,Your order #4133 has been shipped.
ham,The payment has been processed successfully.
spam,Special offer: Buy 1 get  free. Visit http://spam-link.com
ham,"Hey, how are you? Let me know when you can meet."
spam,You have won a brand new iPhone! Claim at http://spam-link.com
spam,You have been selected for a  reward. Claim at http://spam-link.com
ham,Quick question: are you free at 12:00?
ham,Thanks for your help with the project.
ham,Please review the document and let me know.
spam,Your loan of  has been approved. No credit check. Apply at http://spam-link.com
spam,Your loan of  has been approved. No credit check. Apply at http://spam-link.com
spam,Your package delivery failed. Reschedule at http://spam-link.com
ham,Welcome to the team! Looking forward to working with you.
ham,See you at 9:00 for lunch.
spam,You have been pre-approved for  loan. Apply now at http://spam-link.com
ham,Can we reschedule our call to 10:00?
ham,The package has been delivered.
spam,You have won a brand new iPhone! Claim at http://spam-link.com
ham,Reminder: appointment at 15:00 tomorrow.
spam,URGENT: Security alert for your account. Verify at http://spam-link.com
spam,Special offer: Buy 1 get  free. Visit http://spam-link.com
spam,You have won a brand new iPhone! Claim at http://spam-link.com
spam,You have been selected for a  reward. Claim at http://spam-link.com
ham,I will send you the details by 11:00.
spam,You have been pre-approved for  loan. Apply now at http://spam-link.com
spam,Exclusive deal:  discount on all items. Shop at http://spam-link.com
spam,Last chance to claim your  reward. Click http://spam-link.com
ham,Can we reschedule our call to 9:00?
ham,Quick question: are you free at 12:00?
spam,Your package delivery failed. Reschedule at http://spam-link.com
spam,You have won a brand new iPhone! Claim at http://spam-link.com
ham,Reminder: appointment at 12:00 tomorrow.
spam,Earn  per week from home! Details at http://spam-link.com
spam,Alert: Suspicious activity on your account. Secure at http://spam-link.com
ham,Thanks for the feedback. I will incorporate it.
spam,You have been pre-approved for  loan. Apply now at http://spam-link.com
ham,The report is ready. Please find attached.
spam,Alert: Suspicious activity on your account. Secure at http://spam-link.com
ham,Happy birthday! Have a great day!
spam,Your loan of  has been approved. No credit check. Apply at http://spam-link.com
spam,LIMITED TIME OFFER: Get  off your next purchase. Use code SPAM7714
ham,Reminder: appointment at 10:00 tomorrow.
spam,You have  unread messages. Check at http://spam-link.com
ham,Can we reschedule our call to 16:00?
spam,LIMITED TIME OFFER: Get  off your next purchase. Use code SPAM7807
ham,Just wanted to check in. Hope you are doing well.
spam,URGENT: Your account will be closed. Verify now at http://spam-link.com
ham,Welcome to the team! Looking forward to working with you.
ham,Thanks for your help with the project.
spam,Special offer: Buy 1 get  free. Visit http://spam-link.com
spam,Earn  per week from home! Details at http://spam-link.com
ham,Let me know if you need anything else.
ham,Please review the document and let me know.
spam,URGENT: Your account will be closed. Verify now at http://spam-link.com
spam,Congratulations! You are eligible for  cashback. Visit http://spam-link.com
spam,Exclusive: % off everything today only. Shop http://spam-link.com
spam,Exclusive deal:  discount on all items. Shop at http://spam-link.com
spam,URGENT: Your account will be closed. Verify now at http://spam-link.com
ham,The meeting went well. Next steps are...
spam,Exclusive: % off everything today only. Shop http://spam-link.com
spam,Exclusive deal:  discount on all items. Shop at http://spam-link.com
ham,Thanks for the feedback. I will incorporate it.
spam,Alert: Suspicious activity on your account. Secure at http://spam-link.com
ham,Welcome to the team! Looking forward to working with you.
spam,URGENT: Your account will be closed. Verify now at http://spam-link.com
ham,See you at 13:00 for lunch.
ham,Reminder: appointment at 16:00 tomorrow.
ham,Meeting scheduled for 9:00 tomorrow. Please confirm.
ham,"Hey, how are you? Let me know when you can meet."
spam,Your package delivery failed. Reschedule at http://spam-link.com
spam,URGENT: Your account will be closed. Verify now at http://spam-link.com
ham,The payment has been processed successfully.
spam,You have  unread messages. Check at http://spam-link.com
ham,Happy birthday! Have a great day!
ham,The meeting went well. Next steps are...
ham,The payment has been processed successfully.
ham,The report is ready. Please find attached.
ham,The payment has been processed successfully.
spam,Congratulations! You are eligible for  cashback. Visit http://spam-link.com
spam,Earn  per week from home! Details at http://spam-link.com
spam,Congratulations! You are eligible for  cashback. Visit http://spam-link.com
spam,Exclusive: % off everything today only. Shop http://spam-link.com
spam,Alert: Suspicious activity on your account. Secure at http://spam-link.com
ham,The report is ready. Please find attached.
ham,Meeting scheduled for 14:00 tomorrow. Please confirm.
ham,Let me know if you need anything else.
spam,Your loan of  has been approved. No credit check. Apply at http://spam-link.com
ham,Please review the document and let me know.
ham,Meeting scheduled for 9:00 tomorrow. Please confirm.
spam,WINNER! You have won a free vacation worth . Call 8696 now.
ham,Thanks for the feedback. I will incorporate it.
ham,"Hey, how are you? Let me know when you can meet."
spam,Congratulations! You are eligible for  cashback. Visit http://spam-link.com
spam,Special offer: Buy 1 get  free. Visit http://spam-link.com
spam,You have been selected for a  reward. Claim at http://spam-link.com
ham,Can we reschedule our call to 9:00?
ham,Just wanted to check in. Hope you are doing well.
ham,Thanks for the feedback. I will incorporate it.
ham,Your order #4325 has been shipped.
ham,Welcome to the team! Looking forward to working with you.
ham,I will send you the details by 14:00.
ham,Can we reschedule our call to 14:00?
ham,I will send you the details by 14:00.
spam,URGENT: Security alert for your account. Verify at http://spam-link.com
ham,See you at 14:00 for lunch.
ham,The report is ready. Please find attached.
ham,Let me know if you need anything else.
ham,Just wanted to check in. Hope you are doing well.
ham,See you at 12:00 for lunch.
ham,The report is ready. Please find attached.
ham,Can we reschedule our call to 11:00?
ham,Quick question: are you free at 13:00?
ham,Thanks for your help with the project.
ham,Let me know if you need anything else.
spam,Congratulations! You are eligible for  cashback. Visit http://spam-link.com
ham,Thanks for the feedback. I will incorporate it.
spam,FREE entry to win  cash! Text WIN to 9189
spam,Special offer: Buy 1 get  free. Visit http://spam-link.com
ham,Thanks for the update. I will review it tomorrow.
spam,Earn  per week from home! Details at http://spam-link.com
ham,The meeting went well. Next steps are...
spam,FREE entry to win  cash! Text WIN to 9967
spam,LIMITED TIME OFFER: Get  off your next purchase. Use code SPAM881
ham,Thanks for the feedback. I will incorporate it.
ham,"Hey, how are you? Let me know when you can meet."
ham,See you at 13:00 for lunch.
ham,Your order #4035 has been shipped.
ham,Can we reschedule our call to 14:00?
spam,URGENT: Security alert for your account. Verify at http://spam-link.com
spam,Your loan of  has been approved. No credit check. Apply at http://spam-link.com
ham,Please review the document and let me know.
ham,Please review the document and let me know.
ham,Quick question: are you free at 10:00?
ham,Your order #1641 has been shipped.
ham,Welcome to the team! Looking forward to working with you.
ham,Happy birthday! Have a great day!
spam,CONGRATULATIONS! You have won a  prize! Click here to claim.
ham,Thanks for the update. I will review it tomorrow.
ham,See you at 12:00 for lunch.
ham,Can we reschedule our call to 16:00?
ham,Just wanted to check in. Hope you are doing well.
spam,Exclusive deal:  discount on all items. Shop at http://spam-link.com
ham,Please review the document and let me know.
spam,Free gift card worth ! Claim at http://spam-link.com
spam,You have won a brand new iPhone! Claim at http://spam-link.com
ham,Quick question: are you free at 9:00?
spam,Alert: Suspicious activity on your account. Secure at http://spam-link.com
ham,Thanks for the feedback. I will incorporate it.
spam,Special offer: Buy 1 get  free. Visit http://spam-link.com
ham,Let me know if you need anything else.
spam,Exclusive deal:  discount on all items. Shop at http://spam-link.com
ham,Thanks for the update. I will review it tomorrow.
ham,Let me know if you need anything else.
spam,You have been pre-approved for  loan. Apply now at http://spam-link.com
spam,Special offer: Buy 1 get  free. Visit http://spam-link.com
spam,You have won a brand new iPhone! Claim at http://spam-link.com
ham,Happy birthday! Have a great day!
ham,Happy birthday! Have a great day!
spam,Exclusive deal:  discount on all items. Shop at http://spam-link.com
spam,Your loan of  has been approved. No credit check. Apply at http://spam-link.com
spam,CONGRATULATIONS! You have won a  prize! Click here to claim.
ham,"Hey, how are you? Let me know when you can meet."
ham,Your order #873 has been shipped.
spam,FREE entry to win  cash! Text WIN to 2602
spam,URGENT: Security alert for your account. Verify at http://spam-link.com
ham,The report is ready. Please find attached.
ham,Thanks for your help with the project.
ham,The meeting went well. Next steps are...
ham,Thanks for the update. I will review it tomorrow.
spam,WINNER! You have won a free vacation worth . Call 737 now.
ham,Thanks for the update. I will review it tomorrow.
ham,The meeting went well. Next steps are...
ham,Your order #8657 has been shipped.
ham,"Hey, how are you? Let me know when you can meet."
spam,FREE entry to win  cash! Text WIN to 6383
ham,Let me know if you need anything else.
ham,Your order #8433 has been shipped.
spam,CONGRATULATIONS! You have won a  prize! Click here to claim.
ham,The report is ready. Please find attached.
ham,Thanks for the update. I will review it tomorrow.
ham,The package has been delivered.
ham,The report is ready. Please find attached.
spam,CONGRATULATIONS! You have won a  prize! Click here to claim.
spam,Your loan of  has been approved. No credit check. Apply at http://spam-link.com
ham,Meeting scheduled for 11:00 tomorrow. Please confirm.
ham,See you at 17:00 for lunch.
spam,Special offer: Buy 1 get  free. Visit http://spam-link.com
ham,The payment has been processed successfully.
ham,Your order #9622 has been shipped.
ham,Let me know if you need anything else.
ham,The meeting went well. Next steps are...
ham,Can we reschedule our call to 9:00?
ham,Happy birthday! Have a great day!
ham,Reminder: appointment at 16:00 tomorrow.
ham,The meeting went well. Next steps are...
spam,Earn  per week from home! Details at http://spam-link.com
ham,The meeting went well. Next steps are...
ham,Thanks for the update. I will review it tomorrow.
ham,Reminder: appointment at 10:00 tomorrow.
ham,Welcome to the team! Looking forward to working with you.
ham,"Hey, how are you? Let me know when you can meet."
ham,Quick question: are you free at 13:00?
ham,Just wanted to check in. Hope you are doing well.
ham,Thanks for your help with the project.
ham,The report is ready. Please find attached.
spam,Last chance to claim your  reward. Click http://spam-link.com
ham,Reminder: appointment at 9:00 tomorrow.
spam,You have been selected for a  reward. Claim at http://spam-link.com
spam,Free gift card worth ! Claim at http://spam-link.com
ham,Happy birthday! Have a great day!
ham,Happy birthday! Have a great day!
spam,CONGRATULATIONS! You have won a  prize! Click here to claim.
ham,I will send you the details by 16:00.
ham,Thanks for the update. I will review it tomorrow.
spam,Your loan of  has been approved. No credit check. Apply at http://spam-link.com
ham,Your order #770 has been shipped.
spam,You have been selected for a  reward. Claim at http://spam-link.com
spam,FREE entry to win  cash! Text WIN to 3430
spam,URGENT: Your account will be closed. Verify now at http://spam-link.com
ham,Can we reschedule our call to 15:00?
ham,Welcome to the team! Looking forward to working with you.
spam,You have  unread messages. Check at http://spam-link.com
ham,Welcome to the team! Looking forward to working with you.
ham,Welcome to the team! Looking forward to working with you.
spam,You have been pre-approved for  loan. Apply now at http://spam-link.com
ham,Just wanted to check in. Hope you are doing well.
spam,Earn  per week from home! Details at http://spam-link.com
ham,Quick question: are you free at 13:00?
spam,Free gift card worth ! Claim at http://spam-link.com
ham,The payment has been processed successfully.
ham,Can we reschedule our call to 9:00?
spam,Your loan of  has been approved. No credit check. Apply at http://spam-link.com
ham,Thanks for the feedback. I will incorporate it.
ham,"Hey, how are you? Let me know when you can meet."
ham,The meeting went well. Next steps are...
spam,Free gift card worth ! Claim at http://spam-link.com
spam,Your loan of  has been approved. No credit check. Apply at http://spam-link.com
ham,Meeting scheduled for 11:00 tomorrow. Please confirm.
ham,Meeting scheduled for 13:00 tomorrow. Please confirm.
ham,The package has been delivered.
spam,Your package delivery failed. Reschedule at http://spam-link.com
spam,Special offer: Buy 1 get  free. Visit http://spam-link.com
ham,I will send you the details by 12:00.
spam,Exclusive: % off everything today only. Shop http://spam-link.com
spam,You have won a brand new iPhone! Claim at http://spam-link.com
spam,Congratulations! You are eligible for  cashback. Visit http://spam-link.com
spam,Congratulations! You are eligible for  cashback. Visit http://spam-link.com
ham,Meeting scheduled for 11:00 tomorrow. Please confirm.
ham,Let me know if you need anything else.
ham,The meeting went well. Next steps are...
ham,The report is ready. Please find attached.
spam,Exclusive deal:  discount on all items. Shop at http://spam-link.com
ham,Your order #3506 has been shipped.
spam,WINNER! You have won a free vacation worth . Call 6104 now.
ham,Welcome to the team! Looking forward to working with you.
ham,Welcome to the team! Looking forward to working with you.
ham,The package has been delivered.
ham,Let me know if you need anything else.
ham,The payment has been processed successfully.
ham,Thanks for the update. I will review it tomorrow.
ham,Welcome to the team! Looking forward to working with you.
spam,Free gift card worth ! Claim at http://spam-link.com
spam,WINNER! You have won a free vacation worth . Call 2035 now.
ham,Thanks for the feedback. I will incorporate it.
spam,Last chance to claim your  reward. Click http://spam-link.com
ham,Your order #819 has been shipped.
ham,Thanks for your help with the project.
ham,Quick question: are you free at 17:00?
ham,The payment has been processed successfully.
ham,Let me know if you need anything else.
spam,You have been selected for a  reward. Claim at http://spam-link.com
spam,Your package delivery failed. Reschedule at http://spam-link.com
ham,Let me know if you need anything else.
ham,The payment has been processed successfully.
spam,Free gift card worth ! Claim at http://spam-link.com
spam,URGENT: Your account will be closed. Verify now at http://spam-link.com
spam,WINNER! You have won a free vacation worth . Call 5509 now.
ham,Thanks for the update. I will review it tomorrow.
ham,Can we reschedule our call to 10:00?
spam,FREE entry to win  cash! Text WIN to 2170
ham,Please review the document and let me know.
spam,Alert: Suspicious activity on your account. Secure at http://spam-link.com
ham,Welcome to the team! Looking forward to working with you.
spam,FREE entry to win  cash! Text WIN to 6536
ham,Quick question: are you free at 17:00?
ham,Let me know if you need anything else.
ham,Please review the document and let me know.
ham,See you at 11:00 for lunch.
spam,You have  unread messages. Check at http://spam-link.com
ham,Thanks for the feedback. I will incorporate it.
ham,Reminder: appointment at 9:00 tomorrow.
spam,URGENT: Security alert for your account. Verify at http://spam-link.com
spam,Earn  per week from home! Details at http://spam-link.com
spam,You have been selected for a  reward. Claim at http://spam-link.com
spam,WINNER! You have won a free vacation worth . Call 4689 now.
spam,You have been pre-approved for  loan. Apply now at http://spam-link.com
ham,Welcome to the team! Looking forward to working with you.
spam,LIMITED TIME OFFER: Get  off your next purchase. Use code SPAM7118
spam,LIMITED TIME OFFER: Get  off your next purchase. Use code SPAM3783
spam,Special offer: Buy 1 get  free. Visit http://spam-link.com
ham,Meeting scheduled for 16:00 tomorrow. Please confirm.
spam,You have been pre-approved for  loan. Apply now at http://spam-link.com
ham,Welcome to the team! Looking forward to working with you.
ham,The payment has been processed successfully.
ham,Quick question: are you free at 12:00?
spam,Congratulations! You are eligible for  cashback. Visit http://spam-link.com
spam,Free gift card worth ! Claim at http://spam-link.com
spam,Exclusive deal:  discount on all items. Shop at http://spam-link.com
spam,You have won a brand new iPhone! Claim at http://spam-link.com
ham,Just wanted to check in. Hope you are doing well.
ham,Reminder: appointment at 9:00 tomorrow.
ham,Just wanted to check in. Hope you are doing well.
ham,The report is ready. Please find attached.
ham,Meeting scheduled for 14:00 tomorrow. Please confirm.
ham,Quick question: are you free at 11:00?
ham,Thanks for the feedback. I will incorporate it.
spam,Last chance to claim your  reward. Click http://spam-link.com
ham,Thanks for the update. I will review it tomorrow.
spam,Your package delivery failed. Reschedule at http://spam-link.com
spam,LIMITED TIME OFFER: Get  off your next purchase. Use code SPAM9135
ham,Your order #4399 has been shipped.
ham,Let me know if you need anything else.
spam,WINNER! You have won a free vacation worth . Call 2875 now.
ham,Your order #429 has been shipped.
ham,The meeting went well. Next steps are...
ham,"Hey, how are you? Let me know when you can meet."
ham,Happy birthday! Have a great day!
spam,Earn  per week from home! Details at http://spam-link.com
spam,Last chance to claim your  reward. Click http://spam-link.com
ham,Happy birthday! Have a great day!
ham,Thanks for the feedback. I will incorporate it.
ham,Thanks for the update. I will review it tomorrow.
ham,Can we reschedule our call to 14:00?
ham,Let me know if you need anything else.
spam,You have  unread messages. Check at http://spam-link.com
ham,The package has been delivered.
ham,Can we reschedule our call to 16:00?
ham,Thanks for the feedback. I will incorporate it.
spam,CONGRATULATIONS! You have won a  prize! Click here to claim.
ham,Meeting scheduled for 13:00 tomorrow. Please confirm.
spam,Your loan of  has been approved. No credit check. Apply at http://spam-link.com
ham,Let me know if you need anything else.
spam,Last chance to claim your  reward. Click http://spam-link.com
ham,The meeting went well. Next steps are...
ham,Thanks for your help with the project.
ham,Please review the document and let me know.
ham,Happy birthday! Have a great day!
ham,I will send you the details by 15:00.
ham,Thanks for your help with the project.
spam,Alert: Suspicious activity on your account. Secure at http://spam-link.com
ham,The report is ready. Please find attached.
ham,Thanks for the feedback. I will incorporate it.
spam,You have been selected for a  reward. Claim at http://spam-link.com
spam,You have been selected for a  reward. Claim at http://spam-link.com
spam,Special offer: Buy 1 get  free. Visit http://spam-link.com
ham,See you at 12:00 for lunch.
ham,Meeting scheduled for 10:00 tomorrow. Please confirm.
spam,Special offer: Buy 1 get  free. Visit http://spam-link.com
ham,Can we reschedule our call to 17:00?
spam,You have won a brand new iPhone! Claim at http://spam-link.com
ham,Welcome to the team! Looking forward to working with you.
ham,Thanks for your help with the project.
ham,The payment has been processed successfully.
ham,The payment has been processed successfully.
ham,The meeting went well. Next steps are...
ham,Can we reschedule our call to 14:00?
spam,CONGRATULATIONS! You have won a  prize! Click here to claim.
ham,Just wanted to check in. Hope you are doing well.
ham,Can we reschedule our call to 9:00?
ham,Please review the document and let me know.
spam,Free gift card worth ! Claim at http://spam-link.com
ham,Let me know if you need anything else.
spam,Congratulations! You are eligible for  cashback. Visit http://spam-link.com
spam,Special offer: Buy 1 get  free. Visit http://spam-link.com
ham,Meeting scheduled for 13:00 tomorrow. Please confirm.
ham,I will send you the details by 16:00.
ham,Let me know if you need anything else.
spam,Earn  per week from home! Details at http://spam-link.com
spam,Alert: Suspicious activity on your account. Secure at http://spam-link.com
ham,"Hey, how are you? Let me know when you can meet."
ham,Quick question: are you free at 13:00?
spam,You have been pre-approved for  loan. Apply now at http://spam-link.com
ham,Your order #3286 has been shipped.
ham,The payment has been processed successfully.
ham,Welcome to the team! Looking forward to working with you.
ham,The package has been delivered.
ham,Quick question: are you free at 17:00?
ham,The report is ready. Please find attached.
spam,Congratulations! You are eligible for  cashback. Visit http://spam-link.com
spam,LIMITED TIME OFFER: Get  off your next purchase. Use code SPAM6148
ham,Just wanted to check in. Hope you are doing well.
spam,LIMITED TIME OFFER: Get  off your next purchase. Use code SPAM3542
spam,Exclusive: % off everything today only. Shop http://spam-link.com
spam,Congratulations! You are eligible for  cashback. Visit http://spam-link.com
ham,Thanks for your help with the project.
spam,You have been selected for a  reward. Claim at http://spam-link.com
ham,Your order #4844 has been shipped.
spam,CONGRATULATIONS! You have won a  prize! Click here to claim.
spam,FREE entry to win  cash! Text WIN to 5128
spam,You have won a brand new iPhone! Claim at http://spam-link.com
ham,Just wanted to check in. Hope you are doing well.
spam,WINNER! You have won a free vacation worth . Call 1700 now.
ham,I will send you the details by 17:00.
spam,Last chance to claim your  reward. Click http://spam-link.com
ham,Meeting scheduled for 17:00 tomorrow. Please confirm.
ham,Quick question: are you free at 12:00?
ham,Meeting scheduled for 12:00 tomorrow. Please confirm.
ham,See you at 15:00 for lunch.
spam,You have been selected for a  reward. Claim at http://spam-link.com
ham,See you at 16:00 for lunch.
ham,The meeting went well. Next steps are...
ham,Happy birthday! Have a great day!
spam,FREE entry to win  cash! Text WIN to 4654
ham,I will send you the details by 17:00.
spam,Exclusive: % off everything today only. Shop http://spam-link.com
ham,The payment has been processed successfully.
ham,I will send you the details by 9:00.
ham,I will send you the details by 11:00.
ham,See you at 10:00 for lunch.
spam,You have  unread messages. Check at http://spam-link.com
spam,WINNER! You have won a free vacation worth . Call 7786 now.
spam,Last chance to claim your  reward. Click http://spam-link.com
spam,Congratulations! You are eligible for  cashback. Visit http://spam-link.com
spam,Free gift card worth ! Claim at http://spam-link.com
spam,You have been selected for a  reward. Claim at http://spam-link.com
spam,Free gift card worth ! Claim at http://spam-link.com
ham,See you at 17:00 for lunch.
spam,Your package delivery failed. Reschedule at http://spam-link.com
ham,The report is ready. Please find attached.
ham,Reminder: appointment at 15:00 tomorrow.
ham,Thanks for your help with the project.
spam,Free gift card worth ! Claim at http://spam-link.com
spam,WINNER! You have won a free vacation worth . Call 9207 now.
ham,Thanks for the feedback. I will incorporate it.
ham,Just wanted to check in. Hope you are doing well.
ham,See you at 10:00 for lunch.
spam,Alert: Suspicious activity on your account. Secure at http://spam-link.com
ham,The payment has been processed successfully.
ham,Can we reschedule our call to 13:00?
ham,Reminder: appointment at 9:00 tomorrow.
spam,Last chance to claim your  reward. Click http://spam-link.com
ham,Reminder: appointment at 9:00 tomorrow.
ham,The payment has been processed successfully.
spam,Your loan of  has been approved. No credit check. Apply at http://spam-link.com
ham,Meeting scheduled for 13:00 tomorrow. Please confirm.
spam,Your loan of  has been approved. No credit check. Apply at http://spam-link.com
ham,Can we reschedule our call to 16:00?
ham,Let me know if you need anything else.
ham,Please review the document and let me know.
ham,Just wanted to check in. Hope you are doing well.
ham,Meeting scheduled for 10:00 tomorrow. Please confirm.
ham,Can we reschedule our call to 10:00?
spam,WINNER! You have won a free vacation worth . Call 7665 now.
spam,Free gift card worth ! Claim at http://spam-link.com
ham,Reminder: appointment at 12:00 tomorrow.
ham,Meeting scheduled for 12:00 tomorrow. Please confirm.
spam,Free gift card worth ! Claim at http://spam-link.com
ham,The payment has been processed successfully.
ham,Just wanted to check in. Hope you are doing well.
spam,Congratulations! You are eligible for  cashback. Visit http://spam-link.com
ham,"Hey, how are you? Let me know when you can meet."
ham,Thanks for the update. I will review it tomorrow.
ham,See you at 14:00 for lunch.
ham,Thanks for the feedback. I will incorporate it.
ham,Just wanted to check in. Hope you are doing well.
spam,LIMITED TIME OFFER: Get  off your next purchase. Use code SPAM8633
spam,Exclusive: % off everything today only. Shop http://spam-link.com
ham,The report is ready. Please find attached.
spam,URGENT: Your account will be closed. Verify now at http://spam-link.com
spam,You have been pre-approved for  loan. Apply now at http://spam-link.com
ham,Reminder: appointment at 16:00 tomorrow.
spam,You have won a brand new iPhone! Claim at http://spam-link.com
ham,The package has been delivered.
ham,Reminder: appointment at 13:00 tomorrow.
ham,Welcome to the team! Looking forward to working with you.
ham,Let me know if you need anything else.
spam,Your loan of  has been approved. No credit check. Apply at http://spam-link.com
spam,You have  unread messages. Check at http://spam-link.com
ham,Thanks for your help with the project.
spam,CONGRATULATIONS! You have won a  prize! Click here to claim.
spam,You have been selected for a  reward. Claim at http://spam-link.com
ham,Welcome to the team! Looking forward to working with you.
spam,Your package delivery failed. Reschedule at http://spam-link.com
ham,Let me know if you need anything else.
spam,URGENT: Security alert for your account. Verify at http://spam-link.com
ham,"Hey, how are you? Let me know when you can meet."
ham,The report is ready. Please find attached.
spam,You have been pre-approved for  loan. Apply now at http://spam-link.com
spam,Exclusive deal:  discount on all items. Shop at http://spam-link.com
spam,Exclusive: % off everything today only. Shop http://spam-link.com
spam,You have  unread messages. Check at http://spam-link.com
spam,LIMITED TIME OFFER: Get  off your next purchase. Use code SPAM8930
ham,I will send you the details by 13:00.
ham,Quick question: are you free at 9:00?
spam,LIMITED TIME OFFER: Get  off your next purchase. Use code SPAM4862
ham,Thanks for the update. I will review it tomorrow.
ham,See you at 15:00 for lunch.
ham,Meeting scheduled for 15:00 tomorrow. Please confirm.
ham,The package has been delivered.
spam,CONGRATULATIONS! You have won a  prize! Click here to claim.
ham,Welcome to the team! Looking forward to working with you.
ham,Welcome to the team! Looking forward to working with you.
spam,WINNER! You have won a free vacation worth . Call 1506 now.
ham,Quick question: are you free at 13:00?
ham,I will send you the details by 17:00.
spam,You have been pre-approved for  loan. Apply now at http://spam-link.com
ham,The payment has been processed successfully.
ham,The payment has been processed successfully.
spam,LIMITED TIME OFFER: Get  off your next purchase. Use code SPAM7714
spam,Exclusive deal:  discount on all items. Shop at http://spam-link.com
ham,Meeting scheduled for 10:00 tomorrow. Please confirm.
ham,The payment has been processed successfully.
ham,Let me know if you need anything else.
spam,URGENT: Your account will be closed. Verify now at http://spam-link.com
ham,Thanks for the feedback. I will incorporate it.
spam,You have won a brand new iPhone! Claim at http://spam-link.com
spam,LIMITED TIME OFFER: Get  off your next purchase. Use code SPAM7470
ham,Happy birthday! Have a great day!
spam,You have been pre-approved for  loan. Apply now at http://spam-link.com
ham,Let me know if you need anything else.
ham,Just wanted to check in. Hope you are doing well.
ham,Let me know if you need anything else.
spam,You have been selected for a  reward. Claim at http://spam-link.com
spam,You have won a brand new iPhone! Claim at http://spam-link.com
spam,FREE entry to win  cash! Text WIN to 1225
ham,The payment has been processed successfully.
spam,Alert: Suspicious activity on your account. Secure at http://spam-link.com
ham,Happy birthday! Have a great day!
spam,You have won a brand new iPhone! Claim at http://spam-link.com
spam,You have won a brand new iPhone! Claim at http://spam-link.com
ham,Happy birthday! Have a great day!
spam,Your package delivery failed. Reschedule at http://spam-link.com
ham,Let me know if you need anything else.
ham,Reminder: appointment at 13:00 tomorrow.
spam,WINNER! You have won a free vacation worth . Call 1188 now.
spam,Last chance to claim your  reward. Click http://spam-link.com
ham,Thanks for the update. I will review it tomorrow.
ham,Meeting scheduled for 16:00 tomorrow. Please confirm.
spam,You have been pre-approved for  loan. Apply now at http://spam-link.com
ham,Thanks for the update. I will review it tomorrow.
spam,Alert: Suspicious activity on your account. Secure at http://spam-link.com
ham,See you at 15:00 for lunch.
ham,Welcome to the team! Looking forward to working with you.
spam,Last chance to claim your  reward. Click http://spam-link.com
ham,The payment has been processed successfully.
ham,Thanks for the update. I will review it tomorrow.
ham,Let me know if you need anything else.
ham,Quick question: are you free at 13:00?
ham,"Hey, how are you? Let me know when you can meet."
spam,You have been pre-approved for  loan. Apply now at http://spam-link.com
spam,WINNER! You have won a free vacation worth . Call 8091 now.
spam,You have  unread messages. Check at http://spam-link.com
ham,Your order #3915 has been shipped.
spam,You have been pre-approved for  loan. Apply now at http://spam-link.com
spam,Alert: Suspicious activity on your account. Secure at http://spam-link.com
ham,Thanks for your help with the project.
ham,Reminder: appointment at 17:00 tomorrow.
ham,The report is ready. Please find attached.
ham,Can we reschedule our call to 17:00?
spam,LIMITED TIME OFFER: Get  off your next purchase. Use code SPAM4449
spam,Last chance to claim your  reward. Click http://spam-link.com
ham,The payment has been processed successfully.
spam,Your loan of  has been approved. No credit check. Apply at http://spam-link.com
spam,URGENT: Security alert for your account. Verify at http://spam-link.com
spam,You have been selected for a  reward. Claim at http://spam-link.com
spam,CONGRATULATIONS! You have won a  prize! Click here to claim.
ham,The meeting went well. Next steps are...
spam,FREE entry to win  cash! Text WIN to 610
ham,The payment has been processed successfully.
spam,Last chance to claim your  reward. Click http://spam-link.com
spam,CONGRATULATIONS! You have won a  prize! Click here to claim.
ham,I will send you the details by 10:00.
ham,Thanks for your help with the project.
ham,Thanks for the feedback. I will incorporate it.
spam,URGENT: Your account will be closed. Verify now at http://spam-link.com
spam,Last chance to claim your  reward. Click http://spam-link.com
spam,Exclusive deal:  discount on all items. Shop at http://spam-link.com
spam,Last chance to claim your  reward. Click http://spam-link.com
ham,Quick question: are you free at 12:00?
ham,"Hey, how are you? Let me know when you can meet."
ham,Meeting scheduled for 17:00 tomorrow. Please confirm.
ham,Let me know if you need anything else.
ham,The meeting went well. Next steps are...
ham,Meeting scheduled for 10:00 tomorrow. Please confirm.
ham,The meeting went well. Next steps are...
ham,Please review the document and let me know.
ham,Can we reschedule our call to 10:00?
ham,Quick question: are you free at 10:00?
ham,I will send you the details by 13:00.
spam,Exclusive: % off everything today only. Shop http://spam-link.com
spam,Your package delivery failed. Reschedule at http://spam-link.com
ham,The meeting went well. Next steps are...
ham,The report is ready. Please find attached.
spam,CONGRATULATIONS! You have won a  prize! Click here to claim.
spam,Congratulations! You are eligible for  cashback. Visit http://spam-link.com
ham,Meeting scheduled for 10:00 tomorrow. Please confirm.
spam,WINNER! You have won a free vacation worth . Call 4502 now.
spam,Last chance to claim your  reward. Click http://spam-link.com
spam,Last chance to claim your  reward. Click http://spam-link.com
ham,Quick question: are you free at 9:00?
ham,Please review the document and let me know.
ham,Thanks for the update. I will review it tomorrow.
spam,Special offer: Buy 1 get  free. Visit http://spam-link.com
spam,Alert: Suspicious activity on your account. Secure at http://spam-link.com
ham,The payment has been processed successfully.
ham,Let me know if you need anything else.
spam,Your package delivery failed. Reschedule at http://spam-link.com
ham,Welcome to the team! Looking forward to working with you.
ham,Your order #3352 has been shipped.
spam,WINNER! You have won a free vacation worth . Call 7008 now.
ham,Quick question: are you free at 17:00?
spam,Your package delivery failed. Reschedule at http://spam-link.com
spam,Exclusive deal:  discount on all items. Shop at http://spam-link.com
spam,Last chance to claim your  reward. Click http://spam-link.com
ham,The payment has been processed successfully.
ham,See you at 13:00 for lunch.
ham,Can we reschedule our call to 14:00?
ham,"Hey, how are you? Let me know when you can meet."
ham,Meeting scheduled for 10:00 tomorrow. Please confirm.
ham,Can we reschedule our call to 9:00?
spam,Last chance to claim your  reward. Click http://spam-link.com
spam,Exclusive deal:  discount on all items. Shop at http://spam-link.com
ham,The report is ready. Please find attached.
spam,Special offer: Buy 1 get  free. Visit http://spam-link.com
spam,URGENT: Security alert for your account. Verify at http://spam-link.com
ham,The meeting went well. Next steps are...
ham,The payment has been processed successfully.
ham,Thanks for the feedback. I will incorporate it.
ham,The package has been delivered.
ham,Thanks for the update. I will review it tomorrow.
ham,"Hey, how are you? Let me know when you can meet."
spam,LIMITED TIME OFFER: Get  off your next purchase. Use code SPAM3696
spam,Free gift card worth ! Claim at http://spam-link.com
ham,Thanks for your help with the project.
spam,Your loan of  has been approved. No credit check. Apply at http://spam-link.com
ham,Reminder: appointment at 17:00 tomorrow.
ham,I will send you the details by 16:00.
ham,Please review the document and let me know.
spam,You have won a brand new iPhone! Claim at http://spam-link.com
ham,I will send you the details by 13:00.
ham,Your order #3744 has been shipped.
spam,CONGRATULATIONS! You have won a  prize! Click here to claim.
spam,Free gift card worth ! Claim at http://spam-link.com
ham,Quick question: are you free at 9:00?
ham,"Hey, how are you? Let me know when you can meet."
ham,Welcome to the team! Looking forward to working with you.
ham,Welcome to the team! Looking forward to working with you.
ham,Your order #8198 has been shipped.
ham,Thanks for the feedback. I will incorporate it.
spam,You have been selected for a  reward. Claim at http://spam-link.com
spam,You have been selected for a  reward. Claim at http://spam-link.com
spam,LIMITED TIME OFFER: Get  off your next purchase. Use code SPAM9275
ham,"Hey, how are you? Let me know when you can meet."
ham,The payment has been processed successfully.
ham,Welcome to the team! Looking forward to working with you.
ham,The payment has been processed successfully.
ham,See you at 13:00 for lunch.
ham,The meeting went well. Next steps are...
spam,Special offer: Buy 1 get  free. Visit http://spam-link.com
ham,The payment has been processed successfully.
spam,You have  unread messages. Check at http://spam-link.com
ham,The meeting went well. Next steps are...
spam,LIMITED TIME OFFER: Get  off your next purchase. Use code SPAM5220
spam,Congratulations! You are eligible for  cashback. Visit http://spam-link.com
ham,See you at 15:00 for lunch.
ham,Happy birthday! Have a great day!
spam,LIMITED TIME OFFER: Get  off your next purchase. Use code SPAM1545
ham,Meeting scheduled for 14:00 tomorrow. Please confirm.
ham,Quick question: are you free at 10:00?
ham,Meeting scheduled for 11:00 tomorrow. Please confirm.
ham,The package has been delivered.
ham,Just wanted to check in. Hope you are doing well.
spam,URGENT: Security alert for your account. Verify at http://spam-link.com
spam,You have  unread messages. Check at http://spam-link.com
ham,Your order #5979 has been shipped.
spam,Exclusive deal:  discount on all items. Shop at http://spam-link.com
spam,Your loan of  has been approved. No credit check. Apply at http://spam-link.com
ham,Just wanted to check in. Hope you are doing well.
ham,Reminder: appointment at 11:00 tomorrow.
spam,Last chance to claim your  reward. Click http://spam-link.com
ham,The report is ready. Please find attached.
ham,See you at 14:00 for lunch.
spam,CONGRATULATIONS! You have won a  prize! Click here to claim.
ham,The package has been delivered.
ham,Happy birthday! Have a great day!
spam,Exclusive: % off everything today only. Shop http://spam-link.com
spam,Alert: Suspicious activity on your account. Secure at http://spam-link.com
ham,Thanks for the feedback. I will incorporate it.
spam,Your loan of  has been approved. No credit check. Apply at http://spam-link.com
ham,Please review the document and let me know.
spam,CONGRATULATIONS! You have won a  prize! Click here to claim.
spam,You have won a brand new iPhone! Claim at http://spam-link.com
spam,You have  unread messages. Check at http://spam-link.com
ham,Meeting scheduled for 14:00 tomorrow. Please confirm.
ham,Thanks for the feedback. I will incorporate it.
spam,Alert: Suspicious activity on your account. Secure at http://spam-link.com
ham,Thanks for your help with the project.
spam,Special offer: Buy 1 get  free. Visit http://spam-link.com
ham,Thanks for your help with the project.
spam,Your loan of  has been approved. No credit check. Apply at http://spam-link.com
ham,Let me know if you need anything else.
spam,You have been selected for a  reward. Claim at http://spam-link.com
spam,CONGRATULATIONS! You have won a  prize! Click here to claim.
ham,Reminder: appointment at 16:00 tomorrow.
spam,You have won a brand new iPhone! Claim at http://spam-link.com
spam,Your package delivery failed. Reschedule at http://spam-link.com
ham,Happy birthday! Have a great day!
ham,Welcome to the team! Looking forward to working with you.
ham,Reminder: appointment at 14:00 tomorrow.
ham,See you at 9:00 for lunch.
spam,Last chance to claim your  reward. Click http://spam-link.com
ham,Can we reschedule our call to 10:00?
spam,You have won a brand new iPhone! Claim at http://spam-link.com
spam,URGENT: Your account will be closed. Verify now at http://spam-link.com
ham,Thanks for the feedback. I will incorporate it.
ham,Meeting scheduled for 9:00 tomorrow. Please confirm.
spam,Earn  per week from home! Details at http://spam-link.com
spam,You have  unread messages. Check at http://spam-link.com
spam,You have won a brand new iPhone! Claim at http://spam-link.com
ham,The meeting went well. Next steps are...
spam,Free gift card worth ! Claim at http://spam-link.com
spam,Earn  per week from home! Details at http://spam-link.com
ham,Welcome to the team! Looking forward to working with you.
ham,Welcome to the team! Looking forward to working with you.
ham,Happy birthday! Have a great day!
spam,You have won a brand new iPhone! Claim at http://spam-link.com
ham,The package has been delivered.
spam,Your loan of  has been approved. No credit check. Apply at http://spam-link.com
spam,Special offer: Buy 1 get  free. Visit http://spam-link.com
spam,LIMITED TIME OFFER: Get  off your next purchase. Use code SPAM5253
spam,Your package delivery failed. Reschedule at http://spam-link.com
ham,Thanks for the update. I will review it tomorrow.
spam,URGENT: Security alert for your account. Verify at http://spam-link.com
spam,CONGRATULATIONS! You have won a  prize! Click here to claim.
ham,Thanks for your help with the project.
ham,Thanks for the feedback. I will incorporate it.
spam,Your loan of  has been approved. No credit check. Apply at http://spam-link.com
spam,URGENT: Your account will be closed. Verify now at http://spam-link.com
ham,Quick question: are you free at 12:00?
spam,Earn  per week from home! Details at http://spam-link.com
spam,CONGRATULATIONS! You have won a  prize! Click here to claim.
ham,Thanks for your help with the project.
ham,The meeting went well. Next steps are...
ham,The payment has been processed successfully.
ham,The package has been delivered.
ham,Thanks for the feedback. I will incorporate it.
ham,I will send you the details by 17:00.
ham,Just wanted to check in. Hope you are doing well.
spam,You have been pre-approved for  loan. Apply now at http://spam-link.com
ham,The package has been delivered.
ham,Thanks for the feedback. I will incorporate it.
ham,The package has been delivered.
ham,Please review the document and let me know.
ham,Thanks for the update. I will review it tomorrow.
ham,Just wanted to check in. Hope you are doing well.
ham,Your order #1569 has been shipped.
spam,Alert: Suspicious activity on your account. Secure at http://spam-link.com
spam,Your package delivery failed. Reschedule at http://spam-link.com
ham,Happy birthday! Have a great day!
spam,Free gift card worth ! Claim at http://spam-link.com
ham,Please review the document and let me know.
spam,Free gift card worth ! Claim at http://spam-link.com
ham,"Hey, how are you? Let me know when you can meet."
ham,Please review the document and let me know.
ham,Just wanted to check in. Hope you are doing well.
ham,Quick question: are you free at 9:00?
spam,Your loan of  has been approved. No credit check. Apply at http://spam-link.com
ham,Quick question: are you free at 9:00?
spam,Exclusive deal:  discount on all items. Shop at http://spam-link.com
spam,URGENT: Security alert for your account. Verify at http://spam-link.com
spam,Special offer: Buy 1 get  free. Visit http://spam-link.com
ham,Happy birthday! Have a great day!
spam,Free gift card worth ! Claim at http://spam-link.com
ham,Your order #405 has been shipped.
ham,The meeting went well. Next steps are...
ham,Thanks for the update. I will review it tomorrow.
spam,Congratulations! You are eligible for  cashback. Visit http://spam-link.com
ham,Meeting scheduled for 12:00 tomorrow. Please confirm.
spam,You have been pre-approved for  loan. Apply now at http://spam-link.com
spam,Alert: Suspicious activity on your account. Secure at http://spam-link.com
ham,Just wanted to check in. Hope you are doing well.
ham,Reminder: appointment at 16:00 tomorrow.
spam,Free gift card worth ! Claim at http://spam-link.com
ham,Welcome to the team! Looking forward to working with you.
spam,URGENT: Security alert for your account. Verify at http://spam-link.com
ham,Let me know if you need anything else.
spam,Special offer: Buy 1 get  free. Visit http://spam-link.com
spam,URGENT: Your account will be closed. Verify now at http://spam-link.com
ham,Thanks for your help with the project.
spam,WINNER! You have won a free vacation worth . Call 568 now.
ham,Reminder: appointment at 14:00 tomorrow.
spam,Earn  per week from home! Details at http://spam-link.com
spam,Earn  per week from home! Details at http://spam-link.com
spam,Congratulations! You are eligible for  cashback. Visit http://spam-link.com
spam,LIMITED TIME OFFER: Get  off your next purchase. Use code SPAM6035
spam,Your package delivery failed. Reschedule at http://spam-link.com
ham,Happy birthday! Have a great day!
ham,Thanks for the feedback. I will incorporate it.
spam,Congratulations! You are eligible for  cashback. Visit http://spam-link.com
spam,Special offer: Buy 1 get  free. Visit http://spam-link.com
spam,Your loan of  has been approved. No credit check. Apply at http://spam-link.com
spam,URGENT: Your account will be closed. Verify now at http://spam-link.com
ham,Thanks for your help with the project.
ham,Let me know if you need anything else.
ham,Thanks for your help with the project.
spam,WINNER! You have won a free vacation worth . Call 905 now.
ham,Just wanted to check in. Hope you are doing well.
ham,Thanks for the feedback. I will incorporate it.
spam,You have been pre-approved for  loan. Apply now at http://spam-link.com
ham,Thanks for your help with the project.
ham,The package has been delivered.
ham,Happy birthday! Have a great day!
spam,URGENT: Security alert for your account. Verify at http://spam-link.com
spam,CONGRATULATIONS! You have won a  prize! Click here to claim.
spam,You have  unread messages. Check at http://spam-link.com
ham,The payment has been processed successfully.
spam,Your package delivery failed. Reschedule at http://spam-link.com
ham,Thanks for the update. I will review it tomorrow.
ham,Please review the document and let me know.
ham,Please review the document and let me know.
spam,WINNER! You have won a free vacation worth . Call 9955 now.
spam,Your loan of  has been approved. No credit check. Apply at http://spam-link.com
ham,Let me know if you need anything else.
ham,Quick question: are you free at 10:00?
spam,Exclusive: % off everything today only. Shop http://spam-link.com
spam,Congratulations! You are eligible for  cashback. Visit http://spam-link.com
ham,Meeting scheduled for 9:00 tomorrow. Please confirm.
ham,The package has been delivered.
spam,Exclusive: % off everything today only. Shop http://spam-link.com
ham,Let me know if you need anything else.
ham,Please review the document and let me know.
ham,Can we reschedule our call to 12:00?
ham,Thanks for the feedback. I will incorporate it.
ham,See you at 15:00 for lunch.
spam,URGENT: Security alert for your account. Verify at http://spam-link.com
ham,Happy birthday! Have a great day!
spam,Last chance to claim your  reward. Click http://spam-link.com
ham,Thanks for your help with the project.
ham,Thanks for the feedback. I will incorporate it.
spam,Free gift card worth ! Claim at http://spam-link.com
ham,Happy birthday! Have a great day!
ham,Thanks for the feedback. I will incorporate it.
ham,"Hey, how are you? Let me know when you can meet."
ham,Happy birthday! Have a great day!
ham,Happy birthday! Have a great day!
spam,You have  unread messages. Check at http://spam-link.com
ham,Thanks for the feedback. I will incorporate it.
spam,Exclusive: % off everything today only. Shop http://spam-link.com
spam,FREE entry to win  cash! Text WIN to 2414
spam,Exclusive deal:  discount on all items. Shop at http://spam-link.com
ham,Can we reschedule our call to 11:00?
spam,You have won a brand new iPhone! Claim at http://spam-link.com
ham,Reminder: appointment at 12:00 tomorrow.
spam,Last chance to claim your  reward. Click http://spam-link.com
spam,CONGRATULATIONS! You have won a  prize! Click here to claim.
spam,You have won a brand new iPhone! Claim at http://spam-link.com
ham,The report is ready. Please find attached.
ham,Quick question: are you free at 14:00?
ham,Thanks for your help with the project.
ham,The package has been delivered.
ham,I will send you the details by 13:00.
ham,Meeting scheduled for 11:00 tomorrow. Please confirm.
spam,WINNER! You have won a free vacation worth . Call 1621 now.
ham,Quick question: are you free at 10:00?
ham,Let me know if you need anything else.
ham,Quick question: are you free at 10:00?
spam,Last chance to claim your  reward. Click http://spam-link.com
spam,You have been pre-approved for  loan. Apply now at http://spam-link.com
spam,Congratulations! You are eligible for  cashback. Visit http://spam-link.com
ham,The report is ready. Please find attached.
ham,Just wanted to check in. Hope you are doing well.
ham,"Hey, how are you? Let me know when you can meet."
ham,Thanks for the update. I will review it tomorrow.
ham,Quick question: are you free at 9:00?
spam,You have  unread messages. Check at http://spam-link.com
spam,FREE entry to win  cash! Text WIN to 1920
spam,URGENT: Security alert for your account. Verify at http://spam-link.com
spam,CONGRATULATIONS! You have won a  prize! Click here to claim.
ham,The report is ready. Please find attached.
ham,Meeting scheduled for 14:00 tomorrow. Please confirm.
spam,URGENT: Security alert for your account. Verify at http://spam-link.com
ham,The meeting went well. Next steps are...
spam,Exclusive: % off everything today only. Shop http://spam-link.com
ham,Please review the document and let me know.
spam,Exclusive deal:  discount on all items. Shop at http://spam-link.com
ham,Let me know if you need anything else.
spam,Free gift card worth ! Claim at http://spam-link.com
ham,Your order #5889 has been shipped.
spam,URGENT: Your account will be closed. Verify now at http://spam-link.com
spam,You have won a brand new iPhone! Claim at http://spam-link.com
ham,Just wanted to check in. Hope you are doing well.
ham,"Hey, how are you? Let me know when you can meet."
spam,URGENT: Your account will be closed. Verify now at http://spam-link.com
ham,Thanks for the feedback. I will incorporate it.
spam,URGENT: Your account will be closed. Verify now at http://spam-link.com
ham,Welcome to the team! Looking forward to working with you.
ham,Reminder: appointment at 10:00 tomorrow.
ham,The package has been delivered.
ham,I will send you the details by 13:00.
ham,See you at 16:00 for lunch.
ham,Your order #7841 has been shipped.
ham,I will send you the details by 13:00.
ham,Quick question: are you free at 12:00?
ham,Just wanted to check in. Hope you are doing well.
ham,Happy birthday! Have a great day!
ham,Let me know if you need anything else.
ham,Reminder: appointment at 14:00 tomorrow.
ham,Happy birthday! Have a great day!
ham,"Hey, how are you? Let me know when you can meet."
spam,Congratulations! You are eligible for  cashback. Visit http://spam-link.com
spam,Earn  per week from home! Details at http://spam-link.com
spam,Earn  per week from home! Details at http://spam-link.com
ham,Let me know if you need anything else.
ham,The report is ready. Please find attached.
ham,The package has been delivered.
spam,Congratulations! You are eligible for  cashback. Visit http://spam-link.com
spam,Your package delivery failed. Reschedule at http://spam-link.com
ham,Meeting scheduled for 10:00 tomorrow. Please confirm.
ham,Your order #6232 has been shipped.
ham,Thanks for your help with the project.
ham,See you at 13:00 for lunch.
ham,Let me know if you need anything else.
ham,I will send you the details by 13:00.
ham,I will send you the details by 10:00.
ham,The meeting went well. Next steps are...
ham,The meeting went well. Next steps are...
ham,Meeting scheduled for 13:00 tomorrow. Please confirm.
spam,LIMITED TIME OFFER: Get  off your next purchase. Use code SPAM1763
spam,You have been selected for a  reward. Claim at http://spam-link.com
spam,Your loan of  has been approved. No credit check. Apply at http://spam-link.com
spam,CONGRATULATIONS! You have won a  prize! Click here to claim.
ham,Welcome to the team! Looking forward to working with you.
ham,Reminder: appointment at 10:00 tomorrow.
ham,I will send you the details by 15:00.
ham,The report is ready. Please find attached.
ham,The payment has been processed successfully.
ham,Happy birthday! Have a great day!
ham,Happy birthday! Have a great day!
spam,You have won a brand new iPhone! Claim at http://spam-link.com
spam,Free gift card worth ! Claim at http://spam-link.com
spam,Congratulations! You are eligible for  cashback. Visit http://spam-link.com
ham,I will send you the details by 15:00.
spam,CONGRATULATIONS! You have won a  prize! Click here to claim.
spam,Exclusive: % off everything today only. Shop http://spam-link.com
ham,Quick question: are you free at 10:00?
