fixed_acidity,volatile_acidity,citric_acid,residual_sugar,chlorides,free_sulfur_dioxide,total_sulfur_dioxide,density,pH,sulphates,alcohol,quality
9.144414060119097,0.29431740167225673,0.21003856294784476,8.557921769771186,0.013392462527033631,19.622579479580786,18.47239633027231,0.9937374710493218,3.123092442659127,0.3,9.679909361035827,5
8.064950688008986,0.28679136719644344,0.1116537457335822,5.330352510567614,0.03996237027394712,29.43653787940657,130.06809598977253,0.9938822357787511,3.4247907458053515,0.3,10.608009495636566,6
9.401070514771177,0.7007621100765731,0.7773431587195213,2.703644315991334,0.05628532874906329,29.792031401425156,76.3743030187043,0.9962957735265878,3.201082229495559,0.4231086638910898,9.858468561282153,5
10.889150755893644,0.12587688639036915,0.037870984448576825,3.66658078676515,0.2,7.619859644651995,16.553153539413994,0.9959548083433889,3.36671595394764,0.8688596184745531,11.0692988352867,7
7.90193926297033,0.22177983545789132,0.5337542439753286,1.1352598186855676,0.030220435945243013,15.83459270744816,7.770861494542899,0.9955180192135824,3.406741457515986,0.48196798805980723,9.414260453807008,4
7.901967173186394,0.37263705983362555,0.023195150863528392,2.937431886048495,0.03152542922674825,26.175120522813042,43.56678937775621,0.9950405700017808,3.054239364398185,0.7705594821818588,8.893553009971146,6
10.984661786362565,1.1746938158810505,0.06860327315372988,0.9508750773715602,0.07994461257591895,18.789924319694492,21.905022116767082,0.9985576735563628,3.5755599626437036,0.3,10.98028879011678,3
9.604639039559945,0.7010902206145407,0.022435701189671194,0.9226905115705277,0.026787337703974165,1.0,53.260785589306494,0.9924551065075299,3.3533043428300853,0.3,9.848855154337006,5
7.501893543910582,0.4418844416985089,0.10720844762541669,4.7894948393723835,0.02150185600098631,3.2921797095540466,31.81881936214813,0.9981784664132383,3.2126317422766806,0.9117959401426259,12.094722966925394,7
9.22235207409614,0.27235954796721096,0.14666695709140734,1.7641360446139578,0.016056388126484192,7.15187348878384,140.4128112580782,0.9934815617545909,3.3160815293000856,1.0690502537008577,10.878560424947837,8
7.512189922218814,1.4844023586915471,0.09379435474182493,1.5348809860755268,0.03529440090632299,2.7228884119923187,39.77822084344954,0.9979331154990428,3.3304760692115405,0.5017288974231674,11.5509109087119,4
7.508259418930564,0.3982550703365225,0.2566655042674596,3.413176212636057,0.0189682973585298,40.20294188350222,44.88659963174036,0.9974584683480456,3.3381473290861328,0.39729588056588405,11.629530299216892,6
8.711335861662258,0.2215926119217125,0.1477178919585248,1.4834316462613657,0.10026447835885033,38.90446286245954,95.5088933660656,0.9971356532796883,3.4315795880483706,0.3,9.946859525206184,4
5.047423584081745,1.5,0.010920729303972695,2.1155042676216373,0.0637564292498333,5.50904227815933,7.111497835375951,0.9958368117357487,3.215023097572542,0.5479389833927024,10.398169855170401,3
5.367639684727845,0.13173737844367717,0.0644560892521613,7.742689922109406,0.038072550775909125,12.948559658596063,69.83212716347262,0.9952277877600009,3.32494596398266,0.3,10.724078040146926,5
7.344111200290347,0.9859805756566009,0.12777391326699314,0.6693270811538355,0.03482078250984782,5.453262836278951,72.01626403705552,0.9963411148076033,3.2542962945333946,0.4518182497225842,9.614816149955901,5
6.57818709543148,0.42136699053722537,0.42586983420409713,6.927726989261293,0.014992647227960518,17.067000121071512,38.18569247396819,0.9980265519930634,3.352536550920346,0.40061150829044223,9.785029708397504,4
8.834220465411967,0.6999278576419888,0.1982817279578636,14.82162175566806,0.030998541204471947,7.605018433088844,36.171234297725576,0.9954271616797274,3.3241762364534697,0.3,10.44014192021742,5
6.756359071613942,0.6157247230544532,0.11278710914824379,0.7223885320454083,0.028087323012504693,8.623548671640899,23.86639446571888,0.9950776551637144,2.9954930356452127,0.3,11.594479808630293,5
5.899083707730005,0.6929882313701707,0.032094808356201876,0.8346228452392437,0.13757894677803723,43.13406398300771,8.83681397646739,0.9959227919812054,3.2008116885148956,0.3,10.460048680952333,4
10.791602907166642,1.5,0.20608022996509395,3.8912070555012876,0.026449426008447376,16.291889698939112,24.97149586934701,0.9955325347584663,3.0296753335280835,0.3017906852919419,10.729622230254241,4
7.91618028917289,1.5,0.5053936652759299,2.7532546358164147,0.05127198049422752,25.71222983568567,14.803579511554448,0.9957065312879974,3.5667375796321696,0.3,11.053376151024978,3
8.414797947969472,0.2320057650917802,0.13330358884148788,1.3127771621374649,0.053824463093740504,21.587636439291494,18.038797938460945,0.9989802231994558,3.4386242984359128,1.5,11.565717654782732,8
5.877928083437125,0.5993988704572,0.0718521131534286,6.081172696937005,0.011399924409930616,15.212334041256657,39.833489101409604,0.9946096561547809,3.111354040733201,0.3,11.10454337790556,5
7.37454936830719,0.1,0.29007427529187685,1.879250019106777,0.025891323560640653,5.310608884182335,21.161631073533513,0.9982703369836127,3.4259642108950037,0.3,10.13892293201911,6
8.488568402506774,0.7451338760239282,0.4391437060861545,3.101304600847879,0.062425514799439814,1.0,49.51450769972854,0.9976628544729478,3.232155667066526,0.6353134750941715,10.091072490546082,5
6.343310918382086,0.866770418704445,0.15135135491594673,4.277039303005662,0.01,10.569108724049238,35.9440578979162,0.9934055425073981,3.3263375957317693,0.46484145581116615,8.0,4
8.938686631187643,0.1,0.31843160806526616,3.6454385006902115,0.16300119565264207,8.003564947550323,30.928605461690893,0.9947157723547754,2.995980325340016,0.4904214361415375,9.555061067195316,5
7.278914227138032,0.40959532942578947,0.11870740072628197,2.5547809531486543,0.037272915563089135,2.7539456331770245,14.808587878702703,0.995909281165692,3.3618631443937574,0.3,10.957735525627585,4
7.80412062535143,0.6990448112134167,0.3308686734445731,4.419623350262254,0.018697662179657768,13.264355186979232,31.550559844836812,0.9958923743891647,3.3624633094591543,0.3,9.412429826004068,3
7.277098759210026,0.5405918559907488,0.5249783918010745,0.5736988205413296,0.01,5.561209759150896,61.77456365169743,0.9950404291501013,3.0308047361039194,0.3358396477443298,9.520291720570304,3
11.448872913665195,0.1344415562936378,0.37119293245450086,5.310980610067351,0.11519915740948114,40.340208883700434,10.32389511436966,0.9978238467847323,3.4930026724997902,0.3,11.325506163553316,6
8.277054717945513,0.14939575580871897,0.2803694381704878,1.9941321258407196,0.027594768059025616,11.872886381641623,14.802235335179645,0.9963647217682461,3.4735973946050054,0.7957480096124178,9.29151865807296,6
6.50189142077497,0.37354177572775116,0.6603605167746937,4.046491114336396,0.050417400891800725,1.075632320477855,37.663889537468904,0.9961300359121122,3.328763560308582,1.2664250942251727,9.545523476276331,7
9.698326350575423,0.2942840325506486,0.1397763560535353,2.4717541898312607,0.01,17.338800813854668,6.231256930869105,0.998332956320758,3.2409265934148777,0.3,9.555226407170444,5
6.224565795049263,0.31756258966518414,0.28027115824776305,1.539210762005673,0.015894463252565626,18.186694624084595,34.3044759170255,0.9946921140353009,3.255994977213442,0.35419565234759137,9.017947277454631,5
8.655068111508085,0.11641289893633375,0.14427774764284956,2.3256331145689226,0.07604760981419861,13.439801250916073,10.390483807168692,0.9949614841019485,3.5469673925545666,0.3351079311622568,9.64780428191905,5
4.968560789404382,0.42688200235060353,0.28040950665597464,3.171154464318397,0.11274803684407267,20.745342221747855,49.910999109040326,0.9952991635341393,3.5736152220119224,0.3436595547897955,8.0,3
6.0420837168726695,1.1806660426600268,0.3209040051942514,3.560455937200503,0.012793985022457703,12.057315153217596,37.67405032335539,0.9934868065757131,3.21721063550411,0.3429312275086085,12.78188767923491,5
8.63466410097751,0.14024054499608402,0.39050018798400443,3.2127692337246585,0.04918631077741221,7.10809673338164,121.86324973566961,0.9959603820259599,3.038704031300405,0.3,10.093485997754312,5
9.555393185992198,0.34971385236146346,0.18588694574425044,1.4448161138102353,0.04848541288501823,24.191229230375296,28.368188642448693,0.9971247896583687,3.2792156123509066,1.3248079005647595,10.447297339286699,6
8.59132607802295,0.6459746779838861,0.01716547496334181,1.034477325989252,0.07602963025311549,3.705566239406814,46.92615327043007,0.993720955482426,3.492085133057719,0.6091130614291639,8.241663546072589,4
8.103397919939992,0.1,0.14710292257929405,1.1294719440477892,0.05276067247563303,21.051177030014962,20.68939869886169,0.9941118768967953,3.201697779342114,0.4213179931638487,9.47319662052917,5
7.78812371749821,0.43013469494194556,0.31191491446692643,2.0983651525277756,0.06091885984790244,5.032313001085436,27.43360443401015,0.9960738478132355,3.1442667959280644,0.5014710372674117,10.414013144800816,6
5.786512616375374,0.8490516115546431,0.23602553778746904,4.0029183418524035,0.047162433452330184,30.936841105580417,6.5841014437670795,0.9966168337685529,3.584152854934824,0.8759787733454149,8.98965504661495,5
7.076264845728996,0.17122023118149138,0.2664226835479801,4.201531830448457,0.01,7.485683719231618,16.015908805494313,0.9955535311783644,3.0812571738910703,0.44461926961542325,11.222382022143451,7
7.516914089368362,0.4620937674243501,0.33742283616168717,1.6082364832966358,0.04359577691312354,8.405882210693997,36.751976182918334,0.995293630121407,3.510959844824686,0.3877685127072014,10.536044311460545,5
10.097107784572158,0.8077902058723062,0.05448284499526728,2.565344825489711,0.08506806866439894,3.232074614473571,37.00926084653239,0.9984289432936685,3.305463432387232,1.186540762468421,9.9810141139962,6
8.884151092266386,1.5,0.35146500132913433,0.632713760593108,0.040729466263191426,11.958874736011573,45.64958133825538,0.9949527101470922,3.2901235551111414,0.3,10.321880366423239,3
5.302831735883354,0.44454449869167967,0.6847333210886428,1.8760946986242841,0.062109814017472134,12.106794430461958,47.663033165837604,0.9987235635450411,3.3659982512354802,0.3,9.793003682689355,3
8.850942747971152,0.22618571090774864,0.12777041998683591,1.5987681085480867,0.07334740388163948,47.648723768721226,11.13479208109318,0.9949849406416198,3.2860922564528754,0.7268591833340543,8.398702681527979,5
7.645360123292263,0.22786750299442887,0.3969158590722314,1.2924320912615395,0.0679077025549837,25.882639401741883,87.32777800461045,0.9969322408023048,3.2890286356088283,0.3731361951857147,10.566522638014662,6
7.149232599479871,0.109533073164655,0.19614123384674123,2.778975803348146,0.04345965788448246,6.519862232057494,10.326407378915848,0.9949411256533353,3.169013719116288,0.7852675021788179,8.991567116948822,7
9.339849691029476,1.244152909780708,0.2603135711094315,7.91777701415545,0.04668794975044392,14.79588772917774,47.42403168103202,0.9952270082343773,3.245652759005355,0.5576212313831002,10.363038970027024,5
10.052699188243118,0.774564471339913,0.36724555752723226,2.67275305007329,0.08248671081317603,9.69312853399998,71.51847492252385,0.9948583049207945,3.402451471118587,0.3,11.442419734916953,5
9.883176202497538,0.14935976702341794,0.23487279500645597,5.5847271079097185,0.18434627567349635,6.0770530973230565,14.674557404931818,0.997311231789278,3.120693215527324,0.3017653726351274,10.226629168283017,3
6.873330210521515,0.21493456832869667,0.1203823515416626,4.788577632478833,0.014517385890294828,7.06622452388569,15.13631240140747,0.9989335170177323,3.430975727222817,0.3683259355827303,10.49259242815918,6
7.774338961052936,0.4390253122793092,0.2439904114560099,1.6688592794378896,0.021137317541985095,8.39280147137233,22.01669381519773,0.9961855808813598,3.2724926394134615,0.3,9.282449916528448,5
8.863147833386058,0.8447067479745167,0.07147543267544641,4.446204795331395,0.06880920857385574,12.163657442484903,64.83550499726721,0.9941148013248184,3.1202171509397023,0.5102760787883669,8.888886096073481,3
9.958426716108011,0.6004644277308819,0.03295620020919852,8.224402666977463,0.14213010979698085,8.389494349007647,17.458029535651104,0.9971300228086398,3.281238468182634,1.1755586385898888,11.376264011793308,6
7.485403795663008,0.559651127950731,0.5506943059142746,0.8432813919016499,0.01,1.0,48.71311570247035,0.9986564070067127,3.363097405315631,0.7242403616624826,11.24913414551796,6
7.984379739671511,0.48519733170032564,0.27162399850501673,4.783951586286929,0.01,10.326931434914506,23.317705791370997,0.9975688381935522,3.1819337123054248,1.5,11.623678256702968,8
6.419230544189753,0.15732499602303177,0.3237540156966377,2.421022934499531,0.036084485956579974,11.910708507897017,32.667196779806844,0.99351060774184,3.5116299211001363,0.3,12.557360299053906,7
6.26644873906286,0.44338763301823203,0.2234907343365849,1.453470678614024,0.07238974527469613,22.32839833842839,58.853981200783764,0.994901844890319,3.4363276649942454,0.7051061785627152,9.845367963174246,4
9.681293898070138,0.4039229844376044,0.023359779983628433,3.4044164457259565,0.03633723698863094,5.043348513127112,30.77110779144588,0.9945340136407383,3.3952272133772907,0.7904168052956565,10.731579270897395,8
10.6056080485704,0.10791453059338013,0.5220502891812547,3.471896879389709,0.040749592477286,16.85112898481337,31.39059903397483,0.9961063322878779,3.2630035432092352,0.3982751261346391,11.52364602994632,5
8.177582793313434,1.223694617784746,0.120624698504537,11.008387866401943,0.012995812903927968,44.187778221683836,6.873971915712468,0.9970337168299414,3.4265723305299103,0.3,12.365743866138299,5
10.006005926416442,0.25390731380172527,0.1454011787572541,1.503441933702915,0.0335081250587822,7.142503505079997,27.287375647737058,0.9980069941765835,3.473085320811646,0.31888982216635736,11.513686870341076,7
8.914781242580979,0.11104450391699591,0.47461283489544187,2.669592612004547,0.0183718012415984,12.119426474107064,47.04354622846043,0.9967217723611747,3.209340128771857,0.3,9.476627748946102,6
7.203296417171289,0.2911556534375479,0.07024981420457911,2.6323785178452823,0.04533972919294928,37.43089742434989,36.65505673216733,0.9987265054729384,3.298720592607143,0.4780043469407112,12.074002775208147,6
8.914372529364304,0.33892807641523515,0.13360492532914944,1.495268128735405,0.027697330312264748,11.617181373590304,83.8668310063502,0.9993285750113456,3.275817811576536,1.4692374025752128,11.2732084817258,8
10.914662162992148,0.3945942127858324,0.12458855068401845,1.1518368486850126,0.014386605482349307,3.5288121831099635,53.84569013957268,0.9985835588766035,3.2693815989349786,0.3,10.675159638115828,5
8.239095733513084,0.3344178047482177,0.06786616719175066,1.8415843862448553,0.11741207041920664,10.74602147562422,42.07513375736646,0.9947864859302666,3.5104435437026487,0.46154564721324476,9.909235060018291,4
10.95989421488381,0.4120778794618537,0.19925677880139775,2.3539009670736615,0.061895025015981445,35.942758120211415,53.3050176329235,0.9972556908138325,3.4790486097549356,0.9573324903749699,11.958586949823875,7
4.0,0.4668381742783786,0.07879411796144174,1.0839981459964259,0.04602814549374017,38.6819694425043,48.68233602127579,0.9969899746156982,3.4541664773653817,0.3,13.197368718036998,6
9.69723425743788,0.449044479305386,0.5394199417885716,4.976361296681782,0.015830209942810796,23.39707587124343,10.001630391491943,0.9994097319579855,3.38999950979861,0.40843034275169265,10.241143016363143,5
8.447980016004891,0.5566697044902722,0.02967840147884366,3.7253560755658968,0.061507156592057376,18.287954093363375,69.35139311528778,1.001647546019384,3.307433103815999,0.5914287160473017,10.576312897676717,6
7.791687504208026,0.5808750637354597,0.04634116061951054,0.8660958216638911,0.011598134579643671,8.86011159127033,23.408791277920933,0.995324577842056,3.2753441865901247,0.3,10.922779380954559,5
8.455993320110355,0.591378434567456,0.13343862925761527,1.8150727399602151,0.015079616018307731,9.748041602836615,52.10523205550072,0.9964283540863933,3.36701016366214,0.3430370478928008,9.336011374400082,4
4.921132845178483,0.6989890125253594,0.1794402375816367,2.8230477856645138,0.03334087123047718,5.257338088174815,10.030662564091093,0.9962667491692341,3.065648113508867,0.3,10.424138734675433,5
7.92655779067623,0.2307769217039053,0.09240166788573746,4.2692106939847,0.03885111705512915,4.529293140939106,116.17077224818553,0.9982452400780976,3.4341644093848913,0.4633534358501774,11.037472844522899,6
8.907091371569969,0.23810406755202987,0.34173446972579097,2.3681250901650435,0.021589003458863686,19.520338293319366,34.95796115003786,0.9958721740319515,3.445034693102037,0.768912935567779,12.343877854570056,7
10.812419876060577,0.8473523526099196,0.15203643331518116,4.10059644985297,0.01,9.611740084905438,11.368245909287367,0.997345263335784,3.1619774006085137,0.3,10.224817865510746,5
7.4189406289348,0.29850960933921394,0.28489114757261735,3.265861425269472,0.025566503929294267,19.25538835538583,39.712229982410946,0.9961727494079163,3.0976775112310744,0.3,10.887960344327764,4
6.925560875081581,0.3778270813372214,0.5099117835487295,4.4459935913913196,0.10713956273445738,2.8427924820130097,59.65934438154565,0.9933883271656838,3.382261071036358,0.3,9.740256513077131,3
7.447013025906289,0.3520985637628231,0.6443470689124927,1.3365214425988574,0.01,7.687471266251019,82.80243085293586,0.9960744841970408,3.0703421325614446,0.8452639905785888,11.296284329099322,8
9.856183600093527,1.5,0.13653292028320813,3.8075764350395964,0.053883943889323944,2.3195316272131596,43.37968883553359,0.9964965471963239,3.34513615395074,0.48396712426273786,10.26843109761642,5
8.858876886421465,0.19769695306873394,0.19778577426976593,2.428497946511969,0.028528764206104795,32.03422486061798,43.68500050427545,0.9966120442407139,3.184797124811524,0.3,11.339398000522712,7
7.399407653596035,0.19436584650485922,0.23381343083992495,5.474594313853603,0.01,20.322732757452926,49.23133467975413,0.9980039594001958,3.087684263635223,0.6008771650910526,9.705021509793708,7
9.172554636292706,0.41316914528805615,0.1408808308442206,1.3106087141828973,0.0959793257415159,11.724754266416095,21.440774574685157,0.9954022361936161,3.4091336949094577,0.8337112954142442,8.830024815912592,5
8.46503183389167,0.3600148815008238,0.06301288928984371,3.3108423917330807,0.01745886370987182,29.30719802030074,28.145972410033373,0.9942576425261728,3.511413506443061,0.5277324017064415,9.62298001032731,5
9.946696483905912,0.14799140220994295,0.4164150070297281,2.686144580641729,0.12389885323851038,5.249421957892795,67.32102922120306,0.9987229721457818,3.2414674194469906,0.3,11.942319124858418,7
7.106509740408502,0.38768683649001456,0.06305176008129652,2.2405217423931987,0.04088267397978845,29.388331872242535,35.75172615641841,0.9953406501764304,3.425428122533897,0.3345959163497694,10.235040108665254,5
7.742974350783795,0.42186023461011607,0.4491398594113532,1.8841883737292937,0.04538761697479294,1.0,55.06126241929298,0.9965149676754839,3.1856975321034815,0.3,10.290241843347212,4
7.633416139675333,0.27435627162465054,0.2675228903440423,1.9993775520344697,0.027009417809495357,15.505399686418647,13.89895853697897,0.9962907242960084,3.434220150674302,0.3,10.700460301249846,7
5.812024588175399,0.3699220796300453,0.22628312941400094,7.54463727559051,0.07995015193443986,2.756795509322353,18.066026761672326,0.9934314421451271,3.227422630381459,0.39821158586629596,10.477373923678417,7
8.80340447100978,0.21508888872252266,0.08594025974338564,2.1904894510500883,0.030059194229798032,13.616882650983676,31.281444612512814,0.9988119958222317,3.5149300378632393,0.3,10.902111660128824,4
8.743793962705812,0.14833420899742805,0.014567763610048337,7.175803801626351,0.08363998763113169,8.359571891300929,93.62581758640887,0.9967139495089149,2.963092115676127,0.5305900292383396,10.551451845141296,7
8.308692876292184,0.29666145944751,0.40820245550279594,2.2388063183291984,0.046250099399448255,10.327994855187328,61.33732291470493,0.9972956797384332,3.2220251903493295,1.2894794025475675,13.593438123640096,8
7.901201873262251,0.17093773457138783,0.08473876951673998,2.9001787420624963,0.026346442649566003,31.492979298049875,24.89977547305475,0.9984640932755827,3.2458850874436034,0.5870666898507442,11.7552084940937,8
5.893869738514296,0.1219434391311458,0.28158284906892456,2.5547643793123127,0.01,28.726876340552543,50.26078204472466,0.9959484941353505,3.0645391597627767,0.3,11.322392612654568,8
7.58490295129889,0.1,0.29426401492390974,7.453772097615486,0.10204197773189712,28.12981135666247,20.788827257699147,0.9972713534694931,3.4067473624475486,0.3,11.217202758901283,6
7.717385321904493,0.491297960617193,0.18208052105655145,4.600211592832096,0.039243593798545195,35.978173827677196,42.588988725442235,0.9965141579133626,3.2935603943902123,0.3515437729373967,10.828675137295738,5
6.936128642323249,0.2885798418822005,0.2286182340355854,1.7438467950778538,0.018999862237689537,10.76328933726828,76.87377221553032,0.9976348834248351,3.4167715228812954,1.5,10.098904173631,7
8.025814290167785,0.8507501021214933,0.26428063056735734,0.6664678169246433,0.06321889346031088,11.696384918813552,49.04256694982521,0.9955482447633112,3.1891819278413327,0.348342763080643,11.103419059554202,4
8.986886456584717,0.308574822597839,0.21265975150550753,1.7793714252119566,0.04609852765128573,9.532360284795095,13.84202105512273,0.9990504259663276,3.135247021694744,0.6044820468520749,9.127886151999741,6
11.506516032057903,0.48955277658285384,0.0757344704734288,6.163628643004872,0.046194040881646296,12.31063092426498,37.15750186448806,0.9941716577099867,3.2171467159072,0.3,9.229405490240039,3
8.596782281814127,0.24339450319159045,0.03009384660882484,0.9230069165343828,0.2,49.99285547128053,15.9457361266338,0.9986987705147841,3.1193529636501305,0.3,10.06957595123319,3
8.737835664228701,0.40348109476508676,0.09325929187101409,0.7003540156025907,0.015424515852293024,18.867681063197665,42.77176052689933,0.9988477418748085,3.250424084450481,1.1115434087900844,10.788408109789458,7
8.173441943197517,0.1,0.12563327266436,1.4706634854926006,0.06556200418354176,5.731480284959687,7.22077489677954,0.9967810370235889,3.501239514843381,0.3027120609168065,9.678470530947292,5
5.038088933991631,0.2930661683163614,0.5308477982153984,1.0765038143217613,0.10052145694856533,2.536522950311395,56.606718190027465,0.9960904962760406,3.340991102774258,0.3,10.910277813233863,6
8.254926411736331,0.19883599991959094,0.048884048054757295,1.2374993747246494,0.027671658532070143,1.9419698554597713,24.222786250244205,0.9986837107443187,3.3997274919218725,0.5834891004026238,9.008202793088664,5
8.402391356899745,0.7925206786426912,0.5898537130326399,0.5,0.014638149840959477,3.182451179576207,61.58867070679615,0.9979085619702261,3.23335988864607,0.5437717901409159,10.124968745881395,3
12.487511591224987,0.4667887828628422,0.7373844588240834,2.9384885264613465,0.02718206033249148,13.356155745906445,19.973092604890496,0.9947167126355756,3.1594446654260606,1.0607644543482484,8.837131241767608,8
7.972986359872093,0.718213806229731,0.09680694759901397,3.380524694412571,0.04541039790686154,5.138469094169968,8.757742905380448,0.9972081082353929,3.3284068126598125,0.6985610330854588,10.595407487135645,5
8.812630481967142,0.91429621388285,0.7180891546788686,2.1824767049899694,0.08863252099984639,13.975128285215137,66.28805951237028,0.9957658235174133,3.3078040400807343,0.3,12.08292684906576,4
8.240989991501086,0.2737712595743174,0.15845373757037112,0.6765257603317231,0.01668605827385069,3.4495171775604527,44.300460820873994,0.9969839610523488,3.463324808953603,0.39957799891232904,10.476660632901728,7
6.313247336046796,0.45222155214613213,0.13506678953505818,1.4783962875377532,0.027340722554439548,12.727165939069852,36.67247746283741,0.9972934167427263,3.4895723930113935,0.3,11.482880710361012,5
10.242798784675536,0.15651303264407396,0.5311993373746956,3.303648584356839,0.06495144547636061,4.304882472023773,59.920324169439176,0.9947664653584285,3.443059365708382,0.3488122637168009,11.439530513944204,6
9.578286155567517,0.5441424753079428,0.2197131307041361,3.6339584120580417,0.07459228875989019,5.185525435667458,50.40104640015791,0.9936742276931204,3.61354854343783,0.609457621663484,10.167768704399725,5
9.64475430997318,0.6015368453423736,0.19221798268515536,0.5,0.08080487898899705,11.631943668907233,46.40610989130926,0.9951633930816014,3.3093137030205715,0.3,11.047690468034055,6
6.754041326848944,0.5178068431393219,0.0918557017300058,2.6143338932715947,0.01,7.265293216819608,38.62596834446894,0.9984567817466284,3.395603169632127,0.304988007752599,9.127095858616979,5
10.68475032859137,0.27351705179933355,0.10073311016537449,1.377735413864301,0.1600798970599428,20.554973405431518,74.95744464513218,0.9964379384883952,3.483170195996717,0.7601228657961442,10.203905805406372,6
5.916853193253123,1.2989279460255525,0.19835821996089828,2.486546450171473,0.02199894637797099,20.295101952606796,32.78491812631743,0.9985022281693247,3.425235145063574,1.5,10.43677396455151,6
9.29765705946046,0.421022846658966,0.5310037190569281,0.7341118320229529,0.15648242039789265,12.883894004251058,6.0,0.9993847098024063,3.4501487646230036,0.4529320352975731,9.481091921631771,3
12.023774563876964,0.15738580730848342,0.049231646360843616,0.5,0.1770385284487977,27.876646266039046,44.84749644596921,0.9964500833194457,3.31073103844122,0.55925855436316,10.518816176959781,6
6.616088247277831,0.6419567122790447,0.1663561063578161,2.137522333750583,0.01,5.05550833676395,6.0,0.9970909793919978,3.2902158215285766,0.5863508647719807,9.714020556707233,4
7.337293859675288,0.8086119707662716,0.03775542833430607,2.295498989270259,0.06330308845208872,4.149895140876822,36.10651992649101,0.9977275555377592,3.2554191692309162,0.5792068044725047,11.3515217136948,6
8.46940732064899,0.16032101833192922,0.08677917958267159,1.1846466241601,0.024891130262293726,2.268099864570772,81.02968903034777,0.9925466269296529,3.270668448328988,0.3,9.160223110808488,5
7.444091388002462,0.3391180501755597,0.3164743548998697,6.764617918475684,0.03621822392746957,13.710373181503448,45.001417458406,0.9950500214233499,3.3071117033704107,0.3936633969755953,9.620853719949865,5
5.663872167187575,0.10876047831000223,0.06990471069177734,1.3440072039435091,0.0749034107204105,3.0917186004850796,36.9133769748614,0.996130946683249,3.199745352713536,0.31343079616807096,10.400886153903885,4
8.416557057170246,0.937785967343824,0.43179273390790884,1.3226213142839445,0.011182514371034149,7.916114755160917,39.73299731019503,0.9981782614256572,3.1325600053344655,0.3010627244409053,9.382983708307368,3
6.494083686665622,0.3846073136032536,0.0695058953142549,2.548022435894442,0.02352509747631548,5.83682415804943,8.78431417172752,0.9935887515482021,3.1273736192263737,0.6296227776270878,12.115877831554716,5
9.105107132079809,0.19962573979249051,0.10407403876944638,2.307204238267148,0.061328403930222694,2.6369605718848703,42.206788467014746,0.9975652729479424,3.4923526141764327,1.1816945356321809,8.123001988239167,5
6.736978801802535,0.8157255289959013,0.01731078279498557,1.3491032647748378,0.048379783114616236,8.248171256752265,15.966143091078882,0.9952637432177095,3.2362992346070056,1.1591308624025884,9.658375156407955,5
10.934888488529818,0.41238734828160034,0.43230528372210486,3.361420016437851,0.07419916603458201,6.399714443171348,19.79258194245729,0.9971891802027171,3.3903523664507933,0.38744091153634586,10.626990424581098,6
6.968469403028398,0.7410114208810221,0.38407060425632045,3.343141311899259,0.02253662710011379,9.295634967167981,33.76138119307863,0.9955279650405733,3.2778664004522637,0.4619393322821616,12.112215364051297,4
7.752495422450353,0.568996206360367,0.03915103812921914,2.588057393420713,0.010260221072455417,13.417721639487818,71.59113569591665,0.995734548353321,3.49901026045779,0.3,8.799939758345806,3
9.68297926952844,0.17622881432709955,0.13595009107104264,2.919250145314498,0.17317235125124786,6.167232757505401,29.46430622411967,0.9953284249330768,3.1118775721087153,0.3,9.387341172573784,5
6.207530662062277,0.26589412472752844,0.12487384950069941,2.423677907850139,0.01535585044479814,16.985049381897856,12.083006264421368,0.9955378740549571,3.273544757407101,1.2420245281295876,9.81961262809489,7
8.686681888827021,0.20455676876128812,0.11443224863771498,2.317109636997679,0.012486081542314896,4.117502343405648,37.70931573719872,0.9983994175685145,3.222587970803552,0.3,11.927959060322161,8
10.522142682280128,0.1474011046466377,0.7414340943278468,0.7462675069613782,0.01688828234379196,33.999762508949125,34.288794600422314,0.9943436538520793,3.298926018513218,0.37477801339830047,11.143634416649665,7
5.567278501245914,0.1,0.11291430793727596,2.695661565539032,0.041858033124448205,9.688230345450759,51.40010161643244,0.9937005963498963,3.436785274125488,0.3,9.597643920747391,6
8.613877559504918,1.469704625166668,0.07399491545247815,4.657672411174173,0.04490509072232307,27.790703067831846,84.04133293629317,0.9940665212568535,3.2848352851805775,0.3,11.55302478929675,3
8.741800750222321,0.5109197483204534,0.020607507769744834,2.9233602505455756,0.01,14.493301863014178,26.302275048034495,0.9952535907525392,3.209703948200616,0.3396027485409805,10.708778855868609,5
9.629098882021427,0.5664478467661259,0.07823934474446627,1.9598499367294866,0.013749974936167446,16.588992476293882,17.347776002527812,0.9959813954625402,3.299598763042902,1.3026397235854161,10.529315727697774,8
6.197183791507261,0.8778762086784964,0.5296544945023116,4.513998923398953,0.08181307478930723,1.0,54.437810523248785,0.9965090068637857,3.2525947571074143,0.3,10.809000352365054,4
6.055223757756731,0.26366798400333846,0.21758144848351554,2.92615842820166,0.025809719099702984,30.21356302979319,19.697046211335554,0.9959907275769799,3.3696846346382063,0.3,9.478171345335738,6
9.187300661548727,0.11713195177424918,0.21802419132072132,1.3345241373867087,0.04695502605978673,19.69550063281329,41.12965075015171,0.9950629124414135,2.9172178805831646,0.5645629111317134,10.74233982117729,8
8.804873944496418,0.696801960919634,0.08351028727195971,4.505940226400649,0.014737224671114053,52.3819683876194,40.85996843883581,0.9997307916121849,3.2478320774723466,0.38045663318484907,10.116322717898083,5
8.725837845587991,0.13701702535801938,0.4675435630612826,1.6715287994672354,0.05644332412643514,12.361204852077764,21.423433153762687,0.9972860618743542,3.308507205970066,0.45713854223567385,13.154911996392526,8
8.88896195614486,0.685398108225755,0.28557127887985984,0.9656237535391516,0.013981402818706485,24.259961060114122,70.6845481560639,0.9948193789553887,3.417818123058825,0.3,12.046847475265102,6
7.143957973316566,0.1,0.11610318589203461,1.200342108592718,0.01,21.919553736705154,50.77428966541581,0.9961795546931873,3.434906383948683,0.3,10.205647554756549,7
8.694831285173708,0.12754986386484624,0.062223248251897595,1.5470096191929574,0.03458726561329251,20.82017548393263,38.38409703560256,0.9981387938036163,3.1990193138380856,0.48113286725439236,10.827227291530665,7
8.798223204607758,0.24211765100063223,0.16675451936127797,0.7075164915301085,0.058780031014366824,19.712394498711312,16.15951469911877,0.9952101147640291,3.2367007049132974,0.37679690110210845,9.382989708239798,4
7.085602589355176,0.667624719623123,0.06826281598207237,5.831819604661892,0.06003972427792112,5.093203320345168,6.0,0.9957988309772156,3.047329822089929,0.3126091253685824,10.740297277448851,4
11.471816668946087,1.1879252800013147,0.14914736165888517,0.5,0.04055795549010284,11.754981297199356,100.9003863312303,0.995420663332861,3.3169564906305875,0.3,9.2429232078802,3
9.10551596555004,0.5657991397768515,0.20044426586521058,3.6582885543049963,0.0805894672402015,4.930881011185198,16.025928588609364,0.998254334742443,3.673244498208024,1.5,9.881349303945049,6
6.274784054755498,0.2502816930101363,0.08757190470316492,3.0319971854327865,0.01,13.983877794676786,15.86990219283756,0.9969559673261713,3.328626814442115,0.3,10.991031940691602,7
9.416141134677511,0.7849870099643398,0.257740849959522,2.8884265368745057,0.01,15.583016518787003,24.085183828666864,0.995017305992804,3.1963177626302626,0.3,9.304180123921368,5
6.643041160613555,0.1,0.09041577809486334,3.3363724388097005,0.012483799701247291,3.5075151242768006,23.22607686394086,1.0000532994056486,3.325680562235331,0.3544226824181393,9.414184907608622,5
9.63804382636217,0.18502202622722674,0.19893759055378715,2.1150700071828066,0.023885423445353653,5.500562032572256,35.75792854148277,0.9944102428732599,2.99285858765943,0.3,9.554576371848896,6
10.269612484312587,0.4428801906720851,0.15540021611095634,3.6701376101497667,0.03342503285626865,8.847075554956312,15.116433946870568,0.9961642115293274,3.4129239117247514,0.32093259115636236,10.282528910199838,6
6.904840058802093,0.7126945674357997,0.648892480604194,2.264072697832697,0.08661036630303426,4.939005665402049,6.0,0.9983664281704212,3.4970091772762015,0.9796028379035154,11.781910258668603,6
9.937739419715347,0.35288261410825317,0.18020025712564341,1.8059015942692616,0.025887562522140285,5.921958074497382,107.85375928157107,0.9959872905286022,3.268208635305776,0.7789887559601216,11.572987655335835,7
9.001727575792048,0.32368092410137045,0.38103119651390926,0.7910314391013411,0.06330166884220753,15.26269564359429,20.596374733906003,0.9956127442903757,3.175294896974723,0.3,9.95333974410546,6
9.697502271990633,0.33901821753933237,0.12226735955113646,3.125201078536678,0.05400746322563273,9.225971004356591,37.82307321240938,0.9969864141151921,3.234756879842235,0.3016365385411676,11.757913948874183,7
11.524548070511711,0.8725855139510734,0.06962007131487308,3.1680729037689694,0.08626789943921725,20.620048780938912,128.00190356822208,0.9964975382999905,3.243803397420754,0.34430146959525265,10.351315448458447,3
7.882840202795121,0.21657732531546056,0.26738897850351995,2.41921250443166,0.05072794994309287,9.06900471571106,7.392934850924268,0.9947130123012851,3.376715644875814,0.5276120786584704,10.560316787190112,8
7.018648520592269,0.17388279955660327,0.08374619140940474,4.22182113991587,0.09080853464914852,16.66483504594559,81.44964965012079,0.9974763963650426,3.3399475739528546,0.3,10.336996707093823,6
6.787825469636611,0.334785662287708,0.3284435381246577,5.309351731903478,0.01,5.914567126452099,31.21474260092588,0.9947206586475154,3.286055695644528,0.6172656254807656,11.092286177460254,7
6.913122515558756,0.9551571942338332,0.0450730948806872,1.606926230506443,0.02661066753434314,8.781570336985762,24.341087249375576,0.9937101063297002,3.300180528322323,0.7737366527256319,9.52590584979385,5
8.168927093996023,0.23862673090049696,0.2384577345223535,3.7661136564611435,0.01,13.907079056879045,65.8439372771072,0.996580307503074,3.202458530484864,0.3,9.920015216395402,6
8.879958357188295,0.33817250946094335,0.1758252220805221,0.7772655076072253,0.012428944077137193,11.61107691303826,64.40497994103596,0.9946672045867408,3.3917798199334643,0.46595055941788016,11.515906572088161,7
8.770374358861034,0.1,0.5573486483246103,2.552954811825007,0.011469769222787914,2.328992571293794,76.4962795864494,0.9963035004420947,3.302088548078703,0.998777948715468,9.971798014449762,7
9.70621152336124,0.34946442043691284,0.25957009442941825,2.128875990384609,0.09053764962843866,10.314468813903606,26.167079694024004,0.9969424206419805,3.065556987446313,0.896475077629683,9.731438984646335,5
8.322103216192442,0.49296463951788516,0.1577154668494137,4.304986255632926,0.028297762815161706,19.30754297270127,70.39553921209595,0.9965908746869897,3.4098055333147266,0.6975040147161949,8.882614088159743,4
10.77100793116744,0.13722211667217615,0.3492250677817087,1.713002601864349,0.15956530561704907,11.743604317452915,79.84736331955565,1.001887835381423,3.255549616794076,0.7804572968930925,10.923318291167618,7
7.850083383495475,0.8736879666631616,0.005654702368103979,5.498969472578096,0.025895414180826744,3.489828297129878,17.074622694204688,0.9989033699391213,3.238626134983814,0.4104945466534342,9.319343972329369,5
12.924287583202354,0.4882940047255515,0.2875617902425131,2.0344458298286536,0.01,22.191872222080637,41.88651435530298,0.9972767030779176,3.572695886809114,0.7362632616007745,12.015368677511178,7
9.36363449120051,0.270905090656148,0.3089867378113971,0.7905198460341039,0.02377685615418836,1.2688838301622978,65.28500590109759,0.997173181112547,3.3626404789544835,0.52075557767032,10.950463915623391,6
6.842832154092321,0.4909893281159747,0.3384137031304653,0.5232760350787111,0.051351733097891636,16.474013724927847,16.52181576203627,0.9977450868574376,3.400304740431748,0.3,9.064720020208304,4
6.47948275329611,0.5897823884374175,0.3190243230959651,4.0314446690316,0.04361219785264357,5.251605976269138,57.47085365130622,0.9962906000910661,3.2114910335713978,0.3,10.593496427333648,6
9.120203105913415,0.1,0.27766859321678744,0.7066566720906222,0.03479511637361482,13.015829253205055,29.841150293085047,0.9961318968819091,3.211688037295854,0.3,9.73933646614963,6
7.920113264946054,0.5049345592091622,0.12784094389462514,3.439595949632549,0.04657025169731355,2.545940628711869,41.67803987501447,0.9962037419189225,3.5140015817913626,1.1301049460189638,11.077154848734343,7
9.513800839956557,0.9326595163825937,0.2043831442150362,3.978744654418456,0.07397135444126017,12.517963188362597,44.84291213722117,0.9954490547618138,3.6708063046058803,0.3,10.109886495787368,5
9.104503961775027,0.21392378002627163,0.09593541866020643,1.3160677869619535,0.01,33.246848141758434,24.29809384286942,0.9999480229952221,3.4417237269677283,1.5,12.671878252235489,8
8.176190848483317,0.27572840005868393,0.07561665503705274,2.981752212620847,0.03889021599846818,8.963952942325497,38.07633995895291,0.9944886215002544,2.919390622686111,0.3498305146203936,12.628209989475897,7
6.860450679283712,0.31435742768856595,0.13312949692782552,6.738178499082428,0.011310377336669206,11.214749575216509,14.334554367762994,0.9980435051966438,3.187858817884822,0.36614643343966097,9.872628040957464,6
5.724759718034031,0.7182379387406574,0.14976188582460287,2.167458793886926,0.057706011572489724,15.274746724561087,41.81962036875003,0.9977734230672015,3.290710100417796,0.3,10.256690755440873,4
7.540924581486065,0.1606961341553771,0.2485994959368098,0.5833935318728822,0.013329262154826696,9.648140875281447,71.37784976609964,0.9975632025987184,3.276861619060059,0.3,11.196566039585885,6
9.755877950349904,0.5705568536656198,0.49267741124240777,1.4985862662419596,0.013683957559879644,30.204207955775953,41.641702910083495,0.9964236671879609,3.276480126452287,1.4103800613742907,9.824305455141168,8
8.663959365021347,0.31911483329443247,0.37537506747136995,7.3116906594648565,0.01,2.663194757953471,16.25748336748647,0.9947155282178477,3.0863654881249833,0.3,9.838857600223783,6
6.182244076189621,1.2246848946266236,0.23196254636646746,4.199388750024534,0.03632314229995648,11.738628866549835,25.709552747693852,0.9971433843309558,3.5883905904417097,0.3,8.8615340061325,3
8.59440757394701,0.33411879202996425,0.44638203646136904,0.8847657640255986,0.01,16.406890382480324,45.17771885112067,0.9971429451593187,3.384201812673493,0.7552562273514128,9.004727518210741,7
8.955039545539023,0.1,0.18178147042031276,5.217981650493009,0.01,15.486571839021094,100.12539387959973,1.0005850225705775,3.1854927145094196,0.5776195376712012,11.259247336471223,6
6.797442358458075,0.6478115760448186,0.28119352082368143,5.418516619825976,0.03702663954709389,7.029063177513501,12.872699822957593,0.997515974996005,3.212987041385447,0.45811676409935276,10.514973009851264,4
8.561332680107398,0.5499713840979238,0.1283139867779639,1.7301141797526947,0.02685633871900447,27.10344888659494,50.428833367666584,0.9968683350439045,3.3909452905976707,0.3,9.724402608508239,4
8.3989548213582,0.4731234116124974,0.17761111630719073,0.7632640335757673,0.026552819011248077,21.549088130895665,36.660876572828926,0.9963812576363491,3.2619352950312375,0.3064328798060574,11.124448505501526,5
6.3569504936879415,0.9156155469038143,0.14019736256882162,4.912279553910837,0.01,4.6261921184797945,30.23480505950344,0.9956410705462837,3.31943113174309,0.811159146139121,8.392259186659238,4
8.908238512592082,0.1,0.026712706085122606,7.943753289591767,0.03716453911098674,27.648512920471997,31.624224342027446,0.9968235756047202,3.363844139894216,0.3805473081134663,10.151140576441598,6
9.253333694825999,0.18752498912010226,0.02758617130552381,1.3459731120489424,0.040096224190881075,3.3106650617313194,8.930066928057744,0.9974655678104039,3.223222112038499,0.3,10.423779814477536,6
10.141187113397972,0.4019135546081978,0.03971401152400874,4.03146391041694,0.07953145714519023,10.12918417405243,34.61492733583619,0.9949861805925577,3.559446727157922,0.3,9.218070936476815,4
10.091463488459336,0.45458834846417967,0.23338482033988373,1.3749778566057689,0.05323917575341474,19.833336430375656,75.40944639578372,0.9955013748895208,2.947513635116545,0.6494743035099639,11.017675167523175,8
5.957962074472945,0.3582332816850988,0.501102128716781,1.325367978799173,0.01079794385663945,4.371771786046824,24.649291630529717,0.9947628325964468,3.1836322618379813,0.3768406099400785,11.335533339818928,6
6.705697432144292,0.1,0.4451261019071065,2.9883651095404873,0.010533716319156287,22.834419972799797,114.55906721049728,0.9972194794365966,3.4222408653648837,0.3,10.539891459880058,5
9.175559954254723,0.27795876025018407,0.28366574381334975,1.199676063801566,0.08462923132616325,9.174117791638693,6.0,0.9983666358378595,3.1971963667053194,0.6972792004931491,9.785310889248507,6
9.173436116550755,1.1686615366691933,0.10777318862990615,2.365324154933163,0.07427791526655275,18.19705552845609,16.236687492046233,0.9914703615138419,3.2758192291161494,0.7828413747146656,9.577045854440556,4
9.175581066720282,0.15355654113924028,0.073115499959929,5.536949797612509,0.030597572098147556,25.361387571052227,101.21992456428694,0.9957579638892571,3.4868167963083128,0.3,10.38604515910581,8
14.849643534113026,0.39514290705987287,0.1987664500549572,0.6314859958837108,0.059450510780813544,8.73977621922639,28.60007081948728,0.9995729975769181,3.37153625563286,0.3,9.662611243108735,5
9.270513868178384,0.5720774201304776,0.1049589024495164,4.398281125748615,0.06783965245970126,27.367645583866366,96.71238528355556,0.9976837808559463,3.318138589575223,0.9480139458115981,10.530243182877731,6
10.23046158830702,0.7038917359476043,0.03524538379396827,2.819975806475963,0.01,9.451609014272638,40.42970115421565,0.9970430302688492,3.475561472577103,1.4947831103222542,11.475775584899502,8
9.921802997938444,0.6456330002323023,0.061387076694948334,3.368451290063316,0.01,35.82192169200731,54.505930862572065,0.9941939075616799,3.214242106753673,0.3,11.119820751958555,6
9.407365127219858,0.2614794649453256,0.12738134559425088,2.627643731267733,0.02217501038026345,2.216195608722482,31.67162147528881,0.9979192661172528,3.3651109518856277,0.3,10.13833904850224,5
7.764042284111413,0.18680151296167838,0.4882029607874452,6.055397075249651,0.08576537618863306,12.228301752915684,48.32577184852397,0.9962193430929994,3.3770537992838725,1.3935806330491172,10.853793598273628,8
9.590247674838555,1.2310967978871903,0.022130508118418362,3.234908913218079,0.12507437664914364,21.927728763437464,57.915341767920154,0.9977101341346349,3.125358357388743,0.3,10.430913408702667,3
6.986197135286129,0.7519249858309104,0.047076752920800546,1.8515415021796662,0.03970553535202864,16.805222112920312,78.87197711925099,1.0003856214425348,3.172134555444659,0.41258841424606263,10.732091375967347,7
7.897408368541986,0.42419806385320513,0.1379058550006769,2.827857246406737,0.01,6.27320385431392,54.945612047988696,0.9939765622888862,3.043297792748319,0.37732937126078875,10.602021570903453,5
7.474881968690525,1.0224948981316162,0.08209261873788204,1.7720397546981934,0.01196709658241924,37.81232532084454,46.66364672528996,0.9989420291409776,3.340636726128507,0.3,12.602638726257116,4
8.439186036956748,0.11784769636600669,0.2565776678215042,1.4050565268133934,0.023722320550961178,6.598591160079202,96.77153238507015,0.995806486398717,3.486370730875985,0.3,10.798390108788343,5
12.234919563344965,0.1,0.14164198815298037,5.178171786446174,0.02325175851468669,20.825876637971895,13.292784516280937,0.9985713208952027,3.180333124165925,0.3,11.634544363281805,8
5.125649172594029,0.45075359220921923,0.03438554986689689,1.779460842707847,0.011425463164222518,10.034785005551951,6.0,0.9952628069469474,2.946856309844751,0.8339522969720133,9.165690857393368,6
9.466642323636673,0.4667490340144216,0.10724292516705326,0.5,0.02626571951915178,10.201079435450415,15.915593197054976,0.99455972619523,3.2925596525478396,0.4162012009094376,11.239433599449988,7
5.558383018977593,0.10702300154213319,0.20628082967200542,3.39442760093003,0.01,28.436569241289668,86.31796858991576,0.9976792698115658,3.4799246101807984,0.9597293543577053,10.096051392834044,7
7.497715828157964,0.7333543165110316,0.3099779629156701,1.8619384016119025,0.02793133824272725,8.38327584964956,20.316190656138815,0.9933305957688366,3.247095788981858,0.3,10.849988254710963,4
10.151216014844524,0.1,0.04644826491323305,6.840120314193253,0.014786361800344063,9.664580935534618,21.017085915414995,0.9949394774828463,3.378519229081632,0.7294541659182205,10.52391910612343,8
8.409276032462287,0.5255022196263697,0.2182090848730983,3.7997014932123556,0.014050433178381366,4.724625037022934,50.32516019601185,0.9949429650306056,2.96782095951019,0.3,8.0,5
6.467833877520181,0.6140220568496585,0.1306469909239037,6.615744676487113,0.049481310591745445,22.951238501963523,42.62565864262637,0.9950979547208365,3.3856188482001923,0.3,12.318989306168536,7
7.0839836942580545,0.44676392687422595,0.44205462291600767,4.328924144579385,0.05168336409135563,5.4319984394811165,7.635621716907149,0.9974339579230679,3.529431011546996,0.3,9.009625467248966,6
9.45531617318895,0.1,0.10865117155190814,5.272988498089288,0.021836351938123135,36.35751925639754,35.07694503646974,0.9972607930289865,3.5773992274170174,0.3,9.251691700321157,6
7.058376726080868,0.9090890797720124,0.03554490893365804,3.2632325773250734,0.01,28.955664415347563,54.758484214538,0.996112134502116,3.4491623347962537,0.35885390159255653,10.038730222078605,5
8.667979602289359,0.26878531479931245,0.08832988240569485,4.5298406030767975,0.03682753999572147,17.20760806894704,25.43674462006166,0.9949134058405561,3.682984912265722,0.5206008169385388,9.61207032365704,4
8.377472127836484,0.2694981447223209,0.015466604425572236,1.244885955181731,0.02105285422429138,2.5566244457571625,12.056769638556688,0.9959975304183638,3.430451026298067,0.831292950423852,9.646849732161263,7
7.192279409070112,0.2270789512711363,0.02197900676805677,4.314498626361437,0.06256586749852369,5.9934264862957765,16.647677980562836,0.9939791583849908,3.285514643504821,0.3470256257047883,10.597747878539986,5
11.944704951853055,0.6612551593776611,0.2584416404167765,0.7487950373662378,0.048885290995512025,32.50454980759423,20.236744367974282,0.9939683887628182,3.2298933014857365,0.3,10.721987983669898,5
9.37766233794062,0.25837300102599625,0.23433654862064623,2.3717494099505387,0.05568349664084568,6.129016099075739,12.298910050041554,0.9949639024554527,3.053687329979109,0.3166676516617844,10.119071423100301,5
4.857257602682068,0.14021169943762288,0.2706233793504174,1.5540794369945914,0.01,7.490246374068938,49.77269771769207,0.9936312048112453,3.2042799680336556,0.3287549040211831,10.20538711871933,6
8.616972335108027,0.7926707598674065,0.0973390579851437,3.0014521847154594,0.11102752107973747,12.576584088418922,54.569779460080355,0.9964857608391641,3.13520804755211,0.4215261232932291,10.092542457274929,5
7.174963009893741,0.38795787521244895,0.0631451428642046,1.7426748033763113,0.03818890955291107,15.928082667077458,59.69251018645261,0.9973022146770504,3.4189184085718067,0.3,10.193523723230683,5
9.749136669153582,0.8116159582460991,0.8318882187415036,0.7772109355467309,0.01,11.240826098216807,53.70107554935677,0.99625304625502,3.124117676624299,0.5203369030488254,11.257448152264683,5
6.9527147446644095,0.41021342751328566,0.19611503981542652,0.7099445568169771,0.024686494439306907,30.134654292740954,67.52058253565613,0.9942330893716672,3.145479371940412,0.3038831438867693,12.27854751076946,6
8.104948049506273,0.214035653743089,0.05495992651904847,0.8432277346917867,0.03155867855402596,26.26036032137417,32.22001043774529,0.9954037877009775,3.4436884417942104,0.31250724546768993,11.028897012018437,6
9.158478374266778,0.1,0.5398625751100877,3.0597589762840918,0.09056463901148433,6.986591218303235,13.800770706042432,0.9978881322339999,3.2194930848587706,0.7051514729927195,12.899882620007933,8
9.771783830089207,0.4521832196342506,0.4809603735611741,3.1441199427447404,0.0524322226710812,8.944920107188164,39.8377464268095,0.9983402775170064,3.427472714750456,0.3,8.0,4
6.259496108005181,0.31490329474142176,0.29452806452121694,1.7376940176286984,0.04282524353042272,12.537072127320627,20.52114798805196,0.9940545379031575,3.56377998610201,0.3,9.981091906498628,6
7.731347899070388,0.6804687445774612,0.14811516113824927,3.47695397731032,0.03230154249245308,21.015981896388734,53.21509979070939,0.9970276895890209,3.1609873815004392,0.7151025273148524,9.515134834993598,5
7.492592971026375,0.24848758761926965,0.0739465247391137,2.1953975160930375,0.026947813508470298,6.9831990927176575,24.201244907830826,0.9947489731299621,3.347083406879785,0.7521505892233891,11.940972900981786,8
7.18934030462469,0.5370137799302499,0.11299219624315142,3.3002136653793253,0.01,15.135078265260745,66.42131679350142,0.9983609783567472,3.737789109065079,0.7861165912481916,11.162456459160275,6
11.301272208477865,0.3975884568389551,0.4308335677410924,2.4857187953426627,0.03949186304803495,22.29711303552316,10.612605911816196,0.9984592149025191,3.3991042524470982,0.8591813281123495,10.534230636107653,6
8.988468908633624,0.19801349957211653,0.08431112696506049,4.430360154305298,0.011515319056879079,8.53726190782903,38.18457977414725,0.9917466414958396,3.440372871330601,1.199130600545884,11.362755386432585,8
6.156497277630423,0.2653124629146046,0.04422401587710366,1.2261326938129948,0.016068804796586365,26.929334448357476,47.012679555989706,0.9945345289607137,3.2819493486753273,0.6933251373806812,11.991382247958954,7
9.86036530999312,0.1152158436432825,0.2904808351299735,0.5,0.054229255231805884,11.762113830394798,16.3116987402338,0.9969795878789278,3.3277759610152304,1.3033639926974907,9.51984560727845,8
11.907665534921478,1.2875242661516726,0.16680444376204442,2.2124834610994646,0.015008012141495204,17.275766078413177,53.10253304610123,0.9922158432157544,3.4176132852205545,0.9706801895261737,9.521184349085386,5
10.05519094293695,0.5287014066992787,0.08784536538466027,2.682549179375861,0.01,21.577403352287288,29.553800691347437,0.9988741130711521,3.1239419809668982,0.3,10.157270604690346,6
5.717071057878178,0.10756034614393457,0.09645738733709457,0.9963587396645077,0.02526147605040813,3.8228886648885765,7.801079116779455,0.9969347843623585,3.09883132457425,0.3,10.69902016361994,5
7.476802076127374,1.2444808807934835,0.010205956330973596,1.1586471353016339,0.01,17.35138326788001,35.55689985915543,0.9934159844471959,3.3604354232127234,0.36683339449749125,11.070138070847063,5
10.453748953617259,0.15159205379262786,0.10352329580980574,3.7281481563585506,0.034540113946123344,10.24015465253861,12.627041584917462,0.9980002915895865,3.2648346910740993,0.803328979541819,10.499726616409209,7
7.0969619084480735,0.2449212977708004,0.40017839931378585,3.7973169928422155,0.0585905836386756,7.869465653703203,66.22107692953546,0.9980143285822702,3.1017512009853823,0.7636651007880128,10.612281621439738,6
9.054493027848588,0.33336406190015827,0.06411521495511331,2.137967250593702,0.02734781922538284,28.737768256659777,20.917703885827056,0.9972432627781616,3.0678578443628677,0.7185017143786313,11.197695763048012,7
9.616877890829873,0.40496852073094186,0.9319875705572845,0.551945966723559,0.01,35.6115591135797,27.559278134098875,0.9969822488436935,3.4552567661442852,0.3,11.018367027519387,6
6.72421819831726,0.6678879957103838,0.16999983668940338,3.627154235001957,0.06490286693673745,22.949274883482648,19.79030093371274,0.9977215076743142,3.294619029295014,0.6432206839020719,10.275812846160312,3
8.19880689469494,0.1,0.0316218318467064,2.6606579097984135,0.09569261018782907,5.796504778044134,20.068085413634225,0.9941833339328464,3.2362612826333352,0.6082542948181914,11.242772905975002,6
4.0,0.4098474865881398,0.7887044887906268,1.5799887519689533,0.024676350498130318,1.0,23.988917786479576,0.9964853100657646,3.296885693535227,0.4474000639895986,10.02103442195203,4
6.558541009731708,0.31987625001796616,0.6207375774991436,4.755392343874302,0.016053184151176517,18.100908197089225,18.213127415348396,0.9946884516920662,3.3055346370836616,0.37521351879257087,10.344488208671205,5
7.870634142631628,0.45824108257270063,0.3506724960684135,0.5,0.01,32.45408473710196,6.0,0.9981490256041827,3.2682310879342373,0.3,12.597058142580636,6
6.1787685906597565,0.3074062183525555,0.07133934915788705,2.3776046956303283,0.03567441107210895,10.84675141448197,30.6542919776194,0.9960634497741365,3.052978965191164,0.3,9.31664604499709,5
11.07509921668378,0.275180748303461,0.23105538412973947,3.6602324816176375,0.08256128089045889,13.985163538420558,114.02421840640622,0.9920345126539529,3.358056074281697,0.46720719193042937,10.74754235438206,7
5.868759657466925,0.3642160606530371,0.23485161777115607,0.7552915192752419,0.01,37.49842831511201,13.466861994370591,0.9933510322346829,3.152043755220955,1.1416780222868301,10.529526866675388,7
7.551924372615129,1.1996132074657297,0.2712787876195376,0.6835031154032394,0.01,34.13770561094088,44.5829335505567,0.9959696460235696,3.239450806471338,0.3,11.575395957982813,3
8.522258981386356,0.2795814510358376,0.04409416132885866,7.251823033446913,0.025442341174100335,13.82948724553634,32.47919354097095,0.9950236889822318,3.3672450778643235,0.7441191331808454,12.846221536466468,8
10.750164591412396,0.8815287979285429,0.17892077308264745,3.766035935484978,0.01,18.64624286029237,29.89233013868361,0.9950967576536552,3.416557940190068,1.3357100612532264,11.674104205247724,6
5.859034342994954,0.4439565200191386,0.07901730657857106,6.084299863686503,0.031158008393072853,12.930334256935865,49.793946449592625,0.9946467261790377,3.3476839911214324,1.1962830566019842,10.692756156511251,5
10.277378378663432,0.42865138002744674,0.26902343690724323,4.524687195837286,0.04093914250369725,5.203889001290227,6.0,0.9945029338549289,3.3177530249975993,0.3,10.91727016121826,5
8.3173962037333,0.46148606490945887,0.0500689075296803,3.100196859347933,0.04292936919193131,9.577821512731587,50.172368391315594,0.9966709332321445,3.435313447775303,0.31483929265237875,9.765624839486113,3
6.631435293218484,0.570766880564394,0.1557739127125887,7.890872788673972,0.05319793051950778,11.886485076187483,20.651393656146094,0.997351939370596,3.364658816447743,0.3,10.907860787802086,4
9.085575906247561,0.29758936603250224,0.0881912965976925,2.8620273902204145,0.11048919127300583,10.97222865998614,43.51470855234347,0.9964745613473305,3.15875458140229,1.5,11.607918587843761,8
8.6384014824749,0.8410177703306534,0.2367213456052365,2.2340985683116683,0.06436289433594601,5.31865007333446,12.676581216736537,0.9971956242820575,3.4336668810300264,0.39666274284457453,12.055986584106048,4
7.27963130883005,0.5717707938225346,0.2895865292118613,4.528189349935801,0.06856344536529171,6.465067376400925,10.448571999269824,0.9961135942551157,3.4234176736437325,0.30579333220982574,9.96636092395927,5
8.418663544483033,0.12566622250406503,0.0704401854547568,4.811314502663542,0.01,4.478106059520735,41.55129035827508,0.9932178638652249,3.3251434327154508,0.3,11.105936087728963,7
7.644966885335008,0.1,0.11629069545396382,3.424870311642443,0.03406211894177839,25.005849698016664,87.988610820085,0.9986949546930788,3.394737579165878,0.8281243818484261,9.222246532859717,7
8.492979486927123,1.1754341304704694,0.12101324650042185,1.5785159382937215,0.08689837014281449,33.03739982888439,78.53663526829195,0.9985773636707012,3.336925578631368,0.6487243682555753,10.158198872654397,3
9.42562214668578,0.4723627881340726,0.30660740154297045,4.514668227988444,0.018020143850096967,14.519292065413687,46.40661090967601,0.9971218802093857,2.809467631149421,1.159582839332902,10.126661087067802,7
10.9962285874471,0.11085496587112602,0.34483588697745277,1.5536918764966532,0.06214919737412911,1.5959850018631465,74.00433143194833,0.9937818773374034,3.2400875790119317,0.52368477893402,11.957035507357219,8
6.195713651994357,0.27925911338762505,0.06375630449759197,2.5460206334402695,0.13252313525777049,2.291218866969697,43.63912371419051,0.9933471484015809,3.2758504071219936,1.5,8.0,6
11.926156736915654,0.7516778959923542,0.04167514866588817,1.1546007055928085,0.01126313873636346,17.222212951611237,72.7581371099919,0.9946764903091534,3.271850041309882,1.089206789002977,12.206992428224382,7
4.981450740811748,0.3475826014277221,0.03301161451094593,1.2215203455327803,0.01,10.690408959235235,28.82603908836105,0.9998725702358947,3.226026546870118,0.4685365989674275,9.038770382931576,5
8.041965338439509,0.3725687821399923,0.42870226345260926,2.184192212382568,0.043956883995789106,1.1497773945472916,77.21058248846734,0.9966717910551033,3.295494096344032,0.3,10.232165261539983,5
9.300139251023781,0.6581906140126977,0.34170654813975615,3.1703071783594647,0.0292975275544126,28.099259265469296,23.489601002038974,0.9960375877390807,3.4151624401358527,0.4310200899507363,12.352871081799986,6
8.777686175149556,0.5058886907383873,0.18469311389842438,7.697379252070039,0.10298209120822496,10.797170362643893,6.0,0.9962265863288627,3.3369511634500495,0.7147366748568033,8.030365121373503,4
7.241410816304992,0.6016580443469198,0.5107827154574652,1.4455890114651202,0.01,7.677114570043287,88.00878765620125,0.9953010540737315,3.273493251037407,0.6245898037304627,9.162915922150571,4
7.946192174392633,0.6533575655874276,0.1073200765262842,2.6139728931785595,0.0839794890212527,13.651238046273267,23.241073410432147,0.9958926068768316,3.010548342398347,0.3,11.341864534832348,6
7.461898411079985,0.2193070978363114,0.1417201101830327,2.2739414533729887,0.028032386293130086,10.234885205409462,65.79751221616276,0.9961721643467165,3.459393907080326,1.1625572350573579,8.650063354466957,7
7.298079913194841,0.2375483834167799,0.3242117350667419,3.2589069827695387,0.015153941635820324,4.614488518942018,23.445932710586362,0.9949628323808495,3.2291408640117436,0.3,12.740984527470639,8
9.744323564935742,0.1968883829391188,0.05785794017874784,1.9409399553541213,0.03428327028292614,15.257036724672947,10.829625412576625,0.9938199165908562,3.5596176313794374,0.3,10.21116389844213,4
8.906926326140582,0.24879631285576712,0.10177055291556227,3.8162416772824352,0.022050888586926887,9.38802908917652,52.754284024143786,0.9961956809461026,3.1688493840821286,0.5690886178085283,10.649864731869789,5
7.122053688056889,0.3614499162560099,0.23214963737547173,1.089349113774978,0.032183016130758996,1.7351344988126316,29.733778120025285,0.9946174835912154,3.4070998916379636,1.06066576659657,10.669404334727945,8
9.829319788236527,0.38216143115528045,0.251247014335756,2.4466107146649367,0.08085204598478309,15.078501304260927,18.294452746968833,0.9979461339395799,3.2802754692400447,0.33406378085954286,10.029468949939446,5
8.822409185490237,1.0017866338940478,0.2143260682087587,3.1338379937876186,0.14146319646829844,5.519982303432675,27.099828440685553,0.9968849457101899,3.1233620753944606,0.7179445057803483,11.685615679564982,4
9.681865602026233,0.4883633397085446,0.057783729074389,5.002648724146748,0.029938187965792295,21.065296285751764,6.0,0.9958101812483761,3.441168642329604,0.3,9.11899383207698,4
9.370369031270142,0.36700645636845286,0.4042336096586844,3.865896141199329,0.04683271606551334,11.607308154248123,6.0,0.9947095841934036,3.057807613171579,1.398208797753121,9.91907784363602,7
6.890708481432478,0.1603878394359957,0.4807100399995964,2.405166328449263,0.07167996334924669,11.57482479933689,43.38516180943834,0.9972264587255546,3.3254314311040734,1.0462094121094845,10.405635089264106,8
7.347692231665152,0.31262222143877044,0.16315233104164262,1.2230019807913077,0.046243770226064046,3.798794989300342,8.136723766015786,0.9972991633733947,3.3182922395975596,0.9188926405172397,9.888576872087949,4
9.570399128709546,1.2341989674897256,0.16617258655701894,8.324479487362053,0.01635620437286606,17.890155407879963,81.01249235474268,0.9951782979123637,3.1904371443942017,0.3944692472609739,8.573970229705068,3
9.337629451236891,1.2214183506442253,0.5177022017688707,1.3718114005315936,0.04074692731353341,12.210841226273544,6.0,0.996643084575297,3.4803730736448837,0.9934162409848778,10.829303345794598,4
8.26446729026095,0.3095529414296191,0.020862545625851922,0.8235279185296338,0.029185415154139013,17.557082362134913,63.69556555623716,0.9944555670255765,3.3345183773600193,0.34535515827600805,10.041277816884431,6
8.499456551624931,0.1,0.1649005526996865,1.494345757451688,0.01,9.76326590406274,14.689645169744578,0.9962960927528025,3.5626060520362755,0.3,9.82571159521798,7
10.472030322840324,0.2772027735236404,0.05215903325092048,0.6721178899850797,0.040699115185556696,3.4359943235933152,53.4452373612192,0.9945277510782211,3.3414587060497807,0.586448732162346,12.645911363593495,7
7.29432863897909,1.009072824229775,0.46772439231769913,3.1088483895743337,0.013015275532508874,24.936123353489098,18.259460440584906,0.9951196159800116,3.3813780989126463,0.3,11.019990272260845,5
9.230065547989065,0.36339735738964724,0.31095990283609926,2.3935413815656608,0.07289812369959695,23.00618653031239,21.10407264850412,0.9975537730275654,2.9797886238959674,0.7336755322332857,9.594250731655597,5
7.956272490862381,0.6586597136835064,0.3052218293855981,2.0292916178697498,0.015617408265655127,6.741511463235929,26.240537638183405,0.998126527325568,3.40401360368749,1.0217811325971664,10.126580062059583,7
7.929941954513726,0.3964833518844154,0.2793825239607729,2.221471482171644,0.018747859984598342,8.394577107197616,152.73927719897247,0.9934952195060863,3.3678310888298424,0.3,9.509214097750318,5
10.167920648378225,0.10190702355399305,0.5255550314319951,1.572408806349285,0.059426967767701476,3.3738032143895853,24.287313792053148,0.9957230341971257,3.2243641013398934,0.369109362510964,9.530860318729044,5
9.70320779327965,0.4073080665540461,0.154098255456842,0.5,0.023701448908227563,3.4266371974471452,44.74196211284216,0.9972198735290331,3.1904450764903682,0.3,9.449629664206668,3
9.682966381201087,0.7202409817572514,0.2924877601406031,4.534402729424036,0.012360261848159802,13.361501452108154,18.579047624417164,0.99412192846223,3.2670324361052274,0.9239926882299865,10.484120501668224,6
10.51931397216236,0.24586098110858,0.3429964005377643,1.694167646159618,0.05058210854210975,16.753584958276324,24.30658815714983,0.9952854209130393,3.429530234286963,0.4504028940318619,9.44850706324635,5
8.335706530775692,0.7072414347894004,0.1614338087149267,0.7011443008320191,0.18230322580909028,15.696907053628992,19.212320943718957,0.9969828637896387,3.1259102685350233,0.3,9.111518374775933,3
9.45932005120144,0.42691339188306004,0.22145478589672918,0.5,0.015193655308622081,17.501593660476196,8.450456746864834,0.9950299488897044,3.1059975982244445,0.5662813264321771,8.518862528181009,5
7.772546513791125,0.6814273454827134,0.11798709037460647,5.679029896899751,0.06567275807565773,32.44535189971949,39.42476471649405,0.9936062633636837,3.4208262553779134,1.1660881445926936,10.654464019118805,6
8.851082799230353,0.5111775206273793,0.2680465215303431,1.8450140043472785,0.05671788264024577,9.882349921695322,33.03917926706119,0.9953973044684823,3.239100554447202,0.6386785867546962,10.80249031909123,5
8.078756807574937,0.17039689428465268,0.19868716315184173,1.809328088428105,0.15661149352290415,25.883288057405846,20.72498741172341,0.9956199004804643,3.2785184050631755,0.9603906315242824,9.994727490856866,6
8.464893140487622,0.3151933772040649,0.23622033445616208,3.368561722027645,0.08669389065947172,39.874885944115206,32.0208475449579,0.9988026906696934,3.2814085448360846,0.3502942038384178,10.945755558489239,4
9.311766943242754,0.3070991285746957,0.3342746129558123,1.579909976397446,0.032058100190562246,3.246393930355892,19.465131741345708,1.000238267460359,3.348754235869091,0.4912168725371307,8.303737050721743,4
6.909024838503098,0.2360864426094701,0.5357947573163504,0.6563856390987942,0.049575977994712604,15.197441121113329,26.467462174577186,0.9966048657476189,3.487845105965105,0.3,8.609381753999427,4
11.857058368665284,0.482247783446259,0.23181626503279595,1.4518703342647425,0.01,11.120059406633846,90.97440894732804,0.9961709662007435,3.1405308848793596,0.38379132203490096,10.320151793707122,5
6.589770451450507,1.380108917206824,0.09953094151266208,2.8631702454086665,0.10294352798553787,6.6365904051666496,17.750102020125848,0.9940003180197385,3.3644500098290124,0.858649197684837,11.005701330966927,4
6.235879358260856,0.8417569586817314,0.32127587313862915,1.442797227569592,0.01,8.353707256393472,32.23284701991948,0.993486484679725,3.2964337753958164,0.6616920622232391,9.833338458630735,4
10.268788484950116,0.9184826591591163,0.008464712883501252,1.1777652537432557,0.04909272389021507,1.844370237528248,72.10408159203868,0.9980911281364802,3.3462101949304452,0.44429536712933343,11.047315617638747,4
9.645826579736992,0.22396365879821215,0.47360394020907665,0.9375217390990951,0.04885368920018607,3.8285615653705243,32.21838969911729,0.9933507719137554,3.635504882496529,0.6963510563039674,10.889476703084288,7
9.361003688988664,0.9287077796492967,0.044217763050862884,3.1598515128956635,0.05646101966151486,17.351370541123337,11.372777946101785,0.9971889627213892,3.115180692239707,0.754041920973082,12.085381044026951,6
9.368187365749277,1.137731862502602,0.07133532079095149,2.805366390438786,0.011791567992012888,18.363879297942006,57.11640748806004,1.0002952733132406,3.3911509487560525,0.3,9.575373396800899,3
8.279180486160246,0.2176449700989111,0.11186332466514554,3.4547290934801396,0.03177667844653412,11.540862643636174,6.0,0.9941605082707179,3.464973999610573,0.667840004846678,10.02857882789533,6
6.774667568474087,0.552771402483068,0.3664760980404911,2.0384688244948928,0.0614532526436554,19.803931181749988,106.57413501222683,0.9925505172356546,3.149829433774568,0.542689220056307,10.595318344934984,5
8.428867748929335,0.5632746633205121,0.023911311796705328,1.6784627143836608,0.056792264622865664,9.09376035949439,65.85997298141406,0.9968642718291555,3.2632301452208785,0.3,10.871896352229589,6
7.148825090429411,0.3335982793893227,0.04717899084081703,1.2302376820850558,0.14878602173024982,9.437675387046596,24.592069282568325,0.9983140806509,3.22246304867957,0.3,8.381887565126005,3
9.957703546810178,0.45434653078348036,0.47923190820603506,1.8570369103259852,0.09784098256742238,9.005838836506618,30.869015431069506,0.994217560818164,3.511096019502224,0.3,10.3788720809988,5
8.050002451446366,0.5830561770517367,0.15096312047588514,0.5033249630369494,0.028665452359257926,8.483797363153725,32.121358936837254,0.9977268558934268,3.3005686457326786,0.4868366771270681,10.611875251933,5
6.896654765452731,0.35138046842451676,0.2283719942051858,2.9597347577941644,0.02771966461528954,5.57602279128663,36.33333601484057,0.9982456049134457,3.0594564493937932,0.3130603554689672,9.83086485959206,5
7.753644069189912,0.8148466041275839,0.6611251349881948,1.7231305438971019,0.014460034526909683,8.278042334194797,46.23209913484395,0.9966880017897911,3.641219479284047,0.3,12.383671039106046,4
9.001983472268563,0.12635417071296037,0.15512592546408724,4.905132537408044,0.057660725379996794,21.36436555133514,42.63377803500596,0.9952839856184513,3.5498849607391936,0.40190486392887054,10.418245565048728,5
7.341668260233243,0.3060349755453302,0.1468138989095316,2.2902996047170823,0.01,24.34981793464855,7.957288944367492,0.9974534119577023,3.439937240747784,0.42641174103425966,9.590699081208017,5
6.902225327537067,0.6678356012092298,0.23213584045285415,0.5,0.01,2.1635664302711466,38.36179217383471,0.9950605993631308,3.2682342402803934,0.4364518825767446,11.679045821644662,4
8.71426825953625,1.2863896920967857,0.3912793086816259,2.6894521856227955,0.052887308263528256,25.40925824657964,44.78691559521746,0.9959187074094126,3.1351177747722456,0.3,10.165832867350373,3
8.71644317088483,0.8498025580272125,0.15689378013525204,8.47046784483858,0.07884999177102049,5.713050189124735,84.4119888874801,0.9953446552163261,3.262127173802897,0.6249347558125117,10.466527801173536,5
7.43819660186908,0.4474623957148907,0.3869522833846675,3.1523730389806177,0.016849639374669486,8.98802906572104,30.95955827980692,0.9965058126892637,3.4392455713749057,0.31066114149347396,10.379574817036742,4
7.499234880448852,0.36464921461686156,0.18730756266893883,4.090026127905464,0.06225169023799545,14.167751258166565,27.29237386742419,0.99631721555025,3.2712939773527023,0.44381594307004163,11.694255912175926,7
8.694484893507983,0.3200550822271738,0.052648403676363004,5.258979499501281,0.1116868660398397,43.99745318122242,28.180641272931624,0.9959535181921093,3.2162082604070465,0.6678516997734923,9.86605851897935,7
5.838256619454549,0.32158084777261925,0.1131936483634293,1.1381184681779635,0.07442977458177119,7.73642817886061,27.995269391715926,0.9955642287077046,3.0784082553869507,0.8913962554560247,9.625564249095268,6
5.907311583559856,0.1,0.015596875397336188,2.1042548971927824,0.046673615323432484,27.74728236121347,29.568084601699482,0.9970709596111353,3.1618310072238422,0.3460104712892013,9.224544730762448,5
7.078644823870859,1.2520705004278527,0.26222166965368954,1.1889507310062477,0.05187496309580734,5.355453838203936,15.42896549411237,0.9946870895994737,3.092675842167922,0.40564938008610246,10.22146271965354,4
7.93713984208986,0.3859764316434065,0.08652857097202447,3.7606038036336207,0.05969656443024586,2.56098488750322,31.76168689919796,0.9945400360589127,3.317984061539216,0.38704941759399336,10.489088495939386,6
8.828542861516608,0.20592329189839328,0.08498211568346407,1.2018462081732744,0.038127835099921244,23.059354080804304,26.23856209301891,0.9980446959459759,3.421587430846304,0.4029502443560592,10.145604474902647,5
10.80810556881424,0.5466220909007827,0.11674667403350963,2.02559382681523,0.022660306168490022,9.798867209771956,19.636727564589833,0.9976733172654952,3.108651856320259,0.3,9.956912867189175,5
9.758021359443433,0.2204561897379384,0.02576086498984669,3.983204620740695,0.03992981008911663,27.338303894406085,32.07630740085558,0.9947540667143047,3.050189022353422,0.8756419268858953,9.672150972527213,6
8.028104499062174,0.7627534510792965,0.2793709197522555,3.7310470581608874,0.021361612727254363,30.646382124489463,50.28176327074454,0.9946414728119872,3.3011389941330624,0.3,11.91418714119047,6
8.26767244656543,0.21168472720522016,0.4655500991143135,2.6536741850127674,0.0759913955494182,5.405539290484664,23.76030679932515,0.9947428738312905,3.265663947951657,0.3084583858166738,9.331827765186867,4
6.5957000801157255,0.6890532279782213,0.23007895323831906,5.29968955954338,0.03829250171785331,5.320792710849387,44.76317057013745,0.9926774096297906,3.350699092816453,0.3,8.434100411124046,4
8.268527668812938,0.31634830360051674,0.4268160098873882,3.9684783524897114,0.014850132491314984,11.652584886411026,32.25496275696454,0.9977003981443787,3.075053662334408,0.637463726676053,10.36646580930363,6
7.809280313835766,0.49597693257345804,0.0159101641938561,1.4574486875495078,0.02846372892906883,26.99545139155625,13.615833720538122,0.9966496879620058,3.470266814589008,1.5,12.225175160053547,8
8.848621552574754,0.7255025378324225,0.31018194182435177,0.6808055858487441,0.01582003864958386,23.37008638896338,16.628344374002506,0.9943847913997886,3.362618714416862,0.9130664280875022,11.058562753927491,6
6.8937073959610515,0.2609083908614139,0.3011730513494408,1.0884140639851303,0.11480463272553698,4.176694769126939,73.38646002740944,0.9972736761557844,3.4697022885713817,0.3,10.883096154370055,5
9.182889074209994,0.7134711385947112,0.2890335436554116,4.1437552649934535,0.07278047200391023,6.615206963315938,20.42905464065548,0.9975918969516512,3.2301796545476984,0.37500944724020296,11.302365380691251,5
10.905656152104383,0.1,0.27138357971655447,3.125787554838149,0.024255060496367782,13.875198446519587,85.45612915823241,0.995909776548104,3.4524860138177162,0.742803141838289,9.774150887940431,6
8.115107747623343,1.0803829436563113,0.23243110919803067,5.337941930373291,0.020105990872790844,1.5958001019694925,51.78259798729642,0.9968139846313269,3.2148753980121283,0.6589305494497939,9.585446795048664,3
8.982909927568201,0.7989631445212512,0.7312000625377629,3.361795179558203,0.023894414934676766,1.929808406920729,42.77244635950561,0.9967755912191926,3.4461475653778364,0.45855799304167666,10.383721542975879,3
9.473244785908893,0.37582291227554904,0.03257628709598,4.031638962452265,0.01,28.190080563910257,57.54013167198832,0.9959739392286469,3.2200318739587823,0.6765966190022552,11.333568602975644,8
7.617925197794079,0.8971820225968524,0.6298618742176166,2.9292486903212756,0.04049159771508148,6.172854349399766,16.414106690748596,0.9960529740576359,3.013631429032353,0.47267318425689,9.774452702665982,4
8.68095721907771,0.8351814937403936,0.32088432683705786,1.4122394300506114,0.01,12.57921202995653,48.05950760195549,0.9966586444400805,3.426165616727348,0.8637080018300916,9.603404814850416,5
8.321407081329053,0.40251243722364,0.17673588175917074,1.3568374882094034,0.03414678407628555,4.412423160922136,107.50391084363658,0.9963723498391521,3.207428987818593,1.1913680213153734,10.182445679520132,8
8.466049367533014,0.39923590371432066,0.25278914798057706,1.0981487834033536,0.07204259601504918,32.25900168785208,19.640062082286725,0.9952067439132615,3.442146508598264,0.3,11.390167518870577,5
6.985883367445708,0.1842340063940642,0.024887765464432308,1.4153900367434067,0.10822825276620555,9.14538433305847,65.48803832643372,0.9950073916711194,3.056209762103258,0.39989739135570396,10.791063845012513,5
8.341667296240203,0.41904748216381593,0.10725948125088086,5.42934483558871,0.021359319632912918,11.37185231680448,27.03541355885504,0.9988746477492528,3.033795821697905,0.8111620130664234,10.527877117088517,6
9.146597095117265,0.1,0.25769502515000686,3.682013960523538,0.01972615977122556,11.403805061765981,30.798377041580945,0.9953230958016419,3.2386900894050883,0.3,9.308295078145642,6
10.766944133251572,0.683153429730891,0.44152389767970995,2.0621998088667626,0.01,5.643813063442817,32.04084849107546,0.993694023159766,3.302105533099797,0.3,9.783955455510597,5
9.930760404344852,0.6933757145912367,0.17277631767800905,3.194970147283396,0.05926550783754706,15.667572448533532,7.129084750747053,0.9981218719539972,3.03910996587565,0.8062018744823849,9.290343572018571,5
11.960410177769646,0.1,0.07638659703132629,3.1611583430689105,0.03502702813394333,29.50940607899697,6.846311486435695,0.9959234577562229,3.208192384517267,0.3,9.030210986487022,5
6.995509143090317,1.0124692610719703,0.12797724594261417,5.7443747778969465,0.01631494505116499,44.77045810423053,51.61537798685308,0.9958656392015611,3.1280232877632885,0.3,9.362998503705477,3
9.782945082425154,0.2421102359192889,0.11353811468633218,1.9071709539080093,0.0185959236181844,4.128256380294805,18.552845311362685,0.9958983391024978,3.313791177504611,0.45322268470651456,11.185646895678518,8
8.6116814097552,1.5,0.11359102799229996,2.8072405960162685,0.08364175321931143,10.557919322928521,28.64795487402647,0.9982599790607879,3.6341594513792055,0.9985471572431108,10.748007066087338,3
12.022664986470044,0.47736975138935234,0.018221228394167257,4.053258111249983,0.01,1.0,70.75914963536631,0.9942482202075983,3.2343409356629764,0.3,10.357802016141607,5
6.925892914896243,1.0190530535735993,0.5473305641921747,1.4007682821601217,0.09638291679581848,3.056616753958336,19.8177965738994,0.9979763651712898,3.20415215699399,0.3,9.430508969789102,4
6.8724728682926814,0.1788969215183028,0.35469147476905755,6.070475710054186,0.014144439945735866,13.774962369630241,12.421264178892546,0.9965977719609058,3.3187925609233804,0.3,10.026962048909013,6
7.281032502745163,0.3157945433908916,0.3416114694069868,3.919275611360538,0.06592328531122976,13.988662186003966,61.62984808618849,0.9976545573626491,3.5940773993930177,0.8247189765627565,10.673664418865613,5
4.689377268673329,0.25981149834343775,0.22747399890657283,1.0893478136759274,0.01,7.249110166573939,71.25182036628085,0.9951824554589265,3.133331812857103,0.933375367160725,9.557643782129896,8
7.406216463142707,0.1,0.19384582860830377,7.440480205839931,0.048625997588675744,8.282602283395223,32.29599907392643,1.000829247836577,3.3065192295102084,0.392981195586693,10.115838698484206,5
7.009474475358714,0.12676468990441608,0.40050881473347,5.306972523558956,0.029110964880059494,2.686615684490105,20.290050773212236,0.9957993711281509,3.6742975479538837,0.3,10.33307767342888,4
8.555669437009554,0.3646863603818814,0.28398359244134064,3.585486228205991,0.09482971274829644,16.79702556681347,56.9114450432448,0.9958885456684373,3.196747907208258,0.5340227338582124,11.887152354772256,6
8.880985158821172,0.5331329659808974,0.15479030510500386,0.5,0.027906170665319356,4.954150290849269,35.12213238569344,0.9943619751663194,3.222908152868607,0.7821180933713898,11.353729971144764,6
11.489490426667007,0.16184080024316108,0.7225932546941745,1.6139720006465588,0.10280753434876187,44.94417985501532,13.797391744806273,0.995769414856568,3.439393476348564,0.3,12.276047486897877,7
9.915720524916287,0.30046749065201583,0.3516011164557556,2.6683824648546186,0.02366565465585712,32.19916583631513,27.28827132246081,0.9944528137728342,3.5705858578740366,0.3,9.81147107811506,7
7.3192637853739155,0.2194700606947862,0.18510099157723056,2.818574150559497,0.0628477909620645,6.82066175754304,10.98937159874672,0.9998959592396278,3.590877526076453,0.3,10.955978707535756,6
6.772695058707792,0.3836983746456548,0.17768767035697228,2.514481534655534,0.0740820266411509,5.3619550159529386,29.56846948218918,0.9927633484303565,3.2777784226511604,0.3,10.68813287913748,5
9.13626259156106,0.6473871329312383,0.06466712688458078,0.8299051670845391,0.02715883599500366,20.932514225251126,56.359218760934596,0.9918220700049872,3.1585925889877786,0.6134195335252213,11.484265769078887,6
6.055603548064909,0.43579094761281295,0.0206238153276874,1.9798536501464068,0.035784598329314625,6.908480328320587,60.43257945221412,0.9949945788610798,3.20641774061917,0.37337213523270735,12.069774413988052,7
11.413479901952401,0.25057989157464233,0.10341391593506193,2.134829200802661,0.01,1.3842077464568914,17.33561856026123,0.9966602385420973,3.136022213122747,0.3,9.336825716679938,5
10.30504820522619,0.8165689469662204,0.25915888479108834,0.5,0.04487143146975605,20.2718375800194,9.320055925109177,0.9984413168719167,3.311554542745759,0.3,9.82065862473971,3
7.502401391422002,0.5207345754456256,0.08983471591793432,3.5664706366438264,0.06629972549646626,11.88657716368639,45.49395749294885,0.9962443590316634,3.399929050402183,0.5973310166560443,8.789770975614452,4
5.3876713005455095,0.44538682953279396,0.11909660417757076,6.519187381059197,0.11074921058206873,13.378549507957906,19.172952325073393,0.995401507033525,3.3293793156594216,0.3,11.17281527492904,3
10.601583036081202,0.1637405677159711,0.16684356619575558,2.2494234241170403,0.07077567635885282,5.742787002851064,41.94473525280213,0.9960124630468457,3.226145255512919,0.5212621683510892,9.547937550232351,5
8.105282263070551,0.7588542570844713,0.6395463124692068,3.6118093107309663,0.041099942094276185,56.970049656606655,11.560004989376997,0.99739027691675,3.441899094041457,0.8839770411991212,9.615903889515172,4
10.404287730354886,0.5587920416868207,0.04155331847458881,1.1090216324948075,0.02589916897814828,39.541918360358025,33.104147041127035,0.9938945248570253,3.380047676242674,0.3,10.911590780920008,4
5.589472980049576,0.5796314643138023,0.06501193949745156,3.0646433772782613,0.032857029529876104,1.7147938515600445,28.873673653500916,0.9977733139715318,3.372452276660819,1.0997022047092748,8.938139330657538,6
7.281062460978587,0.33776569207277496,0.48681361350405955,3.102941656323349,0.027988731991535818,7.501424921234555,40.85395703290054,0.9926467185560829,3.420119439862864,0.3,9.139027587394123,5
8.308914289520912,0.2917360015550071,0.13383771947231687,4.918742869075005,0.0777745332141507,4.191651597599903,18.076041983365087,0.9955591130097616,3.3480763339203983,0.6287574858344065,9.857315049934687,6
8.379867009400062,1.2562740263337933,0.09668607477954894,5.563099948799878,0.09627642940892926,14.363412236517677,13.390505063414388,0.9958224694601585,3.2827524690484355,1.3803841786019106,10.426541584579647,5
7.534888698485286,0.2881654896431429,0.013714564654953102,3.580839676917183,0.027576130413098567,18.24475675213687,7.462194102755436,0.9934310120592761,3.1178272162130876,0.3,10.05692397663072,6
9.358844884990749,0.134711186277235,0.24656907263576006,1.4402895195829344,0.05447764778606386,56.350065657780604,11.654153898757686,0.996061482087254,3.254704696447186,0.731863803935717,10.570548338077757,6
6.48504527004959,0.46207124127835825,0.06123278830218957,1.3965594755035446,0.030991388869534023,31.05648899420241,41.88796094282628,0.9952115861072414,3.1838340155905747,0.3,11.514808060010486,5
8.057954875463802,0.39994942237592246,0.2081365432857674,5.524592566467352,0.01,8.711662965131415,19.97036865944716,0.9964367600901134,3.5643063036478857,0.7507896368418953,10.965274032140995,8
8.504502573910228,0.841646028060636,0.34525125262720535,0.9056208184103296,0.01,32.98809092951332,18.674734145753646,0.9965189759586546,3.549271142956572,0.4771265799407365,9.769752858974135,3
9.174546017899875,0.35817336215749174,0.17218038629961066,1.605340445929114,0.015274737948622937,8.869627694489266,59.48855777561447,0.9966692914166029,3.5153255765262728,0.9287114701327148,9.785576113366204,8
9.509745292751113,0.6330149093488409,0.4759886862871151,3.39853068300733,0.031070576493451397,15.737889951723414,32.45003395135797,0.9950864673937964,3.2394862115702048,0.4989226417075794,10.928365219606597,7
6.388108443875623,1.0587401070765199,0.13827238124291705,6.3826683953903,0.04257635353898199,4.241589877756155,6.0,0.9962732783482214,3.281861325022156,0.3,10.174798320801989,3
5.692005909749443,0.5356893713046741,0.1405529494784283,6.72520883726045,0.11209171182545674,6.453171499141623,79.65198415164305,0.9981807813006004,3.2037749061166254,0.3,11.468934058278972,5
10.472050597227465,0.17140073962144148,0.5035140243074314,0.5,0.03684077552578653,5.325064219705591,9.447341270074336,0.9974344925268503,3.1200745064457895,0.3,10.386795383175054,6
8.864933820365307,0.5465959313415856,0.39650465656840217,2.992602821287113,0.038356171325708385,11.940466014050266,113.57424933993681,0.9965454239332615,3.4250178024041587,0.5159854687063907,9.015187034818515,4
7.02757288785386,0.3046458969483746,0.17143373793128977,2.365185678595968,0.06608053963263566,18.95761883301131,51.41759004684404,0.9942604823125871,3.189733330102297,1.0239487009868498,10.555571757494858,7
10.936958358388289,0.48542153043088226,0.5035935966107858,1.243243900866085,0.01,11.002688054059552,13.430417378483892,0.9913345850662264,3.259610008418546,0.7450226960937472,10.308197801189609,6
8.496646878297861,0.40223090145729984,0.20889487817649136,0.5,0.043141738247329774,25.21442097275513,37.12510143066672,0.9924224412485944,3.2446312752916344,0.3,10.616317482552533,5
10.304805212908505,0.13194879680703062,0.10982594461200358,2.352902778208765,0.06105289425157728,14.184819522851763,113.27519638203482,0.9971510548549386,3.584193205363747,0.5331320253222961,9.102699795414898,6
8.414781418397187,0.3566177388928051,0.48054374580307246,0.8881454466712722,0.023831835648668313,23.404899999617406,31.292746706602856,0.9945552201945571,3.3075825134765386,1.1414092285943986,9.046582382206466,6
11.803271472299379,0.16268174279790887,0.07546452095285454,3.3096642837587975,0.033769597020367734,8.855686768491669,9.758252430889279,0.9936964958472975,3.427970449082838,0.3,11.956966566774291,7
11.284079432153447,0.27068490300245546,0.03540813678628924,2.5170439798510786,0.02681164138929379,3.238819324244564,40.45188197458738,0.9948218660455694,3.246995062202397,0.980587179547365,9.614896594638966,6
7.876760947585575,0.7571536010190604,0.6451627176650079,0.5,0.023931095775628002,8.034998341508977,20.147420877963707,0.9957547190606034,3.1983542069947966,0.6448752036994534,10.034330625381887,5
9.951670616622405,0.42623771209414196,0.06119350686989748,2.066567647585212,0.04029384500050154,9.268585075283367,34.86276154601487,0.9961516399724196,3.3603557384648357,0.3310786839584381,8.460004493014324,6
9.397139114294752,0.6066454718530383,0.31749685684611956,0.6616421244388337,0.07821344583443075,11.705311366059181,10.663114242392082,0.9946798994025178,3.4558225750274336,0.6009309339701369,10.457892552681324,4
10.626673647804994,0.45223452079644993,0.7006546009436319,2.895197900150074,0.05214508804853992,27.306175836523032,14.665398135448315,0.9976468687876677,3.22235486285133,0.541001291970633,8.671128342002524,6
6.6596301170138235,0.3219988787670774,0.09924193665727644,3.819161702210049,0.09189380409825576,17.44420092737307,29.7663029067595,0.9956069286599827,3.4003813611995795,0.3,10.309355376560712,5
9.466287481997348,0.486420963169264,0.15986765555755633,1.781859357354854,0.023653292892229155,11.476410971681014,29.576339613787916,0.9955455571320141,3.2596778790708383,0.3211197278841698,10.59272290943224,6
10.0993216276443,0.1,0.3061583519040984,5.345860156151046,0.05549741750074229,7.719847245881577,64.85424746062341,0.9943357447508555,3.0465344587064433,0.9196235308335284,9.857656879397858,6
5.310142873080706,0.6847989000315924,0.2936577520171271,2.9336187091114554,0.04516093360343049,4.103943492635736,106.51128766047462,0.9995083196631597,3.1820275632068076,0.4695033383542546,11.010657047873817,6
6.288460528468184,0.20088142165598455,0.05101918301117997,2.4655721584182686,0.07730841389458404,9.041032331840897,9.632460479465795,0.9957030386399324,3.2956525857162244,0.48005522699064146,10.450673406415016,5
4.833305297807829,0.5802639954729198,0.35622967007712786,2.496878373512231,0.05815113168782519,43.25895880091514,21.42347357941414,0.99697740103542,3.3363511738582896,0.6890844646940847,10.745323952873472,5
7.842008381444253,0.3120127963064718,0.11480647300636586,2.06601964717814,0.08863000133669638,2.9774703932037307,20.914953201020015,0.9963115781225114,3.3923730974082598,0.3,10.162731779781929,5
9.519821834853136,0.13203293487055415,0.45052545317861564,2.00631888915166,0.01902516769291595,9.652188528013895,28.489021989999227,0.9982388445368925,3.523802958332527,1.2423456734511642,10.406870764637345,8
10.854006988563249,0.23249183626074973,0.24524675604589521,0.8634475142900163,0.11433598021578804,10.55697400809629,16.46504362351309,0.9944732389832073,3.3002271625043327,0.3,12.50490803932151,6
8.425961126713618,0.5823822360565046,0.06381550475928076,6.127615133876013,0.0237309332752561,7.997670234591933,6.0,0.9969462101454395,3.083844955453486,0.3,10.196800468406396,3
11.068646427471197,1.5,0.2066531323291222,2.0461553944485695,0.021162395552467766,10.697382394474761,39.55222838563296,0.9954329861468973,3.332288215005725,0.4411244944521644,9.390875655847083,4
5.953827521034686,0.38308656862369234,0.028897228499278255,6.725570149055444,0.05365274445805383,6.0827531567382565,39.84178400077116,0.9963407252357762,3.2346361391227396,0.42432713337404193,10.155111832612313,6
5.404249853096237,1.4104325478310662,0.3417564802653188,3.7717435253658538,0.01,30.165948210063668,52.32527407799446,0.9953784050535359,3.1416093834311423,1.2305979867848975,11.318428507006233,4
8.20556891187575,0.1,0.050174771989124185,2.1943769441763417,0.03383516654990098,4.241644680336735,90.89344503891084,0.9994452383168051,3.307944829894608,0.42153690381964454,9.403612188394149,6
8.952911263196823,0.3313312019335868,0.23209212940704804,2.6674128932680476,0.016781230578607677,5.631053243012438,39.82833691922208,0.9957977042420473,3.4036742775914544,0.408332235506372,8.271086816768264,5
8.244418928240043,0.38332384767689937,0.3510541798968306,3.819058173692581,0.012175517449235099,6.24532879523225,55.62064724241892,0.9931998996984122,3.3908062307896762,0.3,8.0,5
4.785348429932211,0.6039462628080193,0.15365977784076087,4.593134795338127,0.01649011149588683,4.250961072151423,100.46203351764112,0.9957671572191098,3.1691825037167503,0.3363093085426261,10.435390017815157,4
8.14849593282826,0.24026073364992565,0.1947574039131681,2.4349566038411696,0.02296516561506972,8.314596938537647,20.91865100747798,0.9962398542853019,3.4789428873389996,1.1447106030281464,9.842890124975154,7
6.08240184914175,0.5194006563351766,0.3685253460305568,4.328493255175511,0.01654345164020781,25.20134658735782,21.06680269380516,0.9962357096322281,3.3854050517501832,0.33250436816935947,11.392903299217082,5
9.438443333011065,0.3444097103190098,0.2451650938923864,3.7262512273382615,0.011184837089358904,3.0668260876753695,22.719934070440424,0.9937094545642459,3.545270060238032,0.5614394423613811,10.203150152602408,6
8.923217018364642,0.9237818530060954,0.14111413728829006,3.8424292259356294,0.023440217421093586,15.948240174236822,62.825511417143495,0.9938687681083365,3.6113276155932725,0.3,11.836118714035347,5
6.702204363243497,0.46237810124333256,0.07307791343377629,4.336847967922143,0.01,11.520395728574933,127.7578889945503,0.9993451845830416,3.391842333697983,1.0401816698544204,8.833401243557061,8
7.426426240527622,1.5,0.4463223443107042,1.5447933730835675,0.05500255897182141,19.670110763332552,24.69865026308877,0.9955933310841819,3.4797887360981443,0.32743740548719713,10.506542046125164,3
6.499337012788783,0.3465666482315064,0.19029150125065045,5.686771416927063,0.021370434158071924,10.499495539344071,31.669021965897528,0.9957805010857127,3.3781843283311637,0.40847222579330417,11.101346546265301,5
8.19344553463561,0.8837828929223311,0.08663697289216395,3.1311326105894643,0.011945169831186056,23.253547007490027,29.698901608687066,0.9997600362194972,3.0684555478320723,0.4188942533656599,10.45541727557772,4
9.923741944852106,1.0768208959862684,0.030135158954712252,4.584743129868517,0.06212915572273308,10.264335476484863,46.792864918445844,0.9974438585980085,2.9482779508417387,0.6419474900608273,10.896586015212687,3
6.624265721229577,0.1,0.19368207643319074,2.4299834593242347,0.055258012164750465,2.29985063936023,77.4833203879389,0.99593856322464,3.2171599277855214,0.45573237248131054,10.68666055785795,5
9.156879076380337,0.678782842206528,0.14739904157618966,2.8684141846179045,0.014613933455037673,12.383068035341605,99.61715692943847,0.9964244262065731,3.3608029334248206,0.3067472640642675,9.085501957402156,5
7.398562048766851,0.3367903669491873,0.07398983044878764,1.540483381321716,0.13806637037970523,20.030214121881272,27.435537082271253,0.9995914145271675,3.0761124355556353,1.368816939275933,9.280467598802877,4
6.952116185154016,0.15049108892932495,0.248973801751487,1.012320646591606,0.12415633802701292,1.936726272472486,16.615779813220286,0.9948599553990725,3.298727613374603,0.4240817197475124,10.483394711098715,5
8.118048388077252,0.9346490813498473,0.07496648591823765,2.131566937131552,0.06521816416615842,16.755744535383542,36.96492910384049,0.9975023249667767,3.4221055105531737,1.5,12.399300429515723,8
6.540088051887064,0.2521847205658833,0.5297383886852007,3.9344596582547835,0.08938933517589755,8.934395506888611,28.921993957778017,0.9972263525314533,3.0636968687578796,0.3,9.711167955318386,5
7.358796180909791,0.1,0.11380458665659476,1.5769197458067148,0.011069948552201668,9.27792179894951,54.513997950719705,0.9961085283879362,3.44837333234682,0.3,10.939853301794098,6
6.263607582598958,0.4706754670256961,0.029425141035657774,0.5803113730767425,0.0505308277804347,8.15694582867306,18.884813882830564,0.9950171652812908,3.339522214415908,0.3218108496414988,10.352363331668453,5
11.640032725957862,1.0290363950273478,0.2081452963193919,5.0776443054247515,0.03202580749610247,12.733501776265314,15.881501877360337,0.99672534990053,3.2985317914299364,0.3357479906889787,10.878758297413908,4
8.35994803835194,0.1524040877206446,0.36363745985418766,0.897924401354935,0.05158285236110724,22.307260471209826,37.39068311216927,0.9959951752953122,3.1104598633857776,0.3,10.48735828596261,6
7.110466636412605,0.7415707053676585,0.05424884110088649,3.062774606855432,0.05900168807215275,6.4043457839586395,19.341075244973553,0.997294167834853,3.402981369167682,0.3,9.61655780652738,3
8.663765848248179,0.1,0.2978006383903293,7.254631964949969,0.059871466774558915,17.812877814093437,101.13647220476552,0.9930501216900287,3.3236436877651068,0.42171597059267263,11.003659482708917,6
8.10904231552559,1.0783227575326437,0.3311693904881277,14.206128839546796,0.01600724868460356,4.710784039094706,44.71224293877063,1.001729590649228,2.9816139031685944,0.5984224849616241,10.633979495977496,4
7.924351680793522,0.54335278989887,0.1914839403427546,2.2094700210890506,0.18643819180034385,17.27350875520702,21.73739002171928,0.9970700099157983,3.3328167805686926,0.37818440420579436,12.00124405482991,6
9.344083390073823,0.13750462520801646,0.580813834373568,5.1276725815697795,0.03694689007148646,17.717285227626288,42.62901190798213,0.996871049810952,3.15651683957579,0.4793206911300607,10.922669829688274,7
9.58776310708042,0.6953752914785859,0.07771774059281987,3.093430498647139,0.01,20.436409759003244,106.55072351070118,0.9996994039145883,3.1949471562823573,0.7004204008007374,9.095099009881732,6
7.398148049062104,0.2643153510840824,0.05752564162551544,1.1427219579738623,0.07242314402371379,13.23866999428002,11.613177342676908,0.9948752917056569,3.315158005917063,0.3,11.095590686156006,7
7.321108990904045,0.18441426014530482,0.10209718790124168,2.07395561368018,0.017573497473168605,20.24152478131829,15.83265482696322,0.9947497865744248,3.3680851649917756,0.7612727491691156,11.194548627125037,7
7.832412114842206,0.25952967834934143,0.12845955280263593,1.686543328363189,0.03658707754098105,3.9747969138412524,6.0,0.9954120907643353,3.459582406886937,0.43177609193185207,10.807389743645732,6
4.386734019949507,0.6471886290555332,0.11956729493630479,4.998972348411346,0.026522049740069775,26.248826949597937,38.03659334789889,0.9999101585124621,3.172082764247284,0.32937817532156527,11.752722105443219,5
5.724175194262462,0.17391027740884601,0.06961310194846457,7.067688255183791,0.05203068895680865,11.943303136014203,44.023714286467055,0.9958333056144875,3.305077349963458,0.6563693739255183,8.515938938800508,6
10.623686254655693,0.1,0.11234934366718506,1.8459892029073361,0.08843008922836325,30.997573544664455,78.65160925653728,1.0009640468242065,3.0212095195531252,0.3,11.890631523083245,7
11.096445112952182,0.2708296274765778,0.1709102343704361,0.5991470894169381,0.0434839130624498,10.084791735833733,30.50855217967165,0.9950415767500127,3.358848203583612,1.0930469310120225,10.680656085152874,8
7.876638732754158,0.9605999857817537,0.31231933378104815,2.7970782710100908,0.022482537938464962,8.93647765424639,30.009944223093253,0.9912853881762398,3.240497785343132,0.3,11.381024023043707,4
9.280146837194804,0.9519657042858398,0.21328077845775928,1.2088089918996558,0.12741118888349334,5.855879508228001,92.34732584805005,0.9929719553403942,3.3792321627681288,0.5778194510575669,9.595835893601052,3
8.829125262724013,0.2592209306698518,0.3162871128249057,0.9911647255701027,0.10115098436715585,12.929939027727567,26.90342881259717,0.9970617716585247,3.2722152848736603,0.6778255908540294,8.619355998757865,4
13.534097374373903,0.25150947599824086,0.09318529184143919,1.44516005298331,0.18924045162370437,15.132222984457988,12.384706717524633,0.9971659889996205,3.219314548327909,0.9287463363937067,10.262573896090787,6
10.203277349438782,0.23852755963778627,0.16377906980070064,1.3575467056087624,0.020849735271713937,4.99592563039908,16.334070157966323,0.996652895062731,3.260517482102919,0.6458705762470295,10.535818589676838,7
8.082540094482697,0.22961040775300312,0.12238924439585361,3.300196526880093,0.011064477035025043,5.833500833840393,113.15793426791001,0.9941476862616645,2.9704876055584832,1.2320455846809866,9.07466690826682,8
6.675581250979277,0.24336491011332198,0.039542514624500806,3.8345256701877792,0.01,3.8868293772756797,88.04779863977262,0.9938516772525886,3.4100616023415733,1.5,10.994920832741334,7
5.569041255562127,0.48758383211813605,0.010445374140362895,3.0383718417043752,0.026993016720759842,10.993841415903669,18.12796045809617,0.993397969534929,3.4208356720213615,1.1389155365225818,10.756870329261611,6
8.64588818097428,0.9762635556278295,0.08743305695342886,1.2041181254403344,0.04639523780040445,29.34112701582235,53.606470391532554,0.9954344097787026,3.4246975076836375,0.5301149254004495,11.926012479199095,6
7.014203733016685,0.1736447318474691,0.2790214256638198,1.232998597507659,0.016225781203654872,8.653493884743023,18.115085302192085,0.9966283652420463,3.2839129421471362,0.6370838450828977,10.461906964622157,6
5.882168693683955,0.20461186044425633,0.2058426015502158,2.3469124495915064,0.01077264394400409,5.33526449135032,126.17052049892999,0.998312520051297,3.4712255285908222,0.3,11.695284508095051,7
7.200826096787706,0.5292032690857943,0.17849080879758814,1.9243669130850207,0.052585780753177,5.8799099416770915,20.673091163217478,0.9976971962499575,3.1937648358398643,0.3858161451740097,10.438340233627878,5
6.46136839385553,0.6734926572214077,0.4444113929813229,2.5242467499132086,0.08601179390353207,5.955142371745515,12.910840376038236,0.9963263131687021,3.1516564261789584,0.5412829510280298,10.573538158588834,3
11.16814077962336,0.1,0.07409997278244886,3.224741755190589,0.01,22.389677247352754,22.880760210682595,1.0008319666775238,3.4071053718898296,0.3697109617379192,11.109846747610753,7
9.798787586814067,1.222967976220912,0.22391143692937612,2.3264291336741034,0.01,22.066154904454038,40.52355896211058,0.9960948329055483,3.2168624994160333,0.38950225329449684,10.596375998636844,3
8.28644650976175,0.31339770330289557,0.11952628874572704,3.6336635002155724,0.035632495728280776,8.901387952915401,13.209386589305252,0.9919342100508981,3.546799747263272,0.4267404896365258,9.644819950566577,6
10.815905036113044,0.10859276256205119,0.2320018531300864,2.8703229649182704,0.06017400675936144,24.83588124965353,49.31485935801749,0.993603627268297,3.476528238377476,0.3,9.067454930172557,5
8.431526123000952,0.1,0.35161133545759166,3.7499451938066977,0.012758427121996827,10.80635315028209,10.348055977887308,0.9961993351325136,3.3063787072242032,0.4276503304795054,9.517732113101745,6
6.8358168577419525,0.1,0.041423077896268305,0.938211687474527,0.01,8.225056391288518,70.80673417483472,0.9935975798533455,3.121004057961734,0.30745779347985364,10.805581637098333,5
10.889310931358418,0.8722695114172206,0.29084752223211346,0.5128901072738186,0.07990963609093392,14.899245532027068,58.1778084240387,0.9983725422148311,3.195481505444722,0.4600508451490513,10.77613761431753,4
9.21614707426392,0.4289010725490229,0.21312456977251443,1.1708190552749562,0.03517467282714925,32.582491255562786,63.39837189856742,0.9964199034808184,3.2717558240603126,0.3,11.667658596104655,5
6.536681537645025,0.8777163232144105,0.10312811210707751,4.774789771169945,0.014320155690875443,4.5461302360712645,37.55110168749318,0.9984260985564324,3.6970606629196605,0.3,10.355590502574245,4
7.976424247257867,0.3695187408865861,0.008667484016721495,2.8843600259653632,0.13352549033259908,17.595715806181317,45.00705669242158,0.9965005868862619,3.336108521493838,0.6045778323779487,10.80440795162353,5
6.811448969245913,0.8610310280065511,0.17716713647039659,1.553294558598075,0.06338400853542937,21.86893470507414,47.700938569451694,0.991638512213248,3.406076219929636,0.49416208748610035,11.253721657942245,5
5.949240457360629,0.3623658835311284,0.9015783290681023,1.3772555992313276,0.03172574139125681,26.6463538497173,35.4158654702018,0.9987274284232954,3.174879623373535,0.36797854227570026,9.00853140372144,5
9.87450183080379,0.6021338338206458,0.026297107211455693,3.90548301967005,0.07500418158523135,21.235646920181907,42.51404136680165,0.995899329945281,3.3137574338443954,0.8812926927526775,9.386606230420611,5
11.546008288799221,0.38930574481361147,0.037643860446561095,2.933355647336148,0.01,3.221112809609814,10.071683344917364,0.9959910802611479,3.1846968074551243,0.3,11.4433975900939,6
5.9224351245074605,0.34535131199643826,0.21474066574685727,0.8084947281920627,0.02344721897001895,16.913586864210775,13.583779393652929,0.9968596100281294,3.2128250275887065,0.3,9.487482057283849,6
9.25704770237397,0.1897003607605692,0.03798500917421171,0.8012878756460877,0.018693971275399065,10.952936256344717,39.07987089427077,0.9957539821576146,3.0318899276018976,0.3,9.700034989691996,4
7.193907632492895,0.6618239792727248,0.3144318548209004,3.6674351588311156,0.02693983378550695,54.71716645164876,12.061133907906687,0.9970245894421016,3.3466917575554875,0.5704885343701676,11.065631441093053,6
7.471886847600017,0.15308844049290862,0.20152996807524737,1.5082060073254815,0.10169188176956179,39.253674732975796,27.755693067901973,0.9964290150890531,3.408099507518105,0.5083155200651438,9.043132555880353,5
7.292930328793923,0.6610480630013795,0.05674536731009052,0.6304781623930529,0.11689140624231625,11.751781799479941,11.315488978939792,0.9959241184001509,3.077948945098636,0.3,9.359472368428376,4
6.831215691544314,0.4436925759078866,0.07516485710978715,0.6197476467239501,0.04313594325867409,10.034732766257552,75.15394451465076,0.993427014094284,3.1220875558985446,0.3,10.311048973452934,3
8.382486767506206,0.6735353009780403,0.028576250732297116,3.302716177042133,0.019758737195681168,27.342985887422916,8.050559973500391,0.9960799841983782,3.0818849655713803,0.3,9.694375747016137,4
6.887384802101236,0.472802311992639,0.37901840442462664,1.5708791980446326,0.01,3.5530237216594536,32.46379601797116,0.9957896998753005,3.3011371222714554,1.1603826738516545,8.783205946129252,6
8.759776603825726,0.9258714380579024,0.3844796622417931,4.108507860094112,0.10627948472209596,9.623857545475643,6.737938495371773,0.9972581001401682,3.2900225609448626,0.3,10.290482562392658,4
8.214595213936468,0.5608458892830691,0.4358596563054469,2.5818249838661345,0.05473152494675147,19.019470855537527,6.0,0.9974419648931149,3.4287103491414985,0.3,10.881854587222692,3
7.893788320327104,0.45077359580539295,0.09460871628759514,1.7879462010640519,0.01657037917434966,4.994323470426034,22.8416711742221,0.9956642487828115,3.1265884059076767,0.3,9.30255251217544,4
6.757141774529284,0.1,0.06707174676568826,2.470031040743307,0.01835716164909806,2.1288072535212974,69.81289756625385,0.9954504646489429,3.2440408195699297,0.3,10.199017388137428,7
7.319488738033835,0.9514084009044695,0.18220193521687036,7.704551947840069,0.04153077457932209,17.248455309943083,34.105990111063605,0.9981884723382048,3.1851332897715605,0.5712647056388691,11.622135921450027,6
9.584165083903786,0.1,0.3427598201102109,1.1095887526765127,0.01,13.860950910441415,28.819082561431266,0.9973167397674508,3.3976967905592907,1.0990841618165736,10.83993052896588,8
9.151559218961449,0.11921955053122232,0.0652809262194734,5.279453890953302,0.0294967883942914,26.128828062945804,6.170108181891955,0.9948322175628452,3.2971394003777417,0.3,9.392258273007478,6
6.638156083842464,0.718516177075928,0.0545531142124172,3.6977555750978435,0.01562386374593189,4.555100875432505,6.738948553775641,0.993187757070593,3.2150446879810763,0.7975378674152894,11.525781601911715,7
8.468864919229684,0.4170250024486663,0.3070212314264152,1.63195503888176,0.07667112415897394,8.478197921582193,44.19681133813384,0.9992650043032268,3.1801959612483044,0.6858204973302054,10.855594684151287,7
9.577358109732042,0.1,0.040462927735318954,3.695875140016679,0.04006696891936628,4.671130723434258,39.9259451102943,0.9974772132725523,3.3543295446245143,0.3,10.089387593722783,7
5.462011022093669,0.25120873110036646,0.2146127961579539,2.805230223891778,0.02054223661672299,17.423559987056517,75.60791703150764,0.9976982826099978,3.464732155256803,0.37977013219783684,11.008636453870807,7
9.22371232704589,0.9176119357948298,0.13275669852299454,2.2945537125719024,0.013615751249589005,1.3890740593744417,80.73702735184483,0.9939781329171719,3.35058225744413,0.6829515243152284,9.674388272258902,5
7.173539609792061,0.4623264706845684,0.08957230527732912,1.9129128517395322,0.1284487817615214,14.168230287745388,149.95183190020842,0.9974597806256063,3.248326707641495,0.7901646666724914,10.339541553142134,6
9.270017736608372,0.4249135482571772,0.14813134122369445,4.600026483610833,0.11069688223404146,32.44919537643042,40.950548406303184,0.9942576456425399,3.091770404824228,0.4239153472915594,10.041396143423837,4
7.002459433877722,0.22554439705327164,0.14206438400887655,2.529985546589331,0.01,36.365714638371855,91.61392748280875,0.9979236425374143,3.4925238731022556,0.5993075916031908,11.521537990314831,7
5.231700428870319,0.7363882839406127,0.23444783074287406,1.1835426951726182,0.11781806477519258,18.304953620618026,128.139289408846,0.9957785738946654,3.2993028972235643,0.3,9.336986698811913,4
5.533177855598624,0.37817471056682367,0.2469878870342787,2.40744199671539,0.012047507147519256,13.836966261214194,30.588297663023575,0.9936064032060344,3.40946272779497,0.3,10.928154130978962,7
8.38174440932435,0.642976459582298,0.47188585756772555,0.6564245307576454,0.04777370040891439,30.200146529924858,41.49862779963344,0.9963395502076394,3.4102954918813317,0.43842280378214193,10.223470515396182,5
8.74152825292652,0.205590217739273,0.20349638715297783,1.5150550537193843,0.04185175028375555,10.374404488723252,16.056884398010542,0.9969463814773531,3.4517649009399864,0.3,9.650453859863223,6
6.762661737322507,1.5,0.2986765104141381,3.6144049866481427,0.01,14.046181273451081,50.01602030467574,0.9970974760608879,3.5306811510511644,0.3,9.296315922047961,3
9.385607179921536,1.0325472509566112,0.2828240507584364,1.059580229198601,0.06750187058312812,15.567466691289287,14.388575890459643,0.9960963064862516,2.9532928471312387,0.3,11.404564564221673,4
5.475415894142769,0.4586364084302431,0.44492852361001567,9.52446112457871,0.01417820715138029,10.722966870819658,20.41832391800535,0.9923593454350212,3.3236335044684577,0.3,11.042095192739563,6
8.187664342299563,0.535536023605169,0.3876821697640585,0.5,0.041450752456274526,7.359592610421685,84.46001598094107,0.9986469663140682,3.476190202045606,0.51205077933264,8.716147532858294,4
6.241272460403824,0.2532609923796627,0.3690239280071855,1.8814275056151706,0.1577922010293801,17.41558257996762,22.373472400475723,0.9971193814187086,3.3065887636759803,0.4817570358465442,11.011064160614824,5
7.19187861673633,0.67954035568691,0.04773663693238457,3.86135255045045,0.027679687472195794,14.067749180486896,55.804164064839235,0.9961113166885612,3.340658281522804,0.9203403763796552,8.972398298484674,5
8.380577741237904,0.1,0.26365988757002545,0.6846989009182747,0.033223141156836965,18.342903737284892,56.25517993991187,0.9983150548553823,3.3059101604919596,0.3,10.771524065840525,7
6.837297279017282,1.210468764778274,0.010522293325620977,3.9086631297168255,0.031703023817200096,7.81739278385509,6.0,0.9936459466555768,3.2723400870594395,0.7162307634769198,8.0,3
7.646255574809298,0.6518553938184981,0.35519905699717463,3.729486993754418,0.0167425386943582,12.196208416806375,60.38953431416121,0.9953478013010527,3.131974367168081,0.5274286645073071,8.044201125740639,5
10.01069777566455,0.17035624895521573,0.11977130053571206,1.9877668695835369,0.01,13.861857035297861,24.548203935843993,0.9978175787558318,3.2202480105496645,0.3,10.794274145794951,7
7.3192838218106475,1.1908277425708336,0.1684333784947853,1.2161009438553538,0.028018955046487156,19.651255654834486,18.85690672008205,0.9999181683321318,3.1228079228523957,0.3,12.007697074980285,4
9.720676590510742,1.4464797324829597,0.2197235380309413,2.5076805828646482,0.01,7.068285165336047,38.07556698375781,0.995176489235506,3.3833655925933797,1.5,11.821150480099407,6
6.37949834708205,0.5567790960592409,0.3278698591078441,3.6212929277355728,0.060694180262270754,15.333944722462077,25.25012808451838,0.9928031074088044,3.374378936492376,0.621018743010796,10.179484291004597,4
9.20066710245598,0.20871598192202986,0.4812654349107629,1.2974517388628608,0.028323037909069926,17.1909606290638,61.376716646548715,0.9973188738780463,3.291243828638567,0.30813515385243867,11.27015352060277,6
10.750666655118431,0.4300151337089182,0.4832225417748044,2.276718933594563,0.11130328647545266,3.5183497889365802,51.52350066865381,0.998487168712706,2.945101695653192,0.4366841362611426,10.347345205799384,4
4.098204349783609,0.6154455728431474,0.02844389331898942,0.7171876874438682,0.022921396269169676,10.519262659822864,106.49807470047475,0.9928237480254166,3.2461584069341076,0.4604599926240611,10.709312765368711,6
6.94527806570019,0.5235826107651034,0.17687928473261838,4.286385018756016,0.03391506247853217,15.843504932504212,35.10322211981422,0.9957452779851629,3.126996963503299,0.3745744131202736,10.060017043163807,6
9.281022616206918,0.1703800879000271,0.039737341521927164,6.908496890090211,0.03545508273190157,5.45160538013091,30.262324954443656,0.998023031789888,3.141455716487981,0.3641700707413811,11.205490192964643,7
7.954822843726913,0.6075367040895079,0.07495496072075726,1.7315175607736908,0.08256375213241433,27.194677112035365,156.34175730091718,0.9986624114184454,3.335335218329386,0.40672746676432886,11.18463948055603,4
8.930947984731226,0.9103822469285344,0.49623573911508356,1.4250254042201829,0.032654309285905854,14.444622436387874,66.63356418566957,0.9931656931540813,3.433783464761731,0.3093249962613672,10.796622820440177,3
7.273225182583106,0.1343166395763881,0.6096546195791677,4.888874646883117,0.02433231727516539,15.373910294305686,29.76859023427567,0.9955472665185768,3.500689760476459,0.5745003828412314,9.01106977960839,5
8.447202638703931,0.1506123850998575,0.26271416550854854,4.831027618821836,0.020373426585348495,30.92133367977715,107.6753060214156,0.9950963467556136,3.349443714331924,0.3262755423018248,11.116535959246342,6
8.035348699833465,0.24440607949774906,0.21086638200748545,3.982800994694351,0.017826302359006646,9.029789194612393,44.51244516294156,0.9941706227868403,3.515806847203179,0.3,10.679941471433114,7
10.285229504821674,0.35130120922505687,0.26605822084871217,0.9039420816557384,0.01,24.44200030899347,22.280572132462847,0.9963723740412644,3.104494301404597,0.3,10.72801579314097,7
8.732515433612063,0.7494673499868774,0.46433200009899733,0.5,0.02243155896137863,15.217139645487553,18.210468435846636,0.9965994598047212,3.169940995320057,0.3608837844696156,8.0,4
8.873924525527844,0.903562687545226,0.2619632381701034,2.2026027980127525,0.027086446502881202,13.893515758815228,33.89220215962057,0.9992343116905894,3.287181770848752,0.7024308372757132,8.418725177969076,4
7.599809157591806,0.20068335057109873,0.046043197363019706,3.3077463419546884,0.08280593510492291,25.340786195792333,40.80986413368268,0.9916315463711892,3.3972274394777404,0.6575351676908876,11.151240933094245,6
7.471069419076762,0.4844680549968422,0.15609496845694476,1.7390718532530738,0.08024476409341387,17.556220830143847,35.27095097314,0.996958576699744,3.3736618139758403,0.5502355643230564,12.2897460723394,6
7.564651080706645,0.8789761219678888,0.1371097295827959,4.766450007197619,0.020915444325204407,26.255350909420034,40.40301542771709,0.9945660161666651,3.4130057770638107,0.4886313779726028,9.507139886803618,4
8.970568642043105,1.5,0.059478010124107854,1.4756975762506823,0.01,4.211359953675159,61.551293006015975,0.9938848449150773,3.326045612858072,0.30564132811782757,10.251409388627277,3
7.584326382605553,0.48258728426677083,0.329603503032642,0.5295160348541206,0.013168137880973395,25.40681853249704,20.947267331981493,0.9955126210849541,3.3086412028673906,1.1975846312564489,8.0,5
8.792617256723902,0.5024734232262791,0.4603159197136291,1.7339375222316973,0.042836165431757965,5.742194551149686,8.422046811868974,0.9965114315208513,3.5460135157611856,1.5,10.004454006580938,8
11.828181357697247,0.5592553093613177,0.10082156589431718,3.1085479995137355,0.015554817711958527,2.0642039802677368,14.130420450170725,0.9949448670016767,3.3690999109066206,0.3,10.185058962772256,4
9.780911995833877,0.3222939918725589,0.032218416748624724,1.0453709384407275,0.03595063452662573,1.1187672101244601,50.78139970622564,0.9955241027760283,3.3220522818909184,0.42594003570330147,9.750147255617032,6
7.745759995314671,0.4554361287941597,0.09671044324241727,2.8924420193265465,0.01,31.523355788352465,20.52707638826677,0.9959827505576384,3.3098452325441303,1.0289384462400741,11.763486897980222,7
10.342063667678707,0.1,0.1877183969545073,2.1936245056648263,0.09203330348260176,27.161656928707774,38.319934292978616,0.9967551891333027,3.185912964235855,0.3,10.662372120783775,6
7.606271865863364,0.2544498730590219,0.19042948949379013,6.811245688187308,0.03133208072502241,25.480296088898598,19.5662050297333,0.9980514489344467,3.4110296695360987,1.105166374070408,9.814165757884801,7
4.8351882901976495,0.6007999457480723,0.2552298183395475,4.3843993133564965,0.026489118609496033,1.2966321861760115,22.040310728477962,0.9956433374844068,3.1316453793562387,0.9296880704067512,10.893983886739047,7
6.586253271440414,0.19022922222564534,0.29944444507555296,10.122666117498564,0.060939260957819125,5.209542686545816,41.631343902187524,0.9961798846235866,3.029901826926497,1.002476468652175,11.475492939798997,7
5.119653734256046,0.7616523291798559,0.472080308530454,0.8529560857867438,0.0233603229054753,19.152543951880165,52.66551337585257,0.9960645638611855,3.563484248083879,0.3,9.190548075593991,4
7.7024270771297765,0.1,0.3586512703381421,5.422831311829713,0.01,18.534793657625,36.98994544686409,0.9991159667630455,3.5209976381541863,0.6232931824658694,9.43846051424809,6
8.331311244622238,0.7414185138742775,0.17373672867258566,0.5,0.029032199218512272,17.52910048980365,48.56747303545055,0.9968739673774273,3.3670035235515106,0.43394791828473583,8.726170705128753,4
11.149943430867982,0.7400325670947416,0.04370235830296113,4.6322319859003995,0.031573360909513834,9.07850983588863,10.250054395399719,0.9966958965033833,3.353633028267886,0.7206081439041456,10.137845839152707,6
8.855776535399077,1.5,0.26457469294366887,0.5018059732627977,0.03966697626965603,13.112972441023029,29.82385691102937,0.9959274566183179,3.2632726678068766,1.5,10.64810785637344,5
7.927529101024931,0.3119814016358682,0.2956901324026014,3.8696906151394774,0.13562282947182414,9.573136737954824,25.073402741976338,0.9960460368539674,3.2335436308618313,0.40506795787862504,9.497773481853077,3
9.709989488011932,0.41730501628311445,0.3597329545253553,2.918530589898634,0.05380674501279788,13.075458256872407,53.93867510474014,0.992498374133908,3.0260644404635593,0.3,11.648280047334346,6
4.541069974686597,1.1330405618160275,0.06601636093321163,3.150058308353146,0.03650009089628741,30.618012038573433,19.14610729310032,0.9952345038699386,3.1401111459587328,0.3,11.237376100404617,4
8.700544748784562,1.0379359370595438,0.4496234540699954,0.5,0.06496657719409557,9.576489549981291,8.206447156902533,0.9969569360963643,3.159065432599027,0.6069419894117133,9.448113285575797,4
9.610470829607845,0.8402002440697225,0.2384220546511102,3.6860287792744546,0.01,12.783219008360398,7.9771252215472295,0.9960174466859565,3.308949942562403,0.3,9.360855744066807,5
5.78640338217427,0.536780891372029,0.04870453972489776,0.5260370929591568,0.0871937952893528,2.047677253586941,34.587341661381075,0.9957022125103263,3.5610542972749624,0.8515126109181947,8.948176980760541,5
10.24438187345178,1.1126663159498682,0.025178622862672043,6.825249517129793,0.060517455111134474,32.94593513315632,44.87303199792557,0.9985668675976879,3.0695187354735847,0.3,9.92785750514541,4
8.875443892740504,1.5,0.17376061152058758,1.4057303187245964,0.09231331624344431,30.020218023207267,40.97081193275621,0.9967130127482209,3.3912787336214336,0.3,11.88695641103148,3
7.594010546368638,0.6410470715662319,0.2026701260075582,1.8423922801240091,0.023721745858816132,5.852404625748629,26.07241664981327,0.9938783556352593,3.40407813721422,0.34651244955112454,9.472925319366373,5
9.375729172380685,0.4327908969153315,0.07561894881027341,5.372012825025229,0.046815784579665044,7.759565098137285,23.705258319503038,0.9931593423144612,3.04765066032423,0.7191749215078267,10.925772853909788,6
12.160177858267474,0.69603395882646,0.18925222458836047,2.5685067349116784,0.02478925357704224,7.775861062534816,43.04732430300885,0.9977080063684395,3.082656446115886,0.32699803852777937,10.398430941770288,5
8.609172633599442,0.4775283534916702,0.22218953716877243,2.6000031124045284,0.12879963828935398,3.880449586784487,15.925213332962473,0.9943810370807529,3.336542798990786,0.5702729150075915,8.610718470544217,3
8.721974996710571,0.33463971129139725,0.4089423265562044,3.4189700228493654,0.026390098410905803,25.36389241176728,27.46560653210563,0.9964932310488885,3.34449128370351,0.3,11.230940150888628,6
7.519086470781586,0.7638952867061675,0.17666194969420476,1.1074531351910248,0.011020164762254734,7.201661876187949,34.95184892411349,0.9974363240640557,3.4857569060066975,0.4118535806596079,9.863132282937567,5
6.855264571909855,0.2758773132178357,0.26648748565982905,1.3900526148672938,0.01358860438211352,10.504077240910702,98.28826099833408,0.9964851743277753,3.370064655744933,0.8029711559562528,9.790194151907944,5
9.711570888125218,0.6317807360568921,0.4535963813090583,2.6593435144851063,0.04034075878513839,4.767937111043514,6.0,0.9988438360003893,3.1203951081389163,0.3,10.362050520722855,6
6.844657495954927,0.1,0.1662261065290111,7.1434818348968,0.0587344903417533,6.369770213370087,21.378627433375268,0.995699724929732,3.3012989298893074,0.8491605521954864,10.082588857208394,7
8.421662603272967,1.2463143162224652,0.09390436951904575,4.105117843212602,0.013754505433892132,4.825400623953452,28.32889219261965,0.9965501100956606,3.191957523267332,0.3,11.357029402436094,4
7.487982340499302,0.21411463795644803,0.28294055013643593,4.289165105037627,0.05538891094489504,5.294402360161078,84.86287596744367,0.9952433926075731,2.9905819634337285,0.8235960660790036,9.761585287882976,6
9.114265703768867,0.11703418339101111,0.34497687804853283,5.700696916717174,0.08670825584685733,3.191362948179347,40.67343200230377,0.995495691031931,3.4082789822416877,0.3,10.600026078311876,5
8.867225578987814,1.0140869315880123,0.44928186360946537,4.778899469592897,0.07815093729246018,1.064480147009559,66.89535176783866,0.9974440403918688,3.387924526357726,0.3901442954931465,10.900097397652724,3
10.06381790523843,1.142982888299978,0.12059891750698083,3.9725457256962144,0.05470023785632754,11.104390764378703,6.0,0.9976658864570153,3.275438539092616,0.8416714791048613,9.275305263959137,4
7.432972121946931,0.5287965067398728,0.1300680919172107,2.1752636938934606,0.05991352072177864,31.578687825737166,74.80167532767854,0.9932029225622866,3.553952309375032,0.3,10.436461937319148,6
7.84121261000127,0.38671719553246137,0.3107903260946793,1.0300769839739854,0.05006833873173821,14.66327185244467,13.853488793566594,0.9946087470170452,3.111693965821435,1.5,9.461716566836442,7
6.636101683170079,0.31815714491572245,0.2594886329733712,1.1603810028426,0.01,18.459566138949278,46.17367822085229,0.9963784534815836,3.450749136720089,0.32469839269839346,10.843855379715658,5
7.544701457870611,0.5079060887938949,0.31343685174090274,5.095930351410779,0.06885195356451991,14.643401026907696,35.224204219804655,0.9970556481786598,3.1886614841098324,0.34296495189772924,8.0,4
8.94141083817625,0.40378405120205263,0.2586371615776721,3.6202469370733565,0.022647387864393624,1.4650443590042002,16.978649332171525,0.9937983431805455,3.372146576648786,0.3,11.692638636134603,7
9.586880648297099,0.3663294221287773,0.15654904739311487,0.5,0.08316824057274735,1.1158808783681415,6.0,0.9950035502670556,3.4442982587296886,0.3,9.889852229455082,5
6.732318948898038,0.19399606748968054,0.16020591695697778,2.5197997682868944,0.017759768604078404,5.3896161427705715,65.24226052093198,0.9969730685855998,3.1729206017951648,0.3,10.546403484690055,6
9.778330064179624,0.14587137256484423,0.1687844952627772,0.5,0.02542415142097068,12.640072612383355,46.52757464622028,0.9973023650005415,3.208333207335105,0.6104877939374341,10.633744432213128,8
10.604584359968417,0.44554113788703714,0.3820153890362592,2.166608503197356,0.043537087774449486,21.047805188942533,56.1759844606102,0.9967098704871801,3.3559330282045847,0.3,9.876660549392943,6
9.002839335480292,0.4964974809375101,0.40063696282251554,4.863081246045217,0.16351197111365176,31.60651113915016,50.16420273184914,0.9957133133655509,3.143994183437035,0.8143389438749886,9.748109535838395,5
11.490552881348712,0.22522486213841042,0.020466450134758906,3.6149983414217894,0.045314463478809804,6.802856068883617,6.686010484050402,0.9942007181088429,3.394049219176588,0.3,10.584595965357675,7
6.984558361523927,0.25427776003817243,0.2979419436467947,1.8669299718668984,0.04531033600276879,9.756181610453464,22.40644178639583,0.9953273464059342,3.3114966569861273,1.3506678001459584,11.636175055501512,8
6.184087004370592,0.49561573954309335,0.41537983095977854,2.8058801675124343,0.011646934432094453,17.514793382062383,47.00979739500316,0.9978226542168888,3.352764537453646,0.581694113248424,10.863974911156083,5
5.276175576862727,0.18934926091284332,0.1976178852327104,1.4113694575750333,0.01,14.706675449013439,10.182430234426995,0.9976495494066469,3.187668270380601,0.3,9.978232697883447,8
10.843275329531611,0.8624507569872653,0.21709731636346383,0.7832382407722974,0.021700366263468003,14.124954529270788,31.76538221607229,0.9944516747222589,3.179898554907496,0.3880027141262557,11.683882443658517,6
9.412421615801899,0.6139564253491727,0.1200985148429898,1.3275048698126297,0.058380215382802476,4.840846530510665,20.01592065437154,0.9988674669828964,3.0894221323002817,0.49611593234622536,12.091942619458694,7
8.205506059452228,0.22337162886165426,0.22724858781418988,4.5396126376506984,0.045315556434334124,5.604350233686251,67.66981110659182,0.9946209410999789,3.3408383564110977,0.8770863405584655,10.113932890992574,6
8.775946664743696,0.5918184447015753,0.49732491793754036,5.507058910473902,0.03430593936827044,2.341141814361458,49.72622667636316,0.9962706830692766,3.1187056739387424,0.7316337356183382,10.676294239655366,6
6.38666861959276,0.19364807887203356,0.2587214038033945,4.706115054058594,0.023766883686935185,6.549320874928385,27.052911659270183,0.9941101126622603,3.251602357923624,0.7835828068920125,10.75211864337844,6
12.457778365348606,0.7424227850246544,0.5178189482635913,4.34708148546038,0.06881733515133813,2.1174577344083083,28.00249220424215,0.9990482894345245,3.4152751819650655,0.41386238726439545,11.955174616745149,5
8.519676009357887,0.2007051217414244,0.07408023538617545,0.9548344589177995,0.10962020740356083,16.758699202145564,37.02027521100002,0.9975293114223563,3.580026846049411,0.3691727875934498,11.064550345898263,5
8.485971150828318,0.38080210263971775,0.37802608436022295,2.0029220867749657,0.06510438026191144,23.238956525845733,81.06835355286196,0.9963369226649031,3.350814994093997,0.4759604850424305,11.336550146738865,6
9.533803260627778,0.4661971339713405,0.3213025005637779,2.1642905878249126,0.09334276714811683,8.609834542896424,18.930698359369085,0.995238110565723,3.31399160420193,0.8445364466710907,12.249322491527838,5
9.117715693952412,1.1314449574924343,0.1862007328815524,1.6611233552661009,0.03148939918473043,10.213316435410926,16.81213133534471,0.9999166905479221,3.0990702289675824,1.274492101668108,10.62694437950106,5
8.680602841274524,0.21261158095825128,0.013234571014493388,1.0393513829417866,0.058998332623521416,15.851888166036314,27.814145431617984,0.9969365319773925,3.228888257000059,1.0173202158143222,11.043995950741596,8
6.9561934257429705,0.2048637085217332,0.17738715879835393,2.910720267445509,0.13873640619625263,24.541910026221466,39.68743609949532,0.9996704033395565,3.2351642097095983,0.3,10.692018529319451,5
9.101496207131193,0.1013870209785017,0.08717105271463815,2.830753022180741,0.09285663971431332,20.77768381453369,6.0,0.9962703685407025,3.359562917079474,0.3950954029283132,10.327359469208798,7
11.499441644007558,1.35752432652712,0.09502705259040477,1.9539759549029667,0.12254982356612952,39.17483915654978,6.0,0.9963236220527407,3.250643768839445,0.49033012832788464,9.0470863564497,3
10.587214078463463,0.4280020182589009,0.2732406706642389,6.375438010440909,0.0947115657438357,17.711710387676423,76.65070433231924,0.9975059730468239,3.610382137895336,0.7176472184840019,9.314425669067873,6
11.008417265286976,0.8767088143806822,0.21341423598995474,1.7303667479106517,0.11337116331733724,18.15305364736441,52.62447748709669,0.9963443242246242,3.3751361474335217,0.7454453080426764,8.848828271119915,4
7.430933350066986,0.2581688923917785,0.1721412041852387,2.2768914331386396,0.022988133585867074,15.068613800040584,6.719024894070561,0.996483748471991,3.4102295789382353,0.6116092301533337,10.786325585768225,7
6.617671805560414,0.2791006496678982,0.05246956366648945,0.672341143472318,0.01746585001420451,15.114202883882227,37.29339714182211,0.996687170017826,3.375130671335273,0.3,10.992853131462844,5
8.0861622358306,0.40201829416359575,0.008572073327945334,4.007658888018101,0.030214446328014635,7.200791331700755,13.156054602987133,0.997574652994031,3.151023484572774,0.39524477866985125,9.329456853902379,3
8.39473235089078,0.4113420787865763,0.06676385501607876,5.378197883473853,0.025601225281044013,10.814130360018892,31.423347698760395,0.9946123590486724,3.2150828148876136,0.3,9.760086993956604,5
10.160125581400614,0.6784081416631127,0.1371254589018035,0.5847349688327649,0.020237522157170215,7.837635968437979,24.890681576540658,0.9960599800194582,3.2273610848126797,0.6093157878099036,10.318944878452887,5
5.422810129484808,0.4375487625712783,0.09387971634534283,3.429828975489653,0.11373115626168512,3.3085702378534703,9.662547538266423,0.9950999867933776,3.478572572532514,0.3,11.955277455756818,4
10.900235543083044,0.3078252509058165,0.12986542023642528,1.8682838090692502,0.01,30.392877482738573,50.035910100832524,0.9971683301861729,3.450583360090554,0.32688586172915585,10.053685398321466,6
8.031386572415718,1.3743247825321814,0.5440626811868267,4.1699811525570585,0.09359076673442424,42.26832422360144,38.67554852415366,0.9960406274007095,3.347907921002812,1.1524067183261568,11.961591760809963,5
7.5743021810893865,0.19157762059912117,0.18104770697580216,2.9702654773680193,0.0626756042756322,14.975983776285887,163.57013642238303,0.9950129473081012,3.3348165602981745,0.5598718660806105,8.0,3
6.579422562057716,0.2136571668429714,0.3981293180129193,2.9743812798928104,0.02413495592889162,9.650474633232694,17.207885096888763,0.9986002058380826,3.401124064779487,0.49551122594955654,11.388152032919145,6
5.4867436578281925,0.19408628593297778,0.08395624285674289,2.8241208390060835,0.021089394864722312,7.718067474402398,91.62769272567415,0.9981291784455174,3.0753315888240365,0.3,9.05180118163606,4
9.699389992735256,0.6970089791357743,0.08018233308266004,7.45156471339989,0.015891304197610624,7.561203654440261,87.97884038568485,0.9981357252829915,3.3202977268101845,1.377843555085094,10.274107301627657,8
8.424640544220287,0.5788233138999165,0.03282243187999244,0.7901701795314491,0.015594097270899273,26.200717100246784,19.443995217802666,0.9983579277834761,3.0756559388444047,1.1239585566178198,9.488658628311967,7
6.107066470440209,0.36756478395964004,0.19136794292098722,0.5,0.01818949503473199,6.035708823783662,33.23853681169726,0.9970598203919683,3.262836710045042,1.175591622346757,10.149412547109522,8
6.098366087491853,0.18505830415267138,0.058198955030406396,4.043293889477926,0.01654779401595858,13.874349067864527,95.418589784491,0.9972126015955841,3.4354104112202513,0.34741893166925736,10.132446121091942,7
7.729166011206782,0.4646928182957938,0.7598022188837552,0.961303988631022,0.02404462141884868,8.340988604216161,19.929763870751703,0.9956920107066701,3.156282200076935,0.3,9.66302100576524,7
11.137336592991968,0.7659939614478147,0.14622095298401627,4.239263307767226,0.017942813985342507,34.45390115115909,25.54563129682815,0.9984246280370244,3.497930457044676,0.3,10.339754072232974,3
7.8586947026818725,1.1625725702543586,0.15694852580846358,3.9177531142595496,0.020716545584669732,6.845238599725104,96.25941149381723,0.996320581962825,3.4101682185514997,0.5335450243878671,10.546044194944969,4
5.74465697969922,0.24876749998739225,0.13533898398214164,1.3028331182550155,0.15451895594016493,9.121771633660723,37.52117680218804,0.9949958720773888,3.3073238801065306,0.40167182217127256,9.228157617052931,4
7.882236791053895,0.36655128722430563,0.0879700529611079,11.602392713633419,0.057503807053106315,3.329999196746469,33.46946507936712,0.996790496329517,3.2984860254730743,0.32567761139969087,9.4051568558533,5
7.836369931428961,0.5747852659518671,0.4059148586159326,6.067799069322369,0.1030774404663303,5.317017728638838,34.32145358641278,0.9953628360412112,3.1535983918522184,0.40374026087905723,11.787529309416088,5
4.0,0.3052711370221888,0.2341171968562852,2.3336086632892656,0.01,11.001402844261355,32.84720417930391,0.9976767330647532,3.127117297021765,0.3,10.334362029921127,6
8.20769872691972,0.11927350123531515,0.02369518811601284,2.869811563488497,0.019865400410323517,8.969948785388725,12.643140544089565,0.9973979554096655,3.166439370589359,0.4458472332522517,10.47081745054383,7
7.907411298645248,0.3680140854866847,0.022588795452809826,5.183395036552868,0.0146478271745436,7.672261837693654,31.55450364211083,0.9975773511018379,3.2140073277455925,0.8737336948336233,9.54670266328606,7
9.483550820182812,0.1354186487568017,0.03856327442454185,0.8510393202865811,0.16558444586680265,14.332263867253696,70.86792463177724,0.9934680437889674,3.353289609925252,0.3,10.525880352048759,4
11.443225361407087,0.8117412839773234,0.048351478392327334,3.4437822710023935,0.07594183693494676,9.943182341171378,21.05289851708537,0.9928792672032475,3.1594917247399286,0.42718861920821966,9.829299638859567,5
10.215160550231188,0.32565513307332555,0.12057376347181809,2.2975440847252107,0.03192067545788331,18.006879505271893,72.84203018391248,0.99637850645851,3.24029590768416,0.3029017010934262,10.970799144240164,5
7.842889226056789,0.39725697043646063,0.35565591546937286,6.204256280918511,0.08528406247543764,11.376083429906016,42.00429304239779,0.9963850352763176,3.419543236498709,0.3,9.910270895644194,4
6.418905955139161,0.21870640092458155,0.1826230802808846,0.5,0.030845863449310205,10.269927078365367,18.066387304416963,0.9984063589695439,3.094712959297588,1.1085294398186383,10.14508554594329,7
12.674711665524764,0.40927132118390697,0.035936151741010974,3.0168191979383465,0.03164521585232552,11.057721084038572,21.51907543761473,0.9949257194154036,3.1011479241112085,0.35996770118802873,12.438851969801012,7
8.400671337824631,0.9805455681683795,0.0690650684740842,0.8463482875361007,0.017709624199093978,1.605018028078559,91.9496354045691,0.99429435034686,3.270949500199239,0.3,10.912961615714659,3
8.323679796252009,0.8730545268499962,0.02041063408418099,3.4808777647633757,0.027640259124624377,14.399649357982138,35.100504148844934,0.9946909326153925,3.3121856645620626,0.3,10.196296621772406,5
8.258987351912996,0.15687145886602125,0.1506696811389431,2.5779645522977273,0.03425543867762341,24.29892264567648,27.641655288993018,0.9940957645351134,3.29966648539241,0.3,10.43341737227821,8
8.636744093305355,0.1,0.3407459821158352,2.7931782984286464,0.013812063981194297,2.2166345507416554,62.162073261286594,0.9951377333159956,3.483694558576258,0.38374085154346044,11.567365429094947,7
8.054587299729299,0.3702675225434107,0.7338133872971883,4.40729078161648,0.09580520267904089,15.18791849539828,6.0,0.9939134020241955,3.167978374245409,0.3,9.299675495340264,3
7.324774588303599,0.32747264485278527,0.059234386057514535,3.7231964031302396,0.09009950300312827,9.14111412603454,65.6535646161295,0.9961766455304364,3.1099366305866796,0.30100811298565205,10.381280080651127,3
7.370339799891334,0.31140895643901134,0.2458097345604806,1.4329520054092582,0.02013761272172082,14.098300983624236,66.38084008367224,0.9960746054921623,3.007483003364055,0.36186717730149814,10.419563827019479,6
8.244319440632804,0.26263310297580394,0.6222103693354294,0.5,0.01,26.16138330171674,34.402503372651495,0.9947866214937268,3.258548971205891,0.5287255796797118,10.564363117446915,6
7.376177889072601,0.15340341094912885,0.35068597281117736,0.5,0.03030717847982821,7.774910731595111,39.00876694751351,0.9942453482557257,3.352498649431849,0.924711029200565,9.843702222688144,7
7.088162169448822,1.5,0.32072892722667584,1.486349436790822,0.03203670459305326,19.310588647684142,19.893704186916715,0.9939980546409497,3.3599862812477768,1.0378634447856714,10.158579300083927,5
8.480931387076225,1.3567150105652692,0.22897201460032734,2.836355850716499,0.07679340660065899,6.949714223699904,23.032172810816412,0.9917333020832265,3.2716572713302563,0.30201755144909576,8.49238776289368,3
7.866538730384547,0.30058027459835596,0.49278308687339256,2.4023040510628837,0.039808399245936106,34.45579822263166,51.71423602915421,0.9947549966590404,3.243102342652198,0.8872493084532933,10.994828026023065,7
10.856788080590572,0.45976799168965615,0.07688623695407701,2.9046516263171247,0.01,16.45119007326036,25.660883384535836,0.9951680377952599,3.3261007192760395,0.48134829657052247,9.572505169727147,5
4.0,0.8216977606433983,0.25197607254312204,5.308682531462173,0.029471811719595446,27.81908823454622,41.59063386934777,0.9923677728688375,3.3312930183877043,0.9248154877729957,12.283994240718735,6
10.155561648268186,0.45863129627156185,0.14379236303655435,1.553853964807837,0.04163003751933312,20.651661716239687,27.94695523606196,0.9985226467962551,3.1511485362374723,0.5272008530924843,10.420122979050715,4
10.41834482724597,0.28100924761944884,0.09171057403487655,4.209100110248706,0.01889208762321205,8.256605767471441,55.35899778898289,0.9976547514994263,3.3886850090027707,0.6786596601799781,9.373026630474865,5
4.775236604906146,0.12151692196718342,0.04696978485667007,2.7577475003102467,0.08093132820564783,17.864406325711357,9.638198235310968,0.9956910945530515,3.3904865753526208,0.8049024323356105,8.896831576353852,5
7.717431090063408,0.4206242643141168,0.7288547491142595,5.6634489579087335,0.08078908949594572,15.262127925360225,65.92801937756575,0.992312502186274,3.0634794722886216,0.3,10.122468306509605,5
7.668550527807155,0.13748803181819666,0.064225394237173,2.9856377490405275,0.0379405960732252,13.647551925625088,35.028388167501106,0.9980291003190308,3.2264711282022884,0.604269450123972,10.847793689000534,6
5.9072301189797045,0.9359707523207133,0.20346826287166478,6.942666663312767,0.0943479230505329,13.222140617799017,64.54350570652298,0.9951804480226265,3.1351155158597495,1.2835641608661015,10.85614808505751,6
6.977711631095513,0.4063359192084051,0.2584449744654535,3.9563220082619894,0.01,26.337102327200736,12.11293017837328,0.9931740116760727,3.274603313393314,0.30531327541192016,9.44630786992837,4
6.412021062708092,0.6083517662619675,0.04122428561156748,4.912107172491057,0.04950501019151104,15.168379376170495,70.05940042837037,0.993751993584261,3.198136686108597,0.3456273966839358,13.629044139071079,6
11.278859753820159,0.31956970161158527,0.28067763112960076,1.5002460528945518,0.05208004815257037,1.5270391554651677,12.794071025096818,0.9950516526054807,3.3260931571492147,0.7226595789102878,11.37636793887545,6
9.890653268350684,0.7457355403624223,0.5322675271336113,5.585007921998594,0.025482967926882677,22.644095963676182,56.77953708588403,0.994287424736639,3.127394643460276,0.3,11.780243420226723,6
10.46164366149007,0.2442431252697953,0.3242657863776302,7.021095087641179,0.02772953043304345,2.471111718029911,46.010864027037655,0.9948271481052896,3.3588453015946027,0.3,10.746776254460649,7
9.5268425088735,0.5178956468545337,0.1600814939002629,3.647056719467037,0.021500492802707542,29.837193380668936,18.28549642408254,0.9924339142190041,3.648875807774746,0.4139634954489899,9.38943388186333,6
6.380611988930712,0.309994662740323,0.19052710600647946,2.0222349121608687,0.10800164960375039,1.3489742951114614,63.417452463456485,0.9985695800678293,3.3444220845467387,0.3055669125530607,10.534346539557728,6
7.408315547324386,0.3491077026147428,0.1498057793868492,5.0144566159841935,0.06516173525697075,19.57962902905412,18.724626922187795,0.9977360259083861,3.4897523935683656,0.6185373866014541,10.250072963344381,5
9.131936754087462,0.8143687727043784,0.09969045130644709,4.177658489287011,0.03675905172801205,22.524420079740217,27.63554329044323,0.9946209557638485,3.2691138841450824,1.028904208878558,11.189449940916703,5
6.222382724883694,0.21720805141914912,0.056780927056747275,8.39155364652162,0.03214501562654716,13.355339346148577,15.990026959789233,0.9975502337434773,3.1432029892909763,0.617649536658289,10.010829148456462,6
9.51209733129306,0.5441610932058226,0.11673808860060436,3.559053262561881,0.11358684762097511,8.102938664530521,24.806577722720537,0.9951558696624433,3.2430517600324587,0.3,10.114993079085668,3
7.891446823131171,1.0116911144794893,0.21311183867953443,2.3166933352259256,0.01,26.31886420295341,36.141386677800796,0.9960523176465899,3.3806420797694536,0.3,8.61827399747609,3
7.662804627165685,0.7941368922611769,0.5507472198171667,2.728101213782501,0.01,5.615250651782057,17.892066181610787,0.9938437905834191,3.2937204782515317,0.35032001887395886,10.597173271292098,4
9.508631945945936,0.25033901822215,0.1378704412784686,1.2638568084132915,0.15482873290799234,1.6796773118474828,32.9477271411759,0.9969475635207786,3.2459995626920026,0.5867834208699131,9.510135036508174,4
9.055247629526269,0.5988612655777442,0.14250996266706792,1.9755800433019184,0.027414797683954002,9.138236527704699,59.55792470703948,0.9974560028057632,3.408672259505667,1.0217683943767155,10.238641605667976,6
7.686357518107565,0.1,0.09463688384146478,0.5,0.01,18.026441050294373,10.83780226320242,0.9964009608857756,3.284175823065778,0.4377372017698219,10.119816037676696,5
10.270860665719223,0.8333008742049937,0.6044215519667592,2.2470922684041805,0.01,14.219862955766086,17.36966920254139,0.9950493718231013,3.0563715637699564,0.3994022235521669,9.031635762922239,4
6.462192343080176,1.5,0.16461203830683116,5.088453112553848,0.11645139439543802,23.30498404504196,41.65839250571328,0.9924118892775238,3.3875360123350404,0.39102129306810934,9.868080561665726,3
9.347090531805248,0.5218871425033599,0.3235702788516187,8.952647530691381,0.012956957433698168,2.0294100783996236,8.49935272304062,0.9975514970271102,3.331828673180381,0.48202451643196054,9.777819784761366,5
9.308272138546252,1.045416777474039,0.273580508924623,1.8890019374413838,0.01059189443761004,17.095415278705218,62.01069815295534,0.9956358525527225,3.466566694915041,0.3,10.727749343614587,4
7.773771053166217,0.11584210213955892,0.34341905146506535,3.840772928707069,0.047794067853481045,21.85130560918523,93.21644624347752,0.9945991646467882,3.3561602164643753,0.45178940666274964,9.59710596749639,5
8.8544261378116,0.1694691830202592,0.34468837644865785,2.3161795151438165,0.06934902906586292,13.473354532488015,31.453943317856353,0.9948842850346824,3.207319689447216,0.423437891243997,10.991786998544342,6
6.173106920144986,0.3186117721442554,0.14351018499785534,1.8600841280250209,0.0459842716024415,38.89518652943806,23.747475415079606,0.9964998993661982,3.3456040121838138,0.3,10.932275213515757,6
9.870845932651733,0.3677726838708614,0.10653710894202688,1.0028100353825389,0.04605110850833999,7.316719199508315,32.821428958257854,0.9938015298642673,3.279498636580629,1.3418140440069801,9.899388672073922,6
7.985666368046919,0.5242979899970689,0.603432848811424,6.582726630577479,0.014893388536012287,13.12628926874117,27.451515933963822,0.9967651889758639,3.326732573649194,0.3,10.232626683830517,6
7.411370865117633,0.25137941637761246,0.10529080482696541,0.5778687305532955,0.048063099624979864,10.309598483756265,72.20080060291318,0.9955442948982373,3.4563793188249328,0.3238547534755749,10.623229652046872,7
10.083315683922713,0.4633844987174271,0.18684554752219687,3.3904898027855284,0.10097330107070546,25.579118599076395,28.952956184489693,0.994716859572939,3.238712906588749,0.3217832598139583,9.901676157549899,4
7.10261572607731,0.813263759500769,0.3347631987167551,0.7309198606469537,0.05135377044271053,29.774843889984485,57.30520063927646,0.9945694858272829,3.25587863319753,0.3,10.775817987042215,5
5.90561579618195,0.5972961684555179,0.1335782761998474,1.5972094180705851,0.016759519933876515,6.385956081725145,33.28168244477408,0.9966301485281877,2.9418573938967425,0.5539491104905951,11.294833793537741,6
5.653730405009364,0.3103195932263354,0.09675611742454421,6.3525940837444175,0.07184253603342887,4.989864196759815,15.064309557277948,0.9915367909068276,3.549482427328132,0.7427808793952417,11.587666726134195,6
9.330216917287588,0.7048750105105315,0.19650907484872013,0.971551585682463,0.017829314496030604,16.076128529567118,68.63623729039243,0.9948447694938456,3.297998808836452,0.7038826264250186,11.461799829309443,6
6.1232701007563195,0.2995890795150819,0.5000401684038344,3.163453890201149,0.037826949976115805,11.848525789998822,64.88645601801937,0.9971615451932012,3.2071576414299203,1.2077646256608185,10.54995387938125,7
11.28315010937342,0.44454736578747456,0.0829854709323987,5.598396217226105,0.039485429054681824,18.209279550589578,16.71465331587309,0.9958099639286732,3.4410723806853536,0.3,9.767779230988952,5
4.760720006597673,0.7848872131850644,0.36950814422572037,3.313795446016048,0.15648848229274076,18.009019553033802,27.605466203197203,0.998182473662493,3.491593042195593,0.3,11.654682860032088,4
11.183975826093066,0.3601957499388483,0.08921175823138248,3.4270085678384232,0.05294298738699242,8.861492220841148,54.79167272212092,0.9962446493085855,3.069796284407213,0.982744457302861,10.33774412441098,8
8.658729694244451,0.13556550564766426,0.01486569013051682,3.2797808749963187,0.012490673263451917,2.2314353194102146,29.884765337934837,0.9948107950028912,3.2118550259754852,0.3771433091918402,10.764949562814206,6
8.135587709820333,0.4352495780187593,0.21115288952937059,4.8399651980166745,0.011076597931110878,8.846285568440186,63.82464184873303,0.9955671484675209,3.3401211543909395,0.3,8.0,4
7.373637552424786,0.7896501154363739,0.06815048390494538,5.492000267321529,0.03932986189323509,6.790540024592088,25.67453618360975,0.9962601153609715,3.1325365155823195,0.6003390634184094,12.160125153833388,6
8.978531394398521,0.8396268838900203,0.0966894408263106,3.020390015806706,0.11126525665417793,7.109456609515175,16.912969110464957,0.9945420899107551,3.211956752148422,1.383334173944879,12.033075639975554,7
8.236021005877758,0.16303939092990183,0.05829574374629785,2.6698733514136874,0.01,26.354217058387817,73.39938339306441,0.997094774998892,3.1076568689440642,0.4379669174373909,9.248699610445955,6
10.175613199428087,0.685351329067312,0.6572082240468528,0.6919714988998824,0.039900859923631155,5.266076167133315,7.647942633867859,0.9992733173188154,3.304557165787212,0.8994259088351703,10.054926196544077,4
8.494187002725468,0.3435017481549451,0.21211878302221274,1.2934656469451833,0.10050749549967973,3.9747238286731856,60.78238702184908,0.9938992544049854,3.151122849782258,1.3254091504751648,9.8682510301884,8
8.555512994485193,1.0919896529065711,0.13593964047077098,3.2300802829378688,0.06263719121225181,12.602703045437588,15.400691662961918,0.997124379105777,3.667561733443397,0.3,8.890701100274498,3
7.681859239236446,0.13837596419413556,0.056482625615784494,0.5,0.13197845316896287,8.09451109229602,46.04588339621629,0.9946029386776359,3.5567336320885734,0.3,9.571026036499212,5
8.203192439674186,0.6763570604412308,0.18766970964382865,1.185400287218824,0.028905203124646194,19.4688154507346,106.0745608266221,0.9947643521808532,3.1344040642101407,0.3896250039957183,12.581817178891672,5
8.823263007116502,0.31446842218370874,0.3851913229791021,1.9154104513576984,0.011210350010849015,15.342536145556114,6.0,0.9953236841903486,3.032892907021404,0.3,10.754954486074874,7
5.392713732483737,0.25475724154025764,0.2280151675595831,0.871469656697291,0.028480877777242494,17.02395256685749,17.858755557180515,0.994926128521806,3.0781203207944494,0.41743356443400653,11.77917711537623,7
6.008084782420289,0.8090560773005694,0.44612939881314373,1.2171404265965458,0.013174708401372847,15.923810408175019,50.939248060966804,0.9971553991968325,3.2267437212505468,0.3,10.360845563674255,3
9.563548959838617,0.8968841803346617,0.718544732768573,3.417599523877046,0.15059135984018313,15.009142179152661,17.823829608723234,0.996087323626869,3.3250062689478193,0.6944333682626334,8.249880897768227,4
8.590471244817502,0.1,0.1474602539648329,2.287102272840424,0.04247318832336743,9.093659399240114,58.742793472003925,0.995654324247613,3.098856600250712,0.3411148265617096,10.131546311777878,5
7.987228328200446,0.8189627958885018,0.10311240662157627,4.0804177727317255,0.050810614728014084,13.343095520786786,68.29607239101296,0.9966394077711569,3.255414482189442,0.31912274081112435,10.319598307713475,4
8.33133768621117,0.3949637664647146,0.693383451821156,1.8393500760788188,0.011539436554449101,10.715199883707104,16.52829464636198,0.9967469292496953,3.263528014395805,0.3,10.00807918634662,5
8.890888899114842,0.4260231136886265,0.2612025689562454,2.2611338548384157,0.019948117966218527,3.95752114842783,88.74973936625146,0.9959631585764277,3.1164888926555894,0.7161514325040257,8.653120871881702,6
7.382408543474086,0.13097851274065106,0.1703940507088179,2.9692644341957095,0.07944471241917143,14.932857517488369,83.20778061535827,0.9978026361268072,3.5069003009270467,0.359357383075489,11.264814335206465,7
6.9768819668160695,0.6452461702561649,0.5118542851492331,1.2784206832189347,0.03484295520670006,4.449959522298745,13.77934484259805,0.996175625626554,3.3466372909739732,1.2712718374954621,9.43612177061527,6
8.632936933666059,1.5,0.02088138122287546,3.5650392608709067,0.0246880046958229,20.217371257629704,27.235570306793974,0.9998028679369333,3.3676779056513073,0.3,9.978195241659568,3
6.636766278054447,0.2682038016882635,0.16702833286889662,1.014371705604838,0.04092608825765111,5.090745597447757,34.157082600497496,0.9943551226192298,3.6634078094280795,1.0155196519518537,11.152237015724042,7
8.994029684714603,0.954978656123795,0.16594424525386475,1.4062837794878422,0.025180494499186704,7.164804946874676,31.02776620953902,0.9933008270418113,3.1353157625528496,0.7813005709031736,9.472508243636414,6
5.405607872795672,0.41418997742944963,0.44399517537170463,1.6283002272230902,0.01,5.871353981106697,18.350487681432885,0.9963443823226331,3.4379780862749896,0.8851794265837781,10.399797442318842,6
10.049564583453595,0.2772999319649123,0.4652758298661266,1.4847558071779163,0.01,21.76882207834257,15.421418448545934,0.9976411576057386,3.5503525627462977,0.3,10.789004633063227,5
9.103415720102173,0.10680549795970432,0.6414507938909512,2.601165151182667,0.038620083191765964,19.298333379064093,34.063317990178675,0.9953895583855489,3.527314549924058,0.6118277119540582,12.399699595440811,7
8.735250548333589,1.0467728854950717,0.09011841246290529,1.4885207463666905,0.07989397150426095,16.635551905591807,66.08735897598463,0.9945212102878855,3.3969935502418305,0.3,10.203403319995674,3
9.970574672707375,0.4535725064036945,0.31332426066244595,2.1309343757036263,0.02191857837822557,7.875122984457716,26.14406893867773,0.9960093966571583,3.0359953911182873,0.3,11.174033351954266,5
11.13130655558638,0.28935288882221577,0.030636259645253194,5.258397392850775,0.11377924366203467,16.042266642312892,56.08632462292527,0.9955466231794391,3.3504863872725243,0.3,10.014154797603647,4
10.024429110530821,0.3302967244456221,0.2122872742109186,5.570049774178755,0.07803119200201519,21.040475964751874,58.474814246276665,0.9956603165177236,3.214134150846843,0.48123338548776395,11.970847771840285,6
5.170513806736204,0.6818025221905321,0.0935635602614639,0.5,0.08743523521296613,11.33496003017546,20.643080386516452,0.9945980793977452,3.33348607410071,0.3,8.628786582535383,3
6.1247191565493075,0.2889624383280336,0.1493182961370383,3.4149346922760535,0.01,6.072205504806519,16.237905802454133,0.9950685644807972,3.4544268527867423,1.2245352565888832,8.958996560240534,7
7.237808417917346,0.1835834757093564,0.5824105192219421,0.5,0.07498691697647968,16.958415365530815,8.779269964201125,0.9977231662834977,3.351291892837778,0.46672630838812096,10.531724929681946,4
8.344354785358417,0.3810470438788317,0.08790124768105881,3.5828196444735223,0.020470220525752914,22.470056574068227,40.101917062549354,0.9982908793516025,3.1298890085516726,0.30153757907058787,9.843084544965992,5
9.18002033479751,0.3719993266420584,0.05003146401980297,4.692924985814248,0.11921634806464029,19.97475302664861,67.12704990585382,0.995704282931245,3.0915533192415197,0.3,11.047558609052176,5
7.066235517639109,0.3656258438945386,0.3507212920870227,1.6968356568576732,0.028878693475049344,21.50708104933529,49.005424657288,0.9940382650226197,3.1821122330742475,1.2394127977940987,11.190470996581345,8
8.617503499611034,0.29213783829290124,0.008592157884335075,5.671650380692761,0.01953850996249269,14.362409271972222,70.12354634485077,0.9941910312216528,3.285031254397332,0.5282622818613458,8.578853684666111,5
7.015849014999352,0.9772029557156336,0.11539799930819734,1.3145197340308354,0.020293344540957946,22.172736012218905,29.47962922992241,0.9937312503693713,3.5053702946690604,0.3,11.45669300889915,3
7.260419734913689,1.5,0.011848450321113603,5.0755689664667125,0.06572697862940617,25.12254172145084,6.255331659472501,0.9976151083768724,3.3398018272621415,0.30094380393917886,10.683188053640947,3
5.908676135358023,0.16342081753415144,0.0377389394721933,4.6089545061609485,0.01,10.64556799310649,12.743544298892882,0.9963077976701241,3.281473406376431,0.3,12.309657396620386,8
6.730503481611463,0.1,0.011465928749610855,0.6492504308553835,0.04397499173481064,10.092171248795252,11.28150076321024,0.9956502074574949,3.2692945973699046,0.3,9.900726145904814,5
6.002136170452234,0.3452517508090779,0.29137331112067943,1.8172629331123082,0.033149416962404456,8.64897281346013,53.78447638395643,0.9975978813422945,3.2712688380370114,0.39285982495912863,11.148470039739458,5
6.6410154699385355,0.1,0.20827578910344155,0.5373249199856602,0.014823603171864921,3.9504829112198143,40.178362620528596,0.9967389758632069,3.4267762433308913,0.41351001194905695,11.007294925692529,8
10.091191054233327,0.1,0.03001396217262514,0.8932531069737386,0.08618323139868837,3.1931770418288816,21.084158575690594,0.9916093250704345,3.1421142962695967,0.3,11.885923634888023,6
6.686021888985698,0.27215898992589127,0.020503264416913827,5.796597885289022,0.06141565887716538,41.4938897612459,9.044877006463192,0.9947034781627797,3.4710537458455333,1.0199003061912288,8.0,5
12.775049510223564,0.6783580663947114,0.11126252829007093,3.5688667926502347,0.01589735461515623,1.3396486377361552,22.38544365071467,0.9959234155369873,3.4115794964685757,0.4336332630484561,8.822733805538622,6
9.138640431497512,0.3421118433121063,0.17199462432785584,1.474441681332352,0.01,10.345700038459455,44.44641756146596,0.9991904308106003,3.2599198317358016,0.8976199712739086,11.443313433244716,5
8.614221410281287,0.1,0.7835464387443116,0.5,0.03086095065314495,27.10861241227026,24.22421151573551,0.9989651526411158,3.7099067947231292,0.828891717863052,11.829860958725153,7
6.8407917736919375,0.33855744994303283,0.009022561521507091,0.5073825233769971,0.06278246155564912,7.473812658426995,24.485666893973296,0.9920364582581932,3.4540424841610147,0.3,11.095582474463844,4
9.490526794995287,0.35892868523478255,0.04393919520391515,2.156788599154726,0.05227290613550124,6.612330860676725,41.86825854933467,0.9937121036062448,3.2719926890850433,0.43155921012422127,9.144133106243236,6
7.321415695395785,0.3636789320858246,0.4230512100994214,5.998280447846579,0.06400019550834642,3.8958183815187777,24.881662637234598,0.9962605553740261,3.4150120235939943,0.41173796216295866,10.088537074236852,5
8.507416684897116,0.8812636825292299,0.3941655222307778,4.249257161403276,0.01,10.93169724107213,99.80097803317005,0.9971343496653421,3.254028598047186,1.0493644799033943,11.430686406799225,5
12.652143715056951,0.7830811408575532,0.301057978763947,2.2228851348539966,0.013575350075994147,21.707941311328824,66.43907333482906,0.994814856289269,3.1879633991632153,0.3,10.113488721203584,3
8.136698170468096,0.44042365005434897,0.2949909065735213,2.2271710986764632,0.04834321976088595,9.303492621204738,11.507943860396852,0.9969315528009772,3.226614563119904,0.3,10.26307602876482,6
10.25376465468565,1.496202938124276,0.22891083192214945,3.00167345108469,0.015895274139781815,12.164021417570112,80.7408406648153,0.9948047597006522,3.2989917575573635,0.3,11.824930246410618,5
7.104600077285992,0.2715320970573561,0.23941283921461962,5.308760773859131,0.08748862566132164,17.8088613135703,28.92771884307011,0.9949337513895871,3.046519938625032,0.3,10.986565813431225,5
8.240519566155166,0.37715226246941314,0.1924804936920416,1.0755551323032946,0.028196283790268353,5.691058183488927,49.379781209834015,0.9939926495829344,3.089224658201241,0.5556321776317285,10.492014031262721,6
11.310361080580368,0.40884156628832957,0.22470453379644423,2.962218354978739,0.010035662142870203,4.225572119641093,93.50530249917907,0.9935376722114612,3.359661928342133,0.39987966692392485,10.784333004763642,6
7.234156001760796,0.10557251530242527,0.18257332041784793,0.8496558524143585,0.01,20.419344354879083,6.0,0.9950904357477274,3.241607786633423,0.5488135766024792,11.120819822482774,8
11.38116254859478,0.4154400933617645,0.8144789703290011,2.7953200978779207,0.041467000199984734,10.534739128656152,62.636349523237996,0.9980340927198093,3.596671146938422,0.45029013180390987,10.313717961819114,5
9.50317829027431,0.1,0.23098543553747344,2.2004495149021985,0.01143794879942103,4.094016152220105,73.29386946463825,0.9968656030711192,3.4005050483728883,0.6893839071120001,10.962416078858675,7
7.343806480979746,0.23685899358424106,0.057795247171920486,0.5609564222312857,0.016359302560146383,34.365652208252634,75.57823301088821,0.9964870555109544,3.3659116522764174,0.9968606323805337,9.533212334588175,6
9.375093156394387,0.45552232116866803,0.043468503595712894,3.0029103687410035,0.15355498422285446,2.9934917231450577,56.58293881394643,0.9954876839434047,3.3718215829673106,0.7073770720666562,11.249583686378369,6
9.95334256436544,0.12423350458509028,0.2155697699284276,1.6341099503254624,0.01,9.291309807041914,12.669576874826692,0.9967607287157975,3.272913586565674,0.8524775302021178,9.994155840201602,8
9.357076935769234,0.5325497077212137,0.12344940406094997,1.8108371912237748,0.020692375667908505,46.673975575833246,24.74496556535754,0.9951472538047851,3.409083007548928,0.3162921982411394,9.587944117040962,4
5.630617976186224,0.20529513757684276,0.2571629624412192,1.182117072357976,0.02023596862763146,13.594388221478843,39.94251929446908,0.9945569223343302,3.2921110162674263,1.1285576427980584,11.596961741153127,8
7.063866801097724,0.30943749895906225,0.07741482413840264,2.7443582775127235,0.016671291264769933,24.834316040959482,8.972391306747888,0.9969557646738543,3.3503717445331356,0.3,10.75134704344582,4
7.879218319562443,0.6015297933765759,0.21543862832344274,2.6066404047890543,0.03146006035845508,5.683398268405065,34.345570991993945,0.9949780926023971,3.265828530337818,0.3,10.647321356078663,4
8.173463170529923,0.3906792138413977,0.1811644238733548,4.1044339793808575,0.046559566144369555,16.371141675396473,71.18341684432829,0.9940778444989873,3.4781457644216567,0.3982576272254443,10.852629569996802,5
9.355142565836154,0.5236056800914735,0.12494676715855645,3.247613751332383,0.07321834818315089,9.963705734120973,29.134771319174245,0.9967771225034499,3.18182140561914,0.3,8.836507951736293,3
8.602091701586533,0.5752146617960058,0.06536132700419743,1.1938954203879422,0.19719625845407374,13.303970301860396,71.58118113629216,0.9935556937824059,2.98761442144461,1.0098876445931069,11.143097400233888,5
6.029914590192829,0.3857358873720065,0.22115167132592228,4.257075816490195,0.06429217246159197,6.467091831664863,29.76719660593185,0.9966997231833543,3.2267967333262444,0.3,10.259764283444262,6
8.946336346710138,0.545751307614517,0.2003425252683035,4.988121801557275,0.08712279018626576,11.478481261663761,40.36544161569605,0.9967310117042416,3.5289178614037233,0.9151122940333238,11.971778021026793,7
9.3379957669825,0.23343772474207206,0.09310666204501893,1.3412396005090736,0.02154616486170226,35.82244663530691,36.76385972341214,0.9936836347374611,3.425283572981208,1.2050179609889984,12.8828959945826,8
9.251643761482768,0.5962578716785465,0.24703377576946528,1.9174486656512157,0.0324290333856822,14.942879628099064,11.5986539195441,0.9938063840338626,3.4774186537027596,1.0350311720936258,10.737542996727209,6
10.137327233442857,0.3470180361886339,0.12764320073678062,1.6007258282304764,0.028979453220113666,26.846835129416398,19.545555518327834,0.9983489267474437,3.3204907063467988,0.5400098512297221,10.845892104779606,6
9.717667662733138,0.994322741532628,0.17093393840436602,2.5255412640619497,0.017605216173845726,20.41768982788288,46.94511193599738,0.9971195483811888,3.3207789282764653,0.6105116295548717,10.589204167225114,5
9.080606134688344,0.462694812046758,0.07610032096574712,1.2453904435771888,0.037055684034202445,31.110897152938044,67.59595472908585,0.996874510260262,3.207878766023028,1.1415755505602552,8.567415557655192,7
8.1807182905203,0.2630305329332123,0.29275820236165606,4.048746371730993,0.01,25.478596710232832,15.133396929628145,0.9963892793778982,3.2150096620223954,0.3,8.88922032701745,6
5.476366413022816,0.6037664116049832,0.4803558195710008,1.015042340864803,0.020403999739092793,34.498171537179765,59.870799184567176,0.997285691797089,3.3046574742995207,1.5,9.146445916023996,7
9.030350972525397,1.0235432642014424,0.16867419419651367,1.7832315711676348,0.09728288560328886,11.447242174376381,38.11153126292448,0.9972856530120972,3.303242019943294,0.4093712841585355,11.055520109005823,4
8.65306906817729,0.28349300634508495,0.24008627192688117,3.1669613309045017,0.041704955430652564,13.36512050639443,30.899886307384357,0.994551300460965,3.285114443245681,0.3,11.923127064619027,5
8.761684023232135,0.24491768731200775,0.014746827919352818,2.5251497764059176,0.09850967508306038,8.78043624468385,15.301666266897227,0.9956578578071065,3.3451229632664594,1.0034126565588735,10.8895498698258,7
6.129527421105475,0.1,0.14511210182106915,2.62155863111466,0.04243669102696239,3.8926779099242954,35.67858109734265,0.9952109560301823,3.2358100387341335,0.42537136519713215,9.178808400334084,5
6.462203881305955,0.4618399183182678,0.29081504828454724,0.9137513928735699,0.029062822310305016,30.672412462870266,46.163959824024296,0.9970321312373889,3.360263774678912,0.3,8.33615749312602,4
10.090359850665937,0.3199952047721511,0.2979269044306367,2.2166770933909636,0.011792263233556765,5.493094753482334,69.03948363062331,0.9963039527019091,3.496821828051001,0.3,9.928266218077665,4
8.232756238443686,0.6019695399019628,0.152050786255103,4.839083438056253,0.03466335442420668,2.520973634203454,10.170996242787497,0.9982770265841419,3.603376505610937,0.3,9.9789030869613,6
9.458551185533462,0.6112987177714403,0.04501632763863395,3.903306508249093,0.017909265634238388,8.184207152318729,40.0934647256318,0.9965017054358629,3.194916655002324,0.3,11.175166212271666,6
8.348141239421786,0.11067840025388308,0.3524811397044411,1.9442657636979204,0.01,20.831429636035267,48.010309570090556,0.9960661616374422,3.483004420810412,0.3,11.489444525063139,8
8.350585437142767,0.7807166197319769,0.3793449002387286,2.4915886429853424,0.013336305187006162,29.266987443430185,48.58315684880178,0.9974687989277322,3.418944457467399,0.5548458976603042,10.568319382814405,6
9.895082470159197,0.215104596386054,0.27371976694732436,2.859357532197701,0.05446786505594981,20.458326322876957,36.6362256267582,0.9974864471877902,3.4824845981894064,0.4637074778037642,9.249138539788547,6
7.4227239620304655,0.284820076840493,0.18153587224722803,5.720246121069055,0.09499561924979383,18.871773173442943,27.360062567929905,0.9982006599148564,3.601644953295075,0.3014617607384795,10.462482471084405,3
8.463405320799673,0.5347781320133124,0.040996176361353796,1.6998998320954097,0.058404111554270374,47.84519453267552,6.0,0.9963683407252528,3.528218573100445,0.8536571297846587,8.438522847892811,5
7.514132009201429,0.15319368630375077,0.5353000246690973,3.8609855033094878,0.012496001957080331,3.7198161912798806,75.12789756845953,0.9996984191164372,3.1156783379031516,1.5,10.13307642204607,8
7.561356413365064,0.24708627288716234,0.24112650958199686,2.5207723203198027,0.041761493763929285,13.217468209592637,6.0,0.9976649881159624,3.3124442349156116,0.3,11.583236423868236,7
7.774407390103314,0.13976345135361498,0.06809694497771777,4.830582289970323,0.026275602731102816,7.551291975544037,26.11538286112813,0.9997722208408628,3.1810445807534102,0.3,10.25658803018968,6
8.677627411777312,0.8278653271192564,0.023696443538608444,5.168338138780587,0.048323506785642706,17.419244459963895,44.32954968709008,0.9961540941040793,3.3384873348402015,0.4710111984497075,11.709522373943281,5
7.48612734317209,0.3054616081654543,0.016890801503379817,2.6425737728948127,0.020366803411043126,8.156571826750243,55.93150968334574,1.0000835406848834,3.610748893991296,0.3,10.00115551242501,5
10.434785413474986,0.1265708403868712,0.21517094364192835,1.4828112892986918,0.06940360192148408,1.0772372374125387,157.92699738788318,0.9972871898208653,3.4071817541992746,0.6453305230865011,10.898714376915391,6
6.779167586226844,0.13578537411588862,0.3884810338523076,4.733036885347141,0.0694111341317924,17.405649155022484,61.26455374960281,0.9941551395682782,3.3176199420833035,0.3,8.97747854225311,3
7.98231820492569,0.7361610748382381,0.36844916776502423,2.450608953253216,0.06238929952879219,16.07874524258975,101.69119852913508,0.9942859072445525,3.188804828455967,0.420929528508588,10.810935321809051,4
7.552457200933904,0.1981889372370503,0.07193477835045581,0.7520565043318309,0.03963078922788709,7.475679834103447,48.92419943996015,0.9954660149910041,3.253632860942469,0.3,10.335786719633973,6
10.759862403401346,0.2794156591809729,0.49929376129496544,0.5752329623878332,0.0711593691722766,8.704746094929105,22.83028541348333,0.9954445144669164,3.4699019706764034,0.5905246551939294,9.980732193128576,5
8.634143120069677,0.4289119366987917,0.5434881070254842,2.459592169081408,0.01,4.771014273323051,56.42398006095576,0.9966124389538016,3.1795886199241377,0.7432908510160009,11.611026284229094,7
10.05413571709668,0.32312965119527437,0.3580113748413429,0.5,0.02488408749821854,11.212642446523681,25.02549054226637,0.9991652281838758,3.5302633468966387,1.0876659715547885,10.894416217565881,8
5.774547365837148,0.1,0.022164131838526786,1.6248378810842827,0.0884278199205221,69.04179444154246,27.889694303439416,0.9965827365734914,3.424333272123715,0.8034326408841498,10.004652013258578,6
8.75398545197774,0.6487633028251165,0.1123783925462233,4.9611146382939,0.012427954831215397,37.769668037890135,50.383240567701286,0.9941881374322356,3.127373597207564,0.3,11.701708137607973,7
9.812372352559844,0.34276511585984215,0.15738610802814762,5.588324434945623,0.0738806605133572,9.053010805325691,30.010166012339102,0.996789102108194,3.5212640690536294,0.3133672076545031,12.507718616094033,6
8.439882781768222,0.5192087850209582,0.33399329477620415,4.963273903893054,0.04403380641758345,12.9977983796262,81.02602873127563,0.9952761265916957,3.1019170225607398,0.41956890387619195,9.28248268678421,6
10.111316637611097,0.6828368170862585,0.36376816287421154,2.4974688255294395,0.03192210059077922,6.34134347652878,59.406220962136736,0.9953694888067679,3.0586032118178865,0.9985854242036318,10.076321443767727,7
7.420609634829368,0.1,0.24144663080509318,1.1853529559950755,0.02529706395837695,25.54911692422618,26.99327798431756,0.995664885746797,3.3973191582420776,0.3204936082059179,10.591421152371161,5
10.695890648315487,0.6872980187760045,0.17868886264774417,5.318634571390449,0.01249223051685434,2.7308749855016585,40.20564248846115,0.9953390493613226,3.4446874782654677,0.8788614844788261,13.140552227114902,8
12.208126810152727,1.5,0.1476480395629451,2.7854950733451207,0.074328826106632,4.63373507603137,16.325236726759886,0.9936683328304908,3.2551118034689948,0.8527873760175985,9.668637624912758,5
7.68317444725258,0.5604499702768869,0.20608883287680252,0.7260976190631883,0.041280038015140116,6.278598326838886,17.91876164523568,0.9961720921188664,3.1863785580216786,0.6400421386583716,10.230775049717302,5
7.542645713618689,1.0049685522389142,0.06899192459086688,2.60506918322789,0.08863331764063863,5.6598729850882155,68.63901276191697,0.9991334967342628,3.2709493679264714,0.4923949039438704,11.65753335536465,3
10.770753611100092,0.8086430472462379,0.37083006469600394,4.768256814132505,0.05945504822984231,3.573054762964479,34.66666275301988,0.9974410979652417,3.3475762871570014,1.5,11.841042571797422,8
10.985272647742212,0.6696115467229734,0.053819926588858764,0.5,0.036419712489947756,7.119249495402106,15.783535961450117,0.9938594755874598,3.3178383508593154,0.7082560617168259,9.332067199046165,5
7.411137953839445,0.828524478811596,0.08599643205857009,2.1529442101653498,0.022378219556535194,12.91427279429917,47.42510373273741,0.9914439260842792,3.19433664789595,0.3,10.571198993804439,6
7.585682410937044,0.9263662328114821,0.014390980123370636,6.045066395369467,0.011161750774754698,6.278504580933235,10.65036487956478,0.996594162443356,3.1147105642855344,0.7362015354589796,10.110248962107889,6
7.820966164937138,0.9515422894814637,0.08481145076938418,2.4869232872552063,0.01,3.7549938236538223,14.195853618623813,0.9970405095448738,3.245134940273295,0.3,8.50469830805132,4
6.01443413124173,0.13541871595191965,0.20216836350971426,0.9206349082352012,0.08563173556962865,8.16738460122841,25.64237439104907,0.9970364183398249,3.1510113739245553,0.3678231297829559,9.536041974093468,4
6.7382916909768635,0.8637737620391754,0.5424608323559977,4.411160939043465,0.027780799514149034,13.241070876503363,40.77934178903683,0.9962030117889363,3.3665207433161894,0.5943337019353419,11.131094937695504,4
6.5929606965214855,0.33880855505173824,0.08432928812902406,3.6188836921758427,0.05479200581675489,3.516227637348148,24.254328669559328,0.9941359174224899,3.4727439641428286,0.3100059557663391,9.787157515465497,6
6.994744139322982,0.9748510464470336,0.1400784852560445,2.78612729309585,0.012351047108581209,16.201140261404113,27.246981367259053,0.9989925683483116,3.2129039242006754,0.9977023677572591,11.419575510208903,6
8.241035691442473,0.5962444472381176,0.2525481543695262,0.9518775058299827,0.01676618794798703,2.403327830140399,36.42622932153438,0.9957741648462488,3.4391964519902407,0.398275361677644,10.886397093196592,5
8.698165045312086,0.13343600206017295,0.12814855741787484,3.0682360399085513,0.025534984259837013,8.120092510887538,49.57740767977347,0.9950651640155457,3.5394807280956746,0.9301101688635204,10.584453710121982,7
10.935850837783931,1.0663311214270812,0.3952056784763456,3.8623186802832583,0.03242884956769339,7.56508936725389,88.89942464389493,0.9968891541390394,3.193893424614983,0.7632425146898308,10.047989502046772,5
6.602798130744056,0.21603171809732077,0.014022134365142274,0.7213538995819497,0.01,1.245914732927688,6.0,0.9950915800662926,3.352949765168986,0.3,10.575037224870774,5
9.973348077410193,0.3254992691163137,0.27967843260166325,2.9808831601858055,0.01,40.487019315122815,27.582027132338784,0.9939610293041273,3.3029907413910577,0.3,11.585461139562847,4
7.936218964816636,1.2363021210025198,0.1939526511738643,1.9983656587782157,0.015675037974721202,11.469459509445048,20.5134111873609,0.9951233620089314,3.130764816280802,0.38478464469107404,8.52576899973598,3
8.215911693590865,0.4650052413613903,0.0742144484386746,0.5,0.04174681546438463,6.7381123171731705,78.67486652164853,0.9964362193758604,3.3001399049515876,0.3,9.232642901573625,4
9.447193136683227,0.3140978045703138,0.33528265237199756,2.076010982472119,0.051857332547372306,1.0,51.276606791191604,0.9983562644716582,3.2333085384940174,0.3,11.703314129017324,5
6.391372563344094,0.3929490401767213,0.346807849171164,1.7389888311649748,0.05397956093276921,17.961386690736802,84.10801754964905,0.9927522938636066,3.2181693526490767,0.5932838799446257,8.460053542035341,5
8.950096568512887,0.3086593896606226,0.06005545439201603,2.2489051176207417,0.07608969222931183,7.690552536949485,77.23102707932856,0.9967632569981077,3.2630860205569143,0.3,9.28518985826116,6
8.582968753962197,0.735186823414057,0.23929398255115036,1.5657682928249805,0.01,17.866485335718657,21.116120561727982,0.9975136330134396,3.2221751455745964,0.33248163408592735,10.930790268100905,5
9.137167148813854,0.3164686060789333,0.18425878504645715,0.5694599648460374,0.03639822999488174,6.156187900538983,107.52803419322456,0.9967326438789043,3.498559925046756,0.3,10.65409305016216,4
8.791586694643291,0.40346703161305963,0.016336152344463062,5.824832251041738,0.04429489610251539,18.54332902799322,38.36928923812899,0.9971432711626482,2.988637840754502,0.585937850191719,9.673996453462918,6
12.474010237848521,0.6328365898483328,0.22710001434213278,10.823548092307949,0.133500635665506,3.2492141686321387,31.974604550900768,0.9985443608569343,3.16113883186976,0.4548283791598294,11.252917464191295,5
7.215842026772764,0.5834795716851034,0.5893340077049128,1.7895425131399927,0.0806023941316409,30.138928704940366,6.409089765881186,0.997696023829249,3.287857139231259,0.6057691065571726,8.918569646813696,4
7.397305176496911,0.23223311274994204,0.22387459228705908,2.4561348913671766,0.02897447418035542,10.10367760097025,47.559078087697635,0.995285456962073,3.173862935875353,0.3,13.11604108281314,6
7.240661105077901,0.7414497824129606,0.14109116255828524,10.661082161576886,0.02610584078415744,13.196629405509412,33.041135229905386,0.9977217885715778,3.402736549886387,0.3,11.084251488808576,5
7.355688897427568,0.27118210691057437,0.38885559442083145,0.9355150800479672,0.010645765546159364,19.44917201263258,59.84814024801089,0.9962921656554858,3.3421356807595886,0.6074412286332362,10.347447930153944,8
7.216441883578921,0.16598279329518795,0.2922442055572898,1.4868159010004267,0.020022684779592716,11.559024707384044,13.080541687654687,0.9974114899085872,3.2789390208990343,0.7870972066451231,11.650719130248339,8
10.321328102882838,0.1,0.0597835972006914,3.3422421567943843,0.05136273509397071,18.114495894897644,23.995759828446722,0.99375123439043,3.3132060797861715,0.3,11.386397003755567,7
10.714857221582754,0.361966584268491,0.2121593230637901,2.890043050494234,0.04306912059745232,3.1571453293490936,20.665293421827528,0.9956857684660337,3.2920127248768414,0.3,11.497674457825934,5
7.329731300625891,0.1,0.12125514514417055,4.793691434169152,0.015326830480034805,11.433354846157034,99.6324779391628,0.9970860565817519,3.1438800816598897,1.5,10.176112360909386,8
6.884995525722812,0.20451470361092366,0.052329458225596044,3.68732481301939,0.011618614651272046,25.45229357098061,29.878104753965115,0.9957715587450283,3.394567785878773,0.4167448330357146,8.84431488149414,5
9.101406445856888,0.41145257981582434,0.4442585182012358,6.36888679138251,0.05953879623559908,10.79352217575452,13.08009536349777,0.9969586181704033,3.1208448765796897,0.6601770986909032,11.479261604922357,6
7.361220824722349,0.9126588213345947,0.2407964154540832,3.13474203315059,0.04716687355032719,28.910577539230662,6.0,0.9984167552127301,3.31472983531627,0.9680820121785191,11.27979186715352,6
9.37598409018437,0.33253350933237874,0.2712687941545415,0.7445214401120206,0.01677988486046481,10.729228066288684,50.17434968611784,0.9955085851892972,3.3345733995180726,0.7330034452717089,11.258992599650771,8
8.64496913544721,0.10809473551661314,0.12949184483573173,1.8048555525162526,0.06051979894482058,12.031878137058126,54.65463774489538,0.9975927897081831,3.232741673005838,0.8744261818813517,9.66355303978822,7
5.723235004504707,0.38273039120898433,0.14546602169706968,4.412205235480963,0.03225689266160025,4.260228308785043,14.619666497938553,0.9941491484437103,3.217243851909337,0.3924255427239906,11.379058630992782,5
10.930758842261106,0.888524285743153,0.44531949784306407,2.091821386709447,0.02852703706438739,3.6270439554167164,31.85036497569065,0.9973666781209651,3.2181966666077875,0.3430239033636141,9.971805234095498,5
11.352992044262388,0.32635654016337357,0.15779824891737587,3.0239371119850538,0.01,12.648299157677426,77.47779002998031,0.9930615711350974,3.0518674459740156,0.4187929717068822,11.698648537410573,7
7.258259226176544,1.0196110079215068,0.14862419745413763,3.0586370877933367,0.03884304455902616,10.228324451583132,37.73378536128766,0.9963544843851978,3.5707415546717303,0.8990702725514107,10.282390887913126,3
7.640907348108827,0.40965216665957704,0.36924553587848835,1.3586045871353492,0.01675756690440683,1.0,37.71055928475463,0.9962969597224371,3.4050828878632236,0.3,9.140909948331146,5
8.78597116423234,0.6891430556164214,0.1918336124890416,1.725273806806939,0.03043181749087147,23.14737597447897,20.320556336327463,0.999097701977119,3.327392300322943,0.3769132107959864,9.442058977351993,3
8.868576542977943,0.4912005925069916,0.2927375609797247,2.8095686929441284,0.04802928328420775,3.275655926316502,47.751644092453006,0.9951257736102845,3.1948488586515476,0.49039828494275584,9.791832730980056,5
9.419525263543813,0.9864320968154038,0.3754106650984416,4.273960267090496,0.017094473240222896,11.561070665108549,50.26800077767942,0.9924077197559633,3.2834113155426605,0.39060012209385314,11.688193996770158,4
11.717347715902795,1.5,0.17223262585045046,0.7780191318576993,0.012363198323484257,12.096000905635465,19.489101472335605,0.9969448723240485,3.230663252664548,0.4035109300626186,10.34593501703846,3
7.999189713260117,0.2826972059282251,0.10299377855765006,2.5385920115975598,0.01,21.748985409267323,25.316991260357888,0.9941776053795969,3.5463495085150933,0.3,9.99185613308789,6
6.94289468428463,0.4700339495035868,0.014808987756336964,5.515821000188028,0.10923512714677182,31.74499101140285,55.58233337894684,0.9961090360890802,3.0199377967937258,0.9041915928931781,13.052052095897544,7
5.955157312375304,0.9122086579147902,0.10348446990295948,2.3982694438992462,0.019812190274383294,31.584454367035597,36.823045231188715,0.9948119250665037,3.085066040903243,0.41021139588827066,10.166230297996432,4
7.057418932098738,0.504042411902528,0.05252195735925252,3.4224839478464695,0.023151249640844578,11.364785319570936,37.9983287151424,0.9956287725694717,3.0581648676181,0.421951315154532,9.365067373837867,5
8.243684146114546,0.1,0.23845783350215904,6.285851288103284,0.04194935732269854,25.077156881251124,15.09610247117892,0.9921358334086922,3.415638599907363,0.5176570110399273,12.704716743868856,7
11.35074836798024,0.33048171152052463,0.09000874196975717,2.7759194564072343,0.06892786040172376,14.654629045355692,27.63495090637107,0.9928859105474807,3.194167208884503,0.3,9.669644630113968,5
7.420060791638509,0.5008617428437444,0.04830057376472765,6.156727563322935,0.046712340300832156,11.495194557306544,25.698251626343396,0.9966874731899024,3.375483949862503,0.44986788645434883,9.253424008919193,5
8.680439517786128,1.172026771703578,0.038188109415570555,1.8256529417797636,0.015186624771449855,7.509322992682985,67.24373556741531,0.9957388655697715,3.2952871653251203,0.8453301261479786,11.594555855424021,5
8.272081076676322,0.4509847686729541,0.18787586849782809,5.092048622641505,0.014028160425857918,5.620079522064611,17.382148995768528,0.9939393734152411,3.4486658263781305,0.3651316604147605,9.597868374404396,5
10.320268564861744,0.19229126427842116,0.2420203417765929,3.013349351414393,0.02337545586937032,21.147244566322705,42.72722665018761,0.9950058043367258,3.435688192739586,0.3,10.131734157261272,5
12.595785123985157,0.5097225217867971,0.046670565014462,3.0727268712452096,0.08775454218595743,5.106515149668646,82.3957108438391,0.9968834077252976,3.326215963539153,0.7016615881715449,10.585768672550989,6
7.397523086035456,1.0938322451154778,0.04375892964300504,3.438066333770286,0.04094545015933861,12.345650464995765,41.267820507265654,0.9955000589335994,3.4357973263997685,0.3,10.104266484298156,4
7.467952947719023,0.24636998853514236,0.05425343147443008,3.0275549318322605,0.033196265065228325,22.666429778201437,44.085850821020315,0.9967823652117692,3.13206754839935,0.7581786415529954,10.177553598572128,7
10.075073491017424,0.27417837979204907,0.12523914472771014,3.114386748647063,0.02408825117535203,5.395687377822721,38.98420271186908,0.9944235749301418,2.9689452983092712,1.2999747084363715,11.002260675238164,8
9.45921553236473,0.2496692485969728,0.20997373003117145,7.704645510847326,0.052419779827618716,12.099539279964864,37.12248950994188,0.9969875044428976,3.362300778056734,0.5033253520861662,10.263721956520122,7
11.439402453751258,0.12367407156108837,0.13357609468234638,3.543431245393024,0.043270602550396484,8.777904064670983,45.6818540201143,0.9955698239351606,3.2909898032941975,0.3,9.545189381586573,6
9.292677915054139,0.43581728276443904,0.08629631187180549,5.153989007314443,0.07935095315322992,10.501888790782695,15.04719062158468,0.9966873816798546,3.181027781922242,0.3,10.228650207966359,4
7.689203445662,0.39770835076823186,0.14708870317370537,1.3281961308324615,0.01,13.595784285570875,36.43343909652911,0.9965251083753511,3.2646816604880944,0.3,11.574097625650115,7
9.304113212176926,0.1,0.24338941604430003,0.5881900712007373,0.09866476683367388,9.109207026845617,21.42439723064559,0.9952729799273579,3.0305846967351266,0.3,9.944439602069332,4
10.184796086990943,0.20615924543063296,0.13724261034795646,0.6441806430423969,0.04852032453668827,25.689942196314405,26.923947966397563,0.9953607424100722,3.194895312097454,0.9309740905707918,11.371244978834879,7
9.694819708035519,0.48026555089947875,0.34706432929908443,0.8396245107884613,0.03879904771146574,2.454289927709728,76.63771975263968,0.9957273401885417,3.5081240852647584,0.6335528413671625,10.613114881650079,6
9.162365852882406,0.6777021353068707,0.39218995693893965,6.2563287013202515,0.02683490480058766,19.229782131472934,25.69636261048375,0.9972292547873088,3.423534072741065,0.6447265668194275,9.964276798450847,6
10.113346972301562,0.8109093778820081,0.11452152167571464,0.617151119249187,0.01,9.528683229212739,15.916073926648187,0.9991099115731784,3.4312778971031266,0.3,9.735011529229803,5
10.287802503757645,0.7166972294471868,0.34454096179537547,2.2329533341099066,0.039111564011143574,3.174981005531975,59.0355462542718,0.9945798738653112,3.2482168850628708,0.3,10.428440915510643,3
10.649670284763797,0.4161136707730153,0.24939812232357603,9.007600213397684,0.03890272374984737,9.19523504600835,82.6599624705454,0.9977402945784863,3.392222709229898,0.4022818990946386,11.859874043057056,7
9.402806808902394,0.10345571699712784,0.5443009267892246,4.018354688330236,0.14065831390948436,42.07911637035409,38.547958672100265,0.9955243353335598,3.5220693700942194,0.3306687996578358,10.191245078196424,4
8.015899263461348,0.34811008410068833,0.0846608924553931,1.619934786759108,0.01117927481580709,6.094495599806612,84.07532555133702,0.9958132159205818,3.4497999434474176,0.3,9.364885826039096,5
8.54941326693665,0.1,0.6977452004213626,1.2479476250807302,0.02062991258431268,5.966764619056823,31.009848339826846,0.9965119856875976,3.413310236373574,0.3,9.639447599608584,6
10.351065243064207,0.4819888483934145,0.018355910028840086,1.8750371078984678,0.045152647704335594,13.248268210266701,52.6191073325147,0.9951850417034964,2.9384901545175888,0.398626716397813,11.186701782355014,4
6.911209359321699,0.2391068832107086,0.09399960464746436,3.14069250259269,0.09514082300767246,18.908639597807287,35.537321418679646,0.9953543767499248,3.3956838095846993,0.563957259651751,9.72921948296032,7
8.926744625083932,0.1,0.025935059510886985,1.9520421442105724,0.04318494862804956,22.53260510024955,28.47091847502613,0.9993680112947513,3.2624669586248736,0.3,11.873617340796478,5
7.631324019043488,0.5492252306002532,0.6600612347232778,4.018638346049464,0.029726841592916886,24.422941233120675,29.654589203115236,0.9961517714390195,3.1522113074287303,0.3,11.473118865893444,6
8.34886619898919,1.085042347507245,0.3885105948603494,7.491276387986444,0.01,8.836073056736625,46.29641029116507,0.996892291968977,3.3961018548898254,0.648497422675884,9.592062720606558,4
10.473368166432408,0.1,0.29808586206475507,1.4202442693495076,0.03759864408135137,15.096973245017692,70.06284999970242,0.9992757215107438,3.310749485406923,0.6084213878732259,10.302649578974078,7
8.624868415633836,0.5823373643913974,0.5058645077072538,7.736296371631389,0.014118486747938428,1.7194979670615003,65.66513181785099,0.9992200043645472,3.369439569195979,0.3110970413985556,11.587218415681988,4
8.378942131865454,0.30216226604999596,0.11663484264981942,2.852432742021812,0.016690837950230027,9.62565835958985,17.426563025647624,0.9956824917885353,3.206740118694496,0.3,10.006306832450505,6
5.988244560334138,0.21585885967290316,0.021800507445801712,1.9062524046075549,0.039752673578898536,19.624432902862885,40.75890518107627,0.9946037190851812,3.090407615594197,0.3,10.419216374618202,7
9.568631062246276,0.21628682091257234,0.18242848197284775,1.2323363839168429,0.029714519650361024,2.696692930944105,14.595849404329071,0.9940662710414285,3.5956241770552415,0.5559420783958685,11.351593092912722,7
9.39732310793983,0.30210253808629106,0.028994441184444743,3.663567110991864,0.04373381856353449,16.43599596513118,34.194908263501986,0.9938820306159184,3.1311964287019984,0.3,11.908100573393906,7
11.977533029619282,0.3011907992877858,0.19602391395954247,1.5009842171253358,0.0230192697201135,4.721154317921035,78.39860341071034,0.9952305195480027,3.2132385795872467,0.7839948074853891,11.05658315645855,7
7.7767770005799,0.4034245219945602,0.6899584449094643,3.9127136949813073,0.03729458687336852,2.5956839756991372,99.07832451160628,0.9940168741417362,3.432196656609184,0.3,10.546991969327246,6
8.672555557028698,0.19744754393912448,0.1743566576071372,2.5303009973486317,0.012993527363007032,5.9946829088931235,40.36736179720571,0.9958848343115362,3.5085478975874764,1.5,10.02461307199482,8
8.723952262308284,0.2358006179915552,0.643463727997162,1.7545700670652327,0.015151347195910865,15.32643745901901,6.0,0.9947100601349553,3.333896612400199,0.3,9.134387000795025,4
10.981670575597906,0.621803694031653,0.04308765648429046,2.4951103336208877,0.07953446576604209,18.272033489196307,26.304246687525236,0.9953935844921569,3.435865694067017,0.3408016273846972,10.090951925864559,4
8.137997594942183,0.18159072954803884,0.2870468093016368,3.576062410612773,0.13851958752241506,5.269435941555331,28.26747885694318,0.9958204904204363,3.3770634392415824,0.8166625569731885,10.10474571091918,5
8.774336593809577,0.5053319003999422,0.196272812007192,2.2635601139641053,0.12594367651982266,56.6152762643669,16.388568433650434,0.9954245912568169,3.1608240134584125,1.5,11.099193090926853,7
9.333424066518118,0.3150826585605519,0.15427955582197653,1.5034314466107674,0.01846993100531594,16.113329337417774,60.46363105306129,0.9941067897906665,3.12858766714079,0.4699071295147383,10.22859959139409,7
8.617235509365809,0.2643389449732677,0.12934033740430917,1.3305681337920536,0.05089258077197071,7.4827654189835116,41.47324084299256,0.9966393029630731,3.450726877369799,0.3,10.427116192182499,4
7.541062855264102,1.3210793338486146,0.2642881903154422,4.186003824585292,0.0218509117474158,8.227066652217124,57.09534726857805,0.9982152333380382,3.3949817074384496,0.36903512456193366,11.780076612490978,4
8.629952987927124,0.126596242725864,0.40091489311936296,0.940681679528184,0.03774147146107065,30.94566584135702,69.7446709538317,0.9981721762707305,3.71444872851067,0.47926133106859237,10.459767217538635,8
10.125173974761614,1.13510637959147,0.17456903051504816,1.397718445754732,0.03784996604791927,21.7794748574558,14.547287744694923,0.9975431544030269,3.176113771605797,0.508470585981832,9.855561931070842,3
6.554923991001198,0.7475611191910096,0.4768876359314457,0.585454955383703,0.02945104492566088,9.836496136424172,102.48584638587005,0.9955099010135328,3.3035217286640943,0.7111328766071535,9.217919777965895,4
8.526048446049689,0.2445602477860628,0.017278485168163275,2.4007177864503015,0.02811793820901958,10.46894252956862,27.407714361972843,0.9948628841105956,3.3165233512520715,0.8973378611342916,9.95126974003389,8
7.109794614603406,0.762475263180983,0.36684553316115226,1.0787612122703814,0.02017069489340774,1.1629625244066633,45.27206799368075,0.9972699052931027,3.090715237601592,0.38854765270179165,9.450629069024046,5
10.331579269172233,0.1,0.5060085550023001,2.248549671682593,0.051758839170414205,31.217470393516933,45.597962641128184,0.9965888012767866,3.2190430610979837,1.486834250515776,9.81837593040345,8
5.710582261867584,0.22481289868593377,0.05765606051311238,2.309958646448793,0.06901739057169683,4.885216014274827,24.040927174671367,0.9972698687918969,3.3758606585138855,0.3,13.223733927609407,7
7.3498328596383,0.18392513375630484,0.7902632737883207,2.417134627286348,0.02949444202265575,7.632087281048342,14.121775045566967,0.9993244140261818,3.3742746485435164,0.3,10.129068557850717,3
8.941260187609686,0.5539788759974982,0.4222139540761548,1.624494004030872,0.10515890081182659,8.150006947004492,65.20661428712276,0.9959601091889723,3.2040413020124126,0.3,10.74197961804397,5
10.961390849698379,0.6870816751793865,0.14746621916172664,4.165397106187301,0.0392407254747531,40.32483580937496,6.786269117747628,0.9946376765829612,3.277079035435336,0.6302459418782755,12.372981523728273,6
8.188224556175921,0.5474743743019366,0.12312111117112788,1.9533150967010937,0.0911637449840804,11.889769939130398,22.214486636688598,0.9950485489995734,3.593293614878509,0.9829045200074686,9.408992819193118,6
7.356160804621563,0.45808071609859025,0.11732081937718511,1.422006363567796,0.03982729278427448,23.19872144620966,45.9338605697607,0.9962528116256706,3.294123714866226,0.43169104313957596,10.792895286144955,7
11.497967018049003,0.7976766994944401,0.14807101468376144,0.6463166438238148,0.01,1.1180110938011623,65.79944510556471,0.9949710676902795,3.2032812073009893,1.0017440656058096,11.511264890279335,7
5.838376369292385,0.7210880970489951,0.2757812040642356,4.644164249243863,0.09419319281372542,7.503383859144383,43.41500879733715,0.99734422064444,3.6128309550545783,0.3550620471226081,10.738330166114526,5
4.562029873745861,0.239459964776813,0.09225977922255475,1.5689624950978125,0.027322991090763374,17.009689342234655,56.133212783404815,0.997261603734104,3.348489853897807,0.3,9.963759367598339,5
9.048024565090666,0.26322003932309557,0.17041875409111681,3.9524564242825546,0.02594503573136158,11.226823465334402,13.59006381090908,0.9983205930093768,3.171663622578583,0.7047842490433187,10.944407995326243,7
7.446507818600562,0.6927346161647334,0.03719401811662622,1.8788289412334036,0.01,50.53815992106452,14.45226879293781,0.9983343219274473,3.4574090003728184,0.3,9.513976082032386,5
6.563904210877788,0.40038498144749074,0.318494985368006,7.998766724407634,0.07181481282496904,20.10170147136553,20.32816023921243,0.9914576671548558,3.142852641211858,0.5422593532971933,10.204808718923728,5
9.504205960408902,0.4218926170520737,0.20408777327113212,7.81470084860366,0.01,17.488035065474353,26.25820149996055,0.994587120613322,3.165434773937558,0.3,8.800855133770328,5
8.714461213411038,0.46465107717670107,0.03448439667898893,3.1358892838856427,0.09340660512076811,5.2517252053076735,51.4451916503304,0.9961964975702052,3.222688495368102,0.3,10.985283871498988,5
7.341066327747562,0.1,0.32693066834412055,3.165148524610691,0.02662227465609897,21.69943048219251,8.048216375056857,0.9939844041599724,3.1682498255225777,0.3,11.63486261854117,6
6.12348252225948,0.2301682876236037,0.031782169295999405,2.925297317741549,0.06870563066185972,31.990413737102926,27.778687572597395,0.995896749871481,3.1836154285729585,0.3,11.193259075831905,5
9.783177458076246,0.5887889458107592,0.2993397975287373,1.9366838476210164,0.012468765193663002,10.599655757295965,33.34997667353476,0.9946073186201086,3.13412723277901,0.7151511710292286,11.028392341744906,6
9.405342002529725,0.22848579789368959,0.20081120435117508,4.389870030119424,0.0992072385885368,13.16089003464847,38.87956487464387,0.9952546576317558,3.315306586403943,0.47763307846367953,10.377745521604098,5
8.13140103157505,0.3445310023503539,0.24566801030002294,2.4395672598270024,0.05723238904429763,39.815801738831276,41.41472585600624,0.9990120601766176,3.1138136865649693,0.47065611000868474,9.866888592135261,6
11.439282893281032,0.5860643676103402,0.1248757335082839,0.9582768850742154,0.02558903655592479,23.895438364005763,23.609354712517515,0.9982153337232934,3.097469001109605,0.59402531956851,9.00140527231551,4
6.480855897245542,0.8284192416047552,0.018188314062985773,2.0657828559120675,0.0836705543696591,7.1358377624717075,56.23627289148036,0.9960536214224416,3.368817445560591,0.9202443786292749,9.526984957877362,3
5.706607209427945,0.8967032944697488,0.12478483828847224,0.9967329160101814,0.039277626704152815,39.04243106228709,24.910732736501565,0.9944194896919306,3.2664495481517615,0.7224013932214811,9.656225816053169,6
7.123756281201885,0.9314338289541456,0.05428279150804787,0.931260212426082,0.12805749880521888,18.22479698831286,22.52450602143241,0.9966221072053215,3.300258458918594,0.38678304786881995,10.819843490243363,3
8.222503772195655,0.37104434495275646,0.2977887555374762,1.3214775647865455,0.017772759178895963,14.482880429111196,39.61289601746301,0.992150584824801,3.2611367207597906,0.309989372362488,11.568775529877723,7
8.713677063848577,0.3412538471444062,0.22029317945079632,7.124328455071668,0.07762231179899354,27.21994754910166,20.249386543599318,0.9972204776718585,3.632684696640306,0.9317256567197707,10.599169804344845,8
7.88989870164424,0.14273524685406136,0.08515308484076138,3.4229159210540834,0.062561212567108,19.25211914826562,102.71836178947459,0.9970517404712426,3.302867640470562,0.3,10.281374356583358,6
8.898494174074305,1.0892140896007465,0.0946757989539376,2.0706318325646995,0.01,8.572006802954734,41.024814568951705,0.9939162072141482,3.2726194958646935,0.3976329751159312,12.206033067032955,6
6.172382978876246,0.3297776128451587,0.588702583446367,1.9231102077709146,0.01,19.32936080295635,25.777795108364693,0.9984425527199746,3.3563820850828985,0.3,10.91585655332154,5
10.75439982692454,1.0721883073383252,0.4593045505000945,2.6490697591071704,0.02429153145164111,6.859884174294973,55.049904327967226,0.994962908972829,3.348476219753036,0.34848637146346456,9.009649128313555,3
8.160342996732634,0.515493516130257,0.20083448986292127,1.5788869518101984,0.04787841299668567,27.232445902393614,27.838200401574184,0.9943863790008802,3.4446772786525015,0.3,10.323854604879983,5
10.199402913699817,0.8548962771685459,0.5089015568198791,3.5642503027510646,0.06743719680547437,11.424819747641429,48.30277078031689,0.9963527020138451,3.3258726693862544,0.3,9.956496584522307,5
8.882633088842098,0.39104620611455426,0.13324414137507634,2.7987262609327077,0.04694698811239753,3.4551442471426936,73.0592394549599,0.9936630786063777,3.3631193563569592,0.3,8.646218866725041,3
9.076480472561434,0.6283035355509594,0.37228246688256855,3.3080453973286392,0.0764799652086836,9.545957998382713,29.77901362908646,0.9944805073667508,3.41526390594609,0.546979765639195,11.526847402788398,6
9.268604376394748,0.8748424341031235,0.08361773868722865,1.9671049425600944,0.028425894631384164,23.549162085154578,41.54835893619969,0.9966666437309099,3.4621696090769025,0.3,10.589634441433745,4
9.061104552029436,0.27544000367479976,0.09711275269976725,9.09699312502101,0.06908282891378989,9.405835137474215,7.527105008785289,0.9952227567313274,3.2321384918362535,0.3,12.207673667701258,5
9.392628691774826,0.9347912679564454,0.09079319813683531,0.9870690347507085,0.0386822689937865,14.020942159946218,42.24480534263912,0.9985773430746074,3.077816824773403,0.3,11.537779408082912,5
10.559559301225134,0.1622399569226408,0.3943282564852297,3.6093603906598357,0.02423723328156203,1.0,51.578780762975754,0.9932357726561482,3.0512015067676375,0.3,9.808650385882993,6
8.6340859884925,1.2983409132737016,0.10965310146287631,1.6582518930700323,0.01,8.77005307686737,61.31972370940757,0.9962064841808245,3.3762652893921508,0.558720336637412,10.905655591591792,4
9.505306387900472,0.4660378717473296,0.12999171578171492,2.7833870473759244,0.01,2.461021126469865,84.13016626680044,0.9978341240648027,3.331737214124439,0.4167497019809736,10.85575360289342,6
8.147449319711715,0.23336741744063455,0.23414475303025634,3.0535297414644673,0.027733506614985668,9.379135562388214,13.32342510977281,0.9974621857391538,3.1015434846057115,0.3,10.328544746916197,6
10.748199266264105,0.7373847328796677,0.3872599005283274,7.814916835958716,0.041096876040077696,21.624697593987335,25.071454253105596,0.9947831109030725,3.300012160843983,0.5009572338850985,8.571374236300766,3
7.150133086499242,0.5332359747954283,0.029222653490731845,3.092918613356557,0.017104437560918697,10.79397269184709,83.87934627147074,0.999316698373032,3.234758634949428,0.3,11.233973766190696,7
11.361598735948387,0.1,0.11696913060542391,2.036213307198856,0.02244322888086761,7.999250152950884,6.0,0.992662070021869,3.182045613826718,0.4491974748229083,8.678643569622462,7
8.231731483904618,0.3022383679759498,0.3841118898655815,1.511647602477843,0.024758518090206075,2.02078844794602,6.0,0.9959552240563313,3.0240365702753538,0.8413745645256692,9.03961047931044,7
5.8676823263993185,0.1698458226173323,0.10443479671036697,10.645980483707485,0.011252283828689019,5.149263650358385,17.05027373226805,0.9976786917090947,3.2422460908223156,0.5615596572270155,10.717484265557337,7
8.517777505348343,0.18427598422694808,0.05438857983430904,3.846460451013775,0.015963213876059708,4.740566493797071,17.092221992311526,0.9982095666857527,3.354204682578452,0.5484568906914472,9.376067568934776,6
7.142212182292703,0.17826693734067262,0.05809256536650735,4.275861112267943,0.05926227062258496,17.11439369765495,75.12996281165074,0.9943937358728293,3.5693172444343806,0.3,9.652669480402562,6
9.729094033280832,0.6072984944258168,0.270942829417495,0.5,0.03085306324396108,10.330807028502644,108.32082678298035,0.9962761974459052,3.0970334922295395,0.7082868976613617,10.555336377267668,7
7.190539235185936,0.7770453981007678,0.4954986025307768,1.605805108521296,0.04691262502799384,19.695786051386264,6.0,0.9974453681984002,3.2339472626388597,0.680653865923363,11.15050505808989,6
7.541488163534876,0.21504700142441863,0.3110816675766305,3.6113567558194415,0.01,21.296443385753495,9.10424413922448,0.9957036937913537,3.543294791323871,0.3,10.100970093831428,6
5.087780757392598,0.1,0.09547636758893949,0.6804022286899511,0.08813994647806918,11.785822553884149,40.53432006550401,0.9938618952654128,3.447311121807149,0.9236193847457747,12.047501675075308,7
7.53107925727657,1.5,0.4334705745673439,2.6983125158205787,0.03665694384496699,10.060836994381315,34.141760161004875,0.992915329287136,3.4218097505108305,0.3,9.40518984873864,3
4.179405144730774,0.46980274128009364,0.11566026112046966,6.008734706658471,0.06689281936518365,17.455780953199955,41.664754172822036,0.9948269968261791,3.300127673870763,0.3,11.644377934221994,5
5.6073652000742715,0.7411850420767961,0.08841103413634373,1.1622336249166332,0.01,7.7386969182902,34.34591776270705,0.995009543980071,3.4234167424842736,0.6051239476062974,9.585912472366385,5
9.592704915445307,0.35670870321955284,0.2053209350445548,1.3990129238681055,0.053027095100265036,2.2752781590341997,9.843297334112108,0.9946382014361107,3.17881957026135,0.3,12.283618427913812,5
9.635860269706415,0.1,0.463875401083938,5.146862478258347,0.02478040281145714,20.002393288611877,13.492601692802724,0.9993575677599806,3.156041469313119,0.3,11.864712224201055,6
9.02327785503444,0.5649247838980619,0.17968572006384828,1.6120103671884212,0.14957126906322474,10.17707989551178,22.4692455095883,0.9970039521161606,3.061186186155688,0.3,10.77674054760852,4
6.656140556680339,1.2086713475127733,0.21516059387569955,1.2823039362088404,0.018415893097968983,19.11503610266021,46.580464582442424,0.995486542560218,3.2915019370546843,0.3,11.271515514601006,3
8.218890694558635,0.24479498090062943,0.06399584055549137,6.487828010175242,0.03827211391196274,6.132971398469191,38.91032333919129,0.995603163714732,3.397603619565302,1.0827536192407863,11.423117782650783,7
8.293875683546034,0.1,0.06287731243828319,2.4369464621659755,0.010383066818659957,6.482845000103198,45.21575728403228,0.9957113870587316,3.3569879570664485,1.1275928088746379,10.122109400394148,8
6.330780028372678,0.14192535889662,0.019155448934208872,1.1502319021759917,0.03771107149858901,23.262017954633993,32.35583287069778,0.997072350677335,3.5575626510914864,0.5627136251998732,10.561951659503151,7
10.855777113004157,0.7662985194311516,0.0625412432811648,5.369983104501257,0.0329706359137789,3.4444226956557102,88.91955436409481,0.994060032900908,3.186326213899147,0.3,9.045539259719252,4
9.791515893978643,0.5302429713671717,0.06562707380248499,0.97903193301189,0.08177492405754298,4.652175463630074,41.964236733929454,0.994279389097561,3.4642577165887047,1.1581624737033953,9.146769811464718,6
7.924360904489572,0.9374285834981894,0.21998081895587146,2.5782267106351333,0.03989003690948322,4.0897874610662965,57.49924547202913,0.9959539822601958,3.3202247775611005,0.6009557128141532,11.560064653627917,5
8.345705926290703,0.4195095655914998,0.32512453706256367,2.9658856236939815,0.025567100096666195,17.736069574300174,62.350269966263355,0.9910359130450012,3.4558103025844367,0.3,10.439577503261877,6
8.65425077351084,0.6789112156810203,0.10510959340352376,1.5220878079673028,0.03239515939719587,18.515264338220465,37.84484746598983,0.9945465751679402,3.292983729248034,0.3,11.523467396996313,4
4.829050723678707,0.294973433625801,0.024686243915840993,4.117543309470015,0.01,5.955726746216402,69.38978894458201,0.997615489182596,3.2971005305030263,0.5810477738784713,11.11123557961917,7
7.879798449714986,0.153109715971131,0.18823117615141738,1.2513516698460982,0.04233957999942174,16.47864836718508,47.351960181044305,0.9974189035524478,3.338735478488648,1.0552066070958839,10.63210575557595,8
7.140626778403743,0.6802421936781082,0.5006577363146074,4.312214401776175,0.07268848317889545,3.6397120587556557,20.49205285128786,0.9931040287793915,3.3041879532527627,0.3,11.817501697782275,4
6.597245983178644,0.7750056184490905,0.26610574683468763,2.2059638700654336,0.03892649669384356,27.50042265235169,24.259540993066704,0.9958009851823878,3.5164021655198168,0.3,11.627935038091083,5
7.822129502093877,0.24979829998382044,0.07483338063824853,1.0889339111858813,0.01,7.6976517349070726,35.778592530656695,0.9936189099918562,2.9774568305412688,0.3915592817816155,9.699651451348238,5
11.356067095644189,1.1369869818891147,0.38515938812013256,2.62537439128136,0.046771656057995534,10.970510991768707,15.6347540289217,0.9946257289353149,3.2012626858911597,0.3,9.061177382818757,4
9.389432864153918,1.158075350716112,0.037521576330663685,3.2119469887352974,0.04851088706385035,8.138006055120155,45.401369363278114,0.9948668782903458,3.206244156351254,0.7875169044990784,9.443127352531395,3
7.328995717369246,0.1793071356599375,0.07012263835582704,0.5,0.05218367889828681,14.68493933119475,60.27663239029132,0.9971789520078844,3.4422481464295926,0.3,11.731843863617815,6
9.27339072830547,0.18715466563610605,0.5171018582497908,6.051195555297964,0.03243334567441478,11.429811906265218,98.1126887790664,0.9976828702236368,3.2271349313358026,0.3,11.2589039682897,7
10.678904242196204,0.195397924858967,0.10616014617724422,2.3542833217994867,0.04152075259917344,20.00320734516568,58.702427548957665,0.9950766917840834,3.292973054423467,0.3,8.910606845259945,6
9.871877260951708,0.37714813019142057,0.3754938763071663,1.7957292705552232,0.04828817216746811,9.613021354703166,53.39522270733973,0.9932767927807525,3.2452962643675956,0.3,10.287050236018187,6
8.401371628864297,0.3068096696538946,0.15224081032087777,3.0567427576434794,0.01343833160986124,8.616680606616182,50.32688526062208,0.992748468234832,3.4032870679583516,0.3233798310478956,11.53913826475891,5
7.200207477900525,0.12148464167656424,0.26258069489325553,2.550207426851414,0.01599664884030779,2.893654239134933,28.204558087858945,0.9980309584230641,3.2811801150017508,0.3,9.576895389755634,5
9.486979633143104,0.2006207718716563,0.08153871169667028,1.6943373780971807,0.05303796886980612,21.12429771472967,28.119304621036733,0.9954825735645042,3.4290398708013217,0.31617266867631605,10.421384957658654,7
8.968925155216976,0.1,0.24624405793069418,3.1139671503187323,0.01563593460274784,6.554897930946101,51.37755840990448,0.9956069580183067,3.447805349825191,0.8148038959232062,11.42864790700589,8
9.821828474047145,0.1,0.17759120375477144,4.316277109586361,0.030591266531896567,4.900272797335085,17.13201503090158,0.9939189415655363,3.593004296952114,0.3,11.184138265355166,6
9.379792062859348,0.1,0.0890072313421093,1.89365580126675,0.05233949701603055,1.545339869531952,28.778063298088018,0.9976393120980969,3.430144976241163,0.42387005582700976,9.210411411177818,7
10.08423961604287,1.4469727687284017,0.12151745468025198,0.5,0.07659397222588947,27.772577371628024,69.29594572706172,0.9970843977300332,3.372377394244333,0.6506327456558757,11.121859862674347,4
7.390100140347036,1.3330549963388396,0.036166189490234445,3.928463805016199,0.019131820319879787,23.698823547389406,19.299837616854177,0.9952100588388303,3.5735147232319098,0.6944987243348404,10.64590865651023,4
10.539569911578354,0.7082990278132814,0.27200034417022156,2.328950924243273,0.015176330091743266,5.226565602409423,22.99207279172498,0.9943115623330825,3.470312126164509,0.8605344219733367,11.253450708371027,5
8.63591932797708,0.25204986331280455,0.4360238387515417,1.1007902729137666,0.05253076204177626,32.71016955893965,25.375631192743793,0.9963122781017765,3.313689055882183,0.9702189470039413,9.82180893527258,7
11.827943483462953,0.1,0.10088434910740396,3.285385244539513,0.07974162575430767,41.95703401388886,90.63004582695586,0.9926461232697166,3.255151361712504,0.3,11.334633554717069,7
7.128380709247735,0.41270995020031137,0.1840846077934919,1.098928079377039,0.01,9.366920533676078,14.84338879105999,0.9968645525117887,3.482477701987114,0.3,10.869136113106261,5
11.251138465380924,0.5763481643596623,0.10557102173634623,3.8389041013273584,0.035308258715360676,31.387297127728722,24.92708763385179,0.9954365589812206,3.242287380010294,0.6872627167534322,11.938722975131986,6
8.636448331886502,0.21830136579722942,0.110289196978812,0.9473797462481892,0.10800614152668937,3.0644273614436144,16.526587971953056,0.9963161997796643,3.3629261371760264,0.3,10.271411809078625,5
7.192589393855439,0.5540647822198804,0.018027747757887118,1.6113859987171812,0.013877928986180116,20.67095553659134,17.27761437569631,0.9959208734844256,3.0656898539398885,1.4729638914695307,9.667178210562172,6
7.477394082107654,0.14059667858196503,0.010499828141821198,0.5164420757355109,0.05415828967477096,11.284070996533892,74.32939874937485,0.9975169583840728,3.273045312125895,0.3,9.164823536804185,6
7.755409576069656,0.25654684458850063,0.4432835786487521,1.559424116215343,0.03169432780754288,12.724630697335348,22.83840126929766,0.9976315024235385,3.5159526681112716,0.3,11.69177171336754,7
9.021082108883258,0.33881895279888585,0.01540210543753652,1.7984908406358198,0.03257475572922511,19.16752415392103,37.533162136552754,0.9978676528685135,3.1441660699687257,0.3,8.206613803723865,3
9.18882032966035,1.359277976303602,0.21879320626228935,2.3422802167161363,0.02856160290405683,11.124965220915954,39.72818061459038,0.9961744178069434,3.415166496402607,0.36290415775280166,8.801370700405862,3
7.324709993304417,0.19796027207766306,0.310931348740161,1.945663175723696,0.04377555437035703,12.126798514019695,25.584167762472042,0.9958523552379611,2.973990340785589,0.31464799031475554,10.463126225562641,6
8.25859719315633,0.5742711118617564,0.2025871394466469,0.9809394658667652,0.08237360617329163,7.890091605117976,47.28980555504751,0.9947781799527692,3.4898306272968904,0.3,9.824379692306122,5
11.941859609640169,0.17121960889091598,0.1321379172387771,2.2784442844328434,0.014523638655106664,19.575561789817932,25.594000329825242,0.9949445493643717,3.181157284334162,0.8095090442158804,9.0130068467041,6
11.23682338917121,0.14957700118816328,0.45949209321514234,1.591642267862615,0.015994379363545228,18.107254025540964,17.462556043031206,0.996628017101758,3.2486055144546944,0.3,10.98491446779388,7
9.041750238445855,0.21743485010235533,0.04434902364890166,2.6780293122368355,0.04249254776137562,11.87724145377812,31.709288724612502,0.9960267537485028,3.5119361298467395,0.4212053363217567,11.03039992308173,6
8.364605912885942,0.4239182919121996,0.1535551567971392,1.238574622467831,0.04452673628021144,36.56233317436001,80.06649302400639,0.9981871296454611,3.2435002507977035,0.5253818488982671,10.630166365497505,6
8.504053255421045,1.2371023842106408,0.1755312943713508,1.5091497422610107,0.028280951625401958,5.228105892752861,22.73332731186327,0.9955758164148382,3.44041862342992,0.3,11.396836221938646,4
9.34298055364171,0.24730560385669853,0.5023208764874354,3.1210246272875812,0.0732821533236982,7.750956243856436,29.48919135188082,0.9934089765527359,3.4056164784478407,0.6199458347957213,10.690326019359878,5
6.561252639162712,0.7791396443515252,0.11856296361677741,2.013738134907886,0.017775886094787023,7.9889213019515,24.273753695038664,0.9962635898603687,3.484722719980513,0.6843310292458546,8.306457712814025,3
7.862459886380314,1.4039768706102715,0.7775014424867019,0.6094158001439216,0.016427369924233458,5.915173189206742,34.66018564050641,0.9976673739957387,3.447512728246127,0.528978295527925,10.0638137418199,3
5.463407074408099,0.5051474362172202,0.5309277371733939,6.3190990702935395,0.03860258056276234,8.485116875952432,31.59741055987237,0.9969212766457403,3.2833040434391956,0.3,10.630419956203012,4
8.978679308428976,0.8793047487200544,0.22067436766322449,4.0815327511531825,0.014076752902958345,7.188870557279656,18.98859281115581,0.9968498671374183,3.47681992848258,0.6166645950349551,11.006844499260346,7
9.40023309749466,0.2069138853029953,0.47210292243954244,3.9856131451332,0.18109124873330246,2.2721179867246075,49.641960338281464,0.9978169938133112,3.337555828897811,0.3,10.711251207440071,4
7.478583014091065,0.5631272583729268,0.48761166741713485,0.5086702376912486,0.01,6.747571511944281,25.858210423332153,0.9963770218172445,3.3359811328668183,0.44667181668946937,10.990029958520257,6
10.975777497593057,0.6709773416959006,0.02743012560992111,0.5,0.09948410037030975,27.474540161184056,31.426147380757854,0.9930353944978926,3.5577384150883296,0.6677925012700827,9.851012290459256,6
6.21619837289602,0.11556127986595426,0.33529926517972053,4.649718469927133,0.01690388126344607,8.70110371649957,19.945838879361986,0.9975156710024375,3.351482603390269,0.3338951326565446,10.402860341642372,6
5.810562703643306,0.18869272887173924,0.19865523513072575,0.9723584889681729,0.01,35.38115150068161,58.87555878490489,0.9965038164798292,3.2801915163259454,0.4160191503875103,10.992464596834663,6
8.681568091551954,0.32692160846829305,0.05824123292564844,2.7341478718628744,0.041842486010118744,8.037529653749425,39.60730306135537,0.9957726361574569,3.550532284314389,0.3331105091064417,12.670582472348865,7
10.080067114440663,0.22289969144610877,0.14944494079343867,1.55492650920802,0.027870115645484254,14.58227550641578,16.536300588307775,0.9937942446504173,3.3064389915165253,0.3,9.467874855671171,4
11.162677075478378,0.35859133241748087,0.5160223643625722,0.5,0.1435146959922826,18.716152159704453,6.0,0.9945607932809462,3.1366447639667205,0.3,11.040269382741638,4
7.5198967531228025,0.1,0.32216374099835815,1.3369099480231235,0.04713984614499655,6.509046898482334,14.676634147011816,0.9926778283916073,3.0659951940148833,0.31407385783548714,9.279705441790657,7
10.133757416833204,1.3133062675553524,0.09165460847552968,3.090959003730962,0.026987902420816202,16.197591791218212,29.41960612117238,0.9950315743136499,3.2822102163555233,0.3,9.819554404060417,3
8.234535601848798,0.8354714984496777,0.613292992455659,2.102716871805449,0.031980093096309475,13.297431318389261,15.145801048598287,0.9949137412577033,3.2282087259030035,0.3,11.409130079353186,3
8.006533590100608,1.5,0.619867989984184,7.141462825787445,0.01,4.862742378942537,30.03112221891286,0.9957747604793025,3.4558721215507697,0.3,10.732752099986104,3
9.802221893727344,0.13024896332224095,0.29798046115901883,3.759246897852628,0.01,12.017016124796662,10.531243351847113,0.9988108390300003,3.2177022714977355,0.8686769923531878,10.203979257315536,7
9.408948893302814,0.5793626325174361,0.3212163114284507,3.243561905490556,0.01,29.870057048651496,43.73494754227033,0.997721032352287,3.107255345295956,0.6175690890552663,12.632598964589778,8
5.620133333126777,0.2247653109670168,0.5505150085657153,2.725253265644908,0.028531192504643612,8.996360339540116,36.106641661711066,0.9960612557149839,3.3009258755808126,0.6314864803891531,9.837611810484107,3
10.810118594534023,0.14872486600189808,0.295034412210628,1.0945174375260371,0.03440424062197371,35.793429691336954,17.59580643632244,0.9946387556446895,3.0604887627944946,0.3,10.845998489891095,6
10.64615530205067,0.8030386815069532,0.0934375995159379,1.1223874423919624,0.04852121069091835,8.341229551315813,46.06714472419526,0.9939268172407393,3.308177247667445,0.6125432268906287,11.130363189196075,4
7.236543407433801,0.4346720916496227,0.06700453204052677,2.3814160574943193,0.060372890920959016,15.643486681592638,80.58436436171208,0.997922712569376,3.304819667473251,0.3,8.76388462031412,3
8.972866006843596,0.30903354833760976,0.019322594079334846,1.3461258851062379,0.01,8.991427241656897,17.06969341114165,0.993689148477891,3.247752782516842,0.36975034052195455,10.197719005386189,5
9.139851316680657,0.5165391525517836,0.3332090466072246,6.345089686594837,0.04351107899343048,13.456092659467204,24.960764838559662,0.9938964874298138,3.1084923241555478,0.3,9.19890114859967,3
8.743145401900643,0.19624977976757133,0.18950069716087933,3.71811645470752,0.08768043966420244,10.050616760896457,45.48972634754955,1.0006165569527186,3.197618351307758,0.5125446242507157,8.078077380727935,4
7.364481238462787,0.1902636796798959,0.07187707085482661,5.034270254180482,0.02306365312038425,34.83594812859582,17.50058228997877,0.9956424592833586,3.2730479089155424,0.9738585619289973,10.77161960668137,7
7.158240274505313,0.23204434201040638,0.024960406251156343,0.5,0.17291337539606516,18.729842143433654,64.04168266671506,0.9997348367150994,3.1092303270351684,0.5711331937471682,10.909473605537631,5
8.256558079314544,0.9162247365765455,0.347564548355091,3.1969841611271663,0.03227158835833216,26.701109329214173,64.64570810524567,0.9953623022255947,3.355263326233551,0.3,9.79493619851791,3
10.29363933274092,0.8655675166967483,0.06433929397887324,0.6017313337369511,0.018130476394016194,23.429240818233033,10.52604801524965,0.9982447896924119,3.379132734274478,0.5430105978006533,9.400497422547723,5
9.224120262810535,0.12417464192859068,0.059357822779108116,5.638490863860126,0.06751423144744939,1.8516746593866986,23.916430533070383,0.9964814702190918,3.3130103598027447,0.4202060948541714,11.934173129379724,8
7.66995563545362,1.2757535656009096,0.09208553391722055,3.546029762377521,0.04844354611377437,14.936775187695698,110.92609396278648,0.9947443801990538,3.1841899927836206,0.4860543305901721,12.360349340013666,5
9.611887808102187,0.4065766703868483,0.22244350368019844,3.89688368686888,0.09093051974031617,22.328106892602715,20.77402502898755,0.9943921633269025,3.2628711610890373,0.4838476760435388,11.01414097283618,6
4.0,0.5723649617374866,0.18761859383012663,4.029126771802204,0.05988273850831841,6.467960291940454,26.175872598817236,0.9919956559682098,3.522610585314106,0.4629763101857277,10.46205071538608,5
10.252901690632577,0.22541399807880583,0.21627623501139817,1.4881852541581173,0.03465604152105873,10.884960896010865,16.512405296294826,0.9942012857075214,3.387202529000077,0.9159142910380436,9.793713152816496,6
5.342486576077231,0.4235114644025375,0.05634257906713376,7.667256236282932,0.0619820192899079,3.7670780101757817,36.991826360296194,0.9972351319790372,3.2755332796007135,0.5241890626689946,10.689974553195025,6
7.683850399614676,0.1478476274840004,0.23901339617983378,3.6932161744947845,0.01,36.5056700317639,21.143652972261822,0.9958622097856038,3.4038391421750642,0.3,10.3415572885773,7
6.396561179135556,0.2117350103071367,0.4197822959513023,2.76750302094209,0.05177702646476655,16.942976935436146,38.28051000577381,0.9949716667422349,2.9712346099405886,0.640005369259195,11.099770641814311,6
6.099041491274461,0.7571361844309806,0.12526059123368752,1.6274078362488644,0.03095839249642283,13.17367493095006,22.987529524282984,0.995786799415251,3.677235066053468,0.3,11.652367590718168,4
10.273405538543484,0.7696029464874141,0.10128801834789543,2.2144635794338643,0.01,5.7940581824758945,6.0,0.9977083241987751,3.117903254411178,0.3,10.715840280115811,4
7.5049079577697855,0.5918273493747599,0.12893086578006696,5.455954508529854,0.05855493268548673,4.848916814483417,6.0,0.9935050342243668,3.341067465749557,0.3,10.461907025369843,3
8.889056598942217,0.2928159697198911,0.05881595069363115,1.9145875618654755,0.08127472740494444,5.303343557547975,62.20683551770564,0.9966156684347932,3.1633951957462667,0.6196017444968277,8.910967083659555,4
8.220235015905388,0.12201155840412821,0.16134169695911413,1.441666575546116,0.025024613230035863,3.920128870151891,81.16051109756322,0.9932981579197041,3.1365920376605176,1.5,10.826164719386174,8
9.110969406279308,0.9928232295455399,0.09170012794077421,3.406615864411923,0.01385468707999061,9.516482090896831,19.42451786584684,0.9909824577898614,3.455880173057675,0.3593973193578507,11.047273988601901,5
8.430597214802434,0.8098042108163741,0.03940609026755335,2.354698372930976,0.07242120229854389,21.80457653618661,75.56321085243071,0.9948849082830337,3.2812415988899892,0.3,11.453020920513957,4
6.118913218879433,0.1,0.25865244110120067,1.471798970956999,0.013477791407639305,15.590451709493152,14.846006847671106,0.9951215380658047,3.3250969635801266,0.5004438376180119,8.63586291084183,5
9.993653593060138,0.7789464646286559,0.46637895992325185,4.760832055592987,0.03481092240263324,11.144072331895327,6.35865662096746,0.9953991546005597,3.3460249602291308,0.3,10.741687166044139,4
7.460613808625769,0.30888003656463353,0.1653677488908468,1.017933039570384,0.03338546001964552,12.040337543385816,25.699128049797068,0.995804890066955,3.389943347311818,0.37009118926125695,9.720737973249491,4
5.653810772278424,0.6870246076413454,0.33543618339066034,1.960404094945834,0.012719713164073715,6.555060105496721,54.01689647681688,0.9969367122344053,3.3786319862508156,0.46933115109654805,11.128196611403718,4
7.572204226357949,0.1001442389966066,0.31296915746367254,1.1704404617641488,0.01,3.822091573717999,63.56172361861933,0.9946495181237381,3.4306733678078873,0.3,10.610125484175962,7
10.85129164407833,0.2360175287076726,0.5704823959773861,7.555041263090268,0.06581870227961667,17.084466747381473,14.659946221706793,0.993583221205553,3.023195378829578,0.3,9.760881633545077,5
9.745376961592939,0.4479259876445993,0.3077138805092581,3.63239761285282,0.04559595828772351,12.32933643566294,36.91709622754757,0.9979251420516998,3.1823655339892714,0.3,12.078802527320718,6
7.70729137150664,1.313663400753521,0.1869412677437743,3.046923201699821,0.021892592363566277,3.0202407546569625,75.25459257734597,0.9982651678949694,3.1641259159403505,1.1238959529467745,10.016473305813204,3
7.706261902658672,0.448816743483203,0.12645804150901313,1.2184315794348444,0.022719684481132568,36.07138636231069,34.170518476808816,0.9963518389251973,3.457575670315931,0.5118024875170893,9.778399486661826,5
7.7532204129304505,0.890975858256395,0.0801951658506794,7.554551247493466,0.04861384254854779,1.0,17.449724687458946,0.996808731687904,3.413521586111905,0.8125621448534842,9.971646026449875,4
11.83047157205343,0.4961535523707488,0.17183560127904632,0.6467602013464135,0.019721668936478236,30.301907463943067,6.0,0.9977766715886714,3.3988148136663185,0.6774039168970215,8.531088778743388,6
8.949290268793641,0.48285196805058783,0.3705354206379143,1.93711972780241,0.02785853657065522,2.780831358263281,82.25823245029402,0.997794700109544,3.1614500388336166,0.6995518646980141,8.801814771977226,6
9.03107080022482,0.6153244023104474,0.49530649082100847,2.1644422896345175,0.01797749979646153,7.044406938912534,67.86667192408211,0.993809889585621,3.1201326253644663,0.3,11.59852270484866,6
10.051481871854133,0.3980915026728365,0.0823486769081425,0.6611701723392296,0.025298029343414245,30.2132308769164,18.175403266544706,0.9955573505278845,3.05053721311716,0.5497215505391089,10.444882288937595,5
8.705941570345074,0.7443469443711151,0.0992248981879588,2.557900574773466,0.02732578883630114,12.342763229970936,121.5657966664425,0.9929882783285845,3.3517079324906076,0.6369515408226527,10.903173569308205,6
7.859628352104806,0.15861945189129723,0.4330861146231094,1.3870434491111028,0.050296330047022726,8.949987079491647,31.468741577560763,0.9964773060757892,3.0705395739185644,1.5,10.635396588233279,8
7.966205256555538,0.40025189157539365,0.5939203488898877,6.041248896241472,0.01706422531041462,10.01447566025735,54.92499868721222,0.9970647159678634,3.4117775746208383,0.40117250186659686,10.692936232129535,5
8.178277858996092,1.3885433426325264,0.013426380962617675,0.8036012914506012,0.07595173263670432,5.208456784445307,31.87877827034663,0.9935120033564142,3.196690120072412,0.6168635666033986,10.360251407578273,3
8.23672219793327,0.9165981444722558,0.1704015527528222,3.890162594705557,0.04916272278982369,7.661423476817222,6.0,0.9971706671599028,3.222399613890855,0.7759568020798651,9.771603180044798,6
9.536970224182866,0.5290920276738419,0.3059470569511243,2.594433265382391,0.031249799583556885,12.724151973458284,90.66286730898041,0.9976975572379617,3.255301045280394,0.3453708025782292,11.007312771123138,6
8.38830800587241,0.8310638567389802,0.28059264008926504,4.577129408771036,0.025815023250069184,7.397552319541685,73.52799587579574,0.9986825538858028,3.1115979983487536,0.3,10.586754831848735,3
9.545488131266485,1.1503454211284934,0.020848348488235614,2.101461400623312,0.02225171202099646,7.404560360097772,33.5874539109193,0.9957101671203327,3.43581317667106,0.3,9.292330139783918,4
8.16278181381541,0.1,0.17086870530060186,1.1241483792811438,0.06557941263448923,19.940929150200265,6.0,0.9968534214834874,3.1300801294297655,1.053366248840138,11.020494886081952,8
8.433679823537355,0.33353773296146527,0.12359600559790142,6.672320237467982,0.019741047760746016,11.726700029775689,48.552375816960556,0.9983728995172908,3.2591149393759866,0.5426652753220577,11.964653865570508,6
4.903058836295418,0.23529665578878003,0.03384529119383986,6.602532965594255,0.01,27.76632761986737,6.0,0.9938671526379441,3.4514127860114434,0.3,10.75758229071286,6
9.85775704699422,0.10815997968207042,0.3227102147886088,3.957398389408378,0.019131684309884198,10.615768589349804,16.96998162949552,0.9957434437137203,3.009901852218832,0.4114704843286612,9.788535006695929,6
8.889030409026589,1.5,0.48152269328384517,3.469022758471077,0.09312462126211012,2.9916430494782897,29.248104320755537,0.9936751070144358,3.096676581441884,0.3,10.64425281880882,3
9.996617186761409,0.6367457709461587,0.18539170357750281,2.978151651932883,0.010178918667282693,9.02460338137654,94.14477589415476,0.9960784336634009,3.221973285031513,0.35902913336393805,11.167866468747027,5
4.0,0.8108300334447263,0.1262938605867518,3.612696738717593,0.11188434727346626,8.735282880071217,57.9917794698612,0.9955870648750084,3.2914642825218086,0.3,9.324721405594676,3
11.850236998127237,0.2444253674817625,0.19495833606524057,9.61933771882815,0.021046533238432297,36.992172299413745,16.641650485509672,0.9948450119200547,3.3832750837143477,0.6721694958213398,9.903431125752057,7
8.062697632136205,0.32773474065236796,0.34167786591767063,0.7882861558131444,0.019828844940937118,33.091039467964926,70.15429140639614,0.997107207811975,3.317059775386591,0.3,10.429969850203962,6
10.18391078845378,0.41502068045271934,0.510580472084962,2.400841796889838,0.12771151823591995,8.428778264513651,6.0,0.9946287857085743,3.3675803787534493,0.7677948161103915,10.080434844958756,6
6.532159923886598,0.5590729406683864,0.08876100025547067,1.588064063638659,0.038893813035459156,2.9379231937376735,25.767083941556326,0.9952818072136563,3.3533525044671144,0.3,10.581110828995202,6
9.341715638606368,0.7249322696607748,0.22867484490080492,2.55862726074305,0.06192498413252963,5.079671698322596,28.526466513234364,0.9980105882007199,3.3811330395005874,1.2195522498528106,11.808442812842573,6
6.509193542604786,0.6925404366250664,0.18402022322698042,0.7360652263499515,0.012542736315925012,5.312746585961839,40.468027091190294,0.9996328004310449,3.094961609824188,0.3,8.91829041055184,5
7.2395927668171325,0.3456932240841309,0.09446355014179336,1.0537362945837023,0.023475994298932202,17.47283985976057,6.095271674620114,0.9985762873341326,3.221957859342285,0.3,9.027553080930655,4
11.553853301573536,1.1808836951479817,0.6546358272479883,0.9736839950620134,0.01,9.049270608174437,18.059951753504837,0.9964726141384848,3.2768628554562627,0.3204352326633985,9.98776728785427,4
7.975839918702311,1.023927076101608,0.32502410764262607,3.5736024221484355,0.018114593613499357,17.489199632289203,60.751613625002186,0.99732137390522,3.3264249776266417,0.5184149374731059,10.64141809631617,5
8.66963588440553,0.5179614021618522,0.4319863531422408,2.3440819856059587,0.024217059165474144,23.07088432673459,108.5979471372361,0.9965291766249411,3.2546162069766393,0.3158489982547163,9.131967297538917,5
9.779115142170882,0.42714092127980774,0.05804806060064616,0.5273034608967828,0.022108040577224385,30.56718839711862,24.93549508020813,0.9923570756314278,3.2622045958243087,0.3,12.210402138165502,7
9.142659209553429,0.32466438746294074,0.2949681550107983,0.5132170139899384,0.027638474085621752,11.157468551197512,14.622759257615378,0.9930877357068048,3.2247113278483246,0.6908272884233851,11.29254752383631,8
8.55571213874408,0.5614555193385672,0.19761016744747303,0.5,0.02338494605944413,4.957328358946342,19.359657116152526,0.9954878180302149,3.2951127258640205,0.41466459224749885,9.092841884034383,5
8.920433704192584,0.9873481245299326,0.17009231678163453,2.0203913043256723,0.017287673755220848,21.863268165703502,23.091714151924563,0.9994579904649804,3.64026294470231,0.4123607021640519,10.456843731671801,4
12.385806494905069,0.434737264906785,0.7664412315719619,2.152614284789248,0.03542903833406103,30.332436322364746,11.66338587614245,0.9938550269748656,3.309971233640949,0.3492517932826802,10.80681294680556,7
8.202048045042906,0.2615626997911952,0.0860667993194684,2.255345113282316,0.042801075651873174,12.249381206018489,52.52659191054926,0.9973129107675747,3.1315666437659826,0.4152273912424586,9.54153229009263,5
8.641868379415445,0.42728982976036095,0.04720787222071422,1.3014204341522952,0.08864170006428872,13.02907146807321,51.22191892522075,0.9937533180732158,3.443541259349922,0.47033252335924114,8.712824442909373,4
10.08611247321294,0.5251187405691579,0.12784554099890744,1.7929455984896672,0.01,4.149742777131112,45.17160593137333,0.9976410049484135,3.033864432588949,1.155270315017736,9.596131069476238,8
10.179394086028573,0.14846374087586717,0.3394885128218313,2.0640812374412945,0.018367591126173838,9.753235973926383,36.258111094356266,0.997005329926201,3.3402657614936624,0.3,11.379056055289618,6
10.317951519452647,0.11326354833980021,0.4729936589930374,2.3510239553570336,0.06440621200990478,1.8025333060225515,63.620681810875325,0.9937262374316879,3.303166588925724,0.5525679413966783,9.141865496475571,6
9.385841377449614,0.26749919228728375,0.09690108428384328,2.974037263257663,0.03346747272812238,20.20339874717853,52.66849032494968,0.9962089185974428,3.538112794338668,0.7670611562163222,11.720297565121715,6
6.356891648358179,1.179230360064578,0.21944691012124487,4.841609065204435,0.019037389274139373,12.7107319158352,117.490992927803,0.9971788993364502,3.3362098924174703,0.7824428249574135,9.4401060298545,4
11.076833604911863,0.9496755167719795,0.27625810471993806,1.1914794283443089,0.07026611257885658,9.93439041437598,43.89080821414144,0.996414183261832,3.524355369615826,0.3,8.0,4
6.3512128318682315,0.1,0.1740454682151936,4.03878065391358,0.032553321818806866,7.433344377993546,36.62654217990051,0.9981486615441016,3.302753098453735,0.46874765312433087,11.589450655328038,7
8.814480290906356,0.18237491010681403,0.18629792298326356,1.4026709734534335,0.0573176622191591,2.566346185068277,26.88696620927314,0.9972909112119666,3.3595776223649003,0.9848315439100116,9.918919412714011,7
7.017731054967093,0.7161919102551286,0.17064030311532088,3.552058302016567,0.029048880425103656,2.49142838077047,39.25965098833246,0.9993255521378556,3.2080356556862633,0.43015427756207253,10.166482401654683,5
8.190964810791913,0.2968498637791149,0.21847289017588772,2.4494225885833716,0.01,12.076457621594038,9.677063604978551,0.998851803256894,3.2413677118908115,0.7975726987930616,10.68723980896885,8
8.858896097515917,0.5837845943432444,0.13521225029244585,9.554316060757412,0.09043032371567367,13.639687449418393,23.82047519085164,0.996898317671817,3.3924720025435557,0.7459643234405454,9.069598466084091,5
8.846307266265464,0.1,0.36966639219949243,2.9136012452520452,0.025818657593541353,14.522900116035492,26.475520722379116,0.9974845199385277,3.4816394689748558,0.32667707252783557,9.300962569885417,7
9.017265282199984,0.42060676942485675,0.17524466454909152,4.2538203803261725,0.01,41.89891372233054,16.63322862588351,0.9956187421928522,3.036040155889834,0.32822761154550617,10.002625510715305,6
11.043309157399701,0.38740461063991644,0.12230109851810883,0.5,0.01774201384579282,1.1060144065028488,8.010785826424346,0.9967497927913515,3.6113829805822717,0.7453861330954427,11.415266584539344,7
9.071008312573767,0.813574482289451,0.08719170250800606,4.498911302395706,0.011189715506263388,4.001732382462417,23.001823635971608,0.9972096185937834,3.36781726856393,1.3564710616222482,10.68432265650494,7
7.884933720005898,0.5591626195840042,0.1490755338893413,1.2496641911308308,0.01,36.16239721283549,17.75115275185424,0.9950181246453684,3.249116264835602,0.3017560674884159,10.666440143065712,6
9.938948186090208,0.46454152459547315,0.5824570467276494,2.195500838864401,0.022679246494855733,7.100530337359657,21.08321827490695,0.9987549147775943,3.3706173722641335,0.3,11.382950047895974,6
10.32209983117189,0.1,0.3538931917792909,1.7512578495426707,0.01,32.289861288852755,35.78757834847903,0.9953135583353022,3.2177283333786155,0.4552669951697186,11.206119378096671,8
6.213066714267113,1.4183504771595998,0.2836925576577743,0.8819302300455154,0.022508473337239182,8.384247569325922,160.34390608448132,0.9965520843231251,3.4123511094375027,0.4295107439545549,9.560999787804166,3
9.315580118744759,0.6800318411791932,0.38304537561204793,6.93820316487934,0.03845588480053202,6.66435138687345,31.357697236459934,0.9956728212555419,3.4034174201966763,0.4616709879515508,9.624756034883035,5
9.491993661928529,0.2266760597732066,0.13120049010362006,5.117852683055089,0.03769177272544946,15.969783619446678,8.738672566887187,0.9986469250480008,3.3192728291906657,0.6155034044496707,10.92212275572499,6
7.794142044288014,0.4556230420833759,0.05805954874961872,1.0550204422145537,0.01523618647307784,3.1174905998420384,35.51312439714433,0.9935205320847357,3.16375925434633,0.4320801574689004,10.254012612656242,6
10.638701582629754,0.3045116369101809,0.04359134929781129,0.977508073198919,0.01,1.886642430073223,26.062404955306665,0.9936977519014015,3.303851703524426,0.4677174057858257,10.285960154078818,7
8.044905502044704,0.35372150753287007,0.035482500875758674,3.4738208617487096,0.06189685478928786,4.154260666577607,18.587765960593718,0.9949305427698235,3.3289338497699887,0.8580552309427975,8.369938116797401,6
8.513479970901622,0.9395840932100485,0.25795316627908926,4.43020751493023,0.04447489225405126,17.098353808801,12.769844387840067,0.995320635949568,3.4347816879227158,0.3,10.385045530534125,4
8.005777898717422,0.1815530282755865,0.11707383456419826,2.3647369617922704,0.01867343620873945,22.468726187127047,67.07873270046358,0.996098919971741,3.2162780556805775,0.634783835473386,11.181280112735767,7
8.326484380888495,0.7003372427038603,0.5550610809342507,1.3115561863600187,0.01,28.507722269922294,29.37753976260241,0.9936996094482459,3.2473656371627286,0.4739878166595809,10.034487112856064,4
6.436332352278158,0.9668729213463775,0.46936276165282415,2.0423570621157605,0.01,13.457992877011021,36.20227043084205,0.9964531584037203,3.4922258570739837,0.56540359367712,10.183407755455402,5
5.851913499589701,0.6242593302674286,0.35200055985079204,0.5,0.11418075205846707,47.911492164682286,25.592829787305746,0.9936676763604078,3.5552685549809935,0.32783571858189003,11.93379853167994,5
11.010658607482453,0.3681767620995804,0.2917629529274952,0.6164103594429944,0.05786473834426183,10.358487806314548,86.43565773372794,0.9962439927986966,3.307265087012954,0.860992354662709,9.74437527198168,6
6.860165707858844,0.21234777997810766,0.08607346467028514,4.6975187470712845,0.03895393785943882,7.052481542488156,33.890141152908086,0.9981433430585568,3.485350614873188,0.3,12.182594247458555,5
6.614633005924278,0.2396968767322552,0.10391671448021614,1.5168559976427733,0.011150917924283677,3.890662265356992,32.12209594931943,0.9975442271976234,3.2996030999636563,0.7505001604704823,8.799379099277894,6
4.639236806873686,0.462838966444295,0.08563605307977575,2.2061958000605424,0.011391278808887472,34.911503033872535,70.25771415561964,0.995373289212778,3.1247851760673573,0.9962573695317131,10.862240868946733,6
7.213765028927847,0.43402716519973705,0.05584497922343615,2.9165322429721092,0.06402334954221028,10.57024737987755,58.22786416534973,0.9949048079423127,3.205838611523472,0.5527941833727834,8.700890148629423,4
6.050747351207254,0.7629782116739827,0.15798994576822553,2.1915611041197094,0.09819639223801328,27.326184345580124,26.619800491171347,1.000625363823529,3.1952176320653667,0.3,11.001845941670517,3
11.091425772231828,0.10070345155535348,0.4010339827213368,2.998425379868837,0.0648078184214807,15.196887779041568,23.468426640454062,0.9972425496571522,3.243623551379333,0.3,9.45720713734345,7
10.016689051882478,0.9315276354358517,0.14858128675937762,4.586249474425391,0.021899256456605346,18.682308562498967,67.80828532978377,0.9971766868239813,3.2470647352423807,1.5,9.201643167270474,6
7.13014441319787,1.5,0.08095123437448513,1.2580995559254635,0.013516028381172272,16.343591118377862,22.49863039070722,0.9978199862205812,3.618446407574424,0.5595081893195172,9.786796714498632,3
12.129140869085326,0.39642972823463096,0.1487062799884564,4.761202168337804,0.01,4.1679790043028255,30.68503853866958,0.9970269304534994,3.1944532540140846,0.6656547659080392,9.738169317047205,6
9.96900132788571,0.3496137596892443,0.2041400529836186,2.907715763939861,0.020090022548685898,19.700722203378593,23.351300381838,0.9970136680261658,3.148349581382832,0.7425310188245908,10.320965656799508,7
7.747786648035342,0.3768841516320438,0.10741034985991145,3.5990778240290195,0.011323800802745825,8.21286934175404,14.183270744777214,0.996642691891063,3.481014390699715,0.6565705416090638,11.148820712742015,6
4.051010284714927,0.4506811338708516,0.15920276733536945,4.542821470296854,0.032448536441421864,7.662373009968014,103.14162892741814,0.9965862329071404,3.06117844939386,0.9023226052689169,11.618748833075987,6
12.194602373404262,0.3277541703700652,1.0,2.611008373056958,0.02888205202117995,70.0,22.88710688346724,0.995502509081845,3.3410263923972603,0.3,12.338308534858655,7
5.937726806501887,0.1,0.034011312207993666,11.092796927291818,0.13789286483320304,29.771987404921443,103.77436391893443,0.9958756131413117,3.2966063150017515,1.4744826216896676,10.21651313825031,6
5.502822130173285,0.37029562425198637,0.19133301960574295,0.8457331179732357,0.06502945320420682,14.306083263345222,28.57318975801264,0.9987576798500181,3.2460023038875607,0.6455561557873291,10.155559828395951,6
10.038369734416388,0.4716461457056983,0.2480439337092686,4.620189214945313,0.03292440402152636,34.03980103294301,40.49087692346042,0.997545554999133,3.173804617645885,0.3,10.554202964588514,6
12.447579090776763,1.0009566391505247,0.151832758527103,1.4633771784011056,0.13693680191878535,13.674207742565699,75.04464808788858,0.9945380689744878,3.1399712756555247,0.460354598551866,9.91980153201708,4
10.653263791467882,0.17934469166604872,0.061829910907264696,3.050923553560741,0.04438742135191985,12.712583692546449,7.595580875566503,0.9976893737549953,3.391919505785069,0.4133553360444651,8.133165480191805,4
9.258645504089012,1.2772982247450206,0.5475444221758854,2.1658131062421297,0.010520083317850934,12.92430858110402,59.89373011632927,0.9958870041819212,3.466699735055155,0.3775489575447257,10.663148962102515,4
9.311082380830987,0.30957633606290924,0.1812231706186303,2.059632392095093,0.06135830789685094,1.3990653515888922,34.97894482550298,0.994683228274097,3.2020900638789964,0.9274126824763611,9.200588546891732,7
9.750806449926523,0.20000928480096156,0.199392056221856,1.922663392952301,0.01,6.0620658482618,30.228287199768875,0.9967689669806924,3.273210547367677,0.3,10.391719191786148,5
9.5901786026375,0.680157933141294,0.34730458733854713,3.5780775992166944,0.04311114306560095,8.685975213605168,27.75664537276535,0.9944815318556416,3.1300680828815035,0.3,9.92154454852124,5
8.77802542074794,0.28068956857058264,0.1459164795654928,1.0539075320343532,0.05000496780232965,19.10126811623801,26.56322367924512,0.9943927319658211,3.3129107091725385,0.3616354613000737,9.254873065366777,5
8.47714187671819,0.4024351456314542,0.13332439412504035,1.3908430507875045,0.06152917479273937,18.033421144884976,56.45129054156503,0.998327405796407,3.2130263324708492,0.3,9.729940225778202,5
8.193591682570812,0.424160398564696,0.5475258431117148,0.9655385611451339,0.049645831243434226,16.946467192114937,6.6905755467744354,0.9938194185167246,3.330961229050739,0.908468262991307,9.370983870639689,8
7.018260198926651,0.6526456896074554,0.021511523687649817,6.597486540610742,0.04144799210886065,7.460652409980218,13.283827160129192,0.9963813399816569,3.2834969730217103,0.3440532785922152,10.51111431482593,4
7.822852369326485,0.39312946978017105,0.23686056830003036,4.227417962593229,0.01607198844698575,49.60506984840093,36.14022577310415,0.9976048490931861,3.1114015109927067,0.3,9.952579551071095,5
5.421973415867845,0.35989613228593664,0.2190616082915042,1.4531185662130819,0.03672489195121501,16.520290158204006,34.67814473693208,0.9945423759288944,3.3161365418990316,0.5912394193649652,10.567438827247807,6
8.132822634448926,0.3029375838237416,0.11579765848733077,3.418862632556551,0.06172942758382696,6.100988593753748,68.16723634418422,0.9980027175050694,3.2905866938133936,0.4353767609089601,9.11478414053439,4
6.619395117843441,0.6064380274028708,0.15207185611661211,0.9963948198488451,0.04138044218662296,40.597352850141455,32.02615283498526,0.9971425167494276,3.2084253068950135,0.49873153502878653,10.781553282041266,7
6.42389816073319,0.26843310679587457,0.5112832323857502,2.4784343746923954,0.053494713737899685,13.673910946371775,7.3585551944752385,1.00222013565144,3.4267050075708463,0.5656405216582573,11.998949064905435,5
8.605820056960914,1.0237011144256396,0.07417144969575518,1.945182141765875,0.05204458060264109,7.194794936180014,6.1075197426167405,0.9963050308617584,3.2844188315192078,0.3,10.67292723427297,5
10.666403886785819,0.42782601561841144,0.32896488297741605,1.9202528143704032,0.06864145011299581,7.551246931774743,23.282689108952145,0.9994149808828567,3.3593768258183982,0.3,11.451172508211757,5
9.861138230203933,0.1,0.17616152028419982,1.679509291198728,0.01,2.709927283442417,74.30507411116002,0.9938755269835055,3.5653520716742952,0.5674469184405921,10.128039053681794,7
5.630148973840599,0.5248378802326135,0.3008979371230596,10.818739494211421,0.04215690265186125,26.150508040730553,42.07429018485093,0.9946250141815434,3.583426977562815,0.3795411630739304,10.087289962235847,5
6.617632167830427,0.5898489385766694,0.2516457470786365,3.909556280896012,0.1325871543089159,4.679501017303435,79.39780449475337,0.9980419235278422,3.1128815787643487,0.6438962453800672,11.055866383944881,5
9.899311019579967,1.0315487632395075,0.008817666571502332,8.752867090072616,0.03511210542129486,1.5599844891513333,35.333090964300084,0.9950508211802517,3.409178739361705,0.7279370212957692,10.177672526251682,6
6.629771430984874,0.22103803118921514,0.07219553803604051,1.6135211063740091,0.03546926899782208,6.263004451583436,14.329196073339126,0.9952088432581234,3.2727033550585727,0.3774241717866638,11.46030637559209,7
7.918123645005059,0.19293089465906016,0.08516594087658069,1.0173425647058527,0.023558986264833916,17.325926419936604,35.20037503431672,0.9994417318070146,3.3491654517085663,0.3,10.286710726235626,6
9.23508856834174,0.6682461023765445,0.061116137181531784,2.909441615965821,0.021919806776031937,13.023490813442617,97.09545570236882,0.9972765832763694,3.4746414198940263,0.3,10.618109947654583,4
6.65381442673182,0.9186095467287722,0.09738640600955256,2.4760039766011,0.10819308299204983,19.556983055256623,19.359852070846472,0.9970350490586581,3.4083231124695317,0.6587806007482859,9.90313606460719,4
8.479138360448133,0.21324074756656963,0.1989786834230718,3.9032160162125926,0.01,20.25705339981824,24.12954784612085,0.9965755738678311,3.282706124415942,0.3,9.1104322354259,4
6.032156658639053,0.5108514693246602,0.37432689416970943,4.745726122936154,0.0396442652298799,11.280285648892908,253.7036819875741,0.9967520128808143,3.453209794407383,0.6213970045579413,10.270691683122754,6
7.277675005282937,0.3984546988177752,0.040452351674527,0.5,0.024303738650236346,13.265914376869857,32.417380698368156,0.992907744189341,3.2285835100393596,0.3285621552134129,10.158877646905506,5
8.843629288042314,0.2200560706187786,0.17852389064808075,9.09121604639919,0.01,8.61744159737038,19.588184865418498,0.9963534813688366,3.33646245970408,0.7515827152169151,9.853801321073215,7
5.591910652996162,0.3803388550925356,0.2261821100896916,3.006538039766799,0.061429821592704076,20.69524000461927,65.83617801962984,0.9948039474432002,3.4075504032688033,0.3,10.87958107401549,5
9.048807054532679,0.8742295194163252,0.4328436626324859,3.7244978925892402,0.028375216588421,3.8595680811364463,11.218247046895222,0.9978855731186149,3.416958035905871,0.3,11.49351915919344,4
8.266615741824642,0.4292345800257621,0.5958974250902772,6.677719233998349,0.03901503729211835,5.849745451240392,18.47337761539959,0.9947796764331115,3.0458397332765292,0.38756747483200116,11.598952278404589,7
9.239232922509151,0.36463894154780063,0.14501047396712993,1.2354921938585894,0.0201419337886659,20.340814457727628,53.14491289190706,0.9950515567986429,3.178200698135446,1.0264164700196752,10.268446828450205,7
8.680654027909926,0.6434357777307725,0.06275926826612718,2.243057898107941,0.04515199697033649,22.83133438071438,16.482747127489155,0.9935967277910016,3.1852759778742086,1.187871634816239,9.82653748216127,5
10.619038730955536,0.9292212506367736,0.2394795512533886,0.9235619099115586,0.05058571677758149,33.81197380265901,61.056383530338145,0.9971869658192289,3.2664318047185756,0.5542149255590416,9.572281840884019,3
8.512881654501443,0.17640943809583487,0.06627690389715532,1.0681027819252846,0.01,11.711910179820318,22.020583695869654,0.998618648424273,3.405834520676497,0.3,12.541472267677037,7
7.570010580087071,0.5266158281261555,0.2226879524322862,4.761493040810116,0.01,17.85251352779346,62.06207980224113,0.99443213570868,3.3353110314619174,0.3,11.691965423895066,4
8.507905755154884,0.31121920997828867,0.08078222853812658,6.193320549562876,0.02006379314745544,14.806705456858666,73.51426868985936,0.9948412439464668,3.430992980200808,0.3,10.448706314822237,6
9.22360664936186,0.43070973044833827,0.27300390608016395,0.585781888858395,0.0973748430395522,10.170529559821807,28.38864706876432,0.9978380749581283,3.5696075678675068,0.3,8.374189998446143,4
8.383062119553697,0.679987674789454,0.08704145649667869,3.1553511640846894,0.021161067591898987,10.225044552726652,44.250741648665496,0.9959275649715893,3.303136445786529,0.3,10.272115259048467,3
8.3690058750466,0.3317982170100643,0.5545081835749265,5.303592295332393,0.02057473029609395,28.154741048670857,16.4735716984337,0.996423396451613,3.336786224316208,0.4152440298731674,11.28561526970331,7
7.106614130728516,0.39079032084217735,0.17681566772943966,4.58327227179183,0.01636152295903832,10.870108221628712,73.1965775832829,0.9969800911278118,3.495923041818479,0.3873773023324727,9.681199688126405,5
7.173068440163389,0.8254281936530851,0.025124640850613333,2.692448417593084,0.11390058988327939,15.916836848230865,69.93322101034776,0.9955949061347446,3.152413586474199,0.3614385249435947,9.264030472192005,3
5.915571037940522,0.5794946916420977,0.3831945257573544,3.134769719610039,0.035828810665794644,7.6235187652140075,53.71673930366658,0.9953665688008351,3.3711794617552715,0.5953747488406468,11.070269000923435,4
11.274280463417798,0.38388452765769165,0.14714569721875764,3.1974929863599435,0.07380509456757485,8.214908121772954,67.66224657632561,0.9943624883831774,3.3032307550364988,0.7652394148099044,10.426505948077287,7
6.185432499834816,0.4633838005123171,0.29065265452490313,3.0126959365258914,0.07941741272723638,3.053499388141831,69.53325945804563,0.9941848922801845,3.0797726698021206,0.3,10.443974722602123,5
7.122061163746959,0.4380075982654556,0.3889871495123406,3.497263577048116,0.010530622477520247,4.742205572024609,30.11523587460552,0.99261402140468,3.4461666962933393,0.3,10.421681147632146,5
7.078707648532365,0.1,0.18554521475641017,2.072777202940452,0.014267629461736644,16.283481548447956,6.5054777335907685,0.9962946926874223,3.492778244321606,0.3,9.099114522868472,5
9.821371440805551,0.4693581941891589,0.03709833584504601,8.572739396845513,0.03863312289248926,8.52715217456013,6.0,0.99629381344879,3.4403057397633856,0.3,9.70307708127905,5
7.798585546903554,0.12644009367230785,0.20145040052505694,1.2254554168759333,0.01004699924014717,7.141083908384634,14.755375214358965,0.9968403077000633,3.1883925257531542,0.3831340712446362,10.351808000695394,7
10.421161523545347,0.9114944020103177,0.49877127552874984,5.5319750404400745,0.013825063804564492,21.260581446978605,47.231213007286684,0.9975971841504935,3.6296531430577503,0.7149557112359403,9.113067515063582,5
7.155065938785424,0.12346428223747798,0.16003210524370978,1.4010548194093484,0.02213963712187991,15.959355084579135,39.84779144980663,0.9964137004269826,3.4510327344667973,0.3,9.481292872541342,5
8.774290075780463,0.2986351476601634,0.2521128077791643,3.6303663592796207,0.01445867052114521,11.517049474984494,87.91546889238643,0.9934998525708073,3.4059864659283035,0.3,11.898513113266466,7
6.879910009458413,0.25345699360966567,0.07488779162637561,1.4289397384042593,0.01,3.7791319421063845,56.48656969270215,0.9947658326865032,3.4403112701627774,0.8134625964189683,10.636475119121975,7
11.946753517214761,1.147136352554112,0.029164366688588787,3.48523667679671,0.016789251544579976,13.803074373233647,32.91843472978178,0.99421982331266,3.388183256186596,0.3,10.631163159371505,5
6.281082687649829,0.8856452113993218,0.15012700295436338,2.3684989331291977,0.03233444850451101,11.521692303296184,68.65529078771284,0.9942692655323635,3.2608140684494016,0.3,11.11679487848466,3
8.826695207385947,0.1,0.18069392325231023,4.0312158335195,0.011451282208398974,14.630871652290816,96.42068800858242,0.9970193314102187,3.370318971613567,0.3,11.009009349209984,5
9.377420697584569,0.4127917013980955,0.4259791395178105,1.3040134493811508,0.017650118742574515,14.05426554665318,11.055162676587354,0.996122995906983,3.3994494195011686,0.8067876052368727,10.557831959377873,6
9.003458465667547,0.14951999417093767,0.1913766907837534,1.2823711656451586,0.02410582765396853,19.11832390620019,35.36938293096409,0.9944046936389305,3.314335945397037,0.39407169635690076,9.667470213920872,6
7.985010979907897,0.4706966489960862,0.4002207064630212,7.384461723936268,0.11642121823755183,4.105746028601846,38.853752867733874,0.9973190688479927,3.1905162937552016,0.6671523673545522,9.409589753322004,5
8.079304810453177,0.6690437390664671,0.113954812087451,2.1610793999892257,0.013303158627184387,11.156149139323396,39.26425609462529,0.9956286070255713,3.3316139073985167,0.5368291093536417,10.753620261086315,6
8.374479502364487,0.5008893356218304,0.035733461275252384,3.2834836425750162,0.08803308326737788,9.533111441192263,120.47345675258889,0.9946683187535812,3.4461621857184954,0.690876266754379,11.912706853621616,7
8.05009659723157,0.6980110741731044,0.264391147105403,0.5380645036155441,0.01,8.629914361260845,101.66184783007145,0.996744451986633,3.2997136274470904,0.49489113527183975,8.036446056456123,4
9.938594498551346,0.33908786734458607,0.5399238131258309,2.5957927517450514,0.05934200762544336,30.33252680550475,119.35412513267224,0.998475042053994,3.467489848687564,0.5536242712592732,11.212592838058821,6
12.057889102705298,0.5128193229490096,0.0984984586651874,1.7641327775649318,0.050459661512827596,6.056915702043947,11.69037303928035,0.9948590858702588,3.2576866188094957,0.4753778706026769,9.145744589033637,5
7.352263965486683,0.6805906451567292,0.29800294404529165,8.243325414915484,0.059138955936471935,14.167667358831851,26.693888229118684,0.9943130135397754,3.2962310233595424,0.47830669787905605,10.8059052119134,5
5.971334934715569,0.28926599208630466,0.3072053455261257,1.686293818703746,0.0534058742015134,5.080609669900932,24.44398937202127,0.9968072742833235,3.040782861026735,0.3208550435556379,10.169155690324732,5
8.149920517802867,0.19738328310756534,0.14400193473508327,8.332102363481651,0.0691371523975982,2.8642028159620354,87.66293014564263,0.9963206874517698,3.3637322224505954,0.5528678642857088,9.979403157794202,5
12.685505874012343,0.2416455278261069,0.3185060075918726,1.6341567061504003,0.021513796834794714,11.527628398313633,56.287121902154674,0.9952276627310452,2.9935241424716796,0.3,10.483862387386742,6
6.9337532344514585,0.3798355766257351,0.23878461657299785,3.7918751424975747,0.08932577144318299,17.048184686268414,74.59581238586183,0.9949136521127645,3.3110832925742955,0.4853496482985786,10.938122996197265,4
11.086498569254916,0.4215356959967054,0.3187018004758451,7.419279745647563,0.014036003579799155,1.0,27.385562670549277,0.9962687727399983,3.3509441292568463,0.40501174756700975,11.547640555399456,5
11.15209138392995,0.5348961956888425,0.2765727368860483,2.229899540980993,0.01,9.64551780197667,19.129565492958903,0.9939079129071675,3.304980002512501,1.0104819698032284,9.705848347215714,7
7.35889998909641,0.22118767022852814,0.16195699839073815,7.132707889159233,0.01,13.908426030481808,14.953030743586169,0.9952604007263791,3.1044143563396642,0.7884556704419382,10.898813388769875,7
9.267271234614968,0.6945453971510654,0.1802550389718528,4.549123345027263,0.03556379005621972,12.953706541975865,70.51749046876071,0.994752493384223,3.4249192062327034,1.5,10.710486818698495,7
11.068274259318516,1.3231813791049682,0.4169740550951622,2.576917228807982,0.04657774468579538,14.176013882000802,22.9852903173515,0.9943505439358591,3.5384505805406326,0.7082274205092814,10.809358253471169,5
7.655482840321273,0.2550809596618924,0.20112952217932673,3.4141072797905054,0.06196613674651855,20.37843407744547,6.0,0.9964507257152645,3.608225236917057,0.3868488651378033,10.296894086270237,5
7.953913387825986,1.5,0.08520092662182764,6.197403107874283,0.03430159129469198,1.7916373291787322,18.68911606845287,0.9993375674738548,3.303409274569875,0.4739712943670485,10.917104962647027,3
7.311142446287306,1.4407623160955392,0.14621362286417208,3.2774507215559003,0.015422284680675512,4.951756621229467,41.790827097227535,0.9932134856248582,3.2658408294485306,0.41170832429032256,12.293288918947034,4
6.574913557822127,0.4205128345065528,0.2513533504429095,0.7569427582971537,0.060650420994745845,11.726376055968906,112.3589913841483,0.9975584194543732,3.1159461059668443,0.3,10.572270176591514,6
7.196228173387789,0.37095891762477107,0.39657780705976087,4.560162394843962,0.030913245202542947,8.827820573216854,48.4218155829128,0.9961718872983458,3.3728568929664435,0.735700644863863,10.234635790358782,6
6.219301546504164,0.2386412600152491,0.028683192281379985,4.68367961821864,0.014592610738632264,12.44067342552258,19.20804613166872,0.99,3.529476471889493,0.5901817678044183,10.17412705063744,6
8.357941896040685,0.767188670913286,0.13889544113763308,3.194793803526398,0.04403165909002679,4.357959370160462,21.61953408306505,0.9953456283756471,3.2816924764258335,1.1263325953682717,10.615764610027986,8
6.99104550720031,0.4424990121606008,0.37333099875397197,1.6578052744985485,0.0300472306346906,13.56609419819731,33.38817765253856,1.002173273453126,3.4322563827402575,0.3,10.29735807527937,6
8.697436050044272,0.4785624027261438,0.07385839025784625,4.372729794425536,0.2,26.15514395015268,95.05502461947407,0.9923139472968776,2.8990655339341354,0.3,12.046777224026167,4
5.654977401453834,0.2012428660272662,0.0742564594013417,0.9118558904366147,0.17330109212470723,30.04162027648428,68.50227465533149,0.9981357614176206,3.1551387922967757,0.5456819400879733,9.240451238129165,4
8.862496394764579,0.7823037534456644,0.17830501223690892,3.377464446095291,0.013209098630948834,31.460762107369753,66.23759146044608,0.9967558611116016,3.384590522434129,0.9629502304500797,11.773727198046696,7
9.716999234735173,0.34795433143798843,0.025634864081315357,3.261696294193908,0.01,7.369827566398856,10.61175272607102,0.9943749738363609,3.0724513230463746,1.2609539200048525,9.968282526554574,7
4.910649407628527,0.16054758350913653,0.6526252050505977,2.6530122390253545,0.010168618058332784,9.467519103044072,7.491708133175309,0.9968938053615635,3.180929122268891,0.3,10.328136332989704,6
8.935896168740873,0.39534265838831706,0.2486928379759082,5.437398347560075,0.01,21.852437084864277,32.93804986072687,0.9967666042369949,3.1951392584779685,0.3,11.020020307710277,4
10.387037287204597,0.21325770965602187,0.29710122344677825,1.887766018888336,0.05009928892542067,3.974422536481878,72.07618156245509,0.9958877866284054,3.381972217157141,0.3,9.866117592285114,6
6.243610268224952,1.0325560492938044,0.43958852431482337,1.174903604057011,0.08239503389342735,27.30893221024743,81.41127990271953,0.9954375512269605,3.322516360284168,0.3875467676838163,9.785659134577925,3
11.143373057624096,1.428460284125461,0.9354786871043627,1.3449279028455214,0.010249867069512595,11.94019162754992,7.62769099460991,0.9952939779891805,3.218092141684468,0.31815245647915014,9.537022917650056,3
9.012332315922277,0.4041602440131069,0.1624912034275575,5.560132397169168,0.07703478277159881,9.52449021793271,6.0,0.9965392202707675,3.2232446087172715,0.6168249128479485,9.674147725145174,4
7.101479845210706,0.8689502078094538,0.23027720140282085,3.8701092177157737,0.01,12.295503378530178,18.549793485185926,0.9969361582907816,3.143836302151665,0.9222984579074891,10.574578649528574,6
8.2051925679819,0.8543109301567287,0.07904831416500768,3.654408194835276,0.07498442121138148,5.902659762115988,54.04364388260962,0.9977646693154845,3.3079403991745813,0.673155927888165,12.405069046949013,6
9.24915575128693,0.1,0.04924710797057685,3.4116874322837214,0.012477020031334387,10.149573225928103,48.83121695623677,0.9957122942529447,3.373919409285593,0.3,10.985147802402132,6
8.429209165401101,0.24197252253149615,0.10865208509578285,2.235198507822158,0.03299926449093406,20.85565804321282,15.673813489660738,0.9966463373116381,3.4223045050382965,0.3,11.216978455085032,6
9.215885187158829,0.4573788076675032,0.15962878197732064,1.0856802710392128,0.06216742537052713,13.211830970614619,18.464996871006733,0.9936780952532309,3.556945559087481,0.5800377264769127,9.285401300029772,5
6.734854891765078,0.2955468780427048,0.4457572200398255,1.1498268136507024,0.021636195748875816,30.803742817041318,6.0,0.9928784668172081,3.3851290400138234,0.4838896637453837,9.317315097987986,4
8.587913400861334,0.2257718113117446,0.6654392985884453,3.4946430060095683,0.01,23.889907817935438,23.56841007866242,0.9952227479812455,3.1463418321031535,0.7985997828347323,11.208577099016557,8
5.896685355261535,0.8935592853677731,0.05750254000516056,1.8411123371611497,0.147473426243103,10.25234893655517,24.512009344663657,0.9939112979528499,3.3822545622840408,0.8629716905987421,8.479633417600603,3
8.11091569570721,0.28596601987647335,0.11675941609965641,1.4201619680146753,0.01,27.52892178169203,13.637866508099814,0.9959838112407468,3.089256527138076,0.9659510221143462,10.327362738348459,6
6.763357009509858,0.535932136086184,0.28616543516771803,2.285988303748672,0.1155178859837192,5.061355472165245,39.388020433344735,0.9967430147426982,3.2764341805689647,0.3,11.539750171812408,7
7.0495990975973974,0.8410240744944152,0.31961077432571233,5.793642080753221,0.04913399405809497,6.276797178149384,52.042410006923234,0.9961521921232555,3.3159560478397796,0.7950433638233575,10.202501351114645,5
10.401358397857745,1.0734362942944513,0.06554648759520497,2.7993005451974824,0.08338052768587036,9.344085118175263,115.72581327359111,0.9950692023133427,3.4177118970261735,0.43456715445285976,10.196680567248062,4
10.155227205010258,0.16132093225870164,0.3738190251966699,8.091536654945969,0.05396830263587018,4.062829745055551,39.167562210550784,0.9944730117959965,3.4107807575138582,0.3,11.15513553104093,6
9.335534805542201,0.17504657702010898,0.08475720324330482,3.6756675791705504,0.01,7.097444274265075,46.41965390442921,0.9972768297973202,3.270917183117924,0.3,10.217996344846243,6
6.443068300056616,0.4931978905809399,0.0625341384387835,15.326393328376085,0.01,8.262548680087857,20.82777486540916,0.9979490763373012,3.3014061461577593,0.829704552778408,11.39284165113348,6
7.762105635518838,0.1,0.2761449956540684,3.1997369648960383,0.0153649144991752,20.52962878492158,19.842782079460164,0.9960175522653363,3.4385260084039504,0.3,9.767867212792769,8
10.362266089964612,0.18314837952631577,0.45515672254701645,2.9844497429395127,0.01,29.78516173213517,24.694396623865295,0.9946163829706773,3.131197632253037,0.6195205724559271,11.600607796643168,7
8.540918753187839,0.9606126481858304,0.2302138894668407,2.8410546095892633,0.03435458923909254,21.17860553344172,29.740813541265094,0.9973502803810793,3.4740417242101524,1.0471239063633042,10.383526657916901,5
12.24286021796888,0.6571944968416279,0.19804736254024222,1.7911179838956675,0.036142376434061194,17.098204709539917,33.53930004725196,0.9937529324350544,3.3719285057762245,0.6790073598148304,9.060546435083385,5
8.968640326970434,0.3798318229394123,0.162536904645976,2.167505270539098,0.024599029677929075,6.146328951267929,68.80901787753595,0.9940847724501859,3.0208660957955114,0.32900229879671605,10.666749696438455,6
8.626483498033055,0.5893939234927813,0.18825976118242324,9.122872991596385,0.010096259984457432,1.012704030492964,18.86979499258502,0.9971590132627073,3.34640506201388,0.3,8.990331984970098,4
7.774502010855748,0.6893057684481395,0.14235883439460897,1.8484030643030982,0.04079041634283371,6.108188161193422,23.52698453742969,0.9931133578594222,3.465562801086302,1.2872197891089745,10.420036306137455,6
8.527019538129881,0.1117094000499008,0.2829780945636715,2.8424170566294644,0.012505952820780665,3.91069196735812,46.894300274890924,0.993705297437344,3.603006730334677,0.4829234170648394,9.425920642411183,6
8.040801278153076,0.2817311541050074,0.18840555818501536,2.858161810297653,0.031723890301690295,17.30689142730124,14.340722468936528,0.9981727424663024,3.2243856070589576,1.2798841761318165,8.664399954069626,7
9.503784750370604,1.0487993342685726,0.894153064059408,1.99618671149205,0.011833363440413552,1.617795904447652,44.98467989435815,0.9930589441166513,3.382260000841702,0.9934649363749631,8.411676365370298,5
9.926393938550794,0.4996817017597998,0.2384523535719814,1.9471501078445925,0.020488148857610276,25.036874189910552,51.50274604268724,0.9954149329438419,3.389402757784581,0.9764886917961889,11.219708384100066,6
6.9638179171364865,0.5217122853631756,0.14261305852007328,2.384211293765862,0.2,15.892426052955528,11.751831827269903,0.999157238093368,3.38885911594974,0.6906811765452948,9.292144633041527,5
6.036903978951778,0.404971666776769,0.05850335770973861,4.553142161088179,0.06701124077498997,20.548560236023945,7.580926633773205,0.9970719552098265,3.2736062011006033,0.7865560787712051,10.913184904061401,4
5.178450865724397,0.1,0.06767244125299102,6.42003438259834,0.01,37.246712243983325,11.621262350228253,0.9941438237044286,3.2950264803276315,0.5050053609628024,10.862571758530281,7
9.163585255751325,0.25155129438736124,0.2470788535623427,0.8762448745520592,0.11767265177181925,20.41791417692809,55.61694693869515,0.9966350917169574,3.2510599900984958,0.3,11.716602314491606,5
6.424276769504416,0.5642674436951829,0.10284472664567133,8.038300366809175,0.05327604616703407,2.671201230893705,34.33142800394385,0.9967615364544257,3.3412136656381,0.3,10.859210684018326,5
4.640085991980779,0.28732289069603656,0.20706632476200862,4.133967116159018,0.023105866507236304,11.106849578086692,34.686383538669446,0.9940159023787671,3.385689242922041,0.7189081313444065,8.264064409191285,5
8.96058362770264,0.16691793317112555,0.47571433817700015,4.269845661654517,0.02711203107905888,2.651210999208495,62.52313020937297,0.9969460474161651,3.1778298428683436,0.4941412725079845,11.38055145915942,6
12.538099179635743,0.1883791139920679,0.045262259291663824,1.4992439085942653,0.04081572626247956,3.0579577560036064,44.20397843937961,0.9983832951141186,3.3725460022767906,1.2766545121740351,10.148820316379648,8
8.289679450382183,1.0632109962381313,0.1517188844765885,11.320671822786286,0.11616369575997824,8.226306939904333,57.002200113608545,0.9988332326766295,3.368139381674813,0.3,11.84677263731863,4
9.725434316567792,0.2745275121924244,0.02985954908700118,1.3571505784525755,0.048555057372624444,30.296047606754634,9.41944509789233,0.9968106345699542,3.3119739466305784,0.4770745697790102,10.632343728005132,6
8.439109909530861,0.9247046163542949,0.21420003295564283,3.004364183253006,0.01517584368302061,8.541549395299352,68.76360868683975,0.9974670393627989,3.202886339828733,0.3,11.062149200725846,4
8.131887589575058,0.5234868057914752,0.034659940672545624,3.31446173881157,0.022995552754613267,3.067395345599526,23.007211349065543,0.9943762448303402,3.13790762416889,0.6253462492020264,11.234750226310895,8
9.862430021079208,0.3464530886732612,0.0438721719485078,7.706132521970569,0.015552354667893465,13.814119763730247,81.41119999934185,0.9991086073157044,3.061975032799263,0.3,9.597774662547247,7
7.8065332748792935,0.2164308210596532,0.6100843317721083,1.4435996636770616,0.0420222801119357,24.89502999122152,11.925412899941376,0.9944143600865669,3.110789659302786,0.5197649954895609,11.130365346985597,6
8.754566933922236,0.6696561516320714,0.09242251241371825,3.1152058614574436,0.052226781421546124,13.772635120349069,19.79902303177759,0.9947837316127313,3.102979053345138,0.4989875312343876,10.793201047752097,6
8.846886270533224,0.8494945116342033,0.062368874495280266,0.6049554882640178,0.05272079415964323,4.8234867796967,81.51181819006773,0.9952441971776557,3.394306538403947,0.3433107085738553,11.102067467678385,5
7.164246228806817,0.7151849747450777,0.4732197566197779,2.6942009409211662,0.09096766195249194,14.91013348027563,69.43726476776526,0.9950549631415703,2.9199356443012223,1.2267680446799762,10.556759318779996,7
9.986471994212089,0.1241941821134207,0.06179415734623789,3.5238575925411744,0.05023319693977443,2.985667021703554,49.329316863961374,0.9939025605526453,3.3216757329836324,0.6101896521664812,9.92643741987289,5
8.002568413617807,0.2738874945098645,0.23510570374275475,1.726385201497537,0.01,7.453632657164176,66.70121588222818,0.9954904347631688,3.110316807810606,0.3,9.245711199969179,5
7.015233228862165,0.3021477820538867,0.24096826072372926,0.7367596759622939,0.09488383631576847,15.711853433297136,6.0,0.9987499889259718,3.4061986802308697,0.6012698347719988,10.341957197441296,7
9.212066734069687,0.1,0.3545083368677467,8.18538239465124,0.027520376682442012,6.402426580621608,21.583585695595083,0.9948658618055461,3.5465840846231895,0.48711118796220915,11.215094740459817,6
6.772604430955237,0.5851815244940486,0.05067265488855138,1.0638488240501556,0.031112469242237182,5.194317268113046,44.653164910896955,0.9949505271880567,3.3544990084336694,0.7063039536906518,10.348068730056537,6
8.347907967527519,0.6458058564549835,0.0734751557206384,1.1816130724295855,0.021673952412326294,1.0,70.67662716685396,0.998538219972352,3.432188435967644,0.4444080808431041,10.860845566860785,5
8.284497705704855,0.6300758047238576,0.09361662746444695,1.4959855821311427,0.01341304757188029,6.13932112402152,39.985872177533885,0.9924146460560623,3.376302662152238,1.5,8.0,7
10.146022461913683,0.5583990276935087,0.07729111590207412,6.013316052198887,0.014630193240063713,15.889097145806803,50.995565034818284,0.9974660462759888,3.0914106568050252,0.5447311586322322,11.455502258039907,8
9.10698699589592,0.32367854473891683,0.335808556502727,2.4424619137829717,0.06954399895108425,1.7182089418123503,20.159545034435197,0.9956099128462554,3.415784334522311,0.3,11.156511768951463,6
8.257454170133256,0.20894500939857263,0.24131447684433605,0.614067412172608,0.03427025791294434,16.386333594852562,85.83403130269296,0.996880950647186,3.3741698731791727,0.44247405596247763,10.746532935707796,6
9.690202708640488,0.32275053964398187,0.273640747845229,1.5215198273247637,0.022386354728531958,24.86004315850303,75.22180876862626,0.9965472765438301,3.371835157158875,0.3,11.581181742054058,6
10.663352833329434,0.526575871892212,0.027665580904067,5.992097281069458,0.09240491474540365,22.59608628436356,16.68255467420133,0.9984996185471308,3.31738491835509,0.3,10.548514676455087,5
9.248277520798167,0.9829571280731444,0.20946203007935052,0.7932542114952944,0.05027819781452039,7.135922703083241,107.71160967945475,0.9939610391257642,3.2177229427999365,0.886508436617483,11.404567542942955,5
8.317599453733747,0.4423539537145687,0.5326009287451824,1.0563830254173716,0.025104376433868793,8.70586636292408,41.4836797414725,0.9935891724753034,3.3412828376080173,0.39004330154517075,10.363935414484413,5
6.069878405004729,0.4310502051995854,0.8118647815652483,1.1233900378637427,0.10132783593341194,4.363188631408194,26.602983679221353,0.9966490052137476,3.4657115796937865,1.1834743721482108,9.984271746089645,7
6.489306772771867,0.1,0.11061342376480632,2.5136417560355326,0.08514789922073142,5.251106538755323,13.408146553157874,0.9939754155531665,3.1850073329409576,0.3653651360755948,10.658395807946548,5
7.781118002597066,0.5522647008652658,0.36056815792097874,2.888542067884398,0.02255832830525772,8.20424230278737,6.0,0.9974628009023936,3.2797685722860175,0.42667049496345505,9.218351405317382,5
7.2638292563292195,1.0310391443907627,0.07560863342587171,2.2230392849228644,0.01732384412388506,14.46612246939678,49.83273358234858,0.9967872180511114,3.2519540515012184,0.6071605275403504,11.558402533630781,8
7.982148784924743,0.3822045063473392,0.0292478190107558,2.4248290425676666,0.05628757084718769,22.193465194198417,44.677500863203896,0.9966108130914149,3.326010092803702,0.8157734441289458,11.556848130175334,7
8.396304872325082,0.3600321411955914,0.03190762687911447,0.9673736451074171,0.02119604624564859,6.063109650593352,37.10329805843783,0.9947891258899177,3.414346163930402,0.590921650602095,12.224904122576515,8
9.200477682406444,0.3068448371449733,0.47879379637911,2.197820177614751,0.03474692796439003,8.171113287616976,73.56440850816112,0.9959414009351656,3.3268089391141697,0.5765126290605534,10.319527782757188,5
8.180152077299546,0.6856430518043755,0.11907913818311192,2.1633568763193014,0.028873302053863646,7.765144231207936,122.83311798346512,0.9955775240291328,3.5174817616786993,0.3,10.560601215009727,5
9.127052794504545,0.1,0.09682783315713207,1.1368184092889275,0.03582584163124702,6.464248391352958,33.2976231347706,0.9990586014240184,3.23488416794717,0.7033372063077766,10.555250900583783,7
8.409606505177205,0.9253212008407199,0.32631649962788484,6.493454840206179,0.10828515840223858,22.623246621804775,62.23947188890985,0.995501818797935,3.400702538942384,0.3,10.014077409079603,4
4.941706837198419,0.34762937764177115,0.04186712611569821,5.662250816503677,0.03518001039165044,17.330286720138766,55.53909768589215,0.9948037466906046,3.240980810383986,0.9207665135834474,10.638819493840472,8
6.703129830508118,0.5595584673273539,0.2634381082492944,0.8385058478394267,0.0623145615406216,26.321691473045647,8.068319027025911,0.9978375731448325,3.1488100751810792,0.3,10.707707166908452,5
8.055051155273254,0.7234590103025048,0.1421732093128142,3.6533250976336746,0.03752161603735157,13.409409871007302,6.0,0.994300436372095,3.520151899193761,0.6494550116745983,8.0,3
6.243518937170117,0.18626366612099154,0.7555626655381129,3.4293028804747894,0.03435158260640942,6.830817178545042,33.11072862916046,0.9992838474432487,3.2684118802651057,0.3,9.40428161187379,5
9.319878840993548,0.4102710371018679,0.11577211357658118,3.089727546292045,0.010119777451149708,5.32553296592224,35.387302654899614,0.9931354400070025,3.185572488440092,0.32197618965084307,11.436905155253259,5
10.902276414984286,0.34167484288952304,0.152761105720228,2.1696030492530674,0.01,1.3246389508934429,17.483572510354296,0.9992235270460409,3.2318310141302304,0.3,10.676657920938572,6
10.37189514788544,0.14734609529013395,0.03127087928576486,3.060861678029208,0.014509451645678741,5.7284927501517044,57.9907058522753,0.9960157917313438,3.435063710344176,0.3,8.567873346858851,5
7.937147119418647,0.8449194755469862,0.8426759966904217,2.253585566329372,0.01,4.051172619837241,32.17526804910366,0.995262418884419,3.4846208179053852,0.3,9.398518539942861,5
10.83423443264492,0.31991343043147136,0.12387870994111753,1.4885757385979268,0.0153536854802195,19.58436323612224,61.976930876031496,0.9991405908958111,3.516929104518463,0.3,10.466029252984127,7
8.55273467724359,0.14149336944291233,0.6316128512789679,3.6057512930532365,0.03484635043033496,20.97787452055564,27.028826911729126,0.995530533117936,3.2415929221315474,1.0974783115593105,9.549257698815325,8
7.726953849099334,0.4296161290526096,0.019550136684498842,0.5,0.019425283365703244,4.440378521559718,20.156443908544453,0.9941401108845302,3.2771445727863195,0.3,10.962793027884327,5
7.257215471980404,0.10548889044616197,0.22363134973536716,4.3604502307751645,0.01,10.83534457902769,25.450467080355907,0.9958907257614551,3.332049537499262,0.6656447283081484,10.824717527763719,7
7.785801532970183,0.28740070063205714,0.777784576818389,2.6079308806085466,0.2,5.523685985647593,30.09914251639559,0.9971356321287603,3.1290750393067204,0.8393437562072054,10.94388441719804,4
7.640099408479912,0.5189211108349692,0.09271264948256455,1.852095206000251,0.030073268968428733,25.925540661419813,69.26280486356775,0.9958605298996039,3.3379976527007456,0.3,10.474586876153182,6
8.589707578038329,0.1,0.21070436322655925,4.267335711885026,0.029310807932867555,6.489968831914008,42.03263269811843,0.9954744437886859,3.2753224498894014,0.3,10.338262047930327,7
8.57297576778477,0.6552487673836691,0.49128944546561937,3.093098621417361,0.08651289268018794,12.73358030360585,9.3026631240168,0.9954381005899592,3.5500936745152436,0.3,12.1299076243059,6
8.305178234260806,0.4467891301635138,0.12557777474234572,6.521653816356607,0.07597763403512649,31.538684574091533,38.38552900931936,0.9970472888008659,3.2370713884082107,0.8118613942908098,9.500595162692507,6
9.042794888568796,0.7263427156856045,0.02982950048489158,5.254532466345603,0.029324994926040095,18.596821118973796,83.16147008522508,0.9939046142374152,3.295762746175198,0.42111745422961666,8.0,5
10.32409866713678,0.720758674917624,0.1078533344958481,1.1573072484846219,0.03227231885344938,12.369467550207915,35.26466069974829,0.9968086837577074,3.560416868252513,0.3068629069058528,8.66215518162205,4
9.91424203025025,0.27918093689449064,0.22627950533256486,1.7402915233027492,0.13168895929081398,11.05010142040911,11.8168839943601,0.9987451426768669,3.196545248993428,0.3,9.555608015153942,5
5.775673453635164,0.2856327703864244,0.22403105849971752,1.5283710440284746,0.029782126851130686,3.788549245821755,28.641190100485588,0.9985534393700497,3.3282997816989304,0.3,12.339383899858488,6
4.0,0.5896792460816586,0.3118788534047581,1.5414159224274733,0.07226204349327267,8.770889815341668,38.6107936381451,0.9986599504326137,3.4040540393327947,0.6484017914336624,11.307312664504666,5
9.888343849106766,0.1603280166818746,0.07194957502700583,7.335211087757161,0.017719500322618334,12.589599271859603,12.377444587133002,0.9944401845950559,3.2266317688546966,0.3,9.200736310143368,5
5.976306212693785,0.16134352116164097,0.7331191535835806,0.8142610872495994,0.011711851786232578,18.757674639836843,25.646101862023343,0.999016545603676,3.431083914552753,0.3,9.484486175713029,6
7.917898816782438,0.24762146031015245,0.07471580784051032,5.410152045588024,0.050968960412277366,8.299614223183447,47.92846653608049,0.9957353357146422,3.265700610947534,0.3452415929589333,10.807445134765421,6
6.31080785569909,0.11545948048614155,0.18824812566643354,7.471407104849314,0.0713703691417697,15.834863030224579,9.236371189478369,0.9967415497459887,3.293607123766347,0.3,10.208558585879175,6
5.236633256113967,0.13992080453497932,0.23347736823388715,4.747472477587557,0.01,7.4052241480637395,34.74582167023612,0.9960268371022492,3.033946024559284,0.3,9.1699545344899,6
9.22048663794814,0.14453805484164697,0.2144730353749378,3.848870177368923,0.049029195710030754,22.483268220984144,38.07992523507438,0.994842878984011,3.3249339256222026,0.3,9.137358182016376,5
9.5905637725145,0.3208597692615967,0.051115926744526335,0.7925417449693856,0.018493414825714927,16.59446585845777,52.11181329824629,0.9962847603866354,3.1850792203395324,0.3,9.518431238607072,5
7.319932318764578,0.3090248039866727,0.5004204692887042,0.6595995606337591,0.01,19.323967159580913,32.55047192204013,0.9974235732522643,3.1660334002438777,0.5900314103845371,9.311343850430418,5
4.0,0.803706342490893,0.10259876017928568,3.3832356475341827,0.01,32.459578498976974,14.954387563467453,0.9970246297696845,3.418797029280339,0.3,9.554406421748634,3
7.3713844379707805,0.3255155644282283,0.2515308034264349,2.111503432507356,0.021747827006558636,25.43415440489232,62.48023665689696,0.9967206240994424,3.3672965283728136,0.9558928806380695,10.545663572554403,6
8.96606680918433,0.3866467397068595,0.20896460575578202,0.8802284731819928,0.07091439883709343,4.833451094746736,62.47800687758768,0.9945323020055739,3.1406712120460933,0.31563750045845157,10.575805680895348,6
5.785850333083982,1.26178306795489,0.2081782412426114,4.36738530002185,0.05647077795845701,12.476486859661476,48.33299280717348,0.9957249047579432,3.102625519054501,0.3865161930687841,8.38106075776892,3
8.611711863624565,0.1,0.026282742921730228,3.7113105603693644,0.01,26.237791383283135,43.61021102194057,0.9964658256422239,3.012757530028457,0.3,10.335879601663663,7
8.273973256405908,0.482968164880649,0.09377320091628825,4.37828372693186,0.05161255186091192,18.73409641902113,30.969118909803136,0.9931216402489765,3.484632194866256,0.4534309735279346,9.716358189953713,5
9.284795549321851,0.34804401649626193,0.2494767777027861,4.425139615155808,0.012884247465122293,3.460658030303783,7.032475464537465,0.9970855041757277,2.8352990262056834,0.3,10.72657265498119,7
8.503286626304062,0.5195050053156097,0.028480945807437992,5.510034253739754,0.04743193485498745,5.735417300443258,33.71114180310936,0.9967587593173417,3.350577665030459,0.4946829077589937,11.322842977613622,6
6.645782800501356,0.2610857118693449,0.1416037236482346,1.8657370327094207,0.014238907730501623,14.44415924152035,101.8678204813485,0.9985813177119274,3.101903770337212,0.3,10.951267861177254,6
10.334171552829636,0.3238436449189742,0.19283601976777037,0.9706580476550803,0.12407995825870619,14.614773516067677,59.84558359515305,0.995218697246529,3.4512765953241096,0.5588857764576451,9.133997318877103,6
8.03049972585415,0.9524284213531287,0.2993513731473458,7.102368515329293,0.015857265263628725,3.5470358081681894,30.532466618387808,0.9958806948734731,3.438265046491623,1.0827782074621184,10.538615914854503,6
8.253582282833117,0.5838980731338199,0.18921742761767402,0.6581148908622558,0.02327834748681435,7.399886467305885,65.5472959169557,0.9959937421706359,3.181387956655899,0.5560876656434343,11.41516289902517,6
6.713444469575568,0.33703735477071844,0.14612150410546362,0.7415962680821684,0.012884285007343817,19.75243273285537,10.126575091323872,0.9972312304364157,3.212093784846527,0.3,9.886956607019165,6
7.546420172974433,0.21341449055317094,0.2177292248037321,1.530121520261984,0.05220909907479992,8.612640370348302,63.89723072271664,0.9952022299844753,3.2831954276287925,0.7762754124112569,8.0,4
6.79583538615427,0.1597785269393946,0.13766132646107115,6.4810492806094295,0.012272398160531751,22.20505262100934,67.37939686831504,0.9982442003223564,3.20759950302287,0.3,11.155643973089841,6
8.005991698130181,0.275165279525108,0.06905842095629379,1.691034853832825,0.01,9.815497049243925,48.568276834582,0.9955969035931981,3.4420255826858916,0.3,9.162481463053531,7
11.209904416241985,0.3613416908817392,0.10664943338885761,0.7493864061883773,0.04455196116677505,16.347500685107676,24.937041735494244,0.9964139368961746,3.303215899681202,0.3413415638503761,11.755152589672438,8
5.967768057016695,1.2586591591960625,0.2467850039806963,1.1817768618872675,0.04290124897834342,6.69965556720415,33.35032200619418,0.9947142247498065,3.442661407905734,0.9716926926493724,10.03156764218217,5
5.556945623609541,0.4572419450164297,0.1473471573934753,1.1471267606014022,0.01,21.020808321961916,92.21348934011012,0.9939278472179097,3.27021015849243,0.482677908944597,11.423044655779972,6
10.800989556739136,0.23626542162861355,0.0483553264257311,2.9313011637476234,0.013280670850690719,25.391639264493794,29.021245251146777,0.9957901222074941,3.518484079589317,0.3,9.389098771238643,7
7.944149748841828,0.1,0.24021881765821443,1.3926073440337465,0.025715378512070817,6.033398842100721,24.751834614576296,0.9944624972964138,3.069703682983921,0.8243206503496524,10.055101805941066,6
7.1625763442781425,0.20806080590441361,0.2736817683032642,0.5,0.054567356323351,18.78297974887801,34.696825443618025,0.9941649486166925,3.2350065909698227,0.693414618957095,10.868329008210267,7
10.06783796857333,0.2754771585169893,0.18512814910059114,13.708919590406559,0.1493011478112237,19.63139294800891,10.935630782149028,0.9959329453023464,3.4007762029843867,0.48971629422659896,11.602186896547087,6
7.270453582447332,0.49077533298250553,0.12914382744941158,0.5,0.05425320564041553,10.395570640851263,22.634750972098363,0.9935912380037195,3.1784836826314007,0.49710661481131124,10.828095525518707,7
11.404216513029793,0.2839443616665817,0.1714277389313747,0.5792890049586079,0.059916262501735054,25.879869279450446,6.0,0.9954198890820876,3.1263467678816608,0.34362215090482073,10.699655424201708,6
9.452473981276759,1.2976407943179433,0.17249313958637938,4.260650173075968,0.06272801584693088,2.074132824426929,47.547112565159225,0.9960477382431524,3.0407400761731442,0.3,10.740795936483414,3
7.470550606152306,0.34182747881004916,0.5775091291318472,0.9026962629024322,0.12020927538781144,4.112993571747768,63.64400294830269,0.9979273790250397,3.346231922937072,0.3851968551067815,9.200055843350013,4
11.967423962551356,0.8224833794502694,0.016814300756729485,3.994807377352817,0.0359321201335884,30.65927445968213,15.764623088642624,0.9957529792585347,3.439016354302379,1.1185196792982193,11.299627745272746,6
7.270284630894325,0.1,0.06715382957845217,3.4673627179041224,0.043282025158307494,23.120049890108668,23.473468214990653,0.9967040806151889,3.247477856000197,1.1301908821418243,8.056820306865536,6
9.561562132415823,0.39351397377744185,0.21900863296642,1.636412338903615,0.01310630005033966,6.902704262175181,95.90175684020377,0.9937139784676835,3.388390848712822,0.3,10.869991892752275,6
8.808797386691037,0.21000980472785916,0.4065173176938326,3.965013413505682,0.010110083993345648,25.97207948096148,23.662507425483234,0.9937520102274487,3.588608544859482,0.6561238771792088,8.48831518760564,7
10.512960191977957,0.8380902991278244,0.0721041031529722,2.173355560760807,0.019192649728065673,28.83567228692164,83.45857812236744,0.9975536020983603,3.4396467518257365,0.30819515228738403,10.425468378491917,3
10.95456903443565,0.29956526096875485,0.0525101732283034,4.370790441049174,0.0646230366593451,22.262113464995775,11.450147278469622,0.9947334718817022,3.4227161341427683,0.3,10.01538340642509,6
8.354407053411803,0.9704586771964984,0.15294452773509856,6.478240664849202,0.06754925281390373,15.037947833367133,42.71154927166065,0.9942238865571428,3.2340328999761128,0.43529701374915475,9.98179465565876,5
7.019189620411489,0.649065537651468,0.0677114145892758,0.8562245542124431,0.0328022800537365,11.482108701121172,41.461847056737334,0.9941797121793413,3.2409000324432955,0.3,10.754191588212825,5
9.081952642996498,0.268191373975325,0.15401945868933123,2.8310666627483227,0.08130066046826931,21.635073230493116,40.26625971250631,0.9953828140773362,3.3538474785837,0.3,10.308574396333276,3
7.147883871421421,0.1569799473810719,0.06924911318993696,2.963654657302581,0.0214813116729786,10.514518746914701,31.268557833084316,0.9971490420264524,3.2960696794903184,0.5032287614092118,10.896221543459255,6
11.72275832079526,0.2213920754132191,0.303356120301797,2.902735490346473,0.01,13.70285446765295,12.357733555845634,0.9920697354389337,3.370711997609074,0.7348687351502986,11.070433769899715,7
8.532110062840655,0.32415324854664923,0.07149749476584406,4.046841940140396,0.05466373447721121,6.1149540132573685,19.856301020471797,1.0007307022317562,2.9057606027556755,1.0413157062719478,8.0,5
7.678953362769416,0.6461277358067801,0.022283181978903305,3.51198468993977,0.04141765655049913,4.975647855315403,31.405387718614662,0.9961184010311405,3.211576118993459,0.3,12.028035326177008,4
8.613956519970346,0.4039128430700025,0.30424370320436517,0.7638176191406959,0.04255007837749158,13.251909134792063,35.664252830504694,0.9944352289847523,3.465296844017826,0.8779063528861131,9.25857218882739,6
6.009885307799516,0.7294882544550193,0.17474546160860957,0.9084178379234882,0.1239085012250125,11.79994417834859,36.50149109454913,0.9957019877490905,3.0206272402141425,0.815219411906165,10.753785316629408,6
6.648256134531893,1.0213909966229793,0.11579599800448775,1.9796832449048738,0.04231225832488901,31.84165162277905,49.190053695969176,0.9942516650214035,3.1851954459735414,1.5,11.300087208174153,5
10.340703643505524,0.420507068811751,0.11914249658308543,2.8718866021178258,0.07371368135667444,28.59263860060083,24.595817770854865,0.9963133274964742,3.2637301844878723,0.7152343950197535,11.079618361834989,6
7.183279725748628,0.1735140851630401,0.1932234985122291,3.015332196723,0.0412275219808576,4.469508561801075,18.37777057572965,0.9945474832297735,3.0263818322212246,0.3,11.343046667781525,6
6.520251329440703,0.5371211280916129,0.052697897693718944,3.2093839024545763,0.01,19.160514993867395,13.630243582438874,0.996249771879539,3.3875398537861634,0.4221262654552314,9.186776740752112,5
9.212309679296387,1.392329826269208,0.03468598564354903,3.641022049720269,0.027162425794395626,21.598024789581924,105.39966171066958,0.9951228988536713,3.358604588054448,0.4898656674159256,10.309752142502358,4
10.315697062927097,0.7581152137415528,0.07127395417093274,3.566597220981243,0.02011144758892089,10.280428618329172,53.689022859687114,0.9970583920832319,3.002105670759276,0.6760954956586445,11.14513854358899,6
9.522220628130615,0.5079191436413074,0.1295901649179781,2.3959617745648267,0.10494283644461595,17.315276675888523,34.19996536275049,0.9990949549103153,3.2502644929311955,0.4321347425471988,10.05934297768421,6
9.993281065869889,0.194620567323399,0.06497265727783295,6.506671717857481,0.10989040491580451,52.94137914117226,14.606751296522052,0.9947189935243685,3.2613841403236328,0.3,11.254538530434433,5
7.0134483494319175,0.35146169370346003,0.5749678876016255,0.6875867370661483,0.11789215472321321,10.47071530314686,8.048567011062103,0.9959110136166225,3.3968708380633936,0.312215508620684,10.788010110587582,6
5.882921866538867,0.1,0.07131571646760512,0.5,0.03900346528387596,1.6383176769081074,24.930654025916674,0.9971930528567241,3.4100367644828533,1.2604494270313724,10.475828861642833,8
10.852267208324328,0.14824860768847972,0.18094397216271174,2.7788457059677336,0.01,31.027830176230754,32.01851448608986,0.9981973324063688,3.4217146670349576,1.0845340451915904,11.450843065939592,8
7.75144427396837,0.5451498784979435,0.26010446427227935,3.306123880748454,0.049036921747858196,15.327732817834738,7.219658942342294,0.9966775523109533,3.4580034002592885,0.590071021038735,8.482221943605687,3
7.87358387202642,0.1,0.4474952801958486,2.773182176348479,0.022475985691041006,16.71066501662223,62.49458525012831,0.99464907474203,3.3313090220103536,0.3,8.6781751276414,6
10.557930041143399,0.31136664321306456,0.6436531286148205,1.6461841730682338,0.037322520936859734,32.669748190495326,23.929617281750033,0.9938320245460532,3.526042872231904,0.43918461851764673,11.046230373782066,6
9.245591015981123,0.133167323999342,0.8333947394933207,3.4385193459822654,0.01127460952622496,4.3563245211675925,130.61786957037077,0.9964873281248008,3.387538482516934,0.3,10.318925638011171,7
9.075009212538733,0.1553005262751768,0.43080031365394567,1.1030456054591333,0.1032978253410417,27.14390117547607,56.54274037364058,0.9972097904043028,3.293727776318626,0.41690447465892716,10.238477222017822,6
11.980503986331843,0.4263575116246862,0.3802297677172542,0.6139608781908391,0.06343919413867329,10.117866001431773,6.0,0.9969350810172888,3.5609831877185965,0.3,10.237787834668842,4
7.206019008353758,0.22165742585927795,0.056987428784865096,5.265541251565256,0.0270224790101579,1.0,6.0,0.997165569187092,3.1873444234437622,0.519739805569574,11.641731298210274,7
9.877328217738103,0.10857303312817215,0.27299583145869377,1.4993315104477312,0.014521025620582079,27.54659603673566,15.134174058660362,0.9937060025022205,3.315977208659335,0.79696830138332,9.93614755855646,6
8.396922312325044,0.2603456698803278,0.1366129452006973,2.6865558777343033,0.07018367404687965,12.338168073973542,70.50718192215751,0.9949727070061986,3.3318795547704823,1.2795486206209135,10.677119148390997,7
8.756606874067538,0.10471223984425335,0.13799069522194746,1.3534142656762445,0.08172057120980704,23.461846378969902,25.3245461866576,0.9957164607232497,3.3782117228747546,0.6894207818434246,10.699898054340116,7
10.898396324901304,0.9304055500310088,0.11650736763207221,1.5481102271898393,0.022409621296019182,28.63345265953376,79.90366990502847,0.996442208179557,3.2306432158159644,0.4139819114316511,11.484096677381707,6
9.163320785692362,0.6712510830606073,0.055483363895936506,4.534366822211252,0.015160974728395825,20.220901460347502,20.876740453680537,0.9964981951702884,3.206392559435431,0.31564762080342235,10.64854550266962,5
9.215103334384377,0.6691645886571622,0.09850729837493863,2.515408304212727,0.03923376407520135,6.124905160237985,30.482604196759723,0.996612485808839,3.4718500075194485,0.7378528993871029,10.804667291276239,5
10.123262473426664,0.20351940663708168,0.06712729598492612,2.541860064838143,0.04727834762793975,10.99693254581248,16.447027470585695,0.9924606557766332,3.127925597241199,0.3143130270079876,9.139767032195076,5
7.679580359777096,0.5581324083297247,0.016830020897073278,0.6026187046819608,0.01,11.690869954839297,53.855156257840655,0.9936201830454855,3.4833385859028687,0.3,9.201378686401592,5
6.87334356552369,0.47388879562510877,0.5012657744643145,2.364853456765732,0.07556749305114037,7.920985070198314,15.346295069687951,0.9960912674344752,3.287514991078225,0.30290404323009223,9.494299389082533,4
6.5238243701642435,0.21730252005548434,0.1776389238090553,1.3083437926073944,0.028032838196549236,8.285879045375529,64.18897216898486,0.9962749070706993,3.3376913170981055,0.3,10.13752009800684,5
4.957193798060798,0.3846097803784262,0.18426157899754672,10.015203580667949,0.09098774206251832,20.068513160967857,41.959670196022486,0.9957170611756887,3.2247686029368094,0.4837878770575174,9.622748575231533,4
11.795552120898549,0.1,0.1631615063355835,1.1944784510592827,0.09221188982464261,4.613367358006711,41.85634552224396,0.9967256778606381,3.268197602508346,0.3,10.305558661833933,7
6.424545778273139,0.1609165411971419,0.40464594574552026,6.384848940060684,0.08612006054079778,6.571965682194165,103.51505058009465,0.9971838706538202,3.4515455751978763,0.8272347110540235,10.102461689544334,5
7.9238688399041886,0.3764404338471632,0.19973578769852549,2.8016970404230346,0.01,18.31786180148962,12.556839140031862,0.9940014830639629,3.231834558721612,0.6280866441358393,8.20542773129296,6
7.829417390188835,0.2730090535330337,0.5136397225188036,0.8549261118143048,0.01,23.42701182543089,20.91886816336403,0.9928908829149773,3.035434148551446,0.33587440953676934,10.011408316774634,7
8.822591386275471,0.5233105870537524,0.29608819468622655,4.518568141337967,0.06714558831168543,25.26714610751344,24.91083088938824,0.995285714023226,3.30731282621542,0.3,9.645293840376226,4
9.686753261316806,0.2224118589040956,0.08161736938322552,6.138587017650937,0.06697394827451371,28.19756130212643,9.182632930296153,0.9972011357767483,3.18860734594525,0.3,11.333533263738628,7
9.762804930211567,0.3068692083415537,0.45566999877886494,8.05625336421345,0.010021953268726173,8.445199751000489,11.655785282314612,0.9964595463332336,3.160833224253274,0.8536458632978167,10.87111816447724,5
7.3087683544328055,0.4011047659182623,0.23209105385822423,3.0556510355665845,0.03174937802691177,4.671018768586278,11.654207968040362,0.9954901461169087,3.2009703669373293,0.9142549396412329,11.509417578309002,6
8.015893086563102,0.20657832977344662,0.15972448322129765,1.3195754771549397,0.07907333739280827,8.451315699613886,22.21800538312099,0.9982150914982786,3.6226961270310905,1.5,11.582698069715883,8
8.78038591583011,0.3026346478815465,0.36853461502456286,1.2912026748763725,0.05393075686779484,4.167532081081175,18.668857471388783,0.9998277990099885,3.2725798232145418,0.3379149772045669,12.771826754988222,6
7.877225085487971,0.4714485556219253,0.17941278982315448,3.1894983247459,0.06585025081348221,15.950438124414447,43.379692933952995,0.9973095873717984,3.227393754732032,0.3,9.640160023189603,5
11.032487479233989,1.1094116079494594,0.31733100795267394,0.5823727573577082,0.04690159909684913,19.747851559473716,8.674817302596555,0.9988392399799497,3.4269712827766012,0.5372579772869349,11.023082973561955,5
9.134657417785029,0.2076676848505776,0.04557670530193044,0.8989237864859903,0.05598554509733729,18.92482985789834,8.680838611913357,0.9932992687005108,3.3815860223439094,0.48326579219938764,10.009417068586163,7
9.54929223628469,0.27409641330453177,0.18303425204582804,2.5321400187800505,0.033353866516495655,8.929348645697205,9.044528563694922,0.9962272061667045,3.4740766429726584,0.3014802059517978,10.093402802676595,4
9.426898156734602,0.7529580995659468,0.08768808838672745,4.4128586615520815,0.02749721520653804,19.245120606958523,55.691592147119245,0.9950510430950683,3.51793803483056,0.9674989034193823,9.148615154640302,6
10.294905557725054,0.8829947291319816,0.8122777835335308,1.9476287868016646,0.038111305430215396,15.748407170497993,29.306379101451835,0.9972537377016936,3.6685217623427153,0.3,9.510720773976791,4
8.607736649796303,0.5964824893808357,0.4869647177174782,7.948719383673902,0.07568423404768855,23.72471655218287,54.685180153728645,0.9937830140406643,3.189037696337165,0.8240266908745938,12.141169908980224,7
6.095385688475062,0.8677433168951647,0.21043506408172438,3.4344060910336207,0.020168720252477564,22.98842387693516,11.222214086609803,0.9959336879529753,3.446972192683728,0.3,10.204826904046058,3
8.979469517979492,0.19746637834766576,0.4530801840378627,1.8259419465558784,0.024405474204010125,18.125575046531893,55.537577912372605,0.9948657268514776,3.1930383259341926,0.3,8.801202792663734,5
7.1926932805538915,0.8123308491451402,0.08939073819784735,1.3327113780364606,0.01,39.58916677228265,166.61251923928802,0.9974516773734724,3.2719045023709654,1.5,9.660971646775508,7
7.401351641025414,0.6878370548983204,0.11151551834359937,0.9523174082392405,0.027764989876474543,15.29570338294528,88.80200519222146,0.9951005153869963,3.3793641244077843,0.44477950294527274,10.157299699324739,5
9.296818831883659,0.15332594427850305,0.01181248539788734,4.018592636650439,0.01,5.71493665427422,100.29128498871282,0.9931971331685377,3.311389309138104,0.7069082948220174,9.266379830806311,7
10.405081221437182,0.3105104173115752,0.30423400226767566,1.2148681163281734,0.0853206064219125,26.877200564602337,38.2158013634474,0.9968402386522702,3.3533027410994403,0.8293947196169613,11.05647250055861,7
8.336161680451305,0.1,0.009586144834986354,3.196703905553427,0.030780509473446984,5.61587890758874,9.686722640156683,0.9975493629716565,3.2731592704220427,0.9969713277813801,10.195372166738613,8
8.825016121418239,0.44618995237630465,0.10026471884148808,0.7345991239778981,0.011644661139007513,13.391610080376335,6.0,0.9944015416151452,3.164909444358557,0.6780587279349041,10.75739738597834,6
11.193765405879905,0.8022912577618725,0.043795241902503425,0.8974218419984653,0.07641474248169135,12.78161231846842,59.550209249165825,0.9972067330250197,3.4163523957163555,0.6618905952749815,8.665334132404256,3
8.709280405130567,0.2625600090743751,0.3969388302865459,2.3617525558922594,0.012046000986051303,12.089794894320303,41.176759428020205,0.9961865875365374,3.1230113850127412,0.3,9.189356814182927,5
12.722861294106671,0.17057192353519252,0.7550070536316865,0.9075646881754486,0.01,3.063387315900754,65.51937782631461,0.9961755080699,3.515476002145957,0.3,9.289981119990113,4
9.261366397573626,0.15980827016591687,0.3447091723222648,5.3996037340064165,0.01,10.835046296011985,20.23602848117713,0.9920800328923262,3.2930567562184767,0.30566229594250505,11.380231424445304,7
5.306703309435111,0.39654070912316564,0.29760185172305875,0.5,0.02991726219260311,33.66158178719708,68.02046286656689,0.9980683495774341,3.4530268030302094,0.6102056572095196,10.13146559149248,5
9.580680755877706,0.5927174671999874,0.2125265301172792,0.764012015749319,0.033205723494180106,10.6067545815403,24.188146722116095,0.9966367918280422,3.591430040331883,0.3315705127593715,10.746919796664365,5
8.947969254300723,1.1249352154561465,0.19658566914514758,5.693657143549701,0.05647992836317182,1.5373635644614918,50.986006623014575,0.9964994671710733,3.330309922419449,1.0367156792062415,12.477208973731345,4
10.492579681940668,0.1,0.07321295389187608,5.087972921280524,0.03878079493714425,12.267256289437986,84.9072195182668,0.9967520793500942,3.143493827300944,0.3,9.705335403875754,6
9.44440829715893,1.0350268240463167,0.027001596843101907,5.735426971167982,0.03688879671909372,18.914406193757156,24.633303100395665,0.9964403607360927,3.47878545965532,1.2339351752065857,10.243059090346987,5
8.064624827227584,0.4642132665946283,0.19294697296742833,1.0067119079995088,0.010861386735845843,13.309620587854827,35.878348976992186,0.9986754644900051,3.2638514941451358,0.3,10.188300751781338,6
6.218692998308079,0.7765347921545926,0.2346869629192589,2.3057843832744718,0.07923833568612258,8.878547255553867,24.989992478103254,0.9979858446188407,3.122943765993603,0.3,9.06875112217341,3
7.944660462613758,0.6600696657218468,0.23342055039661277,2.803652533950382,0.044979957874251,5.197585119544921,50.28480866008027,0.9951878416258783,3.4428364988585667,0.5561084446384996,10.768923605850055,5
6.854115227844191,0.4153535459870355,0.26293319645386126,1.9436638830650286,0.02819847986240406,8.366170897512353,47.913298632261494,1.000930263854389,3.3925048214139477,0.3,9.452468382948524,5
7.313110135331972,0.40349153051372705,0.3231285644937555,3.7209007222099237,0.040607842321041074,18.0268298138581,8.939637366912292,0.9973865904613795,3.3262862077811564,0.3,8.87960363261499,4
9.300583287515037,0.5341528273501109,0.18558356305494816,4.847109183739498,0.06147590794725169,21.270505512347768,76.7561770528585,0.9995111902247625,3.1777169171663107,0.3,8.0,4
11.138837657397392,0.3299081302852779,0.06536668389852342,2.236157495964405,0.01,6.575125894392096,7.990328382642325,0.9964043930083736,3.4861668044440424,0.3768418545739422,10.44026677524876,7
8.970941600699069,0.3511896462319402,0.25555997779842027,0.8380778230258608,0.016116016048703673,23.338018222517654,87.62164011347309,0.9962153487432993,3.457933569669766,0.3,10.508240292946079,6
6.2669987945401875,0.6133612216423439,0.30692733352078344,3.645323631110157,0.01,14.041160573497844,53.84250937102068,0.9937660728169242,3.2959821135830882,0.3,11.096761559528222,5
9.05582453597424,0.207008022756438,0.1317565090273244,2.652412321866894,0.03210985386029652,15.337421505935023,20.570745639748303,0.9928074039934276,3.5413128309630304,1.5,11.877760657168457,8
10.334273527297608,0.8270381590966812,0.30777863559690793,4.473850905372913,0.05053114947242254,16.493757044795885,25.530752804566067,0.9960341085933386,3.4468854235539785,0.7841777494748954,10.314079708107528,5
7.263369062657051,0.7809828631750628,0.19479574471468591,3.730353120323734,0.04594422807477537,8.02408796863786,65.86214044512833,0.9953881342988927,3.196595432953485,0.3,10.352720350731566,3
8.07217081665604,0.27526039949028197,0.05479744508874338,5.9097823036898625,0.06199056002256803,31.36083395212903,26.539050160725758,0.9967218714217664,3.2296644736003395,0.6249959493142792,8.620944940360449,5
8.324969931039636,0.6176517467445674,0.947117218214314,2.6117571833749067,0.05793009427082557,35.15514107127318,56.535877449881156,0.9947681470364259,3.353440813158857,0.5185790409030131,12.427652629329543,7
6.965672867760192,0.5633720602502376,0.12539801157261118,6.963619782463962,0.03398219550941144,4.644582186146851,87.66763342802537,0.9972994396169663,3.275531523734465,0.4910653982176392,8.0,4
9.40207673753456,0.2521619043060979,0.05987777920849618,6.719979929444634,0.054329161992200746,3.2950979575496877,83.59329222563944,0.9976310739458472,3.3353494875071976,0.5298389327691374,10.184492877967516,5
8.094388147366772,0.6498016405572015,0.08670334422419554,4.104629282809315,0.1110009010976057,14.673452532203983,28.913066441083984,0.9991271841977242,3.148234236799983,0.3,11.965073319113591,5
9.013205154641948,1.08514375711456,0.00530307665608554,4.935574364524561,0.07416944817078677,5.920973211228613,47.919801389065206,1.0002629169751405,3.1966049354866612,0.7214663475830658,9.856035589730624,4
6.791263297736431,0.8461990083008564,0.1356407545393707,5.95260334506624,0.0697663536424097,18.426230855701977,26.765882158997595,0.997357002342728,3.3112464414717437,0.30979948812219854,9.005980003680184,3
7.556320889450203,0.10730203280703218,0.5061783097850749,2.0692730568668836,0.022622598842613566,14.871249908769208,72.50956613432032,0.9996356686351879,3.338434468628361,0.4336404762723411,10.996834525355347,7
9.528048308307213,0.5773821405682974,0.20963978199925476,6.019596899463661,0.025101884440402223,8.38388692264189,9.561360511437538,0.9967915385399749,3.3320000580830405,0.8098163669507312,12.240720943793315,7
7.666183641443997,0.7559612762712727,0.0779688886647858,3.2247664749983684,0.08135132149528485,3.1551776979430097,6.0,0.9965021569621699,3.1077743872975643,0.48517353386194645,12.795433612097657,7
11.23583854709679,0.23854975094586423,0.1680391813391304,4.2436729385138126,0.01,13.197753042935712,62.24299744634962,0.9942254934678115,3.3241604621045147,0.3,9.380527621478729,6
7.620618484455177,0.827143536613102,0.16942013823996133,4.726415450584639,0.03685324243505928,1.9420422698265984,6.0,0.9961645339233476,3.4497481053469525,0.3,10.885309288936114,5
8.681964033778208,0.21599578763596458,0.12868970510463262,4.103670717589575,0.07372816477387359,21.060293002789134,16.67094608398497,0.9954258681695345,3.2392029439934253,0.3,11.616475742941276,6
9.885404414184254,0.3272319296532441,0.3775180657211511,2.7521577127107513,0.037633954003104146,4.915583568606428,21.22212575509405,0.9942927698710247,3.1951628425231666,0.3,11.008155621811602,7
5.888778254013847,0.22336476366711294,0.23707594286811956,5.295848899102973,0.03018804213068917,13.06631993027679,53.85581828769942,0.9932165210199214,3.234369536687635,1.2631151033343109,10.898406741751034,8
5.306625019632682,0.1927531804361903,0.06326675659965161,11.605525326000134,0.06168555961191572,4.769998483246064,35.89707757533793,0.9959624692322572,3.2517271431313164,0.38941703480154466,9.841589386673121,6
5.70638426523084,0.5335407193963391,0.36918955966285394,12.13877057269356,0.0504199926226901,10.928735079996482,17.13242047914385,0.9940174550999495,3.477203155159866,0.3820586640326245,10.042386691484772,5
10.44639297582621,0.11750830286472426,0.4700790373375545,3.4206683989709,0.06920413299802305,3.116992784513064,6.0,0.9957428395310397,3.1099784480752617,0.8169918285268545,9.829820138053112,7
7.3618411519828415,0.3418287298561174,0.24359219021441508,5.646225648252044,0.14931888649294436,35.64850716503582,23.496692092264343,0.9974455765077486,3.149857814152624,0.3,8.99348214687886,3
12.64893878563603,0.5337352995233237,0.1418537182471129,11.732173725016139,0.026845951766467056,13.177105234290945,29.728117100257123,0.9943986504663406,2.986107216958638,0.4096100000595077,9.369849357219321,5
7.34077908228244,0.22608253877668327,0.10361668242534054,1.8804680259069557,0.056935948992233254,3.4235114533225772,113.92497003639505,0.9937782045869674,3.4770610976001333,0.3,9.489539718640115,4
8.613737215434963,0.9244593866046288,0.5949017581577802,4.204670965136742,0.027280950525586423,5.937809652005146,6.0,0.9936057434029214,3.345711486453813,0.8066733424529409,11.321138124175771,4
10.921586919365389,0.3635705541773416,0.2275286745772566,4.298067961013286,0.01,6.2967944732414685,45.75865892900538,0.9947937501034273,3.1141151552368522,0.6228502977805134,10.98879778775397,8
11.71035790987051,1.1999213275366445,0.1908025298828312,11.24029878988814,0.03080119586830388,18.557599407901666,35.968063171581164,0.9948722901577725,3.2670872756270986,0.5374216969092813,10.141207018231032,4
11.804556080281877,0.10439762676715726,0.048224221843645144,6.561372258828505,0.01,15.555030935470445,37.88688852050203,0.9936108419747341,3.367430214147715,0.690315982938048,9.796686905438015,8
10.354222592008343,0.5488817237821123,0.07068888979502305,2.7454874053626326,0.011510260277639003,6.528708032772526,6.0,0.9977031959819274,3.3887708796051004,0.3,8.07554947225718,3
10.040906293879488,0.47274519013873945,0.033086616836380804,3.0284806207848005,0.055207007341206114,7.63240837913139,60.10681939912547,0.9970182983447108,3.4519489329943367,0.3,10.028740182991687,5
9.307295813642012,0.2993639406476088,0.1399550104830592,1.4457495418432984,0.05081402847311727,9.586994198220486,43.047734515370664,0.9932545324700529,3.0569918503125026,0.7454972954916168,10.570973987590625,6
9.623213829483285,0.41724622790264826,0.10131083638477595,0.9532420122328882,0.09443493679692937,6.104500108124449,12.349794177262819,0.9940948299123249,3.459124393850944,0.33586671196691587,12.54070323426578,6
7.362984282241494,0.6079841898069722,0.1991010361651199,3.9426470556166198,0.0818984989910694,5.975593468256071,6.0,0.9975212761571804,3.045689166005193,0.48140391518027026,11.409060155803173,6
6.909061898182078,0.6901273604201488,0.4247176504436122,3.647005546307448,0.015900001618541597,12.729895335895561,52.489597193367985,0.993643307307648,3.4458686711259796,1.4349616553769822,10.447163426178179,8
8.294263422401382,0.37292958297127343,0.3092061543736652,2.328734560649398,0.06242229602481927,20.298934425568262,20.021678458939412,0.9942797927942595,3.4288232441567867,0.95242817339165,10.352242444990257,6
8.010686141707623,0.5539636068850986,0.36006693870368606,1.3732798652939757,0.05039545509022412,9.042741114701803,44.14069870828135,0.9956222487834706,3.6588735892293536,0.8711139357790164,9.23829010449324,6
7.529512316143633,0.2061258802507853,0.4164861943479685,1.9138051201719182,0.02179304360982314,7.6443953401055085,67.21788155283011,0.9946274650660164,3.2400344239662098,0.3,10.631959296170692,7
9.483858660676416,0.6993892451073472,0.07733061733067126,9.371352083575083,0.04133036303858151,13.006306603517485,117.70817602492569,0.9997666386182024,3.188937853609985,0.3,10.62945133777318,6
9.92401885456987,1.0467025872258537,0.11896503417894805,1.241733286481664,0.014657231086583256,1.731417211636536,103.82904345592748,0.9968148561446026,3.343964325422575,0.7204279246655253,10.654948384542523,6
8.450291706696142,0.7365924920856216,0.10312687709844448,0.6267677785944445,0.08854354801352184,15.929552501613392,128.8124800188513,0.9964916580588573,3.324869129286291,0.6707078487945377,9.460267445753864,5
10.811801137793946,0.22377246262657036,0.32232635562222656,4.069747240612618,0.05289355461901856,29.628534166109617,80.21014305769566,0.995915309039543,3.6323708121876415,0.3,12.097260085658803,7
6.359128505973042,0.17800310007110234,0.04628764488244095,1.8422003468158352,0.09612803508761614,11.927614272167622,14.11046770763798,0.9975570953971978,3.0886035826767806,0.3,12.295388339515613,6
7.97077891922448,1.5,0.5245610258617934,4.677743183494001,0.03532622624798067,8.008204657560444,18.451011105885208,0.996506852350095,3.192200308467476,0.650077094228458,10.3458236763071,3
7.081402054975232,1.0010444019777414,0.11453650007547382,4.287364194876171,0.014714916021072449,8.60063475653974,57.28552203286438,0.9951172354946669,3.141563236198522,0.462484444561379,11.17875646281838,5
5.126887750975799,0.6918706847632056,0.05043252909428889,0.7574797713768356,0.01,5.454185106239196,28.295756662762358,0.9930454013808387,3.365572685741099,0.8644304534740002,8.770716223270176,5
8.159442834067413,1.0926449378015786,0.119399129612234,3.983352901716044,0.017788005636106,11.19336935616181,45.04494837241336,0.9948583742616152,3.2308285729280257,0.3,9.106230130933675,3
8.09302923574842,0.4069754290933355,0.1274360153473441,2.0270417238393414,0.017368102004912577,25.54184690085652,30.978232409583786,0.9953933139928547,3.365511107392592,0.4152410165918738,10.96816334904096,6
10.872864563511623,0.6831086534019769,0.14568423055826038,5.336264713861302,0.06232911739758936,12.691215171216886,22.724131906374012,0.996858074123974,3.3966208591859792,0.3,10.937223745496434,5
9.372379863743122,0.9179462217397176,0.15200826219067118,5.334866379985777,0.04302680864984229,11.92518009067851,10.666671864881554,0.9976750575046223,3.3826795131622185,0.8621737316502781,10.954886881687703,7
6.558882398640352,0.32978104662617286,0.41351181247464824,1.0217577548699843,0.07207908143185546,14.06369004883217,19.95046563836016,0.9959995083018877,3.2911695710850237,0.47325467721243797,10.403326019534122,6
11.45195736276812,0.5770810349536558,0.23101925485438404,0.6894364237828837,0.02069106675398874,11.290505143453075,21.243500264167253,0.9961522801733356,3.405759997552572,0.3,11.172576020246707,7
10.375757282393101,0.850556362743017,0.04964854926829393,5.1739931476958105,0.07810821336831114,8.217958024906894,16.666757189052348,0.9938445192089898,3.32760607492358,0.9664187061975745,9.365591511307347,4
9.289566095896648,0.16674988322199447,0.124928282636727,4.74548551224784,0.029535908356388356,32.42486607524583,42.8272237886602,0.9944550072932793,3.2322109919876523,0.6220943481827521,10.092022124478179,7
7.914977031955287,0.3040600416992105,0.09998858206167822,1.0818881583890518,0.015986279163380124,19.970367159086315,69.39363009213477,0.9927446188906646,3.225239896951906,0.3,12.399507620280628,7
6.668953297570085,0.8377219584758474,0.18371806664336193,5.220390641262881,0.01,6.703404911596667,26.73246550744991,0.9948932484347301,3.2600976553033107,0.4040392488142892,10.21569060652278,5
7.667248480679211,0.48225735950750664,0.16110231923199142,2.4742436438623114,0.01,15.787637095983834,50.045548048130854,0.9965867362985795,3.5223567202743076,0.3,11.476608479263355,5
10.150872653497117,0.4362305904485537,0.6499051961438789,0.5,0.01841096090018407,6.515268420185978,60.273149670558404,0.9971846488533319,3.3049103322347824,0.3,10.12649096766202,6
11.503796720088836,0.39827734884504773,0.35880841612083264,1.715973256242958,0.0404646167177671,6.457977980171259,40.69358194799299,0.9947869649615714,3.3156544454863113,0.39860151548816297,10.667517184471848,5
10.923513998062722,0.8969389195304439,0.28546340176930846,1.8477736597961323,0.015176978246837546,1.7060738850885877,62.479136167183206,0.9979187391968863,3.2881238098967156,0.8259228183933786,11.488506469124877,7
7.468955982963335,0.18373400754378752,0.010138735528228787,0.5,0.15644945844474076,8.003140971489342,19.03358849612748,0.9986454691667745,3.148615023023837,0.35805341418954667,9.175238112884958,4
6.396650363408682,0.2876003302027185,0.34754326783681755,5.962600809736455,0.05947926307328013,7.640078104248808,49.84546555530605,0.997561378589888,3.053866268848664,0.6546420772188807,11.73190383134385,5
8.539506619749048,0.11649237715791137,0.018300068919567286,6.203523027636385,0.010870328678615267,12.257120389657223,41.79146210301784,0.9981433338634896,3.3529280567559256,0.3,10.09155871519991,6
5.293653078543153,0.32173261419360905,0.1097351163314835,6.92855402621711,0.02182536361501009,16.79060260273491,81.46968550848598,0.994342973986415,3.1649843735404746,0.3,10.90554217061033,5
8.84938511411413,0.46499952830672675,0.1243460400585185,0.9306656976763221,0.024914133107408115,19.10790104129292,50.783140761688955,0.9934091384504914,3.369070684288077,0.3,9.66223808282544,6
8.049075603292264,0.1,0.4012657255151871,1.73127560902135,0.045632543804367195,14.33571048424077,6.0,0.9976486039399147,3.299317710343611,0.3,9.775708454212179,5
7.507737946823989,0.2089487855455624,0.0605394323885404,2.1294361890776417,0.01,12.172900376934862,17.782256326223916,0.9984839263758669,3.4556554952974445,0.5380213214655105,8.953965496021663,5
5.589004785646448,0.48171789387865344,0.1460580631769778,0.7377955713764474,0.11953521797217868,22.23821684672464,65.03783793778521,0.9989982540845449,3.4191972737951706,0.3,9.477036798003,3
9.17312018116852,0.5706158501782042,0.03689897551621589,3.2553622487167804,0.14876481777504294,10.173815485428994,85.29806470615405,0.9929924795684405,3.3956624569331137,0.3,10.414049319074312,4
7.3944085725747515,1.256893573690887,0.26740268056027405,1.1412905950556085,0.050719258961000706,1.7801573008243377,66.33379585310657,0.996092566092994,3.164707833708262,0.564668695017114,10.458916206123744,3
6.311141379292511,0.6320452339298953,0.11087167559458243,2.591897652822113,0.09389891520698053,7.645743932551936,38.36320409846977,0.9939634171501356,2.9848973449138203,0.3,11.126854432091823,5
4.0,0.3618104559189085,0.20145344184924613,1.4380131087329588,0.04203902815738601,10.547803649733567,37.59786449814894,0.9956826702159541,3.488059561067879,1.0698421663773443,10.150042712023593,5
8.253224661413919,0.45578215225188234,0.05264937623322032,3.9300009251595647,0.025552895238751077,8.237892481504556,71.69294721707608,0.9975277438034137,3.3119441136653793,0.48787350142368396,11.43280713703132,7
11.312827714338566,0.46746843750022776,0.20687622069568812,4.997116401290762,0.011562599955174498,1.8515651591730475,15.518771819012853,0.9966720108038248,3.283246275173366,0.3,11.45184483842352,5
11.12414066473138,0.2879801764285272,0.2996336270265742,2.3415236037037976,0.049415881675285496,20.16649700858368,49.06068715137384,0.9933580955522896,3.2643454498983964,0.3,9.79831043902695,5
7.522936363803339,0.496938838470255,0.5297161196493163,2.1956283645773365,0.03540953673671926,6.540775925883633,15.622627106757484,0.9956657227679145,3.3809264779491444,0.3,8.0,3
7.2762394973849736,0.2766538711703889,0.47254668577011727,3.575615129577867,0.06410522486753947,7.722656573185336,46.33031693616125,0.9950544849931657,3.4785363825421625,1.376940292721459,10.742477096921458,8
9.09691623532754,0.5151551038380168,0.09517097348802499,0.5,0.013456390796096045,13.276369158915129,40.47640267219922,0.9976585729429093,3.2170358081294257,0.3,10.355363372499882,7
6.6027447533799055,0.3979654261714997,0.19847647085816206,1.719009234657102,0.057756287785094,14.356552680224022,47.75924248124194,0.9946867041871386,3.0563414837959564,0.3,9.201133744133747,4
8.813046229693093,0.34935148406937416,0.3271228091855979,1.1541134142538985,0.020491683238948812,5.0792318585545,47.13120605761964,0.9962906583951491,3.567075160533912,0.31274439555623224,11.921162860059125,5
9.602336473253974,0.35725113456226076,0.22726617025765203,6.2835935580325835,0.013100412771035689,4.231002796384761,24.997948531079533,0.9954230609426076,3.3583930390929275,0.4636417772777576,9.946501760002514,7
10.385786480603324,0.7061423543189098,0.125514760291081,11.001597606967602,0.018846994548424204,2.3571473641909626,31.407995034723427,0.9991971033431086,3.367158877289511,0.3,9.34132917285233,3
8.12973806998408,0.6600929144920952,0.20619895393449172,0.7652284102682148,0.01592678725455621,18.593976252425488,19.15306998541165,0.997250142387234,2.9089908618258984,0.37516552664254804,12.679748535155621,5
7.953754624699159,0.33538363019182044,0.5006888068575209,2.796242282298633,0.04662779976982162,14.04086862839226,41.463123361942856,0.9957796294857973,3.3409432764923586,0.3,10.049597750701258,5
6.807429602513847,0.6874566118427177,0.16785583750398758,0.932729311340555,0.0628353451812601,9.23648343662343,16.806766351427626,0.9953370770544993,3.0032069899090907,0.3165689292729833,10.39705239615351,4
6.894303398132239,0.3920512072263142,0.27197874935110944,1.1112762674407386,0.01,2.281763212626422,72.47224871282859,0.99598832533219,3.2550230949469983,0.30122262117041926,10.77030290611664,5
7.914985883767406,0.39669561061448166,0.2182006056281234,2.8212864970336144,0.017560343951098255,10.982637869176576,33.97908455736801,0.9999412604750897,3.404516641698062,0.6668876157022203,9.073838980732988,4
8.924521361587503,0.2881866149143538,0.08982477352225542,2.053325698992589,0.05699272621642873,36.94433440877398,103.39001082213224,0.9970581884266216,3.348127007646806,1.0371036979306667,9.66533994724821,6
9.853093864596525,1.1712462784848063,0.3994239213131934,2.784475158489526,0.06548559719202977,9.524935016454336,35.47136258804299,0.9965634984513367,3.4059852219581175,0.3,10.18749066069617,3
6.934595783843415,1.091025475402382,0.17231396269384822,1.0710510422276236,0.04311730035482017,10.273420345198083,7.755642051918905,0.9972403780931278,3.218762907130485,1.2814751394795973,11.962560084181524,6
10.837570567231188,0.239972010090463,0.12407521738143572,2.8242758201228533,0.03216628163116281,9.682720099191275,74.11128439438238,0.9970386200036181,3.1627630593285354,0.6777485007692913,9.449122600462907,5
7.839089878227634,0.31988320022540356,0.21606361559595927,6.0941227323659835,0.014049408638687644,4.571456247819541,74.57780101471923,0.9971971903600938,3.248092007170419,0.3,11.389553650049447,6
8.263675599607659,0.5440779431605075,0.43571963001369446,4.439912296178608,0.01,1.0,25.405464312733585,0.9972344734135847,3.29611146624526,0.40500295938943326,10.84874107896998,6
7.0297401454487005,0.6169340973503916,0.20440106744409564,0.6480233316655044,0.025300766555299843,18.345074278251317,33.58404953066995,0.9942359605035542,3.2134237638059635,0.3,10.273261553620326,3
4.178791557536,0.1699674452972742,0.20111345239153344,7.524583317113308,0.02590257411175927,7.199398764936485,18.444191355936038,0.9936643641520877,3.2846501680417455,0.9493991515614094,9.654695114376274,6
9.802877173813785,0.19713383419968264,0.2649066795734267,0.9623777581322148,0.0312952413268886,3.2979123859710615,83.545552053993,0.997255098742431,3.302122819139387,0.3931549535253068,9.30484895224654,4
9.552634625057138,0.6183024043440453,0.3184933253843006,1.128316176659008,0.04750116139570535,10.252501213649758,49.70571961387428,0.9966630807629253,3.339263388044903,0.759295385848738,13.628481502229024,8
7.821743152899038,0.10634471951380446,0.13743135659009664,5.006815789383574,0.045096856067712646,22.63161253253189,18.310791251154363,0.9950206358279623,3.6234117370288947,0.5529858136966408,11.501209493164861,7
8.413884219282282,0.24173688231655255,0.15437130347995365,2.8934852051443545,0.05529406249622714,6.36435247924839,10.292080601002624,0.9947664260788973,3.1545831912206355,0.3,10.114629557091016,5
9.17709667009697,0.7605137561403428,0.12783444859053888,2.295642538091081,0.03375626317677534,2.571283354390742,38.61368997488709,0.9969232494141167,3.405359014442449,1.315010246728324,10.273808279641575,5
5.643672043292878,0.7367023519144638,0.2629572850177564,1.9330025536548965,0.013596124761378768,34.88779222547695,23.64472976919886,0.9969153541726036,3.304633792464914,0.6295779580660406,9.795662804152709,4
7.4006104485113,1.1292339603744121,0.1721771780861786,2.0028812640269806,0.12600090131706373,10.878048229648908,6.0,0.9933002936558353,3.5739120741206003,0.4249161935884035,8.92475208577871,3
9.650249955357108,1.3817517005443802,0.1801316219046093,2.0651306867065116,0.01,18.46639499754739,11.16712949494676,0.9960815616922124,3.170399163366036,0.31192332168816306,9.821536099432487,4
6.167707980612277,1.5,0.18549749821534,3.790173390721804,0.013961573979818209,22.49575203133564,52.5884308823856,0.9957724117209379,3.266028674492672,0.38075211184338537,9.94995106621947,3
8.79904848468327,0.3124834982173009,0.04398156996699739,4.132625028138402,0.04452203020518119,3.0523149835384955,9.705992658428004,0.9955228341821574,3.245477451444232,0.45467988021804334,11.845377084827547,7
5.993810932140212,0.25562577460988184,0.29695787007447544,2.0522658918152223,0.020274733863429772,5.917521634934196,95.88179844540834,0.9940429927486586,2.992073388336431,0.3,10.434219182483893,6
9.092930970136996,0.5591830321906167,0.13324455951510275,6.65104298732653,0.09557271818324024,11.733442985992374,17.94821323079066,0.9947547957206743,3.300387514927169,0.3,9.776746595122884,4
8.23940948009428,0.11933186350484601,0.17401970811596268,2.8582363078459667,0.03410038260125351,8.406964344020478,30.96697137979541,0.9954310617600581,3.3182084375589516,0.3,12.112285519100315,8
5.554275912960635,0.34426221901828363,0.11183385326684848,3.2281714252318796,0.054406480565006854,5.663880747547478,26.103989583136816,0.9926540880236587,3.2050862089016223,0.5543890112599775,9.67699448573814,4
10.280056902577192,0.4640576520728059,0.06034530879968727,5.693385214611339,0.02885888002213121,15.625334593438996,40.18759344936172,0.997899492450494,2.9867075762854736,0.3479374019563578,10.102536377408942,6
7.051194319443317,0.5896481968717436,0.20292984759205213,1.4503789734536379,0.01,15.00779699281346,41.35954918014265,0.9958732331266315,3.4337481516431074,0.38752650947974676,11.658990494081221,6
6.922570857075553,0.6352257396878745,0.2502817227720406,3.8458939302466293,0.17254987840407607,14.488798609392589,16.05551359257769,0.9949599212848522,3.557300434600699,0.3,9.355281569569126,3
8.640967635292604,0.33597840999164935,0.9358120951684732,1.2690091942203818,0.04244731015385861,12.73224802876648,44.4574177976053,0.9941718526741832,3.487639106721658,0.3,9.66997649188529,6
10.252683494028817,0.13787043090471107,0.10266221708832551,1.1388034577925124,0.013567594306056233,15.018414887238311,26.671248179975255,0.9964464635346807,3.305145028936418,0.3,9.826785492403298,7
6.573102907736726,0.16784343123337422,0.33671242518060823,7.062895054831232,0.031993004730141585,21.52171440890096,19.016537379719914,0.9929647437664637,3.27931162868134,0.5799191394104042,10.764271335154042,7
8.404855744741553,0.1,0.13069650673593802,8.397369723704424,0.06427050843415488,7.523769164079406,53.398544194758784,0.9973030793931303,3.4849282154669923,0.41937802636942506,8.735544966958905,5
9.028988050561974,0.26336986816179764,0.3602460012963161,3.2100958037851606,0.01,29.206874687164753,30.951124393560498,0.9974567628486092,3.48291087676278,0.500177469199525,10.177552169907283,7
9.478279532347345,0.11654258025095718,0.2837134222871399,1.677801972646451,0.03428937521980668,7.644391345514273,82.65767303483594,0.9948150404190318,3.328925663631458,1.256760381261512,9.292025004879882,7
8.599950643971283,0.27874983952427634,0.10418498727974913,3.7096401435116633,0.025094621125758953,11.957107125935487,14.308421431094835,0.991916918643581,3.311419613026632,0.785149806025754,10.131205178102105,7
7.6760526735583525,0.5551773693566313,0.05463275084259241,2.727308650603107,0.01,10.124090252720876,6.0,0.9949210631124907,3.397902998424988,0.3,10.907370325598142,6
6.8930966248971774,0.1410306904159328,0.036355638120042784,4.61636013542987,0.065573082915644,4.276188701425307,44.600155910980625,0.9954418587360139,3.3289045916283158,0.3,9.24404648840908,4
8.446444601178838,0.4449072740750859,0.388432175626711,2.6719809562978836,0.014637928222668994,35.99642929587346,14.441092313323212,0.9957704425748622,3.501541052405299,1.2542847116608409,9.133006213089239,7
6.477363679624469,0.3331250882366207,0.07266267156258205,2.693162718962135,0.08915951102511491,13.373202976856533,13.283278635682672,0.999214121579671,3.385135584558148,0.46452937631075303,9.879660701570014,5
4.0,0.5344298844697497,0.381880327796093,1.16212730347825,0.020810519750163677,12.648309134247688,13.395652999791421,0.9966082684013426,3.4067518537455155,0.3,9.834197090783922,3
9.042151667068037,0.6268259382869887,0.1818998486124217,1.7862569340293843,0.05745431668971132,17.456927608029286,74.48509183753495,0.9990588431222102,3.400206947678795,1.15354989811369,11.11496500050566,5
9.836689229846533,0.31685388276096593,0.13936694664496185,2.2669576217606124,0.0438201247728548,28.095610096951972,121.22153510530532,0.9974279707691254,3.2868274103759614,0.9720603829109042,8.479795721148303,7
4.283014859578875,0.41738733471366746,0.317873897065274,3.862277562336028,0.03970612323784252,10.921754381179477,50.81403848143319,0.9967095344986633,3.5707708861566942,0.3,10.211329318776452,4
6.583457801993107,0.33416296323871075,0.13139680473069287,1.5667724276425448,0.03244375438994881,7.279358626021768,12.93798003929469,0.9962283050410418,3.287547709539541,0.36085151272575666,9.428383327292957,4
9.352562243708837,0.2858352252542299,0.2946452156628126,7.765924380432089,0.03785999895135693,8.840027441129815,12.128471724653405,0.9924568023359209,3.2735804414511565,0.5168615542941711,9.03955848597884,5
11.797742298509888,0.23148267044678605,0.10429251214860234,2.6248877962737036,0.05709680518814545,28.228824625766563,118.94734553468851,0.9922872325084013,3.2624663652585606,0.4972528734917693,9.284254239802182,6
8.335349303048194,0.586574548056405,0.49515047915688104,0.7778938624689484,0.09190845429680652,24.30965430717835,21.09274776701147,0.9973594862390501,3.5690789739157878,0.8589335878546203,9.526906970908735,5
7.062394999910472,0.9989496833687006,0.08894093298823898,2.0732440427011145,0.020253588375424045,37.12203661370804,99.61347277548184,0.9958621704772794,3.0491364170290542,0.47440226529239293,9.154057734942901,4
7.989076050121772,0.9204477514710054,0.29808178142578273,4.27473568161812,0.1525368239468488,5.885679577713453,62.94236441925264,0.9978638652162919,3.2086689543941627,0.48576096759537335,9.428966345373931,3
10.637289912551914,0.1284615800936034,0.4289331608129497,2.115068648821796,0.07206499317293723,10.784470257561168,82.41918065344231,0.9931814067569321,3.4076943162493247,0.4324230503853998,10.117737243179034,7
7.201860895488291,0.9866268179548521,0.2750386127709031,1.150829905052091,0.05029165486783383,9.97940370741593,89.32012878583235,0.9965798374497487,3.3534494511318416,0.3,9.2802661148968,3
6.941373588694569,0.18728484414995025,0.09069257534881583,1.863111415000974,0.04724705647667605,54.55949162702174,35.358498623741646,0.9968284291973385,3.3376011805256462,0.3,10.334432958091591,6
7.4793360122905455,0.464190872158984,0.31635130147874235,1.5429560173906363,0.01,23.738728342060536,33.98687289815534,0.9948547577045018,3.3665496520172784,1.1287337201978767,10.826771450874471,7
6.679341365960189,0.5263436996840399,0.218658396008183,3.7940982197703006,0.14766319158932248,10.92439043764123,29.270536952320946,0.9940826444227197,3.473124583509737,0.3,10.579540756861192,4
8.508539537191153,0.1,0.2676985520275564,1.500836710876758,0.06064858545881803,27.12513505799678,39.19702399704009,0.9941296183243741,3.3354124607032665,1.3423841055226924,9.951964018189935,8
11.061953379398254,0.3628029030429399,0.17035905874366664,0.5,0.012825754843203512,10.180271137275835,98.94819909147644,0.9947288003365701,3.329079570211328,0.3,10.509476164725852,6
8.84923476429725,1.0278785123553842,0.45055377771438876,1.4127314591642728,0.01,4.068574497113259,76.12052666842484,0.9951085516150342,3.5007638234879206,0.6063332250654617,8.81681522169015,3
7.870999046385312,0.1,0.03845723427690537,5.253536141722405,0.06186536101740366,14.102959270023739,31.142005281772093,0.994890268800473,3.33566565311793,0.33622789592565516,8.99957133643941,4
7.803920842843576,1.5,0.4144480026842721,3.6644523405876113,0.021383082463046047,7.256405922009751,37.643321923945024,0.9965629296047329,3.4105513533091045,0.8182420596638589,10.658260753709799,4
5.6425756252156845,0.1,0.10596277069018377,0.5445520331594239,0.0313573511245879,4.756085013821941,13.856217085899956,0.9957303189802695,2.9120917929414936,0.5429786269823221,9.978790593032237,7
9.80128662115017,0.516712163575359,0.01666498685551812,4.9467524725935395,0.0301453696287929,5.269514793944884,80.83356295549864,0.9937482385867197,3.235445699120049,0.3,10.081205852730251,5
8.167676765078237,0.10279344388174688,0.18823207521363425,5.9160719034204385,0.03124389347978798,25.281433804392517,25.225241078789598,0.9969860386426418,3.1962679803326113,0.43205867231097567,9.848622487425784,6
7.9931841468959375,0.5773651487568623,0.09415451696417923,3.955839022984021,0.01,52.331054651399704,26.90085982738298,0.9938650386834755,3.190977960084113,0.409546869694731,11.154719281520434,6
13.728282865336265,0.8932736755587969,0.2594852176928843,1.2342336648954202,0.0821148903795922,7.431925812653033,24.628502246664272,0.9953699333091093,3.2481890214721036,0.3,11.851215115270415,4
8.807879944221668,0.7344934660405353,0.28040103292963836,5.301716404220042,0.020534339089565045,21.675050696011905,67.14480198056138,0.9941501283245474,3.243883113577478,0.7931522077876167,9.765066952666334,6
7.021955214838187,0.8186663032213093,0.15644135736208428,2.24794083224074,0.026474974921805897,14.16909683265455,46.118495594695226,0.9947569872122396,3.4333921699752383,0.445041669511758,10.361453903091771,4
7.575192086450577,0.33535464367138346,0.2694031304576784,1.509886324870517,0.016110879820472393,2.9198590182148427,8.930361669596532,0.9950847709289093,3.187544255200967,0.3,11.056499444658746,5
10.252357705634484,1.0230960724304166,0.23001638572176258,2.2528477009838124,0.0672370036736839,41.539050813791825,31.05541089154373,0.9951699473733743,3.4429696951984843,0.32516722070723125,10.930780271497277,5
8.492559697914201,1.5,0.18526396921881963,3.448935869129233,0.01573698543891887,31.932515639379293,13.372730970508167,0.9955773993383029,3.416017412632458,0.3,9.478434692128632,3
5.854927436860478,0.4468386945972693,0.15190606380066968,3.9498798167187905,0.01108450260063093,12.228068675132416,118.72556839318563,0.9959245390638862,3.142242387990474,0.3953319479277811,8.540330431149217,4
9.862689188777846,0.3055423055075619,0.1129714700495303,2.9529042490028603,0.0582579121868855,13.282813897288136,6.0,0.9978659060492526,3.083558697863384,0.3,12.205073760245723,6
7.164155054583711,0.21218955633268163,0.6544984111729656,2.499881400227731,0.025462376491636143,20.597338686425648,9.245119107755656,0.9941370737017873,3.2561842164186334,0.3,9.238863234536007,5
11.484606219569828,0.701876522969163,0.1777534325716097,1.1529347302047508,0.04633937586382101,70.0,12.117054423018018,0.9907978546641432,3.4736611766401118,0.3,12.046768689831739,5
10.136081711714903,0.8454724765602761,0.23900263416986084,3.670380814840578,0.01910811505491081,16.51517391105119,18.3094857134348,0.9940488924898174,3.3463867721759724,0.3,12.381052728840176,7
7.539552777380123,0.3056523020150275,0.3049140894162852,3.010007865165687,0.011486351876710781,22.75346349288308,9.76291616867715,0.9979429523558695,3.5729752102530195,0.4448956901996738,10.963459129596918,4
10.477727814949692,1.174098434427966,0.14047481108815402,3.880746070935505,0.022885753833565572,3.1968664643666433,34.38895521541627,0.9971469204144277,3.0875591785996344,1.256401283516668,11.220502973008388,6
8.415354367896587,0.6612966005106512,0.2532672931803774,2.3829583923663678,0.07241731021797493,30.537079837288506,16.4083316645365,0.9945526914895862,3.1099968199912444,0.3,10.138039086243374,4
9.749715247707774,0.44299507175160985,0.6114491275920353,4.180110972534564,0.02250105317865245,10.962042667275051,19.324737760593585,0.9953226069230763,3.1311790897614573,0.6917185267277262,10.4854339025513,6
9.124045789400608,0.5290664810136091,0.0887012873806674,3.8564941977069283,0.0774778569060275,27.069196883380364,6.1602160331267894,0.9923828611546317,3.4065540200547413,0.37113843565639787,9.492182261482712,5
6.861193686515516,0.17224330730529297,0.6112770526012687,1.9109888295638573,0.02114816968407949,23.713472014320104,27.2726576323781,0.9944201110472739,3.402565780492725,0.3,11.643750324967295,7
7.205965285060316,0.6963025150894391,0.3225221754100164,2.5485753797214983,0.05019089418392856,6.486523881628134,52.04680283584544,0.9945607957139267,3.37551290044275,0.43485115056344664,12.694501408110957,5
10.050933389887975,0.18301658687757347,0.10460389651992101,4.447568157559885,0.029766936896266426,10.961135311109203,62.24937361790716,0.9973464991291582,3.3433762056136316,1.116220665187979,11.648710430212642,8
7.730881935418881,0.2742197303090776,0.08330419599873265,4.665214131417631,0.021458345226199646,9.482277626321755,30.83738891855232,0.995673110471482,3.522879139532624,0.3904627278395407,10.060598577885923,5
7.613797612488606,0.3935915284563832,0.608741972514243,5.797896099651419,0.012811192647805184,7.192791702658485,37.386049147045306,0.9940225851438104,3.2959019250956767,0.5459165806095041,9.267394493499845,6
6.6762916151061,1.3722426230483207,0.39253001211725724,1.4948098262901541,0.020216734210465458,5.508044793662139,30.66265891798604,0.9934395833838123,3.4719816045813974,0.3,12.319762118197284,3
9.020118411508884,0.4983601553061184,0.16086161372063693,1.9933214616319366,0.03670108059461716,18.44139115588982,37.671718096304325,0.997496361229449,3.6418521259228767,0.4542781871866452,9.171122425536087,7
11.806292362713346,0.19995410407723885,0.11753156586197597,7.317761664258249,0.01,6.09740755099583,77.75842348615053,0.9957206091420183,3.2015604220612577,0.3,10.658326785186773,7
6.485194045767737,0.5305165894615856,0.10503548989069718,9.614768754515952,0.011679191840685627,5.104392451145435,89.35005326849063,0.9942306592463871,3.23114622272812,0.5857438584514749,11.273539386070473,6
8.34117307634369,0.633535812185163,0.1539077346106251,3.2285936481909943,0.04911183669508753,12.246581822142007,6.637269850334183,0.9977386078817246,3.0135536066326805,0.3,11.52206930764846,5
10.70077494420623,0.9414791631895625,0.1672597782030467,2.518228961628493,0.01,7.502683493069805,47.601133904207714,0.9973091035192503,3.404042568213758,0.3,11.652007507745738,4
8.164609634882286,0.40887728397538947,0.20933162281776402,9.584233008778046,0.033555379341252814,10.484501724923744,65.9681379697238,0.9950697332945899,3.252073857868192,0.5660115498514817,10.153466295460746,6
9.069032053624548,0.22750809360551286,0.07063667010342853,7.7980144831703155,0.06090211219864891,12.075661100765883,26.95305711585284,0.9937995749017033,3.288651871753047,0.6280586227972631,9.88837721946975,5
6.493931002150305,1.5,0.10063717570304091,4.4829428380111755,0.0922034713273898,28.42317004349807,51.43830477777361,0.9985956916885176,3.602793179370213,0.3,9.198461201764658,3
9.028122065253003,0.5313649116562205,0.14698044581541844,2.409535709724773,0.01,9.228088855974052,49.0322916125009,0.9970858284271541,3.3942665288989358,0.7143253933434391,8.2764458761684,6
7.981854749492268,0.20107340836414342,0.7821087937412805,3.410284309842722,0.03506776520044367,29.71455234503744,31.571681691074108,0.9957138860824941,3.17380167054002,0.3,10.491019231821994,6
9.975740992655767,0.40609843929835193,0.22875027634971343,0.6093950545464504,0.12125594702656864,19.841994700759308,44.48795504597701,0.9937488887705302,3.243327556684816,0.5579756631525727,11.624679346531801,6
10.318556287660078,0.27433657327525224,0.04509572662919145,5.022076797386802,0.096136664589526,24.217252382817836,23.49259371101988,0.9967502152550366,3.1926688507185483,0.4762502818814312,9.726207563845195,5
12.702258191431644,0.9801353410189353,0.07447251240070907,1.5794356618545748,0.01,1.0,16.6168506873071,0.9941028079881954,3.3589360279201594,0.3,10.741439238635191,5
9.285376394463078,0.6292436265474065,0.6032276144720844,7.045757516851957,0.04149519474202685,12.09707429278159,28.268875268366017,0.9970803399152306,3.3287889888286215,1.4684869111578782,10.909770761671847,7
8.853853738189684,0.3236350983757901,0.45337948283323937,0.5,0.01729163512149164,9.907701243140083,30.1696564622126,0.9968821488842583,3.4982071412156244,0.89378469008837,9.935317741837693,6
8.630453312681471,0.8458189275009089,0.129906097766584,1.6377054272304539,0.017855079572515017,8.286469538535934,26.946188520373017,0.9946955423460249,3.3538740542832164,0.564996177454505,11.088968474061463,5
7.699617302221831,0.38107870709519037,0.27371193815943107,2.9209125248188883,0.019547642934605623,16.19031606811999,9.087596766123301,0.9968892656504078,3.2645249090428274,1.5,13.164233351927221,8
8.875422533884876,0.39889915814987137,0.2489655122090202,2.805525225941123,0.05979356538227042,13.309868947924295,31.17716710205122,0.9951018517894409,3.344295501196027,0.7810264855077685,10.312252589458652,7
7.797817602763651,0.2220570636246291,0.18267918762748622,1.4516772738108774,0.04530448135395093,36.27506709116084,36.91189108565573,0.9977813247581827,3.143177485551981,0.3,10.711427125113566,6
8.586383659658345,0.220510635322652,0.08436573438870505,2.8977174817659463,0.045180969072926784,24.21307591079002,74.12670614607305,0.9950926597875102,3.2374396782064245,0.7723874968812016,10.505697739568168,6
10.539915810533532,1.5,0.025188558414123725,2.3749550805397126,0.043264184389127984,9.30460731359205,56.48250128264122,0.9972230230814645,3.3158886139910986,0.4663956522766293,8.568837327994691,3
6.588877639024611,0.8186537937944637,0.3612513458209035,2.9104832904484725,0.013512346299894161,7.449230378974872,59.904058077116204,1.0006398992072032,3.534669720557145,0.7705718213416979,8.26322567723954,3
10.237793553919378,0.1,0.2536552581028294,1.829797217829456,0.01166343238118291,4.721970914561195,14.887760108135119,0.9945277275867555,3.4325663004949694,1.0162001083328114,10.55989478744241,8
10.539095614477771,0.1789876179158972,0.08577772868721571,5.6429263150955915,0.01,22.919013914714107,57.54558310164438,0.9934973837963653,3.3391761439337286,0.5943380239893097,10.343942199509785,7
8.099283504115167,0.1460954805764275,0.4386119073514858,3.4618030647293505,0.030321262039787272,20.83545212350803,41.61279242848622,0.9960938062792026,3.376901670627203,0.6448517435980945,9.671358198530942,6
4.692846671685389,0.43630160034237137,0.5862221014734035,1.9055807692253819,0.01,30.424681533982877,47.63587678702534,0.9968776405339698,3.4763758088269476,0.6157411718362794,10.495936178911588,7
7.266702621939466,0.29658699634560814,0.22245015627480758,4.15499354159666,0.04424900171675553,12.07004947661918,13.125981992232889,0.9944042454681437,3.2922274337306003,0.6007582142798003,11.14153243867772,7
10.504890729153885,1.1137092774699615,0.17688514879388112,1.6243554685009016,0.1056139808723416,24.20727257942327,59.39618316076075,0.9957897144001261,3.4422607052316874,0.3,9.147109412847229,3
8.261124294091902,0.3198923419705007,0.035588585240396375,1.6616003132531856,0.0469953657834473,20.33992023727477,42.250601718143784,0.9945384178442317,3.241491736222407,0.30774801864410906,9.703604652497965,4
6.601186205098653,1.4420518277215353,0.15565712472857202,0.5281856792770736,0.05192270460657518,11.519680831475863,24.203609277683142,0.993204818848404,3.3497711128192957,0.3,8.0,3
7.441882633912031,0.39020653663042276,0.06399903529372039,3.6285172773618073,0.01628667716935403,13.823795331184549,26.387039756715875,0.9964218553112146,3.4651537742955036,1.016001159169821,11.099343448451867,6
9.72905404505774,1.5,0.1635254937148519,3.071976984132524,0.021878974460172465,3.916572473299432,32.92686041201891,0.9959507086093485,3.453433012095833,0.621614769915944,11.457116053877467,3
9.229447065942345,0.35471440387840963,0.40367820389634773,1.2953629176543848,0.029335098122216366,42.2906611679077,35.02562629151519,0.9940333209190632,3.038612926893197,0.5416946281872763,10.680318509163888,6
7.893815431411521,0.3602786220283477,0.3035525656000224,1.2631685351524078,0.028079927103245042,12.807851967758387,7.807945337016754,0.9943904532838604,3.337645949617525,0.4217345880470795,8.799563054809042,5
7.676398499915032,0.8062262036930088,0.4480253075082435,3.678515628996208,0.04445410515733026,8.416061986470307,26.293951609517286,0.9952856318902712,3.4119120355758032,1.1065226384935556,11.403122025062892,6
7.634011146625504,0.7267499982289483,0.14420694497166436,1.9694314776270287,0.09767525913741336,3.7497181379828435,35.637185046520734,0.9957356427473524,3.2327606217264044,0.46190112663953703,10.870108383974094,4
6.731902686352546,0.12315182156848084,0.048514328738271,3.683501709420595,0.028685366665885247,35.27096634276773,50.56870764797018,0.9933653131656958,3.447143461290221,0.3906718210182072,9.718033285665985,7
11.046138672098051,0.4443268482486903,0.13877806616469382,0.5675488711274266,0.08159398061057774,9.465541172068333,25.41602474796299,0.994740556807411,3.1476344907331586,0.3,11.209345868344823,5
7.752055202340723,0.2943350561131357,0.22324043184925654,0.9290282840956695,0.032872316677030895,4.832980800243109,13.21599817408895,0.9979887448771732,3.1703895577987704,0.3,10.871636141084826,6
10.369169485403344,0.2778922209563523,0.4628805461587409,5.244480615110553,0.01,13.203003347958546,43.97173352339089,0.9970272660874212,2.880620475211095,0.63562720188001,9.564478420131413,7
10.886237288268168,0.4427034906186537,0.3510583568425807,3.2250316304672824,0.03647939450750445,16.822301665907638,7.467782034724295,0.995336799597402,3.246057695075131,0.3,9.14098193819892,5
9.997128526851533,0.3304125922164281,0.02887444658744992,4.424245564848881,0.038888017153477374,24.880342114969267,57.10849618075501,0.997936479872922,2.978512034426667,0.8118500850272882,9.741983953795186,5
7.566245468379319,0.47856894361638536,0.2175128596355533,1.9734641074496546,0.01,2.207064093219118,78.82044775630787,0.9956098830965536,3.4798820219986077,0.3,10.455533277918033,5
8.986341153572237,0.17158842364284738,0.40083794062332884,1.41622089257565,0.08981534836309556,6.77100538914673,25.125578853228557,0.9952920241144331,3.5928846717195837,0.3,11.273266049297346,4
8.258867469135444,0.1,0.4873675843535546,4.990277026236822,0.05341094033083703,12.795479673983884,51.17625535751897,0.9964208405164837,3.1611764398744686,0.31411242271548484,9.734272179673585,6
6.763706836758783,0.8277225492447022,0.42467320310343015,0.5,0.07045473254607115,15.79249868374404,33.254167611924885,0.996307505290757,3.271881775173425,0.3,9.824897266126822,3
8.851410778926725,0.9167900947840685,0.09557944023686173,2.5989690499546034,0.07360395833676002,17.13054109763152,14.74861669003795,0.9984180628666853,3.3161022552941537,0.7101951834740018,9.469563197014526,3
6.295632355028337,0.7925229321206244,0.10047005785705014,4.257388303375414,0.01267569658964333,8.283300183026414,73.8391232097023,0.994055678661914,3.172465414383778,0.4291344773491841,11.34789795428252,7
10.319054960384658,0.4278462422461968,0.6546358547617338,1.9591214108352837,0.07381012651354692,6.298249659490691,8.166608121914068,0.9972288869445638,3.3614553320447276,0.3,11.181215235121444,5
7.510150594592733,0.31027943432305033,0.12173376770577385,10.246272455326382,0.01,3.0379407333214066,37.91800101089881,0.9955003282660322,3.274633145514196,0.3,9.961654872849012,6
8.641971414983827,0.2472589760071416,0.5799902361815805,2.6550437555885056,0.03434939202656417,14.744332428706521,61.827088619575235,0.9936138243679046,3.0965781827884493,0.3,9.060373060076342,6
8.781589381628443,0.20916821215043666,0.07529673276546696,3.6935886347626115,0.021214995364760868,4.0909565664231975,73.08539351148107,0.9965616099252308,3.3612352388295594,0.3540153007210551,10.48356617976767,6
7.859861544703069,0.3905419376576349,0.16336387907497443,1.3089896762580873,0.01,9.856649102399444,71.66910517771556,0.9951894751244715,3.3782355915920097,0.6604429838361533,8.777473101670177,6
9.297379462507967,0.9014681981502419,0.01510458848469095,7.792475624582551,0.051647043219891504,4.9420283170371375,15.718359668362055,0.9983014061122487,2.992271943747295,0.5942426670510186,9.114362576636449,4
7.492663783741709,0.22968735856626765,0.1533553850216238,2.8802037097465094,0.05774480379495812,10.220009222103693,35.422925573328314,0.9944708930968698,3.2978513046742903,0.4988125755928216,11.252162226965861,6
9.781205405677316,0.9025262332329586,0.0826134905418747,2.053829186520148,0.012150067778229806,11.405409357903435,42.84734360880306,0.9948464237058536,3.2361393800776055,0.3,12.466534112193877,5
6.0118345435805285,0.10092181985879764,0.3052516742201337,2.7673748300226935,0.03270981453889959,16.79336511733604,20.23107835872073,0.996176350592925,3.3415349672767656,0.3,8.214729571576427,5
8.514845285228901,0.49725688296222564,0.30327983527949504,4.008834167661408,0.04974223413877637,3.2666315805273887,110.81350931794285,0.992832384021993,3.4998057067513932,1.466992999084233,10.854932602666226,8
11.596179298399084,0.5755620421247927,0.2612250674248869,1.6612200052612454,0.0562796614806841,18.3915060373872,44.483016330886045,0.9977776583091169,3.474890715010751,0.7384288919959892,8.0,5
6.599436748170524,0.27012802928123625,0.08683293876928963,3.450202359792099,0.010083340599448187,19.04977507442514,22.319797721701153,0.9979964798766404,3.454417511307362,0.7834604963076333,10.216938328829931,5
7.1478335501077535,0.16127788697676376,0.44954826016703103,0.5496897741093624,0.010750248884188015,5.299076854539379,7.1997766512892705,0.9971991977121164,3.321948099605808,0.3,9.715665556485622,6
9.173643344420157,0.7537544896687286,0.1894252748075635,0.7804395981750492,0.055505417164888646,4.941228304799223,7.693833757852184,0.9962090391705994,3.260495300212633,1.083452429640212,10.866363573096683,5
8.605289029297317,0.430335316858917,0.3250907841185663,2.849944581989323,0.01,7.51414884914657,104.42109108589877,0.9970788845516428,2.9922293832529077,0.3503834014662034,10.787913746658754,5
8.89607116876505,1.5,0.4264448750729462,7.270079895926234,0.07447096039143493,29.75670605809787,35.191110970841734,0.9964422460817408,3.4208099606180347,0.3,11.21095399866256,3
9.131618121251028,0.9108468323747887,0.20811078720610068,0.5,0.025876685028717827,2.8065559234458353,6.0,0.9975197889514601,3.4442126205370585,0.3,9.058816326022146,5
9.37902649655501,0.9157868907336464,0.04309365225879957,1.6110754216509355,0.019089008888018674,18.01009462118305,15.015013072695677,0.9991623425638279,3.0494969569841217,0.5144137529948224,10.819855317870527,5
10.18648973132558,0.1,0.22877550898525578,0.9061518711273437,0.06378326354762745,14.572100344286998,76.4466439355252,0.9957813620271186,3.368665600617591,1.4523411923044187,10.62608867887545,7
8.996691716778471,0.23369952450287437,0.1550704952984392,1.9339132294124246,0.033364052865567394,32.228086667959566,53.44624143484523,0.9955038828950726,3.4540576791414694,0.3,10.239862932049025,7
7.889861987148478,0.14362621106779322,0.07834998131535607,2.718787397075858,0.03727608942093219,20.13866196611775,10.24322672662344,0.9956491705883642,3.168587921149563,0.9940839000705082,11.36039302889287,7
9.443375292044644,0.1,0.5337316687822915,2.184526756634374,0.01,1.0,28.740607953580696,0.9938311957569824,3.4192855655485372,0.37016715165359626,11.798833700066162,8
11.529799289321867,0.40441969121362686,0.14011995980271783,0.5,0.1377446787524687,23.525517606808556,13.40261706921154,0.9961632864391012,3.1264258813285903,1.5,10.592182738812541,8
8.074522631149625,0.7407237471006696,0.28920807522012326,0.5702290730611409,0.11068051739273205,7.2537762598818585,28.936787473864474,0.9930862360216756,3.2307077894957503,0.551784279199624,8.708098876809697,3
6.64330018205991,0.17666312760927594,0.3453517630212357,0.9276069950680765,0.034746371326898014,8.795029034663589,57.585593695303636,0.9981523471398696,3.1244368758475463,1.15048936073273,11.560534126254828,7
10.182037137787855,0.1,0.22885494505570056,1.7612520485956118,0.02235589165102143,4.118887115614003,8.31176157309243,0.9983100643181779,3.4219499960485655,0.588350237370239,10.205415168038998,7
8.095352021278885,0.1905909666067115,0.1262650533483986,1.3416596331099229,0.04695098408622921,20.00442814553736,19.438774706745082,0.9944429280545241,3.4212881937134214,0.47384606778029287,10.946096902149497,6
4.606461771776139,0.36720545354549766,0.03764892875862109,1.8216277240551941,0.01,2.38080920677106,14.168677148821526,0.9940640989342006,3.2202119263478903,0.3,10.356582098442132,4
9.740616851155718,0.34610675352152004,0.2588594795201643,2.4082059692395243,0.04268670413481528,10.768830599818507,7.6315113694718075,0.9975799377753739,3.1127741502509334,0.3,8.772614561771729,4
7.389942083878332,0.42007955657687013,0.14124331755919803,2.0269496379622707,0.01,32.96702696446604,107.45626325528625,0.9932269298446817,3.696038232185208,0.3571042312039136,9.6983755743344,4
8.146093420082927,0.5669389202100017,0.6422354491385098,8.228233418941855,0.024277171965693616,20.700994765006673,18.87105161128663,0.9943494404256711,3.3113605105124218,0.3,11.269324481336943,5
8.864366561967325,0.4121730779266485,0.09789826753825955,8.41580307527992,0.01,15.729911103151176,7.491305376707272,0.994075797922618,3.292131103382038,0.6277550736461917,9.296806956504136,6
8.623849455624413,0.769627328214524,0.0157855145763099,2.779589332543947,0.056636705181127754,8.024953052157816,37.27750118316857,0.9966396168766252,3.181342602911047,0.32833334708385215,10.104399062713274,4
9.506068089136368,0.1797604466054409,0.0571798488348197,1.4927653107413943,0.017956848293791763,22.680215311940394,32.68696366203038,0.9966655155645734,3.1536262689505334,0.3,11.448888489222117,8
7.559673170031267,0.33461923544623123,0.4241077905987295,2.005331712401492,0.01,6.727454788459582,67.99388716487235,0.9963454823972052,3.3802755795168538,0.5160238455362409,11.290668352197901,7
9.17227985689934,0.6354383611522367,0.3537851817475826,3.128158982525931,0.07566029377871364,17.48086743688301,30.574399583777833,0.9956912347669664,3.3529626181386254,0.3,12.125707890107455,5
7.858770648107342,0.5141695427812453,0.5304921287414962,1.1563987113899306,0.2,24.293595679642134,17.838730459187428,0.9970570745362553,3.222237670752331,0.3801069667617733,10.36792865831547,3
9.555977817508756,1.3321194836963526,0.15729718399077078,3.168121951614636,0.029739790175192096,6.292086205354907,44.76281871342618,0.9959543697078451,3.425078903327214,1.0802294659439002,10.995201409247455,6
9.346124722822191,0.1868520257763792,0.3197743770222888,2.0890562606293046,0.046315714339710136,12.57458839297834,46.083962427622325,0.9986079834712985,3.267969435412025,0.3,10.600161411146678,6
6.709754206524188,0.6436348888506652,0.2199010780556013,7.479320808724207,0.01491283595931693,12.238658370361467,26.50506045519588,0.9976501609271682,3.395596300594794,0.3,8.609286536289245,6
10.146169597497556,0.24460569675685714,0.10519785396851795,1.1292443798491585,0.018904471723811104,18.755252332574187,88.40176009275645,0.9944611624891571,3.3590181953022453,0.33233784089023954,11.483088412589735,6
7.3888621433061195,0.22179498272414686,0.18831129416660625,6.199802521999786,0.09852322372415989,5.443462000491751,19.125073254638224,0.9952103111968663,3.2767772749383264,0.920432800955478,10.328971009008082,7
9.673698257077948,0.8738478074661995,0.13235886665423513,3.1461046542939632,0.053470796676975255,14.470340139593977,40.7590569646025,0.9954824041275843,3.4124093092517915,0.6383304358452848,10.43680129639088,3
8.92438843278228,0.40858981187420357,0.5083306839268107,1.416650118072731,0.054369594089325846,10.162889313747325,6.0,0.9941163316200222,3.4650142627771974,0.3,10.925589765350054,3
11.42491225055171,0.5077222666292426,0.1044784941969712,4.295554840252411,0.016595949283519332,25.35975436350785,67.08133500634443,0.9978142833082322,3.452659742486957,0.5090251878025488,10.3732968537823,6
7.9201078299678525,0.26108482486472817,0.564030447915467,1.7479731801531475,0.011839842683251467,16.20897968629899,8.914781350216655,0.9972678710566378,3.0813447438043355,1.108517200117083,8.855054190775094,5
7.706161446599065,0.2741479407388677,0.09810272593063515,2.147775795585693,0.1136966305077378,17.039057787316853,37.96293819397533,0.9953543552171645,3.464175299491242,0.9767851009003036,8.85420970196532,6
8.266986669990855,0.1,0.13244925012510833,1.4700085499801263,0.029834642566229794,15.32935759081048,28.912000978348257,0.9966831015655122,3.374784459759979,0.3,10.230316094930421,7
7.7845943691817325,0.47824524514816263,0.1961119444946122,5.1527773246752755,0.05101313108371644,7.2031900587727735,37.25449467051332,0.9950599680232209,3.3923812420339354,0.3,9.863516957953951,4
9.659901233301486,0.1637720227452725,0.09380350556720429,9.649049532820229,0.013073729913837163,5.86260553030993,31.954354767308747,0.9975484779793704,2.98343807075917,1.042960768963164,10.09822953062621,7
5.552271965657802,0.37258341028573355,0.19465599174657,1.1446536488443337,0.01,18.229927643176758,37.67365336516074,0.9955516724302014,3.0805521382260066,0.4656146610268968,9.363875119958664,3
6.508739887451199,0.7690501918207796,0.21755161450608976,4.872704104876594,0.024199981167813422,1.7628266734952012,35.71646865971274,0.992282096850001,3.263387845284098,0.3,9.59474970973731,3
6.484735033315372,0.1,0.48858616705821994,2.6963362078361874,0.1155945642567175,6.828689232115018,23.53081363719046,0.9935620847310233,3.0291164121023444,0.5772513073661344,9.493568837400854,4
9.91552290635508,1.5,0.015390700975952274,4.54542712837155,0.04701350854254261,11.950865231622275,21.436558542559464,0.9981479897017537,3.55776757664644,1.1998601266426816,9.810724549294116,3
11.208042733389274,0.21778280980122985,0.09898458596463282,3.0810611369894607,0.04656722007764739,16.442588871094635,70.66499160803238,0.9955538906479161,3.171652597322695,0.7403026906358601,10.123993258781857,7
8.1224363284863,0.3810697067746877,0.6180103294193113,2.2322133883153508,0.02251375271246599,3.8718942172986983,31.541224527287266,0.9965364622893826,3.122836694521397,0.5081077830178985,11.280969236077878,8
8.013003070576982,0.5072611584581928,0.12985412605869298,12.830872333833849,0.030473034223283207,10.644462462972896,67.33017597788357,0.9955861897494556,3.239207486751183,0.5523814911000249,11.478812390591251,6
8.41908867729241,0.21136323903983287,0.12982442609394226,2.934861779264158,0.035705445312334064,12.58104871347202,40.83218919720467,0.9932946378418209,3.266854892580463,1.124151696685931,11.736127334882491,8
10.275193114433925,0.2824504088353537,0.09282915066978363,4.825305748982186,0.041107041971909675,10.957936466384298,8.141450577026273,0.9939157096536253,3.338608607609786,0.7807694858809485,10.252417641227835,7
6.7234996718760245,0.8933923362221757,0.3143360018088648,1.4935621154648002,0.01,12.904180750844912,15.216645316876532,0.9978131345340775,2.9596054375064607,0.3,9.8119539459375,3
8.705227270649136,0.7118675223261712,0.03419844091395802,7.129601223720675,0.08576600397016998,7.7748193739787865,35.79144127888539,0.9977330560423741,3.1011164556809305,0.3,9.021185468601233,3
9.957835970630132,0.3403349853170706,0.24878541119625788,2.607039692751628,0.054583643284098364,21.9308338964194,63.450809845973296,0.9934096375427893,3.213430391056203,0.932178063227012,10.726134176681487,6
9.151860088897738,0.41607671594042467,0.6853385358029319,0.7717842902330786,0.03732413513996213,15.664457140017863,57.457932979041374,0.9980351154734597,3.3840873647500596,0.525570472357108,10.274524919414631,7
8.622288748217864,0.4634982825362185,0.02423365866771638,1.9038543495744409,0.06563723508775571,10.282785390282854,37.813219747195824,0.9949803421419605,3.2626312806631055,1.5,10.489045963282429,7
10.00177835736414,0.6237036760865013,0.31718128044015176,2.8885817694792815,0.07762762213323808,2.0262525648054224,24.55044856125749,0.9962524427948835,3.3255163498567066,0.3,10.616471388676802,5
4.0,0.6558341056955634,0.053619848452528006,2.7800654160609173,0.06565142703466988,14.229329472216946,28.06740987977249,0.995889304359717,3.4669273384847554,0.615335371486561,11.512182336695327,5
9.452388043202543,0.6436108188797991,0.26114786539493745,2.3799140020278773,0.06862251051813598,3.7168430625541498,14.596850290278452,0.9970655181030714,3.287964934989347,0.5504240873229531,10.873378870672411,5
7.188071338683381,0.29784616534227487,0.24347532897677152,2.704570731147374,0.01894482040265091,2.1397303135220147,30.288691539615684,0.997406906190276,3.3715672698159906,0.7499680358521555,10.711827416282356,7
5.187924075344024,0.4524020716865048,0.3345917839745239,1.054292513475208,0.0315889236666024,5.278950368470836,7.469464826417748,0.9952375346865282,3.2865500845899254,1.4870819349206053,9.525181423057214,6
9.169044419192469,0.8290104802701349,0.1147549426567872,2.62786209962852,0.07464505996077517,15.835038346979296,25.10735646453179,0.997891744763225,3.4983432035473467,0.3,11.919027938033608,5
10.635219526777028,1.5,0.12049903506480474,1.714505836580729,0.026059749657834197,15.858862637675502,129.15033567953805,0.9984105524193287,3.4012686574753657,0.6898636926888809,10.351746187454289,3
8.066337525132925,0.4429057543689982,0.3417175642764723,3.6954334472737673,0.06234497959642842,1.0,17.1047203975326,0.9966075896175416,2.8848291294958983,0.3,10.270462470671733,7
9.919886730244997,0.26546311068473155,0.1137683177039513,2.742325370953143,0.017372087184487964,15.63317324636138,11.305796928973475,0.9940746118960903,3.358265083909136,0.514293912736389,10.835025328142603,6
11.040873038580697,0.2078275818674389,0.3732937958397852,1.5605847199224292,0.015017327476156465,2.456098560132289,8.14790148896812,0.996769148664479,3.5908347259085045,1.4262602573698273,9.632192555899366,8
10.535354571092881,0.6471616165542844,0.00943363981070552,3.837880052756878,0.041664390583678323,22.322693974582922,19.400414227407136,0.9950646815634471,3.4835190106996494,0.3,11.079525591765462,5
11.087939699931368,0.1,0.23125476167616596,5.091463661623021,0.09741313150511073,19.086011712655093,14.815409496319203,0.9953412897616915,3.227575664794013,1.2793805077945697,12.032146603612329,8
9.561616734822218,0.6517930598619852,0.35512151432554406,3.2489503778809024,0.055101775334634576,1.9437726113811562,28.697235992482746,0.994312725012055,3.416915046221982,0.3,9.82542901498223,5
8.428237186132709,0.6599150822434755,0.15754656348538476,1.3172087666638026,0.03847784015189241,14.104022083037956,95.9560065587199,0.9985146671202189,3.1675566655834735,0.796099811545391,10.46649670228231,6
5.576658119774814,0.27360819241326517,0.5037455680066134,8.800181213067479,0.05460126557040697,7.783229352754515,90.68438964861025,0.9958082878881296,3.2706339690394493,0.3,9.913938299693752,6
7.881693770179088,0.4989791667602401,0.11859215251714353,2.468499173199216,0.04549556673510428,22.01071062413949,19.63825875610513,0.9984072255415827,3.1928586270208497,0.48766243819348243,10.748679351869788,5
6.866480787962475,0.3494097344286193,0.22391639859354323,3.1733697430460968,0.015256987705469988,6.635015929169221,44.02693853211589,0.997288813743685,3.32029429498248,0.3,10.976356850682578,7
11.990602619746284,0.117573490094253,0.4026491653685453,0.5,0.027078082637412484,28.587873203472775,30.282411703401028,0.9945652703926665,3.6114499515417586,0.3,10.84561546319767,7
8.000994118865028,0.6183201129786727,0.06056080213635683,2.693456036072928,0.01,19.907103358594494,6.0,0.994601915410036,3.0498550412596983,0.8007806899034539,11.195889682558848,6
8.509448171533627,0.5792043514599542,0.42939592627121786,4.49011302832571,0.04693140503698807,4.071922459952359,75.75291995424486,0.9956830549794591,3.4080906439506036,0.3244077540215614,9.013873044407909,4
9.237525139268795,0.29205064668872066,0.24635873423677057,2.070942810349083,0.07806070815403059,31.24152453083846,7.458881902791559,0.9959213891273634,3.1933335534010507,0.3,11.046204329435431,5
8.374124158833173,1.5,0.088924704632052,3.534112485767294,0.08762711630004535,14.009502419595236,48.67299696347832,0.9952301719260433,3.168253739238616,0.4292434525956365,10.56115468071962,3
11.18158676873228,0.41872969569218593,0.18107870082762262,3.615505355933128,0.025036470888926153,10.859381497978864,49.82389504708959,0.99795787656989,3.3654167608492562,0.3,12.412881822616733,7
7.241496085051432,0.1,0.08140386723018574,4.735363024785136,0.014261354302440432,5.853781366606047,16.436681567299832,0.9961510223831082,3.3044561998906,0.4730184808620101,10.174620370219417,6
8.630832673903313,0.8589159858352754,0.29790944057018587,2.532013479248249,0.04949915326752279,13.082202519553846,28.96467539731664,0.9964819898417917,3.3512629955686273,0.8726527848095854,12.2027446519684,6
7.037800004313318,0.7263836286626333,0.14633148669554613,1.8369274721805469,0.01,22.407391377433985,37.74450467313545,0.994058994681395,3.2926742692198356,0.4022390087511733,11.552384397533054,4
6.0559617309248015,0.7867896191675904,0.13038577647830144,0.8695541562910398,0.01,15.704374114186116,54.60404324360317,0.9927723423772662,3.2768541565276936,0.4379230465911699,11.385248272062094,5
7.2599925454610155,0.1723901644127408,0.30530573947974854,3.6427645334171586,0.05827739085613705,16.34162554565158,44.048578344037914,0.9975602778153956,3.314494615623815,0.639180648701075,10.472563406943108,7
8.2370374450177,0.4891991025876593,0.15440948528086254,8.399819768195133,0.037618105345644665,12.35818010232576,72.87127115970846,0.9941991987837117,3.285757248495834,1.2919276054460183,11.978401413031637,8
7.570186218320659,0.4133344023343306,0.18910147130497365,1.3501416476972659,0.051437912405395726,25.464497643670445,15.391710214804725,0.9954908384616172,3.264697883406434,0.6795007910410295,9.475367288457496,6
7.1228843342144454,0.3630307734429501,0.17772088652832102,4.287002092872589,0.01,14.079287057476252,43.80243284620451,0.9958432512877503,3.308740234038695,0.520921023859816,11.085804677040695,6
5.909260311757883,1.015217200178108,0.014515814022218979,7.615170243703763,0.1257917867477435,6.147241922660654,13.268949158020405,0.9962265089336726,3.224881202821418,0.5544169640678305,12.319899335802164,4
8.15872052653122,0.4231535577174758,0.04235785080829342,1.4979902852613862,0.01,7.247591034518437,56.55929560298003,0.9951041506654219,3.5218567793599065,0.3,10.087104257531822,5
5.741975364147297,0.3004865038359174,0.10028713733165985,5.212183211170489,0.0958806785452038,11.624096530819825,40.13858805517511,0.9945002011297922,3.0580839933248214,0.42376564618379686,10.933371446261967,5
9.592095138272326,0.2980239396420227,0.10742072121255522,0.761582647290004,0.09734658590001666,9.969604506388608,40.498406408203486,0.9950513762916656,3.0856172161963795,0.3,9.439204272326021,5
8.440147579988656,0.16030722828877716,0.01235616610409532,5.255776741449235,0.07347671590260495,23.397380475881494,17.946105526195936,0.9928925057360087,3.5376683429297926,1.5,12.351319805988531,8
5.822162450909619,0.4548758230042053,0.18884514590606555,0.5,0.05478417392146544,16.590829886626054,70.89366067938154,0.996734435447841,3.4071302433673876,0.3,10.09826848015577,5
7.774344569015232,1.067962919107742,0.16531953846691683,0.5,0.04822261338696801,11.707992167206644,30.119040526978615,0.9969316633777455,3.1123188459720303,0.3,10.30938374469433,4
7.021334110496009,0.3208257957461119,0.20768011348802703,1.147504328428345,0.01,6.766965217151636,7.1291114954966215,0.9967355314744428,3.407302984645193,0.5598543462114799,9.810926099286734,6
8.842596667712607,0.5095864707536245,0.13832564703385974,3.7215031229081026,0.01447383043415988,9.326338018219104,8.561789445437885,0.9961809656698589,3.1903536777593726,0.3,10.008351019625378,5
10.578765758239346,0.35853997423297196,0.5507824206852778,2.8977285479240766,0.023145892406627948,8.412351114657797,33.077026116114624,0.9979334018024665,3.3622118007034247,0.3,10.141913504279737,5
5.112206801602235,0.3894178123266859,0.27718028047759724,5.357979156859342,0.03680283242890081,19.467524044840808,33.644774217244176,0.9981211502501889,3.2959804359588505,0.5658163187496666,10.8465591762576,7
8.49554433455061,0.7491474022065671,0.6032725232358712,2.4637326528695893,0.02442847648366287,1.0,130.15272753047475,0.9978521359430756,3.3718011322727706,0.3951852998613451,10.19692511505801,3
8.027774247536712,0.15833305246228527,0.060237907684511115,1.029724879888204,0.028803618374842563,6.613399773548349,89.54391311397755,0.9958769917433614,3.3237458047433046,0.38392380155136696,8.168421862863166,4
9.441278129965792,0.1,0.1347589686621602,2.9692116238217574,0.01,3.7864703675250526,34.62211248926093,0.995747362497332,3.173359685679382,0.3,10.923068463027462,7
8.662434268004072,0.8598048634578697,0.10929845260899367,3.988059040071928,0.1049925510337567,6.533022625697847,54.35508001859255,0.9961097456824678,3.2233720795893883,0.3,12.195155048687669,5
7.0216521360440085,0.26743527344561696,0.03140176114149698,3.542442370824113,0.04332921327259613,16.18143435133338,10.727051977154499,0.9948020144773386,3.3127907501610956,0.3,8.930331733011881,4
7.75760830936675,0.30341813927018996,0.1579650443864092,3.657072250098738,0.1247913574322896,16.584546038104953,89.2039534365088,0.9963124304181575,3.0885100860864947,0.5438933721626911,10.808588708667362,6
6.946756043434069,1.5,0.011048444511850617,4.358804962826434,0.01,15.392802653828996,50.96549509882456,0.996098152019036,3.208676103772531,0.3379005264948646,13.29960947745079,3
10.129212135617617,0.7232118593682201,0.2953505170205541,2.6237940752109163,0.01,3.568407009351529,28.90582988395964,0.997584064924458,3.267118030923857,0.35408620688899767,10.063154746376933,5
8.336229802742302,0.19533843242268156,0.4571426428577352,5.357138937794885,0.07620049386033645,12.544378138728902,22.582495822770923,0.9984726717285947,3.303191794612139,0.3,10.394746735543809,6
11.532024165780113,0.9011600697660427,0.1498376565591506,0.6469702759248551,0.02251636701278927,26.704717005847947,6.0,0.9964755991778638,3.206119818599497,0.4268755022155908,9.79207558201545,4
8.196876616515146,0.7350124602692729,0.205977767177318,5.5593361137759505,0.0856028516061234,9.255288947205777,35.91962033600908,0.9972072736723776,3.412813993918955,0.3,11.581210992158761,6
7.095708496252215,0.1,0.4604368373256716,5.418854583953729,0.06833171694643504,10.447652365314248,16.77543845021475,0.9959770267127447,3.0690459534687564,0.3,11.314769064749091,6
5.726685532558195,0.4675555188283896,0.0734661237101943,2.487605271458764,0.03062166438952783,7.139737071779168,59.2804424412336,0.997374236366676,3.302888843754636,0.6887689927945613,9.566271849042995,6
5.234662550364894,0.16589496511587376,0.030941276912800738,3.287118911013617,0.01152853598920048,11.444988007150494,53.1897015245608,0.9975241808974333,3.389445157280559,0.7612253550971025,10.67509877647979,7
5.606968896890669,0.38879018048179637,0.010527013843248723,3.8164566102071293,0.012612152597440562,12.275619207293675,31.368352844003052,0.9985284316255579,3.7553624063063817,0.3,9.6937727189666,3
8.754115306719523,1.5,0.08212163365979812,11.814011233048296,0.017467320289601882,11.642617206780963,66.07076692767768,0.9925471300606754,3.099723320869614,0.34666490721812976,9.719055869311468,3
9.164832539490888,0.7712721859865959,0.09699310415386143,2.3243650017489923,0.0354421798996776,10.870509903331383,138.80685943444558,0.9970310400644704,3.0023655976288977,0.5269104130787916,9.657515205128403,5
5.611975806545374,0.8440401978730782,0.3131214673207203,2.402922151236561,0.05552784630536498,1.2966541892300596,38.54808599561106,0.9955177085735297,3.4468582237761844,0.7905324912865808,9.94806144572457,5
9.821565133929397,0.3591134093175424,0.04495465982251181,0.9317844907122649,0.012018391257760507,39.05925556792918,31.23415577483882,0.9968468551679192,3.365832488944702,1.3762742439096491,9.748712116695302,7
7.478796212138153,0.8467186426833461,0.029256889740041807,6.964004902071769,0.014092542505007176,28.27432742523068,36.4514503079111,0.9968925899930804,3.352647054217434,0.3,10.485356545614364,4
8.549548120375434,0.22447519569187224,0.3572345359193441,3.5850752356759257,0.01283625636806004,18.052969843262666,14.055592608646425,0.9945662559491418,3.004232812776623,0.8626765273797046,12.013731272185138,8
11.040775068034222,0.4631082102239414,0.10356712072241846,2.0012413085162306,0.1784883653292088,10.24020027586729,46.5005564337526,0.9929878642730531,3.2648036967462186,0.3618432874456273,9.703793258727318,3
9.824626836971404,0.7467708591064597,0.20734068272907888,2.7177842381918844,0.02049458747304559,22.098358814501488,43.611953501749035,0.9965913125670992,3.337538765084485,0.3,9.616795189686968,6
7.843497898560086,0.730974492426279,0.3283068427452393,4.688890903256379,0.04609942987057519,17.515883030178333,48.678325944573004,0.9952880705151669,3.094929794384808,0.3,10.864463399491859,6
6.784973216794012,0.10532226667097108,1.0,2.8776799520477265,0.0720360659415809,25.390433769931313,39.5191102890803,0.9972331228273799,3.0800353886014453,0.5086104748061644,9.899979718068678,5
4.641913817740182,1.3882557628103291,0.25065629571259007,3.568117083993098,0.014325485342015666,9.025382742201169,64.65298779114372,0.995694773112202,3.2004715565256383,0.3,9.55625737022543,3
7.077439357287886,0.1879600404289414,0.09295649598402986,1.089106004208442,0.05223070399279594,8.9408694606829,58.15465426921846,0.9973194051623077,3.173639849894328,0.3,10.6211111146533,6
7.94107859399292,1.5,0.35187606526981025,1.22110981696816,0.05175470660093698,35.578453693480014,64.95200412736482,0.9965977079242266,3.3959805660786526,1.1383881162218705,10.352249185417204,5
6.621794803842988,0.7623184238186921,0.06878557655089548,5.934303867693362,0.011962312718345703,23.218833085292687,17.466145177860305,0.993447893574791,3.222977322991208,0.3,10.001203315063805,4
8.076863155943082,0.7174649886726887,0.4562476788758173,1.5615517214106873,0.020570962534449767,19.880939962794198,118.9114626797656,0.9960165434204914,3.146865804758875,0.7769011527111328,11.31314128190652,6
8.430648201029907,0.20303215865577176,0.08669841009695783,1.2427653507563188,0.05222165507756278,4.797224145296509,62.15951726423529,0.9959995990487396,3.618632589830077,0.3068637033551451,10.023732507194593,5
7.917744830926267,0.2769663790246129,0.055693539701898026,0.5,0.0282768836347818,6.5502614420009175,45.695044801345446,0.9954126136343188,3.3876682231047663,0.3,11.518582095768998,6
7.194995612600119,1.3147335449039612,0.18637678216000772,5.25432130607554,0.0790152477780944,2.5707391406454154,100.18450913963164,0.9969969629430178,3.36288677266139,0.3661307446764884,10.716280384348023,3
8.586712942343437,1.2026783559224183,0.24450056497543798,1.7344127829494442,0.01,3.7508973717825937,130.78551243395617,0.9944172444196052,3.1544832016581386,0.3,8.932669419756783,3
9.051299104267995,0.3671087500289829,0.0585615004248614,7.51587180385401,0.08536197671293473,10.180274303945694,59.04682894577728,0.9987735426406364,3.1387954976860097,1.1571947854697648,10.779357483207852,6
6.446321568347162,0.3429402753141634,0.10076642684000293,1.4312872096726572,0.030379841061084267,7.6403767333234285,14.062103607998198,0.9935199302054075,3.25217735671887,1.0933549679313594,9.95743535262952,7
10.69858504556866,0.3509999979933395,0.2676624657441915,0.7920875963389427,0.025085231176181385,11.34452819170093,26.40207111915611,0.9934701083619047,3.49689017433263,1.2916994561879243,9.1301296244447,8
8.132400175116755,0.9053646432363607,0.21231847868376816,1.3199161603392229,0.05682645372951046,14.398270741549517,30.568396214877342,0.9970559449228956,3.128458512715653,0.7022447550235424,10.397185971526214,4
8.332044359006241,0.8460575847475618,0.25550509001005367,2.7004839394746543,0.026647048344387005,5.535360968902509,65.9348476781304,0.9998712693527796,3.010565592301326,0.3,9.908567361714573,4
9.503964519536147,0.5549299819825059,0.4628887304007284,11.04804199060229,0.037859995407224276,15.18407457190769,61.890279435276824,0.9948792133266641,3.052816002486612,0.5001032447057796,12.600442899458988,6
8.696467423147954,0.4665536704541112,0.2320998590107753,6.801588097487003,0.06699069200430939,13.415937211935805,54.751884782731935,0.9968237605026019,3.020258231467442,1.0416370210812584,10.003352054652531,5
9.920332277652518,0.3638019681481405,0.5614673734161748,5.159381697029774,0.04501111635149058,6.865095502171874,27.434349531194037,0.9979521225853992,3.1922507548172625,0.49284661083838716,10.628308658776367,4
8.788111080843102,1.5,0.3680534141908008,7.6303348486452585,0.07400227925533272,22.246862477829854,51.38029397187388,0.9955959860335926,3.480972423154632,0.4251206638678723,9.560333177539382,3
7.258856463111256,0.11791430397895852,0.10315342551961937,2.3629561331493565,0.023920829862697928,10.615751862628002,91.70348709108679,0.9950577996455007,3.007451920867045,0.3,10.244583382528337,5
8.914555992850374,0.30660209617942363,0.4792479404723241,1.7553041555253337,0.045664230053665655,3.386167815247059,29.899746609019218,0.9983179671852962,3.286158114607475,0.3,10.957563774625768,7
6.355665447554876,0.5272285019052951,0.22408953466193363,5.430763864026743,0.10952102292495627,4.005972852997282,6.0,0.9966101916358839,3.197872724708169,0.3,12.916535904977463,5
8.48455149982009,0.1,0.4241597557787218,2.578860615196823,0.04790011156698294,19.419589283014634,29.182182703749685,0.9969931587095336,3.271567251111083,0.7808751399606177,10.650267080325015,8
8.243509015904417,0.26157710443754273,0.2595636713765089,1.2716499365290788,0.0633286721693399,12.829029329287964,35.77591306225122,0.9937293387444861,3.206071187680158,0.7765392508785928,8.86877936147655,6
7.946201342636683,1.5,0.6674472366822825,0.5,0.10137997609662343,10.418830939871418,45.96694993460816,0.9967982017272078,2.9696760256421086,0.8431346980176417,11.936505227340412,3
8.081486230553818,0.8074936580822627,0.055842494974665334,1.1517847923659574,0.046825451929128355,10.688079818181345,66.5041184135294,0.9977234313477419,3.225014028667907,0.7654909816800949,11.330132853599954,7
5.100856622654014,0.2597894329199011,0.14746533032815726,3.787605938067953,0.052449667838995226,5.280058678281102,8.15185214914552,0.9968783450201026,3.440377747349451,0.3,8.0,4
7.367167656840366,0.2531540185146102,0.29990096225244034,1.2764697411461752,0.01801165914811451,10.708529001741557,19.144631263101513,0.9969500126932841,3.326662860191022,0.3,8.866785786798353,5
8.457836331939896,0.11883160672192065,0.20393094879891752,4.706379494176028,0.08907698259751806,5.252404227871459,9.77654353374246,0.9989177887255961,3.2576742042831546,0.8658770882354122,9.944261610040972,6
8.57175586639558,0.29122020508657076,0.06949623677546242,0.7533009447719039,0.05778637882994639,11.40646985906405,76.27517442082475,0.9970148464819337,3.408499370386863,0.5560795932257094,9.460824663968674,5
6.552952260425872,0.6284611059418133,0.6185139602394445,1.1818645840961306,0.017234661960900063,13.075565764756577,67.8713879682422,0.9981408252832812,3.2675140702221106,0.3,10.310070780535405,6
10.451703329469993,0.5528759036928974,0.16778071975539313,7.679059510978146,0.015054679284099613,4.568930310700412,38.94154170847259,0.9974334042377522,3.1887844895019035,1.0047773466742946,9.854387099013945,7
6.827502758035349,0.3040835809892861,0.3928781645242277,5.120229780463991,0.027077183396352292,6.570217552261612,21.69983686983415,0.9949922748346645,3.176513200376379,0.7568782657620425,11.346565926290971,6
9.948077240895453,0.18548399141564972,0.28103514289988313,2.7246124985883986,0.0356965323888092,16.700405444868437,138.5514313330759,0.9964630554563663,3.261233387691105,0.5803906704055788,11.467625485171508,7
9.026230415181866,0.35997296004726587,0.3415340930963399,2.721904582477632,0.03209447265647347,21.016218132122443,24.404650910151723,0.9970429181210252,3.5115806852015474,0.4946599733253891,9.194728338781758,6
7.201413573265535,0.3537004230018781,0.05153944906604388,1.338396848139594,0.033522635450925,20.69081359804578,57.82743807825134,0.991884507470135,3.1413072621674596,0.3,12.430076247935828,6
11.318028517436172,0.7364180511588766,0.1741377683840188,6.024807999511967,0.026476510229048886,10.38823500898198,16.84582510763888,0.9963393950595658,3.1443055549579855,0.6250756227823799,11.850871887593783,6
6.270817386013984,0.49565229945256273,0.3483897660568797,6.097781823842966,0.033400395816394646,24.756189136277616,132.1516734662114,0.9981773824170098,3.437067782165821,0.7536495491202431,8.0,4
9.862562095137003,0.44728278127268756,0.39078121928092713,2.3405122601332047,0.07589657010068576,6.547094308444754,85.25408250200479,0.9943423584192344,3.326879188291306,0.4757890166156553,9.497483195143136,5
10.000989940673064,0.9602940421932179,0.36419608050988256,2.2990487669483866,0.05704952291858086,2.659393071588953,44.121753141309206,0.9940260767827174,3.5220910560428176,0.5266798260903239,9.256038957337019,4
7.159945644569705,1.1953008690294515,0.0874102601615685,1.6734777097561728,0.01,8.02335879844815,38.462255990608924,0.9966162136217683,3.519592571084907,0.3,9.429528806954538,3
10.66719101010936,0.5479870963466638,0.02530296672446884,3.217635747849788,0.08214504822010876,7.472321201100469,15.165657139238263,0.9939359610668871,3.425375024734617,0.3,8.0,4
7.874920925181781,0.5579548687411364,0.0440323212069908,0.5,0.04669271455677704,6.261153162516033,42.564253055137506,0.9980404259009938,3.4189414486381557,0.7477354820537784,10.569944770247242,7
8.790779169775758,0.37998213342496867,0.1821667432753315,2.5108340574600376,0.011743501681008878,18.977963709139242,34.1046216891135,0.9950727299662806,3.3122123641578867,0.474986039255376,9.610666219162836,6
8.742547125911075,0.20062571588659814,0.19864589932379806,5.182766487742821,0.03784763057740202,11.94552106368896,42.624668062406705,0.997220436343902,3.0274334403467478,0.6476178929435912,10.947597490801005,7
8.07167513950007,0.7778101621874655,0.18147178636632122,2.961392219391026,0.017104657138858077,24.9095460086982,79.71766982743338,0.9943581500419001,3.1689839281016337,0.6596741621847525,12.764334357560182,6
9.67837406437163,0.6753006520857815,0.053356900753824654,4.2753313688741335,0.017174422030253475,7.820713005797224,98.06121102383284,0.9996345494362112,3.1844104832207423,0.5591044951799735,12.063127898473706,7
9.648930824938763,0.40462117676121817,0.10670122097240646,3.4653333889318567,0.026456542879816174,9.685019576753607,12.989537483000795,0.9999748047012003,3.459848902208515,0.3,9.761668667350762,5
5.327495645495094,0.49679578166994887,0.6141844585681532,3.048459997837151,0.08161786202521631,16.581383300706904,34.607260144786636,0.9980293004731625,3.5640465066942295,0.3,10.353030820668657,4
10.51737841289286,0.9171063372335596,0.2466890558902448,2.666001752817258,0.020407854089318833,21.560360367795855,34.81387494093892,0.9947709344084338,3.3011099732722835,1.2551484136320363,11.089845334414145,7
5.473763620339355,1.0232859268726766,0.17111292159164615,4.72393110010827,0.05972198023114446,33.80724995362545,27.57713624784463,0.9958743842531819,3.3359449801649212,0.5976614638332477,12.250671290272619,3
10.055328547380817,0.1,0.6038967493313755,2.2190208199715915,0.15713267695127786,9.924805190923143,26.83555012332814,0.9924409316000786,3.2092886677908896,0.366225207048253,10.475897035901083,6
10.215398732606893,0.2452751064072456,0.7087931696028881,1.1095523880170877,0.2,1.0029571600867007,11.825592241803403,0.9983511312816676,3.2611996719902887,0.6995717604236388,9.247339474045534,3
6.445357068634164,0.40359961802110866,0.11798446420026584,6.4790582333697335,0.027477174122394706,1.0,58.22483678360119,0.9962118682784706,3.2350192713192425,0.4887562142642379,11.06313142317887,7
7.601615710477207,0.16001289266052526,0.24822493523516725,4.402365984384363,0.01,42.956264468596544,24.846411400812677,0.9958396352785779,3.5612359330439056,0.3,9.13883711903049,5
6.42030206357391,0.5066225832847857,0.03303444496999813,0.5,0.049653756280596296,9.360490033281655,32.18106195664869,0.9943763890316201,3.5355183351946198,0.579557387510271,9.166414359639868,4
7.934634248509151,0.25652380431970084,0.022219793460825452,3.2637147300259644,0.05715913647285287,33.846423822617574,31.145052098247792,0.997775011187258,3.0996140784927,0.8238684842934431,11.418441339803532,8
7.77634171688424,0.519366415913991,0.1465991552136698,0.5,0.07762077999261967,12.559481974201802,7.1170485512360315,0.9969699798086493,3.3180378128997097,0.7314718727938121,11.654937203767325,6
9.625422904857878,0.2631878494697585,0.04953679278289121,0.823044501575583,0.04960367470844786,26.61685576901872,21.558591970070754,0.9960815949025922,3.259310424373806,0.46317219172195856,12.0434331744673,7
10.527524868403335,0.27277291444897056,0.10686344816577398,3.5219115726615664,0.01,21.017656358449273,78.88498074902844,0.9967743046514247,2.8,0.6767484602981736,11.963501413400529,5
10.672662478342925,0.5164306300074806,0.22815168645628853,6.294328409225957,0.01,4.394497891845667,94.24473535742813,0.999476718904339,3.4968206211479838,0.37568716945864045,11.09904523068794,7
7.344314354816887,0.8014941424469667,0.5146740497302129,9.690773318648178,0.08715348869713094,31.793742341125125,49.60442515133651,0.9943622190119931,3.6710275967054904,0.3,9.91634126273054,3
7.944322814634304,0.6476770101364274,0.2539592137788757,7.706057998827024,0.06976193031283266,5.385901432661988,6.0,0.9937357012613919,3.4495948627354185,0.8141077456938982,8.99131478793049,4
5.438155073224385,0.4062638759173441,0.11922113618185261,0.5315126536526109,0.01237903502832569,22.3843797403249,92.13292997756508,0.9945942966869395,3.244264509431203,0.9475276709534255,10.28409000817838,6
6.93002088695648,0.1,0.7385553762521273,8.383353582769152,0.01163748389166243,18.921487500626682,13.307836134865266,0.9981634763917099,3.4928545255988226,0.3,10.104396666592928,7
9.940247776265679,0.26722875077384617,0.19430564352980365,4.716543816119218,0.13115048890807082,24.30212054766705,12.526641170082362,0.9965039717834638,3.371007607135579,0.6148496421655738,10.207513963100077,6
11.046490800031995,0.24307092978523193,0.3945981373094773,4.986249626413315,0.07827194974476208,11.742682245603033,63.29341079194303,0.994612752717454,3.598190453144898,1.382227453403531,10.324212586703966,8
6.201606917804133,0.704506045588718,0.42148959914732353,1.6028614802174452,0.02673925247895048,21.96395492904067,47.46695587251767,0.9969482996560295,3.3528499487935215,0.4852804728308106,9.970296254633833,6
7.292810759440081,0.4696418163246216,0.16986345212049228,3.772328698877174,0.014926839071982908,5.763915243866007,74.79673282148595,0.9951060849587959,3.299959488671166,0.5488357591883654,10.700247532660995,6
8.255110213169825,0.48280858702144197,0.004668613771188352,3.570788021363697,0.025929361451184626,10.998917029965323,106.64243996182589,0.9963139614243196,3.292565557108745,0.3,9.35331019318808,5
8.776273969993332,0.20901301254371185,0.09413423077510234,3.7354786741625476,0.02046559320280132,21.298645936101998,48.91360182218506,0.9968534642472958,3.257984600532909,0.5190641776538457,10.856661559445392,5
6.923674016133202,1.051180360689706,0.09886923944902902,4.224308529840965,0.05750634545048796,25.469571651994915,86.10945391583583,0.9949047117513611,3.3833430057363922,0.3,9.058826299562128,3
9.020903775588954,0.4803624265930657,0.17534344786688574,2.624752047927967,0.042628602030656236,5.729486096329225,13.162312875226373,0.9927313442441695,3.5246336312751367,0.3,10.751720670638125,5
7.4944731099794435,0.1979020327276114,0.1424692952342477,2.223906492475065,0.018106414160829983,21.470070560010715,41.513660361660456,0.9964348673102253,3.1370649494700906,0.33750273617952875,10.004450803616793,6
8.275431139506926,0.21086924913468758,0.1499035410214253,2.8449271674773735,0.0616274562579331,20.434510378925427,80.56976299156216,0.9956511594835873,3.425854968745643,0.3,10.825379813103119,5
9.228683221606289,0.5334086691103641,0.18543783053237478,5.807771320941229,0.015961720558227623,18.790536380091552,22.142573422654937,0.9948845455341905,3.7587164799970907,0.5394988576129531,11.979254555853023,7
8.310917858678595,0.19119437199058714,0.21719366870719886,4.934906692554898,0.018768729501406563,9.589732612474458,59.54339811744553,0.9964444280372905,3.1523833465345694,0.3,8.285084334169529,5
7.5581439861048345,0.24578738545172757,0.02422617881960778,5.588777416867451,0.02910828284974208,1.0,83.3042440875351,0.9971209935118807,3.4399007387685145,0.4433087872617397,10.128872282923234,5
8.113663333326087,0.1527175884290805,0.21401004664548612,3.5838368002730716,0.07934543563377244,20.207090003349016,36.06170981915807,0.9920768992686398,3.2848098330818876,0.7980353054083338,10.761829695877703,6
8.14978296935093,0.7004527537544102,0.3189927335387871,1.1888437306158117,0.016592244071569527,25.657956592251885,34.523285258596,0.9961928240223197,3.085838176270363,0.3,10.051180354005705,4
7.670981249200383,0.19531088426253834,0.7461812637131217,1.6575187820006294,0.06841514670701972,28.437760756191707,65.26733677647269,0.9957882881157757,3.0414066414509153,1.5,10.48962876455447,8
7.860046693465927,1.169035614040331,0.2073824765345728,4.904793485525922,0.1303730609705934,3.5132912968069743,6.0,0.995326534666786,3.407535942543616,0.3,10.550739853327997,3
11.017700189858019,0.5828119272310365,0.3754877399651811,5.9741776602248144,0.0215948155424707,1.5032893523646638,25.547296894165918,0.9971730332725981,3.1094135433670678,0.3848078910531481,11.931278056455664,6
9.253563061500106,0.15214172795668895,0.2961267572780795,5.433077181840469,0.0731234296828643,8.337122810764225,6.0,0.992637347914308,3.4279417615837273,0.42187118915929245,8.898278031490864,6
7.797683459350428,0.6434648846243328,0.08280473309759748,2.859087957527264,0.08614471628518401,17.000240812114445,42.18114203315474,0.9907056668289921,3.315024969967824,0.6866480853709114,8.631068319523095,3
9.484822487668252,1.0524263946013999,0.2191297440307041,3.173792610690028,0.2,19.51596876603995,56.32330686174116,0.9930954078325388,3.5856977319338754,0.5207184498995225,10.699774789807519,3
7.732506867414783,0.39271800120300043,0.5650241930823278,2.918160911018712,0.0516151033857475,8.816842672520021,26.530482973335015,0.9972766060555005,3.163468879212631,0.3,11.735528386949058,6
10.29431188389729,1.1359845412061667,0.5431018002003751,0.6688060950196808,0.030278728562594056,10.22903896745968,34.11514334441664,0.9951378397294338,3.1478829465550193,0.4180950222807081,11.5960695556036,4
8.928391726736761,0.5908214127284097,0.5425371904658008,1.060823884287048,0.10923777153537606,11.096617298371239,18.77105336576212,0.9955570486847739,3.4752701629596627,1.0079456239412221,9.911366290631227,6
8.117586355192811,0.25675356268757915,1.0,4.108867577244048,0.0626428381659655,4.276117334522776,21.50268285277229,0.9990676342097702,3.2574551100540767,0.859101802312362,9.181669703971984,6
9.061118773877473,1.5,0.3155874556884787,2.0963760132062728,0.05855554569687884,16.602483188846577,66.02176277357921,0.9967798910464676,3.4359829537706235,0.35121794324095024,10.833134960231822,3
5.629510541483552,0.11549879450659944,0.12190946134072107,0.5,0.052829675595688526,37.96097962317891,31.2537113098616,0.9978340475783276,3.4956564280137465,0.3,10.98043414465939,5
6.384495302853332,0.32120959357942336,0.3216134040988569,2.962364510973493,0.13527649296444116,15.411403924472669,31.336964337749475,0.9958793661595776,3.532002068819344,0.5869171909101589,8.984536708826655,5
6.270327489121607,0.40627112978997715,0.07042111299469528,1.1503572341686046,0.020535795602849093,22.883489943609575,41.013434420594315,0.992119487243775,3.109760649657075,0.7006566176672171,9.671590264029831,5
8.543003261098303,1.440814334453941,0.2787201881215806,1.0122820527132634,0.07405687807809982,8.021990274252273,120.4061360262121,0.995595000081115,3.252784271143286,0.3,10.735384946920659,3
11.245275499124658,0.7119342933896873,0.06596599808768122,0.6461402162655314,0.05307311290868907,8.56311380955846,58.06266916797992,0.9945056899161856,3.0394681516638054,0.6258916087218795,10.412466026572245,5
12.093210248527475,0.6295214701686646,0.09315958273475149,1.4032982072016091,0.09146622447518625,11.709543724126085,30.60939498763868,0.994549287031052,3.493616886289495,0.9736033848911243,11.643323781430482,6
9.384686872449288,0.22406568590488674,0.02057513058570124,0.5,0.019230252141800942,8.78326476954957,56.614681304160214,0.9967043477982617,3.2791227520076065,0.6348452925038326,10.697441033312536,6
9.151435607405578,0.3812015976896559,0.26194710416106415,1.148026078420833,0.01,5.254686582450408,43.79122345380436,0.9920151647475731,2.943388127811529,0.44783066080937345,9.036182032899818,5
5.238201851940344,0.26191914025380675,0.5213707250540914,4.143289856843155,0.13499490817904705,15.977105954540368,29.656480035369892,0.99474424250165,3.4752372226729626,0.7308291001877645,10.730299032695267,6
7.377454540452164,0.6144793481354146,0.2083366558325355,3.4675615693725668,0.01,5.7795483956243325,6.0,0.995206221989232,3.4352638518495473,0.3,8.942571701625024,3
6.960767621755995,0.9413566544756423,0.18543950358350625,5.453470737686823,0.017538343792344188,6.984939020505667,56.708501580895316,0.9971612557903927,3.150915118358288,0.3,10.84006789943084,3
7.244559082973104,1.5,0.10078570583395059,3.690423435679698,0.01,20.8122982799472,73.83851106910623,0.999745019298751,3.271397380045812,0.5017644742569981,10.098344193925632,3
8.014155508405858,0.28723769560112317,0.4055879967203799,0.5,0.08089017054534732,19.87190425199101,6.0,0.9922121545546594,3.39451123743912,0.5977745885423174,12.655022187347988,7
7.497446017914884,0.11214264612286018,0.45964841733796447,2.056129898345021,0.012783043730035373,9.091764345187283,48.746006646124336,0.9961773373512652,3.4627393890613285,0.7330150859584117,10.81298632264133,8
4.935190322361162,0.32560372345557437,0.035392630959883084,1.9182804134984486,0.04776632412213024,15.078305705305317,90.01291468989604,0.9953807923680664,3.20741066399594,0.48551256486062533,11.613249955513718,5
9.571447435399808,0.8547941810375674,0.2250239816620394,1.0389599946595809,0.012662029605132186,51.03297566652603,15.438085719679066,0.9964459316596173,3.4512175043938904,0.3,10.21088917883708,4
6.47633685624233,0.20046799309768867,0.39400283184758783,0.6464298643923088,0.01,1.0,32.883126851983995,1.0007036602104502,3.2645009764966364,0.3,9.901224322268067,4
8.706719668988955,0.4176550956622253,0.12077827750546606,3.9610171454916383,0.12750400498860082,7.701540810071086,35.663891215695294,0.9934713384072656,3.3612104240800593,0.4962870911674487,10.962687137756413,4
11.825940538574955,0.6352680227127265,0.028300752482859216,2.5121248946898183,0.0624070949233607,20.4497199483976,82.66209556147291,0.994917449849714,3.3472007565954907,0.613079894985298,9.817069212902288,5
6.7370461943030815,0.2921363082658975,0.06216508597669931,0.8974346781242721,0.024992210005183448,6.797500204868346,18.657356395172574,0.9982953700011983,3.027202449796939,0.3,10.672341176824036,6
4.0,0.49602169151998055,0.5869474887292849,0.5645564655912203,0.03894053237038735,7.168903328139491,75.62441074136669,0.9967979109102681,3.193072889742787,0.3,9.597768141170302,5
7.813792822803812,0.18330645430517598,0.447057573468686,4.792705570151306,0.01,2.932711648633489,100.16858171983019,0.997432819693011,3.1175850171783837,0.3,12.203281456708423,7
10.17163137949757,0.9861857106483287,0.492139610308206,4.211510040759922,0.15594977943088806,9.514379948582516,53.372219998186964,0.9952240912183641,3.1782380580353458,0.35530044007696787,10.458027255132262,3
11.62919067217501,0.3457265942510288,0.044095091418505546,4.2933699692746785,0.01684063767935098,6.384179870096492,26.242929624185592,0.9977459335972875,3.3468482712371888,0.3,9.650755262751069,5
6.209765689430892,0.4853209823391444,0.39099326507712356,4.090628550867251,0.06852822295169736,10.204789761661235,8.193026875604813,0.9976130348775526,3.1831999562883557,0.6509571543265573,9.928302951974391,6
9.144388679502088,0.1,0.6158097167945074,4.08813424363484,0.01,8.964694907914977,30.990549878093205,0.9966380654627026,3.3492693179227992,0.6019478433929838,11.383307703645496,8
7.50897222347391,0.16044169968978877,0.09403789429266435,3.761993303619073,0.043191022716924,11.79207421389659,22.079364638866515,0.9995608775791321,3.133816336166267,0.3,10.593632889659364,5
8.11988779768297,0.8352352288498113,0.1553479940903592,1.5509208007004434,0.053647334123612785,11.686492076001375,10.57763708395023,0.9964893597309654,3.250736501317102,1.0683914123581495,9.535542559963645,5
12.79538368992896,0.28872212009081427,0.23344173511951066,4.043965216041327,0.03439247447486411,20.56006341967248,67.89313071753892,0.9967653953564165,3.5223189017185277,0.3,11.643673417920047,7
5.744950441728241,0.19191589491182295,0.2676330888656951,2.816168348977443,0.06684129541348681,12.047721079638883,25.64182043131686,0.9952059562007333,3.1775114353296505,0.3,10.480642771189794,5
8.731357424540775,0.10294723233419845,0.12739342594168374,1.181516414346167,0.025633142971109513,6.958158664044963,53.09753989177979,0.9967917824641965,3.416337628075706,0.3,10.681383375621797,5
9.095078392001238,0.9735701067042257,0.42722043701616574,2.5504255647233047,0.017695829274932344,23.95727567106364,11.345034703905686,0.9965241862309383,3.0801959543832584,0.44971629013651004,9.630795577840097,4
10.14583675239689,0.6903631282606579,0.30546930429968794,5.974555475117342,0.036065928104433057,5.939066776084152,28.60696003790768,0.997206660699368,3.425018374593743,0.43605982985276137,10.093771436486255,5
8.466571360900524,0.6586011049187772,0.07519600649516608,3.1927251702195782,0.01,21.240046304541153,94.17856273676091,0.9966727987272247,3.1676557279743713,0.3,10.28437983561753,4
8.823685917156975,1.2398223494629381,0.4053972354641071,3.4988083468671016,0.010206625164346712,6.01556468227446,25.262184796637314,0.9966985566786049,3.193073753670056,0.49664465016415776,9.44338409274651,4
7.634197435382956,0.32147256126310747,0.16606944678641636,0.9690742461391566,0.016968794359266074,52.05128625233526,25.957906336283465,0.9952476863096192,3.4562478395598624,0.46274726478701644,8.01228394676462,4
8.757515800116684,0.11354313009870362,0.3163827254573714,1.2499065208137496,0.1129136119658277,7.054413939581321,38.38606508999027,0.9972226765573151,2.9408721348244375,0.34567122273172696,11.807314190211455,6
7.716573131654403,0.4365945772361937,0.08259231131380562,2.823303850212058,0.031646578806879044,24.64075261381806,15.789106270966066,0.9963303316684158,3.2724607423134606,0.3833721414424992,8.986413615524732,5
9.356672212755287,1.3988517064458938,0.08785978086219781,2.2487356674554975,0.16866627281489482,3.4297027548614065,49.76981587207233,0.9954151842972088,3.440940157776145,0.3666899838087207,9.614839430851118,3
7.671662428725823,0.44345310873164634,0.025160568141298068,1.979456363266341,0.029378005574798114,60.65408458117924,69.65887727050874,0.9945896322593664,3.025523787738769,0.3,9.81977624177676,3
8.941070669633717,0.9246922648582744,0.4714292080807702,0.9833919899486804,0.01787665718328294,9.0234867140597,45.5782288492708,0.9975068533646826,3.2764645242885084,0.615929182971257,12.116653455621728,6
8.250253216735537,0.11808391682030857,0.3748887695683229,1.2249001595128246,0.1234198889372381,5.14623839451648,17.742672968783502,0.9974973118016073,3.116090011577355,0.3,10.042758249145836,4
10.214285426312687,0.22006837706404866,0.2346102536842765,0.5994930389788713,0.01695839835575902,15.773219301853295,28.169115650602954,0.9957919699239507,3.195826932934436,0.6991804695223848,10.712593522890849,7
8.212630669899575,0.8011063857742138,0.041856789871355375,1.6582539971128876,0.02841866228660371,16.728964103785877,52.409410351387564,0.9937002908531373,3.315286638951302,0.5795567603526747,11.147514289946221,6
5.285844804048303,0.47794658492834646,0.5332611836153932,2.260972016247725,0.01,12.673196125522612,65.73943292579261,0.9986874553889927,3.3727340237513315,0.3,11.782804394947796,7
10.445266551213786,0.3870883047441824,0.31140359878566976,2.3955469629889787,0.09676268374546937,7.695160181794399,87.47516058659838,0.9983845766082113,3.3707755933903507,1.4830445017093699,9.712370360060156,5
6.760255088533548,0.9160200428956677,0.12726283806753808,5.838601907154148,0.03316843360539978,8.329014398973378,18.732544902857406,1.0003040412239985,3.479129242533023,0.3,10.99330414471866,5
7.188597224297007,0.7936823411678141,0.2541869580825223,0.5,0.09318766437462597,6.756223911440192,78.74434005644409,0.9926224102068255,3.264138823900157,0.6369182383079846,9.667444866707024,3
7.287375800126064,0.48764457027946473,0.16197921228413845,8.181875256243544,0.05471758866336482,15.076049698782493,62.76520236322626,0.9955028195399371,3.2079202184256297,0.4462714188193958,8.643613987779473,5
10.63654475839039,0.1,0.31160629018833813,4.09508883438597,0.0323043395667571,7.884036067734188,67.88873167986199,0.9946742912609262,3.3607431840244777,1.1924544054781003,10.25360061651898,8
4.669353836236219,0.42258542938387983,0.06771288621871711,2.704408717687525,0.047485063777165444,23.446020973158458,53.50956295648139,0.992785980560428,3.464197480050132,0.3,9.656572214638478,6
13.63417250722199,0.5777605060715185,0.011877705175800042,1.1406741521706802,0.10507342102707505,19.2984254605798,14.710548761101682,0.9961041784071797,3.194142481788339,0.663069855078278,12.11000363836561,7
10.095296575412288,0.1,0.2882500490312974,1.7440200578839082,0.03841265387382919,17.990109536658185,36.20895047749419,0.9964490401278798,3.341117316635053,0.9113211918737818,11.931126992931713,8
8.679506154019572,0.5636475380548842,0.32707679651127736,4.030562938725076,0.028814696700424833,6.343734433510743,6.0,0.9958664201235817,3.36651272646623,0.9434800886975189,11.523206411954655,7
8.206680198952315,0.9445035235792878,0.025067873670201933,1.3379884672420255,0.01,4.71522858837737,41.90461380932001,0.9930875767329544,3.304597276813591,0.3,10.536240054207719,4
8.785441927258017,0.4219738049960955,0.004855567472602276,4.3067882127682715,0.05265187566772258,17.750699260779808,26.69087062385849,0.9971062126518196,3.353629317247487,0.3626946636513665,10.370061747766503,7
9.185908128244876,0.17240870233975283,0.23688705445872082,2.506172507569608,0.033395014861012734,14.431391379140265,6.0,0.9938601686927533,3.404049078995274,0.9722286310905058,10.73561387900116,8
9.396866496115098,0.1,0.29672579083113887,2.4986279681909527,0.11785445884982457,16.514604377550846,15.771975459961649,0.9978811958269919,3.3364564790002413,1.5,10.370215702428158,7
9.244527592205863,0.5718294920324463,0.15587032519347233,4.036334449091248,0.01,9.012279822064084,196.29592456041405,0.9977860862090665,3.29719597287445,0.7651462435943657,9.771078358448065,5
8.452287158133924,0.1,0.07306231452508422,0.8998176690315174,0.05408221307789762,7.371260061530713,16.722131385747975,0.9967055651991911,3.281159589674589,0.4796418810382487,9.899955471817666,7
7.964524685477547,0.6547530369766367,0.7496368960369513,1.9411153078926748,0.01,18.812354335172376,14.892122764220177,0.9952673865550119,3.453525109109123,0.3,11.16554854877546,4
8.04283541778903,1.3542961959018027,0.2749239934106193,2.2715061622187704,0.026585231570325052,6.543503486221953,75.10443133627396,0.996258210826648,3.3544277341747066,0.825525617497863,12.529084246634309,4
7.968655923400443,0.22920239554859867,0.4666478008581254,3.8987873522009204,0.11112126804095412,20.744982956156186,19.746112330646227,0.994894580003142,3.4693387240461644,0.9827483431962085,10.563021046581735,6
10.227409164674011,0.3526783260436322,0.054986413690774255,5.500530106776623,0.10944365266530036,15.607085225994958,24.012496129711764,0.9971362685301284,3.3173883645703364,0.5074514409433721,10.413277765666482,4
9.309046427877465,1.4057920834064082,0.5214836780131605,0.8274222138503087,0.05192606033739944,7.155934253480398,54.116970420803,0.9985430071883288,3.3970887110999346,0.9205319276289109,9.741619024662036,3
4.0,0.4620700232323703,0.2663329930539806,2.5212511829297,0.05254294639530467,15.475259202774305,33.96999618353895,0.9983360428692022,3.382715142556333,0.3,8.635987197452158,4
9.415031320100594,0.2911283102133965,0.6948412396204718,0.7655799543948318,0.07514070369478365,18.119352140881663,34.305535049600664,0.9960487090242434,3.21279018486388,0.32813674800714526,11.043270113491575,6
8.631051531021917,0.8547487383959897,0.31637135216881745,2.5041183540676184,0.033493853447750896,23.58173780753648,15.947985747122004,0.9985406890016334,2.9353031448208706,0.6927748510352171,9.460352838304933,5
8.268195114041974,0.3045655081979253,0.20532581223365454,3.518691992873581,0.029940299811507684,7.003493898027504,64.48187926569409,0.9966090708357911,3.0537369017548026,0.8786233911983637,8.60274457004777,6
7.639518629748895,0.21591809447988025,0.174826513892298,1.745545040590305,0.01,8.873188831150612,51.20658932834517,0.9918095095499765,3.4257419863105936,0.3,11.957291567157066,5
10.210991623976224,0.6475927255002987,0.09750961773821797,5.697998961332599,0.039071786448281076,26.456413311317114,16.56318626121361,0.9983411164730217,3.3835307683366076,1.043842038221971,11.450796565708929,6
9.91079498560886,0.9023244143423406,0.17650948248653733,3.549310766907654,0.01,15.530299296927787,35.19634587379254,0.9963331558310871,3.3004888225015314,0.6531394885375875,8.712546781259123,4
6.986107964699865,0.21453989404540336,0.3209288767862015,3.353606261699007,0.024567232611556886,7.348215578112518,59.458737413024956,0.9968395195212367,3.337082123794548,0.3457704534847038,12.886226474578272,8
8.99198888811171,0.49131919930669116,0.367422590806602,2.7783155612792143,0.0793410034781187,21.90124660816824,20.563042025572642,0.995286113849314,3.2002214428040725,0.3814260040921042,8.852219950878832,5
6.648183551279814,0.3651130772543001,0.08220574873597129,3.990379602825696,0.0490230670807698,26.955005351609493,38.07715548430609,0.9984131077522601,3.1910904521891545,0.46497722267904396,8.860329398390434,5
5.954649119858819,0.41280652264269807,0.03573995799597942,6.014326203348944,0.01586364943323634,13.173859014159492,6.0,0.9946711271536478,3.257308208805987,0.4376177070763817,8.531893430894565,3
7.23458071819706,0.17401220777489274,0.24777538965161705,2.9112125882281825,0.023194883674294797,22.036128402503437,57.83432461859205,0.9982496323083921,3.42052409060296,0.7322323381490721,9.945367334296675,7
9.76606890305069,0.6830559985709118,0.0229452150882526,1.826420933346216,0.04097774433129367,10.09348716362859,19.87799450178491,0.9942306740097947,3.4559414807960644,0.49843296023797945,11.656785919069844,5
9.920312577139349,1.1658100213163045,0.17995003747868898,10.843458592101818,0.05917550903439599,14.525143157234172,39.00010300649163,0.9964826096937058,3.349133215439231,0.7849263688110496,8.729343641531889,3
9.172245214165399,0.2101639298501534,0.04281496553552836,2.855360799800418,0.013728565705559291,15.549320197904168,62.848900088403,0.9984866214142114,3.314823782911801,0.3,9.70302466930163,6
9.532662837641595,0.682656310298957,0.3555236463113359,2.2568021584116558,0.09934024505977022,5.976675847771017,46.19968928329704,0.9986755360144258,3.2919288658483405,0.6292751328748315,10.753837754589101,4
9.17750308809543,0.8411929375080028,0.12664194187607686,3.8422687415274295,0.03671790417744863,7.563994781913157,14.240574470364919,0.9975394929977967,3.2411595846227934,1.5,9.855742767816885,7
7.2094812881209815,0.48861923386849193,0.14281711296680516,0.5,0.01338900848128797,15.662097081636487,24.483407141937562,0.9980114363991995,3.003266712690832,0.46069645025608613,10.404982282798407,6
9.0342683259457,0.6622696489244055,0.03270477935119891,0.7711100549578298,0.01746713515014509,35.632087625273485,48.3459105034407,0.9976665951523944,3.430670136245943,0.3,11.350963760997342,7
9.66069619288706,0.23250306444349306,0.431916259214707,0.5,0.09582773929893157,6.94676396302047,6.0,0.9952524671652427,3.4041543233267695,0.3573887303977096,9.803879169289596,5
9.582295260683077,1.1220976834518916,0.22540966834788867,0.5,0.06066131329611261,10.945118866437314,45.121854682511284,0.9969352742522541,3.3442228170598827,0.3,9.432319108948422,3
10.321152731506894,0.9070382244800572,0.2325298932687813,1.068287046772633,0.08187136979927441,20.251609116943804,15.14256467802991,0.996514305063894,3.3931145851582434,0.3,10.812532896971526,3
9.504116540241808,0.9783252303430234,0.04539346505857026,1.747139093106218,0.05030906191422757,16.360177850648935,52.16639328527208,0.9979702930677851,3.5643899021632253,0.6817592972528128,10.417852458721367,5
8.897461952820692,0.14710981273341014,0.019697265528415848,1.6798007779706328,0.014154742446340855,7.539353235091114,43.69572702887994,0.9980915000451961,3.2232836095282766,0.6334906142822847,11.15061176741173,7
10.119255405137928,0.6036036295660531,0.08157011520386782,2.307289466844329,0.09791423899049663,36.56822404277848,67.46700550974029,0.9961025075785929,3.3467410744588695,0.7181386880749765,11.303983906421257,6
8.254913859276598,0.2477821374674355,0.1235646677837454,3.2146944817748495,0.012111378064168458,14.26943935101789,60.99841197001603,0.9958316349213432,3.1138411905460748,0.37988085872501015,8.44323314156497,5
6.800813092912881,1.1867947384153301,0.0789604504313288,1.8029443133183518,0.03974882561225318,13.389390259486577,61.53644914786889,0.9978919850058622,3.56089477310111,0.3,9.597734718797001,4
8.022786161295603,0.21419623193724804,0.6972303908941384,3.2971568340031197,0.01,13.607488894044655,36.61780270885397,0.9956733729988724,3.3118429602282227,0.3,9.852667717496296,6
7.033665503829037,0.5034774360011456,0.4408750783268953,5.978076889446787,0.02422539268886255,10.01181568569036,34.47649295128991,0.9980573377909674,2.9981078767718308,1.2912817928081397,9.98283544248419,6
7.152196932543552,0.1,0.18410174003486277,9.034770657030299,0.02612907892109364,36.64716327064725,67.58034495735146,0.9962582823220654,3.2441547344506625,0.8390146906607092,12.122473012800642,7
8.05431825978362,0.5015434290740688,0.08856350192350916,6.697408675789776,0.011393250151707696,2.592872079241145,33.53649475568976,0.995018913117356,3.494646390257527,0.37668721542410843,8.0,4
6.9528861343000665,0.14879911931132425,0.056493923418017955,8.238189483917507,0.016682535253424304,10.018533804846012,20.178844820682723,0.9953146201067574,3.4089513646589524,0.3270676247252775,9.907508334308046,7
7.776465399613632,0.626006510402362,0.17673823815899736,2.3484237569369175,0.04532405912457346,5.180143017250276,30.326056065815795,0.9909017801213477,3.5481257303665066,0.6199196577826329,9.342841147889393,5
5.0808550661785645,0.3737732374313215,0.23892958727103475,0.5,0.02175691102397079,9.747114102134915,35.275488734654246,0.9958899855181956,3.283517818537738,0.4329236651348435,11.4193749448251,6
8.662599302533996,0.3120232206474064,0.1171507318211292,2.187357178278944,0.2,27.51678863598173,19.333565999377843,0.99715068772553,3.4243547274198325,0.3057420342378809,9.524311020528822,3
8.302049308115782,1.206902806556195,0.26902583697617255,0.9784064458753046,0.06354330910698067,39.819322919730155,29.211158323800003,1.0005942031125943,3.3560763072941744,0.50773466314838,11.93314254277037,4
6.910949327184077,1.5,0.10824585923467826,2.3735113303682827,0.06800262891036692,6.458391632563009,18.648867139557595,0.9948892150916725,3.3524595139106936,0.3,10.335370796882401,3
9.42071763633509,0.10855803574428799,0.0556913379980798,0.7599646414565144,0.08312029974669691,13.728952094583448,29.672663739668312,0.9953853445163845,3.153537144942711,0.9776435616972242,10.126375449229325,7
9.89386923396515,0.3203677259650678,0.26958458069993413,2.731154547892877,0.05254410747536229,14.433704014131877,18.705355863342056,0.9947979288053155,2.8401759596176115,0.842226259496841,9.79302835534379,7
5.567148230572744,0.7602477766089396,0.018548639344388856,1.2781905061623302,0.01813514118507172,7.331292013240396,19.016844687210575,0.9946193462424853,3.291607886119949,0.353123037707797,10.019327574597233,5
7.003367876437436,0.5536731572967726,0.035500378551685266,1.2686767280964615,0.06738529268987242,14.397015852573006,13.022173376210231,0.9970465132483434,2.9856494129786335,0.7815373522692479,8.555322318987741,5
6.992458005361594,0.7311978059808574,0.0678852790989388,5.499504506011231,0.02781463341282413,34.18410577045178,78.45454736511326,0.9952967986747355,3.3899696956227725,0.3,8.892143923784356,3
6.702164728114931,0.3952752694680758,0.09972026725801147,2.7900540866274826,0.01,4.035185498801562,45.75796964114105,0.9946983477317662,3.2370313997319076,0.4582483669204766,9.787928374581648,6
9.710107231283974,0.932825621988218,0.3217661377402939,2.4837725472211742,0.05653964257903763,14.994898263908551,64.0435558575443,0.9967264702666943,3.174444009377465,1.478571974883661,11.130469203377281,7
7.970495564086235,0.4872850888665124,0.03288384131079736,4.5698017879327555,0.05132363253053069,17.52688573779425,9.123814301115527,0.9969917529366482,3.1704500631990618,1.498141385739031,11.402145979827845,8
7.850324769771962,0.5776959068123249,0.14342950530149012,3.249083717141464,0.06850672668062577,29.89461649885125,96.80595005577717,0.9947418700027443,3.31167546129673,0.4330534218010208,8.654817673664255,4
4.8934339805085205,0.14897398658655303,0.2414588868260999,4.50820277359969,0.033312491950876016,7.341993961958902,17.430867190914576,0.9979615157644419,3.443639910356818,0.5022748510987746,11.344765103939082,7
9.380210651355686,0.45064573600304136,0.22436211694273098,2.2197609134524185,0.07560728353191576,4.4782706400225445,18.787963838061533,0.9990017531605483,3.255647729897804,0.3,10.630515938360075,6
6.193260728749097,0.7660092572835728,0.32188122644898937,4.3049815299645,0.012494403375872983,7.124222750128468,99.6238421588815,0.9972791143048004,3.1864817895063084,1.5,11.049015938663459,7
8.40188547145276,0.5314317300022938,0.1475238039878305,0.5,0.01,10.44985114470234,26.552152163700708,0.9969736627375907,3.1885423618509,0.3,10.281732565585981,6
8.771540794528926,0.4659609597441763,0.09635518643666617,2.1881932245283795,0.03975314778347063,16.53612001729349,30.169792024219664,0.9918806110018513,3.5430247433439463,0.3,11.377880622944165,8
10.613119612925708,0.6041161803168132,0.49369405481405976,3.0663956232698784,0.021961277650343648,26.44319955642542,6.0,0.9944737149192476,3.2929900774916994,0.34022246935927375,9.651720500432155,4
6.07500532149751,0.48522796490231274,0.0924853983227248,1.7409885073434581,0.01537793279444129,17.639552663431097,34.42883466752843,0.9935143064984514,2.889492721319454,0.3,10.2445099982778,4
4.0,0.40561036728445266,0.07943756757483958,2.2558998060856394,0.029202108648419264,6.21849526698397,15.11327122719617,0.9976738754591689,3.24112580849023,0.5574843988802091,9.296086884156203,5
8.612544226081281,0.7826749402660332,0.07328896564084322,4.693238591234239,0.05993396678705928,11.783285451479452,54.244271887633964,0.9977628228477766,3.0848812096763787,0.3,8.827421947104831,3
11.360869008568452,0.38405139321212045,0.0703264240337868,4.796258459827541,0.01,12.458522244039504,49.410357549692854,0.9967990899387363,3.2073948189838606,0.3581309814324217,8.0,5
10.406208799997044,0.1400006550953449,0.5837016995560076,3.0550199340291866,0.025214170824243393,14.769702958591255,37.62985165625503,0.9955471384517046,3.123383963332803,0.8720210598677952,9.618356645393597,8
8.656421005966864,1.1706426269530772,0.6574610310797638,6.191104681244717,0.1209562225162147,11.272978767422677,46.15802082387924,0.9955226973365632,3.586028663833081,0.33277251560854443,10.414805767658635,3
7.46421848442552,0.25430523951626055,0.35424081202068375,0.9389203948605644,0.01,16.500947492278154,32.1912739024582,1.0029419343138786,3.3477934822746223,0.4698605845441605,11.246420566683314,6
9.672108414283429,0.10288548218201987,0.2785387176840083,2.0046607678911665,0.020441248456841716,8.471174501816744,31.457170200064184,0.9974382927474592,3.460026986439741,1.2270454380906768,11.652924088147001,8
6.644971460502404,0.6584450691542597,0.07960644768993867,2.0653827085630487,0.09410354283748078,29.05012566652646,13.866432439783393,0.9958318463001999,3.5837694164067244,0.7135527357397741,12.784747956449252,6
9.109808207905573,1.2712572444337475,0.11535875084980463,5.797586556232165,0.03130339269998347,21.051147082897646,58.104059586737336,0.9968816580079793,3.3437788572651055,0.6871595189920109,9.93154487753361,4
9.159299270583267,0.6696346840036758,0.026982364682309697,3.5530333996530308,0.04428554454314923,16.713410961892446,104.67888607523791,0.9936949389921012,3.6827006743711,0.3,9.767470453318465,5
10.102356842748096,1.0604320542103314,0.1445359575566568,6.9321897076708225,0.02578505859675407,9.619978196932996,29.498737655222023,0.9970304013805235,3.070274900119657,0.3,13.953620636810745,6
12.991422066148832,0.1934138000996642,0.04064282305544654,0.5296171374748123,0.10029536632448795,12.932348578454096,40.23529205105455,0.9955478308750871,3.5115151378670153,0.6538794079719156,10.457248321235788,6
8.967107144203904,0.1419745599025767,0.21069223042525517,3.122528987888012,0.019037767190826647,7.703835680957298,64.85397139368219,0.9969093904157252,3.3296243082187997,0.5455406010454857,9.350862130965076,6
7.434761836297253,0.3194159079283814,0.08638887118533393,2.52397632741474,0.03858852251500483,22.94330889598686,85.41334013281444,0.9942933257900881,3.4306682342707844,0.3,9.611845302575135,5
8.25652366927361,0.8861845687985037,0.2264274421947668,0.5,0.06987768891134187,29.748008370262998,82.73433864049207,0.9992807105009064,3.2785366940961804,0.3,9.732865318082563,4
5.2925709616885,0.6275945174096318,0.07165333525977441,1.2461124988923666,0.015896329871887816,25.10037892085176,6.1086625956446525,0.9944078690736807,3.398206841479767,0.3,11.063624828649038,5
7.118987677148602,0.6611300473980062,0.020675615961579377,0.9484890645976018,0.01,3.489136598478072,6.07577944019908,0.9953841890476934,3.3637230924692996,0.6072495928949018,10.163849169641937,6
7.604219855207724,0.4657519321317159,0.05923607548725979,3.5238033941359745,0.0597803839840066,13.430240400518402,87.5086891126611,0.9940172350158195,3.285545030667715,0.31934413857061633,10.076358210457439,3
7.409049723511194,0.32454315639197195,0.24358791519476683,5.606619800478443,0.011038939943652189,2.8932818233555846,46.24939234740295,0.9946926168288356,3.3215669253492703,0.3,11.375742393302104,7
8.559003282457327,0.4817586705943372,0.25717530278602374,1.8586111654709745,0.05154089078139751,24.61318215881544,82.79056306595058,0.9957513037228237,3.5636141801695764,1.3327898998720773,10.092538956480213,7
6.90188611495026,0.3735948804789003,0.23579053871789446,0.9094786528170546,0.04927233935603012,10.997411028351493,46.04203996527539,0.9960891135368621,3.1906960594265885,0.3,10.05864486245203,4
10.205752134451602,0.3063388885541465,0.2082882208342844,0.7426811216100349,0.010093388799365697,1.6769258745862552,41.90975157362885,0.9955655602476268,3.531258936225725,0.8087121292496976,9.569972666964622,5
8.300352010360935,0.5647394640041925,0.18418711229184392,7.179083755911098,0.04160622663918038,11.533631886422066,6.0,0.9969154048321563,3.1877878158746444,0.3,11.459607962313292,5
8.284189454064355,0.34584016392400857,0.306310394884802,1.3871833461919283,0.1539917857428954,31.289842335265824,118.34605977338765,1.0002360096091474,3.3999971735601435,0.8487574924935569,11.355995940113122,5
7.74257898192804,0.5185025887658007,0.005159628035687741,0.5,0.062363077753411066,34.26813483161622,40.61780550582169,0.9956497115735871,3.291808647120718,0.3,10.734263752170008,4
8.563824162560266,0.1,0.5634031657847071,1.5267805476562506,0.2,9.699307159903645,52.24152887624648,0.995098579889495,3.3943484331588327,0.3,10.296373189748335,3
9.70266704993498,0.4871599387411594,0.14077160154302898,0.511769919406222,0.02172633531547082,16.559756012940994,56.13215307496286,0.9984790064665887,3.3455878041215903,0.3,11.612301439882756,7
6.82587863329147,0.34411431013220584,0.3081612757773272,2.616970377853609,0.04360277356649191,10.715567386482899,28.56592834273809,0.9942942585902816,3.3781791798056364,0.9672943160359265,8.824376339446578,5
7.181201968572065,1.098960756184668,0.1704827731906462,2.4219606875382205,0.014848189044658441,27.986264165917454,22.33534081734726,0.9989697312097787,3.395514437965742,0.3,11.639324393340596,5
7.7836657510796705,0.1,0.08458902671230852,1.845478073259935,0.12151309239414891,14.512083694856603,58.319889882498416,0.9926974208723007,3.3289170278185236,0.3434152148982352,10.875918101281322,7
6.012019430095536,0.4604341043505314,0.13064417006581394,0.6076872002935887,0.027538398811698533,7.984147997427277,70.77322285266716,0.9978024822107867,3.487478148272325,1.2406835258036732,9.29384702036459,6
6.907261638473455,0.772462696963842,0.055407958522538416,2.358201721936223,0.01,17.30515746139514,62.359870537772466,0.9942957217449827,3.3785230710870406,0.3,8.634533629982602,3
7.49042451497408,0.3854280211122924,0.06684631680140217,2.066871634178903,0.0431666577013444,17.336755480250925,25.0241120553887,0.9942388151855038,3.562992050630196,0.3,9.75371534568634,5
9.786461607211638,0.3347809525343153,0.26733999982792955,2.257317093801115,0.020404106456935214,11.845785573372142,33.88045240561186,0.9967096754325775,3.266716190177197,0.9654921413476413,10.280207980823356,6
8.746354259303272,0.7706228473325135,0.21201481978389378,1.671583980653827,0.05049132069677563,11.23676001531999,50.33360165734297,0.9976453332894019,3.18985136040796,0.577600211521287,11.283405675199312,5
8.629102849324827,0.6166273436803291,0.017312428641674295,4.095496795762154,0.032286874320954985,28.46468823144918,22.793330622470744,0.997248773099792,3.369051259000549,0.4603134578694921,11.165027314965451,5
9.746526535685554,0.6501153267875617,0.06987125797523287,4.88995176713992,0.06333097412527723,13.6740542710446,67.89146934697507,0.9947634044384199,3.0855195158949846,0.34000208295483575,10.966375048889303,4
8.066467959721026,0.3068424840024736,0.14012584190336363,0.7408559397265722,0.01,3.985413944533679,58.912634992707815,0.9975565921665852,3.4636027599470536,1.020659011989859,11.247061274686594,8
8.963790244879114,0.27588644010518865,0.17135147446420373,3.893085102304675,0.03656609400232683,5.778738981746171,34.36631144119271,0.9944998187188389,3.247236525664314,0.37131324024556717,11.79250792837994,7
8.124523020014758,0.5189706706830826,0.7317203893636837,5.090535863748741,0.014481454931901741,14.250268242109069,90.65571492935075,0.9955445404547304,3.4378089947611006,0.40234860620269924,12.405540992692842,7
8.751115993979369,0.8153999878644294,0.20692768159576014,9.634643184853832,0.08411413514867003,11.455635472023728,29.60460278282146,0.9949615831475088,3.3547137396340188,0.6694056497896208,9.8507280402034,4
7.309310282060311,0.12284613059950253,0.01335725854243708,2.774607665302441,0.11316141510603105,11.228664370254984,46.613822430146364,0.995729966840105,3.2937511960071304,0.7615847752857677,10.337822668978195,5
4.154010830930071,0.3962448146080099,0.17965313822937495,1.6970703637028592,0.019329408599790588,4.290758507009526,45.34149903169368,0.995025294186706,3.3488270444353,0.3045216922898135,9.213186141283654,4
8.071725424283283,0.28634935790842864,0.04200581643214713,4.377846777013715,0.05133588896221891,19.062410187942973,49.95095768644187,0.9963229715197239,3.0854014962657503,0.309000191151053,10.360720493836737,6
10.7186718313699,0.4338275655840208,0.1465892430874959,1.7241150238205112,0.013201153618628262,15.446902104110215,59.175650157844956,0.9935645383081835,3.2386949863171,1.1981367949639379,9.555111805132345,7
9.874566183810707,0.7224343390045602,0.7816842517683924,5.289130145446233,0.04730659533477343,12.726734581718443,47.994461621757544,0.997061014378574,3.4204289129171097,0.5566003291360223,11.925212757227209,6
9.94117572380499,0.21056696064691457,0.10833563141024984,2.2379015109883023,0.013990925049839158,3.3562836412847172,83.45906075038597,0.995094914605512,3.100771564507459,0.3,10.359967765560617,6
10.40142222707057,0.6666859216719977,0.36714946019062605,1.2788393544698489,0.049504955766555885,6.508472858055205,67.02704867098903,0.9941019594028934,3.388413746197439,0.3,9.203208641296838,5
8.450717904634445,0.3153886956407883,0.1778366207711978,2.6469312534000844,0.05583838804022215,4.04838643273622,11.692983848908487,0.9978580793323031,3.4296124436506488,0.6178693046259838,9.752996986788194,6
8.635436702589514,0.9047200901427626,0.5436291121023837,2.0088884841501904,0.12994982318032688,4.7528670866463365,100.81140056011876,0.9993492984509669,3.203234165248949,0.3,9.99888480324623,5
7.249991777761606,0.2216870513284247,0.2826951280725828,1.864882275559775,0.01,5.315422346148192,25.312218524516915,0.997001138112426,3.4994082440741954,0.3,8.992171466533353,5
7.762676144754016,0.8076099799920046,0.4055461490645139,0.5,0.05302403481235438,5.020712322084538,29.8280097308957,0.9964312295815334,3.421820508376288,0.35887384410663076,10.459188023004103,4
9.346810954610941,0.13637401086397152,0.24108033998537057,5.028199049265296,0.01,6.41379751891123,95.06868792957064,0.9953001339512758,3.5071003017064957,0.3,11.644160412099879,7
10.346603543186989,0.49367830488610764,0.10684626114448179,5.00395420467868,0.032732485238947506,37.224067560466686,28.83439352935661,0.993603403593121,3.3551397847203748,0.40854127141136354,8.773677169702028,6
8.062941331342302,0.6766092932898051,0.4963613789354403,3.4424709551541026,0.03134663440476835,13.413595143276115,21.649832270590995,0.9970381238014034,3.2381939629642202,0.5850086024707323,10.81091414618124,5
7.534678249752601,0.22692707419822933,0.21866038471288854,3.658708503551404,0.030943701663407885,10.195466320998976,22.0192248262195,0.9931845647013933,3.475448936905716,0.3415886243234202,8.00917656056836,4
8.300897530056217,0.2942812092473391,0.11405311377163642,1.0873241952595305,0.01,17.317899571550356,11.121367667118086,0.9968340981720705,3.301827277924769,0.6988730943078563,11.155463712909864,8
9.322051473179496,0.43740975951179717,0.08461878614912416,0.5,0.034215762965052514,1.9552861402100197,72.34255273071786,0.992885982911384,3.4409110568055348,0.8324148807316301,9.367074746407948,5
5.8454468125729795,0.3338298125931594,0.22532485320755388,2.857615563525567,0.03336860883490934,11.55899750574473,25.909268064423184,0.9963651126980296,3.232365828178901,1.5,11.824557263354777,8
4.396492379666697,0.2717946949414246,0.43258650975926716,2.2048360381685113,0.01,18.301289078895156,6.0,0.9983160299969795,3.218357576310205,0.4267956155719041,11.393297850147972,6
7.364087355864308,0.778720422518497,0.258851544077935,2.8090646539965536,0.01,34.74574782686347,26.915012009753497,0.9966562985930006,3.188641719686558,0.3,10.877697876863516,4
6.224788875945931,0.9678228908424646,0.12291641138710276,0.5,0.04123259608908769,11.93125983777013,133.10422092091724,0.9979929346264349,3.512281889860196,1.5,10.226218561860826,5
7.436161663999572,0.9295715143052136,0.25062206173044455,3.994129246453805,0.07912996003359676,7.796541852442639,49.45473949130283,0.9986497306671801,3.3979994679849996,0.34323629393665905,9.46813380651584,4
8.048773458010299,0.5983871704202894,0.3385565990671901,1.07286532477829,0.0394070046592742,4.381256769514538,68.2942793455254,0.9960712275412497,3.077795709744937,0.35998588607033627,10.710063616023449,5
7.529477704660878,0.6570942749373228,0.02532845042363927,0.8701061942044485,0.04391555447292964,12.00386132764137,70.62700264908895,0.9993373130790769,3.25351145314337,0.6610523671131383,10.457939073645056,5
10.769194808600268,0.1948325899091435,0.04256453184209432,7.692292275262571,0.016871217661908456,7.84421031722138,8.419094255893256,0.9954928081001772,3.3335803981762324,0.46966611287745597,10.799495635702591,8
8.855466099823945,0.40715791514191546,0.3135451284080693,6.472328240408203,0.030746221583449206,8.762407128601076,59.06817370448728,0.9942359484266428,3.5271617083163322,0.3,9.461757131691064,6
8.810806411338408,0.46497991003816086,0.04037296798298005,0.5,0.01,12.67000056074615,20.479995335310495,0.9942203610921054,3.25742956516454,1.1212310512284631,11.857023063778366,8
9.357752144873784,0.5328044297029534,0.14634809824989722,1.3225127641841943,0.05391707008926121,7.171532652947276,31.59887376808921,0.9977161106356568,3.458769473839503,0.3122073724339431,12.065135462739725,5
6.363983699772693,0.526020344936256,0.1944090673148674,1.88124299804127,0.012945286086505296,3.287237781147715,21.38963127461786,0.9955603564509846,3.5545133975318843,0.3,9.986569333076405,4
10.066490038614457,0.4382455626966688,0.06052170961706952,5.954304045783544,0.01,14.578206340443746,11.43355293662444,0.9952177237299485,3.114136764722241,0.3,10.415659632284619,6
8.17120071288972,0.5934530954923491,0.1520178450752286,4.222954390501116,0.03426045988250303,6.513190182902366,38.778718556993354,0.9973325489122572,3.309703841072211,0.4898482678745191,10.480557651918343,4
9.439817049310061,0.5090931480213279,0.1969451866428644,0.6355728800158095,0.08423849796388051,20.22556067182034,132.34640080385765,0.9931917788195784,3.202964287139611,0.3,10.556041818823722,5
6.477842703831737,0.5082409998610364,0.447648765560109,2.6092063656537263,0.03954662136602915,5.071250713870554,61.02701471492399,1.000724825429608,3.5188540942708433,0.9619456215366947,9.579243540596273,4
5.658610097772692,0.24034264529690608,0.41215166410108534,1.8897167285117689,0.08398185557597068,25.125176139083827,48.39332877283872,0.9938970796917629,3.3860408824222863,0.31657512298452306,10.97675756295345,5
9.690412418642548,0.1560261603276223,0.22450806148939903,1.9409853032698405,0.021570809621340923,7.661227675810181,8.632444284098684,0.9971075071883715,3.234767279303688,0.3,9.250753203274979,7
8.93989619436578,0.5347320463204939,0.0965261360840183,1.4208843643096498,0.043372950585701744,31.87691684734518,9.586769071522061,0.9969770717858407,3.1539650576563023,0.4985297785094694,10.680555834485464,5
6.766512357592233,0.30492291982528974,0.41899078023005637,1.9012421329271756,0.027286037806659117,3.212488047883486,20.66782402405824,0.9957405715899276,3.206558984068395,0.3,8.31762676576588,5
6.82157276183302,0.25006862063925805,0.4301855919020699,3.9005247466761777,0.05951123830439375,23.259018806944887,25.73758198083017,0.9979977112314249,3.1583070847674626,0.3,11.071824904184867,5
10.213239133505109,0.6888154442951047,0.08272045500421024,2.0956762254156285,0.04886018204262889,6.932429334723658,26.5477099337525,0.9974819787677064,3.2165013275394205,0.3,10.664799361735984,6
6.277999782125543,0.4105254309879406,0.20787124749011374,2.260471571387107,0.015152176592353137,2.624528272313819,24.39834390466548,0.9958026050821919,3.206791749346913,0.3,9.750881702619376,4
11.092544020535138,1.0636505640518408,0.11420757306669659,4.242791186064592,0.1347656788252783,5.671438761770999,7.211019620895616,0.9971273222399243,3.381288817010565,0.9132199246202257,10.848380501116598,4
6.768944751098624,0.6384760860463452,0.23123058674029595,3.298635765061835,0.01,32.58565857401724,39.971922050618936,0.9920352232091465,3.181456384108826,0.3,12.053416592071578,7
9.385266273534253,0.22767424910249062,0.07629608087899936,4.270771204168497,0.03818965597514052,8.612037220724508,132.9465613539783,0.9952764755459749,3.3761026959925675,0.354622969944637,12.078487243804155,7
7.741348591226727,0.6947409002281761,0.3355477097880974,1.1009990887332712,0.013133604177329625,15.416763759641018,20.70739663640891,0.9969947000945312,3.198568045200421,0.3,11.04097762355214,4
9.325418632839984,0.5735058983017026,0.23249361162009916,2.459016733607863,0.0333284338411721,8.683125836427726,29.138657287646478,0.9948102633340958,3.123715676549905,0.31132045222137084,10.962253373516837,6
7.375006196405874,0.22024340718263832,0.0764779768689406,2.396992813326939,0.012082736188428294,11.95604515409183,73.36587786287902,0.9958516695430069,3.262750541335023,0.3,11.59740849717461,6
8.0232520596771,0.2753635367659664,0.31261087025039913,2.1200239603132496,0.03307549716954099,8.57299717949125,97.36753476341849,0.9956659939282796,3.2058685810175285,0.5844217665393057,11.37706554444777,7
8.369562598172728,0.6720675473562397,0.09571852074929628,1.819331172943242,0.041743369372731536,6.261873866033381,22.084202864174337,0.9929239154835153,3.127342859847931,0.3426743546631467,9.48550829271547,3
6.596281325171497,0.1,0.01803867478908005,6.322838347681389,0.058859323249586266,15.898567517415211,31.493935942488363,0.997639112282709,3.208022262139083,0.3428255727533374,10.836768788970268,6
9.559401387214216,0.1,0.05921059604732925,1.6635611718271006,0.01,2.5837642725579615,42.19429361170553,0.9962324762241194,3.5374303953556696,0.4342509106948578,10.093256082621803,7
7.4275369369983055,0.48741826605349187,0.3653688305018235,5.278396320617384,0.020767559606938935,4.4104311635223885,46.676111097300605,0.9938797582383185,3.238359670702281,0.9583516781492531,12.3606081291387,8
7.911380143921969,0.4609442807409944,0.591966155676649,8.42314080638483,0.06632110107588136,17.524662600252285,19.822096846284914,0.9993265181338918,3.3437665081899106,0.3,11.148604720447345,6
6.60960606316553,0.5196626297104405,0.6029030441738215,0.8944926434349469,0.046701755315325444,11.041951483688518,42.32684635110708,0.9963406195509643,3.1978426206907336,0.3,10.170211485022623,4
4.0,0.46192236420653215,0.10187187098945381,0.6170174757442861,0.18730957464191902,21.548189255462354,65.63636669225183,0.9964310488908612,3.4174298787960478,1.122349905212001,10.212583824140557,5
7.975252803579713,0.5880762901111085,0.14620356052447556,0.5,0.02010206481335855,35.63752445043164,27.03383597343243,0.9958270496533838,3.1027691838418967,0.40406006966790553,8.848786227516825,3
12.401446216741958,0.9767385997897948,0.11646477354109297,5.225115633335444,0.13738068169997025,17.649061484571757,60.786092367884315,0.9994306717892949,3.4721537570916583,0.6758450283070504,10.573845339827027,3
9.633827289426641,0.43121185847616283,0.17262145485242888,5.3224347852717155,0.06397855066998218,35.648783530417276,45.64255581676847,0.9976784345843532,3.437257842108755,0.502135856322857,9.810612410012475,6
8.26725735445153,0.11299180000985239,0.038420610431362516,0.9465143296991663,0.09489128652770985,22.702927380320695,9.428544021957775,0.9947359672749638,3.2823417007804614,0.3,10.622493529415111,6
7.8530855903459456,0.1,0.1047686258885154,4.3193224901402365,0.014708427121592767,8.650184641257098,44.048300362621916,0.9922617511298987,3.5420833583725138,0.3204612446921554,13.318585739251997,7
8.338192017780479,0.3269632320348192,0.20849184685081865,1.23620884761318,0.047354805111641515,19.936909560842945,36.08877146181448,0.9972227058554725,3.4202607495760913,0.3,10.372140363166098,4
9.230102495797858,0.333814288126828,0.36682767417405227,2.5305177669450662,0.040889015293675744,30.57315389139044,6.0,0.9957719238298669,3.652483778447075,0.3368200393296392,8.939999991147008,5
6.292618213974965,0.13325751673853098,0.2244538016572899,4.9874271887103365,0.02199409521528869,15.531450691165917,10.400982475866519,0.9953592738778052,3.4160930536029173,1.0980199078323365,9.996314928347202,8
10.194346880937083,0.1,0.14005571824417787,3.32033299272957,0.08345524434420057,17.35530799448614,43.860905805996836,0.9957315831571998,3.135841657532068,0.7978578378074737,10.365533014332907,7
9.516148236250116,0.3079628591138325,0.06099078799667436,1.1263986460930377,0.032103498336984365,5.76424568839632,20.40812574971965,0.9927583840896795,3.2038321060596657,0.3,10.058060212062815,5
9.52091573370349,1.2669670556580928,0.3841950230016099,2.6587162467655254,0.06262732315105386,17.813544025225365,103.8394597123264,0.9962462981300213,3.437927930450064,0.6115331582216067,10.659933845426139,3
9.045408755976537,0.5710160784774369,0.03186756575425048,1.7919990075562173,0.01,12.178934462451384,29.24806970080249,0.9955510522472671,3.076667345689249,0.3,10.366169118261427,6
8.333348318079784,0.5358423026867017,0.04167452761879333,4.282014482945422,0.042011923926706975,8.592812130910536,33.44314049727428,0.9951964403834738,3.290443247982839,1.0743805531238622,10.861001670214918,6
9.443864101143594,0.3765849654133105,0.2866363653248138,3.249988526656216,0.06939594204383669,24.186234724332675,32.423041479208095,0.9961195958767743,2.8509725349006882,0.37222197635990045,10.671777508721759,5
9.306084027360344,0.32652546149481865,0.3196408994391619,3.23009553268472,0.01827927407065409,3.022284578345405,55.24025093000577,0.9988073778213187,3.4410513797658586,0.5650357537212037,12.0258834696903,6
7.69813079140026,0.6125613258401038,0.004483881648437923,1.062622847260319,0.03030159979179012,15.936364945529494,39.82589768933836,0.9953923548864418,3.283475355815427,0.7376082004805151,11.12339446342655,7
7.324876986075269,0.1491247219052884,0.14120527932569304,1.0320146569191961,0.03303702646912561,20.088536552053455,7.067795162625618,0.9982532359947448,3.235536310930239,0.3,11.577152771912349,7
8.473155701945378,1.487021270652049,0.013463259215453697,2.7994182745610017,0.03300105679252792,10.559200803372235,6.6424279156663815,0.9962922519274265,3.2879712864428243,0.37112686530013583,9.670302726605877,3
10.93333425754182,0.16006779754986916,0.1494647797553823,4.701182116376484,0.011474797436728891,33.557389330278404,9.579113644595694,0.998411168075307,3.193469222680979,0.3,11.103577843420236,6
6.193517971388369,0.6519662918341792,0.12154216932687031,7.208189786119849,0.07065680947537385,11.813384717954328,30.750373596944417,0.9958913768577232,3.1356269868980924,0.31908529960138576,11.12320988648978,6
5.805207048220852,0.1742652750203421,0.5006781496797729,0.5,0.024749153518143063,5.649788792216357,21.022427931530217,0.9944300762759386,3.3069516547433833,0.3,9.339806130095827,6
8.58009343010208,0.47056325250074604,0.2531903933986948,2.5500200250925564,0.05759209961041082,5.50731958986524,58.221254328917674,0.9998332740817661,3.237983085874305,0.3,9.87548011734791,4
8.386509093155231,0.7013452641528869,0.2601175195655499,5.008172675096169,0.03810220305255917,12.239352386350085,34.79194761243329,0.9978309036376884,3.1515223821488463,0.37037734086319163,10.655227330904875,5
8.594680829429695,0.1,0.439792523131921,3.9964208876657263,0.013273922854375933,4.8888855642631395,43.014182463920534,0.998578056051497,3.5854926684088304,0.41931144152849675,10.638797282401718,5
8.714720436444452,0.1923622613847335,0.4524340635689737,3.1551929441270907,0.04590194078234631,39.97517259489486,77.46549808787215,0.9970846102107446,3.285453109799688,0.5379247979522377,10.791688657135971,6
7.920556167120832,0.20402575549983534,0.19794442066124132,4.950475009409139,0.01767293396484267,8.204701867238564,88.19799441543964,0.9961157410603789,3.2360116323325516,0.6246916259474199,10.358352289689488,5
10.83276784562354,0.3487509114529899,0.09287626947940945,0.971030527088169,0.02403092962125725,29.327956340784713,26.881778473593656,0.9977835153001235,3.294173510570242,0.6691317221155324,10.699648417366111,6
5.578463236589924,0.5144830680470418,0.3511539521249204,4.0924419384447575,0.01,26.019346382973954,101.66177053650364,0.9970589599247768,3.2859942437915604,0.7182122045760562,10.170568240533386,6
6.891555057873583,1.2839741177516188,0.3374784156083755,5.182774072199144,0.06937836324465414,15.04137012310917,17.254703246605423,0.9950464842333919,3.2687280075806533,1.205815238555196,10.413987041910541,5
8.124466907746621,0.2733444663798487,0.2843307257836994,0.8198127813201908,0.01,10.33999707435392,31.502326762086852,0.9968472454580741,3.0864957403180666,0.3,11.28554183274906,6
5.506579021037917,1.2302926850959082,0.19718573107033385,3.253321345314286,0.07046172434373404,12.146777257499009,79.98689755581005,0.9953835293916401,3.4989026846820788,0.3,10.044058598468146,3
8.00104751246548,0.5567222646271432,0.14809539977585706,4.3152375420584,0.03162839267019417,22.481586955102593,65.42863134776103,0.9936926999955699,3.176931097383927,1.068110993340163,11.287030084831006,7
11.12449928173763,0.1549662942372324,0.45345831169812717,4.589587067686873,0.03884764924978116,13.978679135157021,36.83803374015573,0.99589133269636,3.5377825383631203,0.3,10.839727732939624,7
8.335507030103136,0.37794604908528184,0.12116519282854414,0.5,0.02137056430978324,24.35395819997863,10.554963472990762,0.9949135289693463,3.123912903161138,0.3,11.890552748432476,5
8.692191539721762,0.11500811335737694,0.08844109511216629,1.4520511382541954,0.01,6.292627413344773,12.803561639601302,0.999784567292405,3.438195345435185,1.5,10.7108862388967,7
6.157719899206614,0.32711305929598417,0.13945929633866141,0.5,0.08884552320292252,15.42975407606719,9.513996663573995,0.9941023733700991,3.4555905668822993,1.016890936219351,11.147506422003305,7
7.252185606332889,0.30926162763931264,0.07439041302664516,6.2831261491429355,0.014756156987504723,8.294025513008854,60.8153649782333,0.9952165156349478,3.311395197211928,0.3,8.0,3
7.6621661534493075,0.47635973826282674,0.33870743332714687,1.8723082658149575,0.10782535031269339,7.533983172318454,25.85256332472025,0.9949746048591842,3.032802750377904,0.5883872042915654,9.353183339102863,7
7.7598843355144025,0.6535051205979693,0.1973586520796676,0.9760504808175448,0.13065439039523682,8.674847723391707,61.93101357250889,0.9974089195273671,3.3163540756144765,0.7228781999342608,10.685416672330899,3
10.478794451506408,0.40112496252647156,0.01502695825680195,0.8811036860280215,0.05518532652583462,18.722323371006496,44.09189433647185,0.9964551814968959,3.4964705561612974,1.050525490287055,11.355220392072873,8
9.248074803232713,0.17212457255739114,0.2540575799624998,1.51981215453703,0.028896643560055196,16.759341382974018,11.70085653682715,0.9994342763966001,3.0935641955492748,1.185239929192082,10.785221336272418,8
6.410521473207046,1.0606509795010874,0.14394165703975906,5.1888739796684895,0.01,1.4766299445993327,49.53977267847429,0.9987157661037737,3.242520156431219,0.8460889341817784,10.013510538616528,5
8.71905812333441,1.3386120796761238,0.1772213577635302,1.0989888786342439,0.06319594117991384,32.96124534984895,22.866318905500695,0.9961901228145937,3.160805261213243,0.3,9.331496629065208,3
9.146976972444536,0.3714938564367649,0.21902104214260543,6.867238561296393,0.08984255394526908,15.250325611828703,130.18246716203075,0.9940498351812231,3.380013623232819,0.5546989018451569,10.16566378732982,5
10.238253365486154,0.5391465066864739,0.10738219576265219,0.6299017009725785,0.03513087703606972,6.946211623482766,29.34207873596181,0.9966752039226495,3.5456732584992166,0.8994221129389309,10.922225421280835,7
10.986919167166235,0.3556650875803307,0.08745818102332992,10.029330196230852,0.03424221954095434,20.644865366223268,10.258654351494151,0.9964211838450944,3.2992097114958496,0.33222238713961927,10.731125647442747,6
6.574339873892624,0.47921137233062705,0.2851590800459782,1.5487625619052414,0.050340744930051695,25.487774709315712,80.64622791183282,0.993313910050829,3.190151088969583,0.3,11.279758034779768,4
6.921542230942426,0.4981679289156596,0.04826776363991552,6.98072171655706,0.01681644445341501,13.383928309762306,35.90372336368633,0.9956373982501473,3.5833489789272246,0.3,10.263844974381861,4
6.162117639845153,0.1353299231072967,0.06538527218168912,6.291359414032707,0.01,11.474741914876002,52.28785634285628,0.9963601341199418,3.3341713187815674,0.3,10.530888733600609,6
7.902166239518133,0.3320509660412596,0.08182457707847018,6.2731789232482615,0.04376942304161484,8.806233210302405,30.995449551056925,0.9960785312371206,3.295455307776526,0.34667160491592147,8.872627152665494,5
9.09280923655877,0.8561342507610883,0.37971830912596766,2.3460082649982144,0.01,18.690356462402285,37.216626354723026,0.9942398170731177,3.2689382666892572,0.3,9.66871187695661,6
9.978468678201473,0.8061426350697487,0.4673520975069845,0.7326071569940331,0.0303146388765648,17.716968728996314,7.631291467128437,0.9959782657538242,3.133532373193042,0.3,11.661510491406675,5
8.170883259807711,0.3271820909289436,0.08103440039363684,2.992546191923468,0.018290406670334592,22.841198585870394,76.75128367313748,0.995789341427244,3.4036809024576904,0.5570461076216127,11.072839498519018,6
7.756259210466766,0.5051593473030151,0.06678574194619502,1.2235913670644352,0.02376136461541277,19.89019696067152,27.093799872335328,0.9968789613744413,3.4358081109627183,0.3,11.392787893034509,6
8.557988586822859,0.34719190852126247,0.1953513091271313,6.312455484321326,0.025884422115360836,16.4404028461356,6.938631200366965,0.9943619676462828,3.26021889728951,0.8902262136805358,9.94375321051844,7
6.880257067228961,0.6711713940769481,0.1437504820651054,2.872167846210024,0.05197668239072613,13.971513387697717,50.65909232980964,0.9981092838651714,3.4048373893260075,0.7816476403046637,11.992918919079495,6
11.852215826881116,0.1,0.34367170603037767,2.5568449578642447,0.020199110086777522,14.978039503648978,63.31573883633744,0.9968939087840587,2.9829076430985797,0.3,10.725607935973253,7
5.566976253899301,0.6137422166171032,0.26683599001741287,1.2958582957211844,0.03707045042511756,21.91871281091299,8.436663409546876,0.9936191736909988,3.260249270924141,0.3198557330846207,9.720270335252005,5
8.614058984122732,1.1081239148666948,0.6287621687083572,1.7262377227609034,0.010330222543939682,20.840285108808843,180.25477059455125,0.996485950581005,3.2069448434803856,0.5586237259992243,10.823218654958858,3
11.740130572690386,0.23810750100054717,0.07026861750408941,3.7961595936763546,0.013795611692489591,11.442567284118134,63.74231021600071,0.9960760605067599,3.3286664636864867,0.3,11.170334936100213,7
8.311559735751997,1.0094159894014094,0.339532620661914,3.3389617324035017,0.05485001080433967,10.053136331056168,29.867408660629813,0.9958470600882254,3.13312103138956,0.3139926722511133,10.94642339380027,5
7.97693364049746,0.5238268484194549,0.12148614666474378,4.319660156531195,0.02032795004099919,36.282491282030115,35.38120735579436,0.993355398458026,3.04581361024345,0.3,9.696130246469622,4
7.692342781222274,0.4003481664335277,0.06232763686132988,4.572566359781949,0.011301095646230292,3.5386832345961454,69.92724570182165,0.9954280414892354,3.256581615494644,0.9718734328457115,10.43256337659384,7
7.993334141003907,0.325162037579366,0.1194825050336723,4.871718334792623,0.03711862675288577,7.499976694503683,46.928894271477205,0.9948571830569822,3.288027391368689,0.5996805081325579,11.444372608403773,6
10.633842406950102,1.033147403116349,0.13204275114746195,0.8515229611416872,0.031111517589472053,14.551783717973105,17.737675107488617,0.9951918977807264,3.480490290332274,0.9796786467685319,9.987940829353004,6
4.539834750739839,0.3480846493940746,0.4353071053020798,3.459379230183404,0.0985985097502466,27.992109431523904,63.09655079895431,0.9976333102959667,3.3799749764474702,0.3656707787533278,10.520637894046871,4
10.906837292203754,1.2192648416064686,0.029011882795264177,3.284334891299018,0.0484239487220953,24.97064005035945,92.51710622627786,0.9947895391339368,3.4061817609876988,1.0513711486379214,9.376470712991582,5
5.879272840834754,1.1277944421198756,0.0836090156728493,0.6023987421724051,0.01162062999254283,13.226438657196418,17.272354074245477,0.9999462414599833,3.011517074195097,0.8114100036320188,11.324290942803476,6
7.846691040301495,0.28892715089111404,0.18738081824513256,3.6158239002194774,0.01,3.6644315841558384,27.85539610510446,1.0004588735800533,3.4631488892901685,0.3,9.82760074305771,6
7.570284485492276,0.36872020513719184,0.05774997971514632,6.236709498096147,0.03129644653325644,8.074323957725118,23.269253200982046,0.9966476307470862,3.446407682768608,0.8115914737927346,12.176863440635017,7
9.300540558610225,0.1,0.5834408220047833,3.6828104318373542,0.06819498102107847,15.443251201111348,14.877970488469037,0.9936882001758294,3.3728684657227355,0.4339263207168309,11.258957107930591,6
5.58318860179763,0.4104627588050441,0.6523458825572334,0.6664678431994169,0.03090635925510896,19.2046272217035,96.99950655068038,0.9936874243761269,2.9012159362833536,0.5220014438704466,10.31673485222803,6
9.085693532339304,0.4503358763870979,0.174311985214239,1.2278917178517945,0.03216954572954621,26.665800765381196,47.820373925831554,0.9968539521068125,3.3154866332263864,0.6264602951120866,8.448416164194493,6
11.74132635958765,0.9183229939719328,0.28593771420136027,3.1115114587275903,0.01,12.03111931972785,90.16974530227982,0.9955837112516994,3.210877659319802,0.7328660182465767,10.350833518792886,5
5.982604192192223,1.1683450130345234,0.5139074553607816,1.045882534055223,0.017659669435732762,4.616717757425629,38.36853813547487,0.9946929301480176,3.2449146908379918,0.3,8.074999026533241,3
8.622500484937673,0.7157352247393516,0.1531142228767369,3.9013019404149567,0.01,3.5699902754252664,63.99136087850497,0.9960228508360266,3.1846511613697466,0.3,9.9090481608571,5
7.174630297745765,0.8679976100349936,0.27221464368339254,2.5866562234953796,0.04973277847408584,10.24927302319002,8.844573272241984,0.9936618785297618,3.3531841318974553,0.4490403405298634,12.279890517356328,4
9.024008250528162,0.36849037600016704,0.04977862021712887,4.790215495519383,0.041848482049853954,20.84110932576041,14.965599626609407,1.00028983459074,3.120511226219483,0.3276436626176013,10.218849049167,6
8.33255122160678,0.1438974238266052,0.015990289210544007,2.0027988657528732,0.03434205408643884,12.132820347595773,61.73810783230288,0.9970356057366477,3.315577695737025,0.48245465365309687,9.792140744934125,6
7.209472254624674,0.5231172241274911,0.371934635415813,3.1667134808772435,0.013592431202906456,3.145469235821378,22.815006526835447,0.9989473448848369,3.494466257827955,0.6230792153990783,10.005804309657007,6
9.129382884280826,0.9079078912800694,0.16206134565324828,1.3955208325556197,0.01,9.45420493251629,67.20555153893426,0.9977330835654662,3.2199582046653132,0.3,10.81152144269393,3
11.367391786637464,0.1,0.6380669732730934,8.816364021624546,0.04175371654133923,26.014136985589197,56.77084656596137,0.9973710785131155,3.2386654925581304,0.3,10.504466597077684,6
7.975463554063593,0.4665634592835957,0.09804522822901314,2.507944991552943,0.04055989373359726,1.8343998140013493,31.01526731397991,0.9943990527691473,3.1109742919962993,0.3,12.496622807266968,6
9.52358850165191,0.1,0.04490933872280973,0.8077610895998628,0.05979726660367487,9.737596424957493,37.99993256448524,0.9912622072600655,3.4211522852376146,0.3,10.857999423895588,6
6.101435971619022,0.22167176828181684,0.3434531842259609,5.281402062811614,0.04035296199784677,24.875986028004654,29.08719916288443,0.9978759013185298,3.1591692561374463,0.30092401187667045,10.598937931896346,6
6.674058159409386,0.48056036526674034,0.6001900597050496,1.9421014438814976,0.055779323293263704,6.785685678789165,37.22007419290104,0.9960338669230328,3.1993762451607988,0.3,10.293028224909822,4
9.103090672396643,1.1809820653453653,0.05042685160170251,5.095807300841834,0.0410588579261507,13.187346585817062,75.78828038655439,0.9999730332178307,3.4121335970916364,0.5340702602416035,10.279953203546091,4
10.822997248511141,0.4321194602228041,0.06930805301655554,1.9734455748572572,0.07864725738026854,20.227808021361852,12.266859305535247,0.9952276293645453,3.364762295997428,0.3,12.036901682624066,4
8.904542692935623,0.6834882129136853,0.49887519992089274,1.0302803912616991,0.0222470975400136,42.502204456485984,7.006439574148425,0.9960415839365,3.050559529258555,0.3,11.111318672495686,6
7.7678013481106385,0.5193977342295345,0.7884940383826556,2.4692234101867827,0.04062236262661417,21.21168478729174,37.682079169711244,0.9953968305773992,3.3810352137183477,0.3,9.104456173821001,3
8.298795389219702,0.23359754902838883,0.2740969608185257,0.755909395763189,0.05300867142799405,4.7838798358754095,15.928269227003312,0.9984026568655633,3.260682342391622,0.4024657389509235,11.156040475218164,7
6.1743068522514815,0.5953291521838542,0.08935137717056651,1.9056272559575422,0.03332366469692386,29.3396570244387,24.884363897397293,0.9916491613041698,3.2840213277566885,0.3,11.408318561912095,4
9.327676054804124,0.1401073369504716,0.46563827826573345,4.647799532268349,0.01,14.180436375672587,64.70462272264648,0.9967143998163737,3.5185398510145096,0.3936275855050085,12.445579838612133,8
9.799966205949797,0.4274160297613241,0.13452666213915365,3.5426575428106686,0.05052056777231756,4.223807871451704,67.70816018360333,0.9948260869458947,3.4282226947419194,0.34067244450033835,10.465880884050575,5
7.531446434183764,1.0201042496631836,0.09232409542352833,2.791067877743835,0.017283935617513166,1.846177658673218,31.181945530783825,0.9961356458435424,3.4825552666429136,0.3,10.143783683789502,4
7.5009283488088485,0.49058859238362934,0.10686795113403559,1.9511424739334169,0.012249705229088668,3.502932890812417,40.91174439963677,0.9988019707054612,3.155676152394487,0.3,11.551420093045166,5
8.751992990408484,0.5195625325047368,0.30860853062806026,6.5346130951492665,0.01,7.961906179372985,39.98798929405709,0.9940715694400102,3.5210976677522163,0.3,10.240721187804832,6
7.557576448730988,0.32672936220094784,0.183006790373453,2.853150868347061,0.061281330924651996,11.486177674771497,45.98794427791505,0.994039318930816,3.181454102671781,0.9293652067997503,11.011422290019917,7
8.187574555136102,0.1,0.2613409606221935,1.415311181259858,0.03523609842413133,14.572184051167866,105.95104056012264,0.9993888759712029,3.192047763323676,0.3,12.43197896004041,6
11.869527041583076,0.3573293686775755,0.3512541938662127,4.540902559244699,0.01,20.215637304458358,11.951191554065785,0.9953677850402793,3.285592349467366,0.507025479994515,10.701619885243305,7
7.880056308731806,0.7783001240031611,0.14138441232134005,3.7571653049427387,0.010999336818041137,3.6413906198959842,65.93996369588314,0.9950439122806642,3.3815751449877496,0.7640613452912832,11.128025056132348,5
7.690821741563923,0.5683748412171379,0.3875133412300727,1.222623448367361,0.03180269424104579,6.859384558662892,34.930351188093326,0.9950727210556908,3.4882464732195912,0.9372387792502324,10.18632805222058,6
7.19917893042023,0.14824150305078135,0.1770151072586662,5.7098826536093625,0.01,12.652853811333785,15.368787690048835,0.9930577725466482,3.292625953538581,0.3363061829232755,8.756133878635506,6
9.565126351549893,0.1,0.1084875332541186,2.9145911050181335,0.03553022604392976,11.922432352745298,28.1143114785029,0.9988069794777727,3.5622838470370026,0.3,11.391967273449595,7
7.991918905529226,0.23122878325054058,0.033417106290075736,3.205998549070789,0.07045789281134032,14.918504059539085,34.456763347146435,0.998598319189165,3.60995993491995,0.3,10.933397085921486,4
7.196065834853576,0.36019219143516534,0.13577465985625864,5.968601356675572,0.08117278119435065,9.854988285971785,7.832153957608075,0.9928850155041237,3.123519466367754,0.4589373776601357,11.387709387382678,5
10.54621685486412,0.3806566620629065,0.5388311120490283,0.6802313735810198,0.06154598192648586,23.07927964382854,35.52530013566452,0.9953854885292179,3.5026769257434713,0.6508890990138929,9.455261867151318,5
10.713325107673183,0.3845741647151752,0.3370247913859839,1.2912347156545683,0.1038158251043078,17.230376161945397,26.7058646046111,0.9931799802605161,3.3189925734488037,0.38977568681628544,9.548911945960437,5
7.279279938244202,0.4289047693352711,0.25992747399504906,6.033217713465708,0.0375035621939374,17.018861371874436,20.509099773724927,0.9974544885520594,3.4529361464063304,0.3,10.840920090893652,5
5.126882082686953,0.581991640762335,0.055814806976577765,1.2030094624132543,0.14399439468555844,3.9319190168053786,118.14054191919584,0.9970800403591505,3.139683115134087,0.3,10.405914412057303,5
10.012773272722768,0.30906773976097074,0.10495899368545783,2.560221726473142,0.1235591171407249,25.39766449315739,24.3521695608776,0.9942103609981365,3.4852527598638745,0.3,9.191706172651836,3
7.136129296207994,0.18911448601061293,0.30038730602597546,6.623539449809018,0.039394178518571216,27.57117020372554,6.0,0.9952044101610555,3.218718645858471,0.3,9.367363140316096,6
9.644063518576708,0.6305020378207009,0.3631757142155353,0.937196645117398,0.021893250937108387,3.832532489075095,52.966738932499815,0.9984376323095908,3.4662731779173708,0.829713232043799,10.149603621979415,7
4.95082350988988,0.7911863284031304,0.34325735050975736,0.5,0.024009782862987935,39.82686219926063,38.267195622348524,0.995750119149286,3.293353380988963,0.521242339703577,9.901937585007458,5
9.817415475108826,0.2702097391215758,0.21926072167828026,0.826717717681861,0.01,13.536844119587572,6.937172008064288,0.9948814531178161,3.2808363987848312,0.3,9.239929265972435,4
6.241007720222672,1.4937095918950671,0.0793429981134989,2.533529129713406,0.02213004776446542,7.736599793391871,103.45067818100267,0.9977463888281959,3.299865377185099,0.457832309512539,9.558241418769972,3
9.542299002413092,1.139298030489609,0.36386670490940515,2.1083334905453692,0.01,7.449173558940983,32.94940253884307,0.9961429827608616,3.412212899425747,0.6494087863742019,10.33167519740203,5
8.32426421532194,0.15867870505497758,0.10418602570744641,1.9224006973224326,0.06695778841843487,3.099801053924936,25.165799390680572,0.9983176059262276,3.2998373446971363,0.3,10.479449434060792,5
6.678302987025704,0.1,0.36784862427908627,1.7740282270999332,0.01,29.940970008032828,63.64491138694334,0.9977264270933073,3.390405704042573,0.3,9.269639284829594,6
7.608038268024474,0.37259721724426487,0.13604546572109974,1.187325889197341,0.04931064742975834,8.062937608020995,68.04649878138613,0.9971754844993219,3.301070988732222,0.3902747282037335,11.226711100305414,6
9.466741376826391,0.5220557402229701,0.6142586884988204,1.8284225637813138,0.021565555672876702,9.072446234206858,29.032317268324512,0.9944130851315872,3.118036969089813,0.3,10.878496504808135,6
8.480020570295899,1.4794042210098675,0.1227259955162626,3.42714097851856,0.066044483997467,3.6651802920300356,81.00126370413612,0.9984014217509437,3.348498421425044,0.7115756616102574,10.538126395605952,4
9.293502066803224,1.4470155280026284,0.12043648640866238,4.265533914999012,0.0244951798109685,15.696931335017373,24.721538150518754,0.9960136769452833,3.362575580152422,0.3,11.512000565235754,3
11.659948993676327,0.6846420763887593,0.16354099044300005,3.692427681635341,0.05140266202757176,12.668305890705325,6.0,0.9961416720296757,3.087551002051923,0.3,11.020416106790496,5
5.640789260091213,0.314266909220199,0.08063125702711799,1.7921888293626171,0.04860135096893683,30.71495059464931,9.053323623784634,0.99329636428179,3.2512610429016067,0.3,8.73753115368017,3
11.049261377446662,0.9454955601886108,0.06580154026053454,2.129228996747393,0.020877612800518905,2.8293329199271398,33.74681473232491,0.9947805346074922,3.406542840954059,0.31265685027330964,8.941355905898048,3
8.477405093789462,0.46890011621958744,0.07771275727382886,4.656023695737268,0.040878589001578286,15.06215503882127,58.05150614787915,0.9943451198301396,3.320042219344803,0.3,11.241902775797948,5
6.772067117850683,0.12753594087316364,0.48512421662650174,4.610063333555188,0.05309425405156071,4.074980908730497,81.5320344671022,0.9969209048985369,3.362232873244932,0.5204424633402576,9.407131501934352,5
6.0384668362437175,0.13248559711769745,0.07060967072242606,8.30492912145881,0.0663042832774629,6.595342652284758,63.778941392201816,0.9976290608354713,3.238629607706412,0.7336973396112327,10.909575996488007,8
7.978495335679044,0.3159901388630826,0.12153639434167518,1.9362997771957073,0.01,12.651986231008431,77.83245111612435,0.995508933656821,3.200467895768439,0.3359570619099336,10.800039171136243,6
9.866805190271581,0.8411931325819624,0.8411329651893098,0.7693727400870309,0.05636963221960379,35.807310355120634,7.167253033024734,0.9962600521366114,3.3492177046980918,0.5985568352250078,10.210070507631535,6
8.083166495358192,0.17174993916767112,0.37676664924252956,2.6806391936362863,0.02038159169553222,1.067020528990767,65.06992453061753,0.9958805582144374,2.8449289727812257,1.5,9.204238676257498,8
10.868963381420492,0.3154271928937249,0.37160617150645775,3.8457160608371925,0.034815454758064295,1.504999114463532,60.32996176681841,0.999179727205922,3.3740341209449802,0.6648496533006932,10.434314822004925,6
5.833001326912351,1.1327306160168065,0.7504132014175146,4.875511363590686,0.01,4.168056060510284,74.56964243784032,0.9918167184414342,3.4550758354504016,0.3,9.259936463791092,3
8.279448788661709,0.5676653112866379,0.15932948717541964,1.6239008944830233,0.14475261791801353,12.479164744098483,19.689891833852688,0.9940438707831882,3.4073182735709935,0.46360596926287545,11.110388993102417,3
6.170931144497699,0.6163877385485249,0.01783442768389301,3.0256687555157162,0.01109768129156501,3.3711954785142377,43.73202503180739,0.9954752707153706,3.301277151465824,0.6771936653499351,11.859177786822935,5
8.918174200462445,0.8620910790147056,0.3447223163583652,4.146199098791006,0.042129147969566405,1.7022701326101326,20.996691349985536,0.9965723300356055,3.4668121615547025,0.3,10.055004012865437,4
9.807708563165411,0.32073164508601604,0.1438629566131554,2.5096586656137077,0.01408386833239733,15.86257732381051,29.55842804339191,0.995107731192879,3.463960005088292,0.47103269307641327,10.630732965812548,7
7.584704950742211,1.1841593269171455,0.8465947070010339,2.1103617140829023,0.08285310264527536,8.761854742349287,6.0,0.9930653025318663,3.076079631073583,0.6682300916448775,11.512768257176056,5
4.0,0.6991237882686349,0.0143789551138033,3.471340280321571,0.06684080617213096,25.347675108405443,23.558003627653314,0.9971917113642473,3.241692161727253,0.38055917207388357,10.112319785509762,5
8.638211849554041,0.39039542819257167,0.06584056022869966,0.5,0.0736453371439514,16.026886302516733,25.442963395198127,0.9990451664116593,3.3148960711616717,1.4980884523720799,9.754955496271066,6
9.042455537946967,1.0380273304175531,0.10020994626451817,1.983715160183899,0.04957293360347628,16.2729208392405,69.9465498290103,0.9931781700159727,3.326281658924545,0.3,11.013334066221631,4
8.987301083434886,0.6776533991890116,0.16220367884622366,9.19771292523465,0.06097540682027299,6.638458801668027,26.203574525026884,0.9967112090248237,3.3808953665643924,0.5586043513571286,8.945263905594222,4
10.400829726097662,0.42123672635157755,0.039974311686724134,3.317162853950122,0.019507343241142207,27.32882014009802,20.357262223404256,0.9980384069284727,3.3775742258995027,0.3514000024605548,8.748439343977907,6
6.479208744596618,0.6294383744615492,0.23948560097045293,9.363998055321801,0.08904330023080675,4.753894861435629,50.30172915202857,0.9968216899622738,3.324666460464138,0.8819651322539529,8.722227577540922,6
9.456367379265764,0.20521619291888335,0.09463953975926476,2.844777726428005,0.028671858577196303,9.312661682646329,36.30258832716968,0.997908066554152,3.3963661356105446,0.8656052512729203,10.174728229704053,8
10.327262771212558,0.9477842454901994,0.39669841418797025,5.685865422882992,0.011704629519141444,13.244872630316513,48.26381128182332,0.9953255161747621,3.273435364649502,0.7148535363143742,10.474378811314033,5
5.2764011071889225,1.4629572851407435,0.5108642707402752,1.7681149353305918,0.028635919510553286,24.835228531428932,38.074802191337,0.9944119701405115,3.5077095733599344,0.3,9.782917415872628,3
8.843408104062261,0.1,0.1286173059640974,1.9885404743982602,0.023473738243859753,3.435647094619893,35.92310565255239,0.9983562695412789,3.5768273903980017,1.0211614684702799,9.273173019330828,6
7.4428942872869595,0.2676112199655411,0.2736622867364952,1.4585629350680924,0.03108714750231771,16.64084066331792,44.28478117858705,0.9966788647461141,3.490135348755571,0.5270253526579605,10.69782069190044,6
8.161411455727203,0.24894111997620136,0.17572010832685178,5.395675615193219,0.011429341530836459,5.999353559685671,58.31975258031232,0.9963472208524948,3.4091851046290738,0.48833653328297194,9.57651643698041,6
8.891050022015172,0.7301527471856133,0.1640230346298032,1.1553024306134279,0.06388203801625303,9.620368005482817,43.20234883973771,0.9964358245635996,3.3541755779665485,1.3952916032597542,10.942814022715867,6
7.471711441006962,0.5022697851275592,0.03606085408883647,0.5,0.014791057353666046,24.37688965741741,69.49715662591336,0.9933807262500104,3.293791180561195,0.5528276627681209,11.696408905040348,7
7.151296265425261,0.3027425231260899,0.15585287876549767,4.961667824131437,0.040754516129723965,9.779094404365573,35.96745312178144,0.9948363792880824,3.4009252667904852,0.30041640068900666,11.684083525733358,7
8.358059109729643,0.3416538943217385,0.3656817863233776,1.053259551336936,0.04815507407998816,9.529374847498763,37.689393103811476,0.9963253418546173,3.3387590375310916,0.3,10.809666736359569,6
6.4516819039332365,0.28016203629421,0.24480923065335491,4.459928301905576,0.04645019450624926,4.806118732617933,42.810765047391506,0.9991118371213592,3.463602292912104,0.3,10.616893439460327,4
6.454097280895185,0.6674380668462758,0.0677989339967381,2.079221707912744,0.049588298999426156,4.671013097043053,21.841574351390637,0.9940664872611987,3.234737860574229,0.4803543692618049,10.031233434164255,4
9.454934581026055,0.4961897639339099,0.036472937553261836,12.582986132573488,0.011169697075920408,17.370660134256003,40.78538585773272,0.9946980901078813,3.4685253002244174,0.36447725211026977,10.69341339187953,6
6.3470501402302855,0.32850830473144793,0.1507494539566186,8.271399569237305,0.05607568720890387,13.265026204910018,76.05159691688382,0.9970542519187426,3.359034757654921,0.3,11.189073235217815,5
9.432731251545661,0.28442224017442685,0.08252956401058215,14.793982548947575,0.01,15.843847005229879,103.24731617614214,0.9916688833285956,3.387408620303605,0.5007002501262883,11.472888406861259,7
9.086405197851718,1.05023942450149,0.0930317339432762,0.9387372620005561,0.01,9.733943966674982,20.388543713467882,0.995641139069582,3.263348885607108,0.5712387037568037,11.778809137666757,6
5.366128561055986,0.9314792760437606,0.0840515680668713,2.4954754126827106,0.03341488803203826,10.138900253524918,55.27595854306074,0.9937947518030246,3.292834668959864,0.5322510370913163,10.022581355175815,5
7.148140091029387,0.6729257819999276,0.17787388960855466,0.5,0.02148929783383902,17.701613222864378,56.73524241951451,0.9998728479331456,3.4207396227431044,0.3,11.584007466792121,3
10.329985985180533,0.8651500835432718,0.2897208288640002,3.5902436380585687,0.05315677034000861,13.359663221319774,35.645276448206914,0.9974259918844097,3.512794809726915,1.5,9.966248443769459,7
6.632018597062542,0.12883646821450392,0.07922757200440737,1.052397044570343,0.08806629180124764,1.2989542282958506,53.82618785851945,0.9943342276400264,3.0178970159589986,0.43245257650112917,11.075680270269055,6
7.510512754074042,0.1702681643800953,0.07553855864455457,2.616932420603672,0.05601423056117938,32.01692129295067,55.1719590403924,0.9961425845741344,3.2972880526064836,0.6259274432981071,10.30004096570926,7
9.085503518528224,0.15314894204989862,0.044863356322713314,0.5,0.01227867887245784,7.2314978434850925,67.5619371399175,0.994254680738049,3.085488702477004,0.38079034636930587,9.482061068037778,7
9.631763865780414,0.43121761923686935,0.20500967075116683,0.5,0.014107826044049192,23.226041577092825,12.72821715922261,0.9941289051585545,3.2594543749236187,0.3,12.120183474731993,6
7.872383893724358,0.8847314291062022,0.35862516116516757,1.2014108440365487,0.013233326987396784,23.724688595571813,24.28875045766759,0.9936891807875449,3.4193359271522628,0.41011734282221274,11.607643758224697,5
7.28423266902421,0.30631056158143727,0.15799029613196966,1.3770232177866553,0.05802447707129213,18.292911756370547,42.17444456616533,0.994735476499006,3.41014353809285,0.3,9.00448396834938,5
10.718028764887464,0.9686244803030383,0.2908881621828897,6.5480509938052975,0.030158854460731844,20.465936068781744,67.8547912934668,0.9967048429173905,3.511165301487448,0.3080335628504192,10.70735310703309,3
11.256129428455885,0.26712114562561984,0.4396588661402138,1.8343080117469244,0.0436543999578673,41.371520165156454,19.193463910413875,0.9981503182436919,3.333847703464517,0.5447246215565057,10.071685055386062,6
9.964058686329054,0.3867059943692699,0.21687865567171777,3.8669293860528096,0.01,1.5208773412940766,29.863431478727023,0.9940751234581071,3.0457484861800057,0.31400411723011634,10.815340371004872,6
8.445040842360541,0.30344121057142925,0.06971402241203238,0.5,0.04342781043269864,16.920247616808943,10.86301710146534,0.9943149142135387,3.3268153297592935,0.3629840613086696,10.94816663237736,5
6.925948273210426,0.36382465190861624,0.061417096038744796,3.2081789814532473,0.02167430823971397,23.423291708647945,38.06329497659731,1.000056393257314,3.472160235202361,0.33418428488131613,11.2337617893878,5
6.888244508853839,0.3956911481281292,0.074445055320189,3.042640887271168,0.1103608853543997,2.8974810886388536,41.34059251865237,0.9962403038509738,3.4524292452395344,0.35963107661935345,9.399806547820932,4
9.188273978951788,0.1,0.6706462807639645,4.327578731987022,0.01,20.228462832256536,7.479558192447904,0.9954573641454698,3.408954321126352,0.637748315002087,8.54295037084371,7
9.011276975510762,0.5563032975395507,0.8154831352152422,2.9397096006399344,0.01,4.5877271559572605,27.978898529490664,0.9945016007417434,3.259129247717163,0.9358802203018354,11.194820154349642,8
10.68271760800893,0.3885344375939875,0.12372099334909882,8.834417394901092,0.026217288955094033,8.564515650137306,6.0,0.9948135932978487,3.4976108282690754,0.8041831047217601,9.318316499791386,6
9.405765157311437,1.1824213616723864,0.42275001143898416,1.9234236765290846,0.024376961309308505,10.300964167110887,30.177745551710107,0.9960859166009756,3.320406011881313,0.3,10.042536195398815,3
5.74476348700831,0.6496748788968235,0.48322228466351536,1.1211490019142092,0.08501741122151367,6.623083576497305,11.16861746921941,0.9980672823200865,3.0980475905210776,0.34799013422766506,10.363618304825504,4
10.088310950128962,0.5388129730015904,0.03718087900227873,4.482180189208156,0.01963090426265254,11.235815399706887,32.02302341708006,0.993987108553088,3.2181355523709265,0.651904802624052,10.186211883042146,5
6.603296933565499,1.135887172848319,0.6424071027402188,3.2476326531401662,0.13974414487225473,14.183134122488706,200.30242869644408,0.9955624976324665,3.359894490556098,0.645235337228891,11.171923647431809,4
7.647248837681003,1.0599927636113946,0.13874098321417078,1.163979983457138,0.029160344253910758,3.5752616394077315,30.766294374801063,0.9992165201824406,3.1358478598196404,0.6791299737140827,8.864505821739623,3
8.725340350627881,1.2176338483301155,0.13223160487346391,3.916978171223635,0.013287762653513419,26.047105564433043,23.619833964624853,0.9932395324292309,3.216429538268998,0.8483466601419312,9.35290281192969,4
11.69263473263274,0.2811306062868137,0.04710214528121529,5.473212062816535,0.02117662741793242,14.904055670739474,19.770507492701725,0.9982766656843128,3.1624186079026977,1.0266947776393658,9.841376416461046,7
13.586861545209114,0.1494989179052815,0.6739392731232439,3.351736449322244,0.053877981538844134,23.245836019044635,61.80397470949592,0.9997771819338181,3.35545264596981,0.3,10.123738914503722,6
9.331429200531511,0.1,0.18706222848779308,2.938376426836954,0.04764772179014907,13.33241397331326,42.709228462914666,0.9960737148526092,3.201014813737501,0.5484100069501353,8.956412938000707,6
7.988565748175342,0.8570594527037131,0.46039961559603226,0.644469117071813,0.10212035823764332,38.782199522818054,99.7742527079629,0.9983686334915615,3.395230998209798,0.3,11.028872591234286,4
9.208659602416937,0.1,0.12591478309370963,1.8740292624053516,0.01,24.321812237372782,56.183064741023145,0.9925508103501973,3.305173171479245,1.5,9.090506349969122,7
9.809014223985521,0.5016768849993486,0.19259677688285048,1.0949893746547124,0.021608326963183377,10.527388716270446,6.0,0.9955178456296943,2.9857217344383122,0.5403711663781267,9.17770001619191,4
7.754865036552775,0.1018693620258789,0.09120906878064979,3.9947826308045222,0.19139370065890304,6.327808160970915,61.18271575112387,0.9979421691822551,3.292696196516768,0.5898505322880198,11.210970063506076,6
11.351859305050947,0.9436752680049167,0.10302997066180923,0.6684013415043457,0.01571797593642983,6.551312172033625,22.915807485226217,0.9934037179047582,3.1581056094823543,0.5482477675842162,10.057200195116076,5
8.691120290625385,0.6134065427136975,0.25674608554304845,0.7320054216234233,0.07650528288390857,6.907113415657297,44.390258424811094,0.998353796068601,3.383788179492166,0.3,11.485746824703012,5
9.146163251455372,0.9399822549019273,0.32883869300517304,0.9920549289143633,0.01,21.77040961706642,59.40997119018195,1.0005428682953854,3.2317055637965697,0.3,8.0,3
9.432071228492585,0.5096751854541408,0.016860545748194535,1.3086341594617248,0.015309978614362837,13.351391523460947,19.03598770688949,0.9946890848563603,3.4433960592272905,0.3404727775431861,9.711862145350286,5
9.016697238044575,0.18843391816366348,0.017675077930306,0.8850212132951749,0.04706985938313888,36.609055462738986,52.46246337006152,0.9973365470063149,3.4876939427634035,0.670126645708671,11.417360866710109,6
9.726198850798342,0.296964763719705,0.10596619402518691,1.8049255440116463,0.04826075370686661,11.249323125681432,46.67731031811266,0.9977340109102244,3.193529695840008,0.9299374790009646,9.719119998679146,6
7.2506695828702314,0.799121144607889,0.22571321531209693,1.9555770329192292,0.041761542469512566,10.760047075006943,54.476920307602086,0.9988888842601076,3.4451702522308287,0.7052994830482716,10.955181986061358,5
7.350887018291749,0.1,0.48950526533903854,5.010292066238913,0.04597874202879777,7.774525058652939,133.9021883254122,0.9939435922796364,3.1721587052589713,0.7342007672745979,9.64343923835285,7
6.42973780394812,0.27730424355288463,0.18450295789423238,1.1300564939257445,0.07526827008931457,7.343289780434906,19.047024883752403,0.9948236214435537,3.285667204745668,0.7075566750025339,10.842584168812333,5
9.047152092054386,0.24528512872164313,0.13801609584688837,1.348504654408385,0.030241905322941087,2.5479260005396664,100.92172139498238,0.9971627103937593,3.2701851219023657,0.3,10.081116745007634,6
9.624192055970594,0.3998709008508172,0.2866999914633904,3.8040384230076976,0.09931078631016013,26.8827710330054,36.712384602286924,0.996163743634784,3.2246002602137835,0.30653186585781955,12.33338133467364,5
9.078213872458207,0.6651637920359743,0.06842401969107438,4.3951582429196465,0.03373044769493905,3.859167741209789,10.362080838188337,0.9992798457222907,3.354536508400646,0.3,10.552476995913016,4
11.146637136690813,0.9236807051913164,0.18872515041580842,2.7610416510051796,0.030524442854518538,6.51183754070353,91.00619097903333,0.995449695655794,3.4802220708765246,0.3,9.743437738019052,5
8.290486767990622,0.12040218639229813,0.15479572702827082,3.7870743153652526,0.01,10.163280252045471,71.67041072849233,0.9952356522989945,3.3697079137429498,0.3,9.411602888771949,6
9.436860814507272,0.2004312553118335,0.20196537919183452,0.5,0.08555365403456427,2.709364814084427,87.06280906036669,0.9966650319388329,3.2887315926131855,0.4436588853111324,11.035128108785889,6
6.444108510563167,0.1350381722469912,0.4428834722533133,4.659876289141291,0.01,8.413902003583743,64.17444453952933,0.9966234442758559,3.0974518130425155,0.3,11.508748400383634,6
7.641930505793519,0.4123236903565077,0.022469723813166552,2.409892723419936,0.06906210152580741,4.816545844667729,14.988099214276723,0.9957828143858192,2.923612114015061,0.7867482416183574,9.513581024675918,7
9.482414187861822,0.15181906741894563,0.1629655783279075,3.888028834359016,0.055015466285318136,11.200907338532838,107.85022191196776,0.9943415352401105,3.2529652992676543,0.466303276542748,11.700657870778041,8
9.743473588263345,0.5530837713380947,0.32777090849700774,2.981581081803821,0.09682745805450657,49.338524048863675,146.98263370269842,0.9962556337865255,3.0538261225814307,0.39857445540311337,11.136791200588581,5
7.800256188970891,1.0100844444326678,0.2708568457508202,1.75338066136558,0.01,9.502748095605652,62.72048685231028,0.996834387994742,3.1308125379332092,0.8476665908724124,10.466666137705023,5
8.178281271841287,0.1,0.025729114386630874,3.3507746639890232,0.11477011901560237,15.504258369481981,17.858437829895323,0.9944696524753646,3.334274314260905,0.7394802175929104,10.321037977814187,6
5.719614630642624,0.20680701898767717,0.017535382122301633,1.5389308133274957,0.021053100905533514,21.613695814016946,77.82396680434361,0.9939541714229576,3.1338211709644765,0.5069643521358451,11.883789532552175,8
7.693050358628764,1.2262357663117993,0.30876449023807734,9.958556729017758,0.01663401466841358,7.050616637928585,6.211726696249218,0.996667212463367,3.198311106083954,0.3638427763857934,10.77893444561819,5
9.813651377983637,0.4914464785957339,0.024067380314250573,0.5820979649717499,0.01,1.5571114816082012,28.04662963156062,1.0015701591911774,3.3372189556896075,0.6682748667801126,10.572524195745654,5
9.277848527381163,0.2812970659316491,0.19187008396272265,4.574587152689649,0.026899640862143054,3.8529852915984852,13.761437854851987,0.9982784313210428,3.338918080622466,0.8707870959289742,9.718609513240688,7
9.151131726348057,1.5,0.42029690131405156,3.177726726260891,0.040518054557960086,13.363954353861457,83.04767988933408,0.9956657939911607,3.242544150995745,0.3,10.345378160443063,3
8.384615268207632,0.34063767108481413,0.03385703107225372,2.4870138461272058,0.04937573058018228,2.939400454289798,37.0375987957681,0.9956310593371849,3.0702935051644102,0.5160004990807169,12.36829771218841,7
8.312007369667901,0.6466427977324251,0.62684573275657,1.2889358842645646,0.018832864277013663,12.077686615466181,34.72429888925952,0.9963129780117205,3.2377403039799066,0.6546446239164194,10.29048307469827,6
7.177454062895141,0.21501711869179033,0.30037216255778193,3.294890116661156,0.015956824221572036,13.89380429841937,43.3057520638703,0.9949594988288087,3.3208951830311535,0.4631478188193015,11.948468284445864,7
9.48800831434431,0.1822358027689493,1.0,2.4218074934857445,0.12158930370340393,4.500965827285933,6.066554783824991,0.9967453417229528,3.304432564503916,0.5979561585488135,8.15813505911781,5
9.015654005461963,0.6740170578697973,0.10964562922214731,0.5046878896604929,0.04160468923152012,12.841351374194664,68.31478198248733,0.9933713194130934,3.4542465536093063,0.3,9.882536033625417,5
9.13643204158776,1.3006264043618576,0.5067819523468243,3.987343239483063,0.050474346901917835,8.185550830037544,33.23706968907768,0.9952000452285916,3.222362273087429,0.43612330348378775,11.185683641240303,4
7.405740767465114,0.29170622780876143,0.12213159229818368,3.3734195472983455,0.06873426486273326,16.145331998790958,6.0,0.9984715563223087,3.094363876029595,0.3,11.013490421562707,6
4.639317036218886,0.16989996582353034,0.1814775233136354,1.1158345624380246,0.04587140471653141,18.823016877074004,22.849851661076464,0.9973118800763671,3.2523303671288635,0.3,9.411731794989493,4
10.165159609981284,0.8469943238952201,0.08915234352946673,5.170510293924619,0.01786173321468454,6.906391802658664,92.07818650324506,0.9972693027606129,3.2445812060468455,0.3,11.914474789444506,4
7.485976324785714,0.29410281386623627,0.1737772440317242,4.962112310538131,0.01,39.918903347769316,52.36247849363032,0.9980535931018354,3.317148912967496,0.3,13.896191368698052,8
6.833281201126695,0.5586308520174732,0.3766985872760551,0.8278629613842543,0.05742867969502601,2.761955495273646,61.400138501871375,0.9954265333845346,3.50086914951412,0.3973417055789015,12.367802478880858,6
9.47891415025379,0.2844521764386586,0.6433158366728478,3.3849275664164953,0.05229170763809936,5.105927916169108,60.10546098784001,0.9935104936365217,3.135531212481894,0.6125712403269173,11.724750757813316,7
7.633578512137481,0.3252161763223002,0.07109725882917722,4.3551324946619046,0.04806313176640917,6.771513304981385,46.60173229861521,0.9963908968933723,3.35039133208879,0.4430337679077647,9.337893106668592,5
10.101891852879257,0.19945471851761062,0.2070979517853415,0.6355217244703788,0.034260358875886326,16.10519788896029,35.81493923435576,0.996862280583001,3.3627898179406386,0.354597597808897,11.043368672117099,6
9.348910114280386,0.6867980570269736,0.10146592243101091,0.5,0.0327110179878037,2.9163325351073373,54.419256635800295,0.9991452065467861,3.2666588278075253,0.6859762362196876,10.505292175755113,5
9.462067849440812,0.5707712050357425,0.21679757613304937,2.040045656999518,0.010322337271627296,29.517049768174786,34.15170611440025,0.994768494536982,3.3092462751138396,0.3,11.066711751409077,5
5.977875290959092,0.5563544430639268,0.42162147952310386,1.5839422012772069,0.01,7.498842890443641,65.10538173934006,0.9955573363713341,3.293417595137189,0.3,9.13192181217375,5
10.360304775156882,0.23514833322048942,0.1105285292454148,2.3747899347266284,0.07237039945765486,9.021405266894657,35.87819726218201,0.9981427455546431,3.3053913360814984,1.099161348852454,10.895903589875191,7
8.744125903097556,0.5349807944972015,0.2606983888655431,7.424254925018953,0.10763400972050437,4.860641295526748,22.255701097099152,0.9976254115696127,3.617359798993763,0.6850115036849946,10.001159855961806,5
7.672228863281456,1.4183157840972258,0.06623260609138741,4.4350910348896075,0.05382836806259693,14.743237431173519,36.56906361772437,0.993379237383843,3.3775790577448612,0.3,10.044046129918746,3
8.543760394481827,0.1709943370904444,0.4491735013280226,1.3593429269217396,0.01,19.568378617942756,15.912234948413989,0.9981083756741582,3.1542935081202317,0.3,10.405090307067928,5
5.280400104072857,0.21640389492177078,0.3375447166667162,2.8764801860807916,0.033492548322378315,9.025606966621064,66.35344286231444,0.9991564422119752,3.311672652852298,0.3,8.865304186348475,5
8.994709779517141,0.2269531549115662,0.07986107141136485,2.634202440087673,0.01401389477903876,28.059262707579155,39.16461973061621,0.9951033447806489,3.679811713065289,0.584176652968517,11.599776992878809,6
6.550068436090479,0.4600474651824604,0.07775662599344023,4.882130033981051,0.024385723960697818,8.713975636278482,55.25054867893413,0.9981017426566915,3.274465675131003,0.6235224520642891,11.030843475904334,5
6.000460514065992,0.15912788453050208,0.5292519332877639,4.554624905480698,0.010467585973169836,9.936564629057846,80.49888175339211,0.9972306138031395,2.833046885553597,0.5048509247111953,10.397870495709546,8
5.711989383429586,0.6140146652971751,0.7830421159283348,2.360810185230427,0.03725040936938887,7.922187781837957,27.850627035833206,0.9944981186249192,3.1937457349507943,0.3,9.034923151046298,4
10.191570237482873,0.1,0.08370463532744891,3.875925690157013,0.06607879025334441,16.63751848082804,39.74837961326192,0.9936939081204836,3.2680941234243486,0.4635181580146757,9.169033846136294,6
7.23025223072226,0.7461341144017454,0.3787986596150061,5.492574183113511,0.04736816308726686,12.292848158304482,155.6649831547913,0.9967596265422689,3.273333622957508,0.3,11.371236232494073,4
10.90733710685805,0.5489569931851941,0.12707980015573372,4.045937675185541,0.02173321404522121,7.397798597154136,110.28190176537571,0.9980238536763699,3.528581075282456,0.8523169185158086,9.758788174177097,6
7.389137512811095,1.3968464829267826,0.5300054130030487,1.3341617230417637,0.04025803461677165,12.792535107050611,6.473221624515169,0.9953915682637007,3.371289531685463,0.3,9.493058814765595,3
5.397491472091991,0.17855620154022708,0.13356285621545919,1.3675688887470827,0.06385577532451664,17.25365552614324,33.22291798399033,0.9939037166931685,3.2202655012025776,0.30418748832223724,8.905281110971874,5
6.40190845208728,0.8704809363574573,0.31600835831949103,0.516801712023886,0.055122366433533264,14.47333213938856,43.09493618235749,0.9921249007718619,3.361871111303019,0.3,10.441585341712988,3
10.400879754011797,0.38945507038641913,0.20142668672798847,1.2894858871455401,0.04647373297729531,7.0912111314630435,52.38599257357153,0.9962525880411501,3.260358764350253,0.3,9.536064096290236,5
8.034973097507667,0.3313443684474181,0.009848545970218074,1.426929991588199,0.08698681582365145,13.835505858366144,31.802751121534673,0.9946698700799554,3.263185420690444,0.3,9.761248541285854,5
7.367911595965979,0.17056539841442672,0.07191027814060574,0.5,0.044939359326572795,5.689523791576838,56.35042739679672,0.9945261691019073,3.5129561958044118,0.3,11.363854278443531,7
8.57203098394974,0.2879265148179949,0.3112299107135566,0.9182957285881395,0.023687566125939502,9.03256424569676,68.15217509723978,0.9990837111148132,3.548824617390895,0.4049873958132193,10.390105751494572,5
9.153030651484826,0.2988585353261757,0.28111907567025984,0.7372791579118811,0.022566150529884563,6.072198802942376,50.96492739088875,0.997396818241562,3.381364649222255,0.3,8.886712075599942,6
10.199577987034184,0.10259138825802812,0.2256008098164781,1.7249709736473933,0.02473747572365503,11.278497432950742,24.109963636056793,0.9972514278821535,3.2089171423066944,0.42712645657821596,9.919288028643512,6
10.762448690817976,0.5447291491195415,0.6603754965124549,2.712791504147499,0.04655178914805809,17.869860852975414,34.897047037118654,0.9959120962601479,3.548941933066856,0.3,10.677160902420045,4
7.688393302158555,0.49368301734881825,0.3582616898347399,1.2492594786572078,0.012966365788526718,36.843616800316674,27.265819746989738,0.9969708295269388,3.369171814963676,0.34548041471636537,10.803297853369251,6
6.045718933660536,0.6447804994237704,0.32324525358276157,6.787764805528534,0.01589625755635699,27.448561313528614,66.42165864916068,0.9965664186939478,3.330219045590866,0.3,12.200406758979941,6
7.597109226090431,0.25739494178931127,0.009545122215811426,0.8989700670225252,0.01,39.793321398684924,23.064288831826293,0.995388122742647,3.1968025809574687,0.3,11.062598109394504,7
8.742476861190907,0.7660802748551331,0.37284193681158234,0.5,0.012478133904715206,21.93818557678574,10.119124017200196,0.9959693044763648,3.277571338376621,1.1626162378694327,10.585319303124036,6
6.661609825441962,1.0464265151290322,0.02791955243433809,2.2785229316007585,0.029596361255844222,29.836282725983878,24.957147272944333,0.9982185217582941,3.6433155691973624,0.3,11.455511604672568,5
6.672843444678428,0.35185050672266877,0.17409634074386268,4.257661007791615,0.11925846105024786,1.0,10.74609119191969,0.9966418050382927,3.0126809875295217,1.0942434005884196,11.173988602045203,6
8.884439398634806,0.18196168022496959,0.028381166250371077,1.667460767535783,0.01,48.15559921140457,31.575787566104413,1.0003345476346421,3.723998088038526,0.3,8.0,5
8.217291002330233,0.44221221742803446,0.2662739757972432,1.825591113929548,0.08262625287078247,10.748897288873263,9.862637330031202,0.9983322608277544,3.5516659025979562,0.3524805225964389,9.687907619603868,5
8.355754892199698,0.4267729707791703,0.4355171249839337,8.243782569097114,0.017121027522613387,48.53496787244363,47.97294180100448,0.995888058428402,3.5210908934714564,0.3,10.263189524617863,5
7.010557931009883,0.36660686072904897,0.16137383552911705,4.5071942099793745,0.07612293589916685,35.355063467277034,23.465327912557573,0.9963972049618056,3.3628830257120095,0.5309145353744302,8.820755137353606,4
7.908318785850196,0.6458505145254871,0.16634096433504927,2.9108984265899744,0.02441531751982922,13.155888994246595,40.12992453157166,0.9960429736182655,3.2293350507605454,0.403743662635226,9.495976603615812,6
6.728803654743883,0.31847345884861,0.06450504908232255,2.3839701779228983,0.043316133482143346,1.5189498800640142,8.107808330333144,0.998556554010339,3.22419489673182,0.3,11.258847405440985,5
9.813337298912138,0.1688045747494196,0.4297303579545379,0.5,0.04455566856754251,22.26178467984706,99.71391931313285,0.9939151471851388,3.107820285830591,0.3,9.984868106678707,6
10.05992386903038,0.4733554480312063,0.20146705968130013,5.822719046466029,0.0277723311978897,1.0,26.923816381937105,0.9957865340869874,3.2568644327170775,0.3,10.895428302385708,6
5.161480634195241,0.668194410226201,0.15928595762162784,2.4035644887006917,0.02696518956770124,19.46704899496758,32.21471746681217,0.9972896028594685,3.2689221716287618,0.5558596527814588,10.652588347672499,5
6.719831537672904,0.7075010747087295,0.24432603847321757,0.639640218362301,0.10423228886567519,2.583240879421097,30.412964952113825,0.9969908337046537,3.3751473390097133,0.38592224165231775,11.4777087472919,5
5.755900266346867,0.30172883276654094,0.34384718867664493,3.7542259809389744,0.03638425197090226,12.389375376447529,20.02959625111554,0.998713377419039,3.1065761284233497,0.7809365992451786,10.112100279600483,7
7.194959311508274,0.5245819678642778,0.1507423815129772,4.625471253047198,0.02438966884743906,21.516070110045206,55.340160699719824,0.995288296750395,3.15407990325881,0.33099202651697535,11.570452906487843,5
8.158155451356388,1.0597878337597986,0.3748910957571934,1.781280251152473,0.15549996858147289,18.19897174062715,37.128070261657,0.9932039393152035,3.1096566687138627,0.3255434297749865,11.576839153615687,4
5.835603126512499,0.8878884139193274,0.16924753214224755,1.4737659818867117,0.1652489117810395,19.52574331028193,45.82101577079709,0.9969355441502409,3.3510211752198367,0.8151964393846636,9.335781251823008,3
6.732838317686968,0.1,0.23711250803356093,2.116126360201226,0.2,19.53825481119064,15.3101666493071,0.9963951135003687,3.4005249937465583,0.31897648022625996,10.850495147312762,6
6.593272467461453,0.3208507198921517,0.052159565588334504,1.2181787363115437,0.01,22.780487815381317,19.310650806206706,0.9968508132468984,3.4975554952722456,0.3106513962293424,10.263662320835138,6
8.652354459978206,1.0134523484410158,0.116442966497771,0.8747995197486851,0.01,7.361739004254284,43.24927135069249,0.9953387227553973,3.1770893110319913,0.5136936401185297,9.932332219967897,5
8.417885372961626,0.1,0.023842052908137876,2.295253320845247,0.04307175138965097,26.885715304045775,8.623594384767939,0.9971448208111693,3.265699106828815,0.4680201654191733,11.994869906060597,8
7.07304615932667,0.40076490246181284,0.1854199819806943,4.477974569284126,0.10910042354512037,5.293113453037114,6.898499787147725,0.9955944162171512,3.1599075288353298,0.5408475016079591,10.618839857090174,7
8.600595482636978,0.25379992187271017,0.3284316200219174,7.7412754747602825,0.03346730958243333,26.70709915202297,51.73953827080994,0.9972478108383631,3.171336129190399,0.3,9.13616547224653,6
7.370643856201649,0.5329014317516788,0.14387367393604933,2.4039866910409917,0.09596773041375588,18.27636155561941,9.596929150184511,0.9957720651113566,3.3700310092551318,0.3192608600330259,10.812035428596948,4
7.8381863124457105,0.1,0.16021506378694858,6.826788303545107,0.10148898975521659,13.457839195849989,66.64137590614969,0.998870931210449,3.700433745427256,0.5140411998396722,10.484122172789107,5
11.144868553507514,0.9484844808896535,0.2480516435363562,0.8463475049046392,0.016888548835379102,7.025055108929509,10.704400435883022,0.9928313136878296,3.220542187141041,0.49171964176579386,9.539235724528707,5
10.578783788043593,0.4159447350307566,0.2714640930355681,4.34234248979509,0.02833063261632962,3.459579366071142,13.974385426181277,0.9928221292275424,3.0486362999903176,0.4035872620891887,11.251693846486454,5
6.090711897223085,0.1583819319829273,0.022319398877176284,1.7558558512367,0.01,6.736868432081122,20.96955841915747,0.9971984404045765,3.5903075738918515,0.3,10.929134747669552,6
9.710545110394598,0.22413360268670757,0.09575157640610239,9.777447891323678,0.01,7.00029163579222,7.381521151155633,0.9933627022390487,3.0488665532093484,0.3,8.827359084754578,6
9.679374142635707,0.5465417235233913,0.02806507563525255,1.3496272569205128,0.012892437206399387,22.053033201067116,109.15716387921594,0.9963104348832931,3.2481274976867467,0.516147841873173,10.760463621422986,5
6.34795240912055,0.2090002716983241,0.11949116419533332,2.8964678061409037,0.01,3.7841178887251856,59.591710404853615,0.9951379664583289,3.3062141670427394,0.8169992564838773,9.698108821684876,6
9.691921994383264,1.272737566565867,0.5722477586371132,0.5,0.04196137309265121,14.75926435854074,32.59645959441119,0.9984293749793833,3.447329253931728,0.3,10.536266235844437,4
10.91448426130134,0.37922782154146456,0.3321253964535325,1.6300913019623158,0.01,16.63593381800517,19.180607401498925,0.9961063596376933,3.508012545954267,0.3,9.618218638727157,6
6.391673829384497,1.121389963522103,0.17364036673822433,4.952203250909936,0.08027946279554911,4.073978020958374,53.72617828479322,0.9950726724426476,3.2627763627395883,0.40312353446581095,10.8719650653566,3
6.740245204275753,0.47396854663763877,0.695135922872104,4.226121267585594,0.10913219869343072,21.552661559415323,20.91437378378316,0.9990340980994805,3.5882190486584893,0.45853190481233874,11.050242412674288,4
10.030024493633954,0.6867047096358376,0.2283579625517352,2.9192245390440212,0.0968438562855713,15.373958023642553,7.911563614484754,0.9971619866536665,3.266922433021063,0.3,9.926335457120864,4
8.761542028403602,0.6578852190341002,0.9829675754902814,4.370861977287392,0.058519009231250536,27.55970431860298,19.455506084085016,0.993988037099785,3.100497435073477,0.3,9.810480302752971,4
9.23750966790719,0.2813633794081841,0.19778007618677929,2.228761931775378,0.01,23.865115694101735,10.834317422235248,0.9925512163603157,3.2901993435881094,0.5914247386202773,10.212572245525745,6
8.879001667880845,0.6927627871818284,0.09528011537050343,7.2985801787431885,0.07099345462233646,15.024433628421583,14.77183120231518,0.9983856209479816,3.260620074413641,0.3,10.75294574304938,4
8.964183065577846,0.3021703871233085,0.0473144996449433,0.5,0.0769546652908097,6.281143129120455,26.880769858462216,0.9966033348056452,3.2307814807007222,0.8894007790233875,9.952373905584947,6
6.044997381871159,0.1,0.30393492992224846,2.8498566003636707,0.012281458015327613,6.333801689775045,30.447690642753923,0.9975562152126931,3.445190240189069,0.5206484793805656,10.282558667804771,6
10.080440101256462,0.35327344066669264,0.11827517498316885,0.5301471581546908,0.06244806142674695,4.08064346641412,65.71863530582468,0.9981159094723842,3.0707976658847165,0.3,8.894782468722966,5
10.288302987127215,0.13728895273695557,0.19743245278186813,0.9297777888398381,0.047264253394691355,5.058575845747629,65.57999478719867,0.997082234849,3.3880351830460063,0.47707341687997507,10.559379896938813,7
7.910035735084353,0.2935982660388732,0.26517720172384807,1.5219520216910245,0.024112753976569215,16.99454767541409,36.326601554829125,0.9965551946282104,3.3095529853809906,0.3,9.750035676429562,6
8.226089185316434,0.4054907822888479,0.07139348055235122,1.8027446218927714,0.04722395603592533,12.913584962988809,44.90259112103963,0.9958008496028604,3.132987962140063,1.226882227781981,10.659537040592838,8
5.6971172456552726,0.18707447573534197,0.22506357549160622,2.258801602853464,0.09541311189312335,2.9022341988188063,25.01108448448472,0.9967810704248206,3.323208030800356,0.7983527818173246,10.852028604379548,6
9.17423308523032,0.624247263811221,0.14620500358246113,2.283404252227391,0.01737457055459278,17.530001117432445,34.13122529520369,0.995414368269823,3.528590336832498,0.4614454534208725,11.228055849034414,5
9.272497650914046,0.29923933192601926,0.030575399133383203,1.436858895887389,0.017067759808251013,24.467150890261255,43.01749874142928,0.9984078186065265,3.3940783313425302,0.46243379380064076,10.264717788963347,6
8.194275271101173,0.13325977081813453,0.27729934040944904,2.44221945138274,0.04647184531159324,25.492267008520756,37.941832007732785,0.9972725629256505,3.2141430781091236,0.3,9.778738246458076,6
10.211400711779856,0.18984208265806843,0.3081866973554774,0.717934128472125,0.023863217144211468,2.4878988530422204,112.91094070913903,0.9986732776479017,3.4266468845052485,0.6477193605553647,11.866855207337885,8
7.7320687073341015,0.45242273561928775,0.49247642557188365,4.576977851132831,0.01,24.216052104030254,38.905961905828676,0.9966053903949234,3.1055300558994676,0.3,11.444172957426185,6
9.25983007401912,0.3411057941912128,0.04922775766055904,3.8499087616957155,0.07822311016143868,17.31372337189781,9.41652946029061,0.9961511397505741,3.369013199101352,0.6506594890585834,10.273971250257926,7
6.566570624223404,0.5182561790981659,0.7957224734404037,7.223954043397446,0.04844656823038819,8.609122444445948,76.05045410973217,0.9958494330034462,3.5478336324062774,0.36735452429283677,11.442958962424697,5
8.259961343513796,0.4548427403853489,0.07993289653690257,3.3686810359118127,0.01,33.71125361842554,62.67446912221503,0.9990803925093601,3.11113809851652,0.379334085518903,11.033576104147448,6
8.00359776156518,0.1740273894964852,0.012084409926705996,3.6836658152562216,0.06632171992392576,6.593318415382692,43.70227151827191,0.9938759864728435,3.448405196496686,0.3029471716710348,12.090378238554083,8
8.683023467469601,0.24861575157677576,0.1805087283581671,3.6318978104608717,0.0609232584108167,1.0,32.21398499893077,0.9926822915586463,3.142497912069062,0.7197306541433969,11.096093492949182,8
7.671804220983291,0.7617541959219077,0.2444581254146181,1.1177446419797152,0.042846756434037764,8.919675397270824,49.50900304616126,0.995656645575526,3.2933535812448618,0.3103601622114195,10.755023746291126,3
8.076496587358166,0.20207864110717846,0.15203742962321412,2.8312298016942457,0.027044383877330963,7.45984299064649,27.715271215146153,0.9958155206718132,3.069992337775078,0.5621554107722009,10.021437015782116,6
9.704280191450561,1.139134229042274,0.048350305088040106,1.6863684840671567,0.024867832631389624,16.26949430080101,6.0,0.9979984743847672,3.473634126768567,0.3,10.694550506223607,4
7.557500796695031,0.10587682526972611,0.10935693784500046,3.058945349072702,0.058780178433507586,18.5638125318181,10.943540578912847,0.9985105541706214,3.130844502371069,0.6753549847726483,9.586845554098806,5
5.568818928744246,0.744553814472887,0.23223353366972255,3.442439124311769,0.01,19.209236637686892,29.662330447444386,0.9957831736591476,3.260721219766323,0.6403024918729842,11.372393620683951,6
11.274292637149216,0.3839912561642707,0.8829681819887785,4.1822298917207235,0.05050520762792972,12.67024259560773,9.818279813660624,0.9952654169078635,3.487703260759133,0.7086459346377598,9.657857059685467,6
10.648471933773827,0.1750712044512492,0.05142198694827452,3.6187782229901484,0.060340205140172555,13.233886315358868,47.86904789198772,0.9916859769898044,3.3821959111197453,0.4929999039054157,11.012434238613496,7
6.103153418320449,0.4428822114619629,0.0943600800356268,3.692972122003116,0.0758639795761517,32.59626042964024,8.523251007987797,1.0002684720481438,3.4372719630862925,0.7275251573607423,10.250192879720116,5
9.472503268916832,0.20808369485589068,0.03638929703694586,1.7796897187423122,0.0165834485470613,1.8811815427878495,16.028571683466023,0.997138830878858,3.4539000098478128,0.3,11.119708891858323,7
7.444942890062718,0.2625306875306784,0.11921159670320018,3.50828520803905,0.02050459109145347,19.823630654364816,13.991166722426398,0.9984082790778899,3.360684246742372,1.0627807867596852,11.217602216125059,7
8.747928266062802,0.30523397593269386,0.16220775807333895,2.5463582771832978,0.05736197118498266,14.053918955446607,45.54526727384744,0.9979981594826876,3.5906652058599673,0.32753661598336153,10.951930094811333,6
8.80018101932294,0.7040978557869085,0.39504638600956915,5.4989133246644055,0.016174359490586238,8.864719821212903,72.30039891653323,0.9927865698933567,3.3839309747450272,0.3208834883536737,10.348089793020105,4
7.901506739462254,0.24557441509122568,0.23624074029406172,1.9333413350166804,0.01,11.186432314481673,12.208694108228446,0.9951217009379791,3.2770268411161116,0.7378126651250729,11.013690774023134,7
6.967598368503126,0.49536704174439267,0.5521401552738392,0.5601108977958533,0.029264688508515848,14.2579841837465,77.2010347762764,0.9960075859488111,3.2548775737337285,0.7410177470070293,9.268713513903334,6
7.12608021106236,0.7231470121905523,0.1690828170076879,1.3261888150100818,0.13160015977626857,5.54875361329231,80.28802803317632,0.9957085215656911,3.2514106924875787,0.3,11.826111199597195,3
6.742473743681889,0.43379951097638925,0.24573449520463972,0.8881994607750663,0.03712471752905847,17.039803987387877,42.70089343696786,0.9975264551311194,3.2906884866484827,1.101975073991919,11.37691920329139,8
6.885902246008245,0.5522225729146284,0.01957033371236416,3.1263028159732413,0.01,18.36496984437723,21.917332405980247,0.9935894291709323,3.440372996600308,0.3943137976046437,9.268207283717317,3
8.185796906916098,0.4036979870420612,0.38529593278201485,4.515147693518407,0.04185096926631291,19.528384173223003,24.79725711818324,0.9952514199738355,3.0995441492886173,0.6720884870471499,11.840851817424912,7
7.083208018511723,0.6150435034052647,0.16928916572775984,0.7771420122352555,0.027304372569979626,28.216622272618814,14.573832107853555,0.9960041269625141,3.0132002177154247,0.31620582695289134,8.49482292024712,3
9.459488511711454,0.12949546739279114,0.09000199827817928,3.817758490413376,0.010683057460510448,5.078865662804615,14.114228193520237,0.9943107131833074,3.0287833861224462,0.6938188948441105,11.036551900808012,7
10.828318464071078,1.0717786228535886,0.043690190017390655,3.6157066701078735,0.020725864763153527,7.048335199129893,17.916020260412,0.9977130474785884,3.1606278632966496,1.1098159043223441,9.506556773572502,5
7.313909489670928,0.232421761075118,0.10455554830816503,6.983410823604029,0.10894544942769471,3.636893881003059,52.07753815609529,0.9965266213776964,3.305318153123257,0.3,10.439329349926885,5
8.706987650910142,0.38697600130416504,0.16205669903938433,5.105817979523701,0.011770667522189726,14.443264408603012,24.006579061141547,0.9981931750021412,3.5067206046229678,0.42610221627885553,10.88804578040958,7
9.149464687514989,0.1,0.7139675725973562,1.3264512048446953,0.11914339807843409,9.85351277935465,45.95155931864439,0.9996603376788116,3.30143753575542,0.4125296746415571,11.569274141152318,4
9.102403860562767,0.2733499834180592,0.1494638060336481,1.7930706713038251,0.0348084743257379,24.203471671643427,13.07418128918616,0.9956844326926214,3.339715323142045,0.4113686205779455,10.466121732305611,7
8.42912395545735,0.5106469915687118,0.21314566851461986,1.935787851210582,0.024418284913033356,34.14778615873807,6.0,0.9975344288081598,3.3855231536934847,0.5237492168884516,10.071059586954528,6
9.562560111211528,1.169852923143001,0.1577156572893971,6.320066135155155,0.02607833701613584,31.0136653447204,24.012653689192042,0.9925848093114865,3.4111271758313193,0.5556150866853955,9.324056430302383,4
9.119823219557118,0.6349320908428723,0.21355846879274512,7.299102713460833,0.027739908840041357,14.517708375594555,6.0,0.993367887507699,3.499459398703375,0.8586967311934284,10.581801263724682,5
6.195973882043594,0.29138628974707037,0.20233311453049166,3.5159971912820644,0.1152005961228847,46.044612065288234,11.910402718580054,0.9965791169579703,3.2316576963049366,0.3,9.121532221853922,3
9.777565309461766,0.1,0.17207309974817117,0.6256697018825013,0.024275566982872802,16.873835690685944,87.61703344785028,0.9954407376667772,3.239957286928757,0.3,11.147782761830753,7
9.808394423353462,0.9900733929297442,0.08676466516672206,2.154158953526082,0.027405364268572055,5.7045838801156314,32.101536317122616,0.9989038278130237,3.2301665150268475,0.5705044885130174,10.610204044583666,4
7.0024136228964124,0.28010103255811,0.3132649838759146,9.434055135365938,0.05972432285795805,5.513720818851247,29.77689440484211,0.9971181176411998,3.5223665346874657,0.4594185918561773,10.86036391053586,5
8.364494320260924,0.5096006556039859,0.051400416323359226,2.6080980496006902,0.03322262221032075,15.809957965377524,64.48389902303384,0.9934241392995338,3.4249495863464334,1.2940182611493145,11.439959363084757,8
9.461659287778819,0.2920450447384503,0.2673338561012803,2.406314955626074,0.036121504264982736,19.70730811186234,23.564078528737834,0.9965541868981699,3.321921429284843,0.3,10.999828231306061,6
7.944166506715086,0.5565999815253602,0.3182403016045619,5.728676743020012,0.12383506952617628,5.839440885472261,26.346679320209645,0.9951872826014099,3.6338628912540694,0.5209580588106015,11.680424533390354,5
10.12406268120222,0.9602739557791475,0.013583431569366543,0.5,0.036956756691228054,10.536813858352104,20.91700594658695,0.998408247074766,3.2489588336696804,0.33307956091926794,9.813219554522355,3
12.318583240852913,0.6981813240768224,0.04549472570747343,0.6622927565309676,0.022713298330188463,1.4368959274645965,44.30907459728694,0.9956316363113977,3.154629254990555,0.31241575345631317,10.491984845969302,5
6.96382374452053,0.3360828872706046,0.01707109125515358,6.154589934855233,0.03589546171542448,1.9058637136261454,27.298205384749025,0.9954191702377987,3.095399098113805,0.3,9.49833661686727,5
5.952224174638584,1.0059599759621298,0.47575537335532103,3.952608250589149,0.03818421584156507,4.726216731987147,28.20849902989389,0.9942103824817673,3.3783441771226608,0.3,9.081153006760767,3
8.816491612528289,1.3429909109037057,0.10046228619416991,3.853069437005722,0.08394880334842976,10.359914386655502,16.49768734323983,0.9939344800875982,3.109258534575683,0.4766617388263337,9.828806900134978,3
9.526656258714445,0.8251837207975115,0.45599516928698597,0.5,0.04965321937451218,14.467779189718206,54.891806581393645,0.9945809876024327,3.39894293028633,0.7353745814830331,10.336795877751815,6
7.907527164463893,0.2994814272048207,0.12417336983112792,1.4344280122119744,0.012869217475626905,9.016873740192693,40.66816342530366,0.997746303675357,3.256620584604838,0.42576505130064846,11.004495982181675,8
10.770543127645759,0.7456524089531558,0.056776292109395894,3.5956066506452613,0.0480454866699711,7.065683128680785,24.648799201298228,0.999065742026266,3.2006916947874853,0.3,10.329832476561855,4
6.024370140470477,0.8193689843435894,0.0820038020556439,0.8691414231393791,0.01,16.93256439225094,11.546556595824221,0.9989264431371677,3.423923909506889,0.3,11.061194145208498,4
9.47796165915374,0.3411730759284571,0.198951764318432,3.3972956706948194,0.05351745754389473,12.993384609442831,65.44725361125151,0.9968511537892036,3.209287710890881,0.3,12.468884293778228,7
7.270036604709882,1.3428689430234872,0.31543395807657376,0.8945294816220574,0.06308944141305477,11.128001737523137,66.25039282768398,0.9945990138639689,3.189298736830055,0.3,9.383956115955666,3
11.222942440552405,0.9311242877384078,0.17741146039927788,0.5712289060313944,0.14901010243765517,4.247577020518774,41.11025812966353,0.9937869910194582,3.2958391169581858,0.4021566469562624,10.955578545580721,3
11.687276100385802,0.35519403472710653,0.37453582994140255,3.497136698210696,0.012838555466061654,11.623649140417674,30.24513873223605,0.9964241799358042,3.2121723253242136,0.3039835519728435,9.540370252048255,6
6.996683800768309,0.2992244915773968,0.14618847189398626,2.61432952947227,0.03671180902647059,7.767570169580979,9.323696945717666,0.9941946859137027,3.419818879545645,1.2805972959082967,11.342590398814298,7
7.365752868955415,0.806518917349767,0.16252135914603114,2.180032704708233,0.031111206612288268,2.4369716559291645,15.50113221201175,0.9996443573619039,3.512253452768231,0.3,11.100125491594595,5
9.761299407865664,1.5,0.07627937268655088,2.3498469491666243,0.01867369368533718,17.07493216857245,33.81028012783867,0.9973860622975881,3.646939819803751,0.7693124056134061,8.831204959432696,3
7.641877895357826,0.13868193820373326,0.06741555359413774,2.3513920518163753,0.01357938677810582,23.67553632965661,21.312562425559,0.9960154711764765,3.2340507637360796,1.1834717958948788,9.835579432060213,7
8.222800929515195,0.5761253287383611,0.33318024803108054,0.5,0.02980255017522073,7.379807706152471,7.5844677157004705,0.9964388776257171,3.2031370334508744,0.3,12.799070646986312,6
8.343160314922098,0.7362298665623592,0.05163050941033045,4.49642753570443,0.038643342484355,11.590529776994632,57.654365702473754,0.9960034942848907,3.0880491777660417,1.0008332210908992,8.984818075147516,6
5.036555634463985,0.9543742692935352,0.12385016284092631,5.908421715821355,0.021020778917508528,4.9707751212894715,44.691091321495115,0.9979702036568034,3.3573754061699477,0.5176026088662405,9.086977761674946,3
8.276475831639797,0.741376427707933,0.3465394230132843,7.771576834826867,0.047576561500689125,5.875266101514135,29.32143355993466,0.9966069492487664,3.488904174290194,0.3,10.998256991131942,5
7.1274627840909055,0.2832023366238848,0.022918331104474093,3.066609649216365,0.03397615106752367,11.085798549810809,32.602793979704806,0.994846313382569,3.109333500032932,1.127477097525175,10.383896097513077,7
7.461691201920388,0.12367127365771297,0.4854830475005987,0.5695688982933802,0.012181794914265714,22.265030291264647,21.604453306670774,0.9966233888030168,3.0802596253017525,0.3,9.08999576535827,5
10.754174405896984,0.3267146760211671,0.05784214035213937,4.398535717406709,0.0690609573310152,17.387937335818926,22.349088164975615,0.9955926720514081,3.7333958435152774,0.3,11.131175381250111,6
6.163938279725265,0.7239851877096752,0.4869751713840296,2.7319678394014195,0.06481647221529574,11.427997335473608,66.10255517604674,0.99529115973547,3.104350434830945,0.4029176424265687,11.27519337782003,6
9.682448817471561,0.25871042583335657,0.05151895381726485,2.895152392236708,0.029809773218486837,7.327045054992765,6.604353456051023,0.9954101404151035,3.19464582845495,0.32321176932537715,8.759605931275736,4
7.825763018435926,1.0566936342771507,0.3325252437008448,1.1108753782535907,0.01,5.3929482631297905,94.4635679451134,0.9957180354091335,2.960958110518914,1.424259403853113,12.494389427182456,7
7.824407713557083,0.37738564068395175,0.09752926582731014,3.3878182115184985,0.01,5.7318476861452945,29.20414196494417,0.9907937469508904,2.890033942277285,0.45344518540716994,11.409009100277675,8
9.64363222328791,0.24517374761461957,0.734914877632707,4.499867888854793,0.08674220504116892,4.56713911750034,29.962579773823087,0.9970000358449355,3.268374520561014,0.3,10.730792357594744,4
8.878087200767114,0.6230355567698497,0.13710602234975042,2.754702437531824,0.12671046381447873,27.37060246825264,32.54456028964185,0.9972154556652651,3.4943592182453265,0.3,9.541485292873439,3
9.270042095273203,0.3477480930756023,0.04346117542163139,1.6309908869922571,0.08014548181406038,3.977493221819025,38.347837198831655,0.994116839664856,3.2979235613868916,0.5026477778141613,9.731754086302313,6
9.945913922905865,0.29261378188142506,0.26753281195429723,1.747065253153397,0.01577011370168543,12.346216158127348,18.957998424715655,0.993189075778292,2.9826099948546645,0.3,9.342831393791547,4
7.736775748588352,1.4591720620827058,0.10928258967845002,2.9515422794515693,0.06591316018374138,34.28140847578014,49.80729503681988,0.9986109851106219,3.289992295846022,1.0972309909355977,8.944549497427728,3
7.259197551336825,0.25736798523156573,0.29090688014402694,1.6805410279312605,0.06015207192151258,8.482683133765905,53.52791809738185,0.9998813609718741,3.047437113483833,0.3,10.630228256877905,5
6.455244104851744,0.3174186647433932,0.4811638282353135,0.8050108553710535,0.06098874839874191,31.004251835397945,77.01853838311669,0.9958456253185878,3.1426097332350285,0.3,10.206503726846273,4
6.896802099035777,0.6295567287912475,0.3400842345847634,4.345384296542465,0.03230012845609921,14.628452906419653,44.54891576797431,0.9980304587268799,3.3122065254267583,0.6053488779386597,11.320557311269349,5
13.313460523024833,1.0459409664009143,0.020836486426370603,2.5146269290189234,0.03776695914100148,20.983460645859015,21.995906956763392,0.9957217533162469,3.2764957014739813,0.3,10.978590196582799,5
10.415955287252538,0.5875170303811843,0.05020130196553902,2.788072975331227,0.01,4.988914568373521,10.82217518253929,0.9963712514784631,3.335792792952223,0.8537269363307326,10.896000898996135,6
6.003173577446365,0.45093164033297795,0.21842108444648026,1.3756533278523422,0.183908743017704,12.440978306829301,21.826506977026735,0.9952767417342371,3.457691796766627,0.3,10.483086026876235,3
6.051821473535932,1.5,0.23884492624502168,0.8031990330121526,0.01,9.03248562603184,30.505132153388853,0.997358601531458,3.293220325229539,0.5136548781850097,9.581409920849424,3
9.119172304921436,0.3054796569286428,0.03798590681957755,1.1757477424514489,0.02088582803899777,5.273289743141094,35.98495279749186,0.9965736929823031,3.1838984552266494,0.3,11.092352123789293,7
9.230350155542544,0.3067175876296222,0.056512658213656364,1.5493561929850825,0.16268631854588275,10.308241327977548,25.67898777177396,0.9985378760416926,3.384763756359936,0.5409925742592833,10.659948079019452,5
9.23310252003952,0.260544097858234,0.5095597533374935,1.6630748122136767,0.02602984945034453,20.49787834847508,28.31489068715163,0.9954094994558995,3.047465722910487,0.37239691628258464,10.260503241196494,7
7.866575150958714,0.5615389884532759,0.08605299318098675,2.2006082655880816,0.029664598181049565,13.79496775833195,48.81454612898048,0.9968252003497683,3.3077625203982994,0.3,9.986696609630712,5
8.086727757995071,0.19900991022290979,0.3135447156866343,4.90700174567175,0.034123613006050234,2.0220121689182755,55.908737997985945,0.9974481756824244,3.4937574654959085,0.4874061946981767,10.213672532358192,6
8.857395191070909,0.15592483834640722,0.4285465730798691,4.036722964586266,0.03904160639555257,5.640176871643111,99.30373493202607,0.9968362167500588,3.1956585631281302,1.5,9.406227086391175,7
8.446018110698663,0.31664116193889913,0.08261536350612057,3.8106007387748733,0.010615577158967904,2.291582742514363,30.718041157750342,0.9966273160337921,3.2090772743414337,0.3,11.678170740124362,7
4.527189366329191,0.1,0.15714639054609614,0.8369954279179405,0.058281675619181954,16.450446979382967,26.97616409073725,0.9986299109219982,3.578282836270138,0.4389785992238003,8.686205056397927,6
7.909340628022171,0.5097687690001833,0.31430184007100076,3.6408284431027873,0.05583528226664357,33.96492124482356,44.675560694063066,0.9941424353667957,3.3341309325940665,1.5,10.558102886335876,8
6.852609061757468,0.5625848790836044,0.020532351719099864,4.820999362205227,0.030913881219407857,12.360708270826045,42.40597499173066,0.9970735872141988,3.315376503496863,0.7746364883162699,10.45960773553887,5
8.597859412144471,0.633720128581024,0.12977478024331257,1.6497180562499933,0.051535602109481646,4.040571283386678,24.205486084347395,0.9947288298508883,3.3408951720942106,0.3,10.827398513632673,5
13.374940304425799,0.768457798011618,0.4638116402917435,0.7841756850741708,0.014386811629830036,2.3844238633928567,41.9987346546774,0.9944511892837874,3.159855124499875,0.7875086896813596,9.918429053250291,5
8.924718831306318,0.32392177907348835,0.2337046826905241,3.4490326863402734,0.1091776751074225,33.22553248069342,116.2614562188351,0.9953314000572271,3.4725611778469396,0.7380652589974499,10.618865392844674,6
7.766999533506924,0.9656445529986267,0.2359754888070281,3.983950957591015,0.2,4.828341862338953,24.040280935315973,0.9966594590552459,3.5334790443884287,0.3,11.563928388977347,3
9.867062553361329,0.9016108445062362,0.3760883621973616,2.3766659513240835,0.021978159561778815,6.511500999466889,8.966911235680188,0.9968612665109824,3.2572779553551943,0.8928678729193984,9.791477999192468,5
9.120569408255662,0.17495070713581198,0.09585058005747503,4.451855757073567,0.036371202660596784,12.568195948594148,26.663593172939997,0.995588089648101,3.36120835892993,0.3,11.564721781519571,7
9.014160633768132,0.40466030077369586,0.05405777667897382,2.509427541899634,0.010447830722190696,5.3995804209001665,8.824798204986838,0.9974750123680748,3.4446072536190573,0.3,10.29323571310472,7
9.331646008466642,0.1,0.22234583540320782,1.0416343508413533,0.06137360943902214,9.056848669621282,16.60917541972582,0.9976149029064894,3.451725671305072,0.3808443266305252,10.902011038308107,6
11.796124060210222,0.9749253678986375,0.10372590072484478,2.4799872447218534,0.02227498040025496,16.939431789716565,33.42943602418724,0.9992981236046429,3.4721379057918402,1.0126017044672138,9.101081745241213,5
6.377489659945944,0.7590568997013618,0.0968615284218664,2.7108807092758207,0.022383385062449926,14.051532942022108,14.538566718916474,0.995268887360769,3.0783913615021845,0.7982394066676435,11.432513245532562,7
9.105174530579474,1.1278705521575647,0.05197863811598211,2.3444901705329633,0.05886262377320611,13.358212883401452,76.08665924607729,0.9946562259877127,3.401651158726307,0.3,12.501702794183739,3
6.7251520790313855,0.10500239277698498,0.26542729945317073,0.6267043336032889,0.04246252537409136,10.615876986530447,21.625255319303186,0.9962061051381982,3.52981173148872,1.4180355676933447,9.452139625343088,8
9.244371498781822,0.5994049126135642,0.14108093325236992,6.803880068774781,0.01491653007780801,13.047335407476712,67.08835464859929,0.9935059739244225,3.388250272543563,0.32326915821491203,10.172731269061218,4
6.73823293047364,0.27541339084710786,0.05342819296390877,9.407184876408818,0.023703447720427286,23.494901241802538,9.466529641536376,0.9999968024178779,3.5314987654233008,0.7721565304807797,11.505536850608225,7
7.590476416871358,0.1,0.3946931198262293,1.983886942741792,0.01,4.253593840806696,10.545723892994221,0.9954233981077459,3.2990498216681168,0.575144199216201,9.354506337438064,7
7.79834714579556,0.8378101021700132,0.12176476876995809,2.150578465489919,0.06974651979990827,17.05800285862505,27.579020617995667,0.9945707142070276,3.3572757444884544,0.3,11.228044296964475,4
9.958888422886005,0.14135102516890868,0.2709408541373844,2.499490347575077,0.028811701906430662,17.39999810096268,14.35285066278382,0.9961355620124837,3.2947168817662917,0.3,9.294863317685927,7
9.861372554702104,0.5449358599628813,0.6062616153587703,2.2504763192568333,0.020636150495698776,4.026905771036199,12.540712878326785,0.9961762235411148,3.380454172033936,0.40093807618679733,9.72469593821976,6
6.182280460041147,0.2728142829552897,0.38938044082821804,1.0650058977865973,0.015239889185762363,23.21825677284771,37.62535356993215,0.9964343405560696,3.419184557581339,0.9718115357999195,11.026423451262048,7
8.393387988699743,0.4782708551746092,0.5567074000726263,4.226093541445797,0.043450801560304994,7.591325981293275,10.162190949501069,0.9968281517444979,3.1224203675430626,0.3301352420221779,11.682476119218263,8
7.093714246926407,0.775894319577791,0.38322009150419006,4.369100892129342,0.026525424268120122,7.591933528353195,61.941372315656395,0.9942668311994712,3.3111619826450847,0.7263512626294996,11.249578620491544,6
6.160541651851933,0.47925939901127174,0.1304008904158324,2.207108169701754,0.06890006671686016,7.468678380822948,43.3966318692396,0.9966368121714633,3.304156163607989,0.572818192730481,10.738082778875548,5
7.931071014278571,0.19555189442844495,0.07136890767650358,2.094831977954157,0.02847235281801914,35.64800307934351,44.167760440187244,0.9954930865459877,3.218403216431998,0.37104954110159827,9.597475649931862,5
7.775579259625108,1.4828640541409575,0.12391238113071198,2.048297029512397,0.06718496519514981,10.854209586270693,63.68962735439645,0.9952137673076056,3.3480329204316486,1.1437626171320345,10.458290055793338,4
12.425418026787389,0.3276561698201544,0.13299710019410524,4.150971554504969,0.02083608730143476,9.102390811219811,45.18183731725395,0.9976534738881001,3.1683683867384937,0.48013244151816553,10.198251550492104,6
9.036031703113185,0.23083908874146905,0.4786718248829603,2.456851462240758,0.04243889429516777,11.449356362195594,22.333457481774023,0.9931297364584887,3.167277272400589,0.3,10.93484253271476,6
5.9580502487177975,0.39503975137284597,0.10644212889261491,1.9651985989937812,0.01,10.27190366993516,54.00604916325695,0.9973059356619133,3.203579218166604,0.6822325195661605,10.434150508868408,6
7.339884192909399,0.10758965498616029,0.03849118469463967,0.8021077935140527,0.030995665371557693,9.671040087424524,25.21268887670232,0.9992219362449071,3.1138054885261544,0.8602867880683703,9.915761603745295,7
10.036351602229978,0.24892190296920008,0.21160595897662982,4.619155726422115,0.11337786743212498,8.07588182563459,31.952207614690344,0.9967090634210015,3.193201948967861,0.6163942847003121,11.10335963712443,8
11.850352713878873,0.3437021987578105,0.18055635588968616,1.2865581443591718,0.01,30.620858935103637,33.34991748532592,0.9996264203150923,3.572741862532171,0.3,10.158192311876114,6
5.603828369195472,0.5079896670537768,0.07546378407800021,0.7861252108804184,0.05435320261590193,9.95146700634494,9.075283054518806,0.997327255330158,3.1332196902362015,0.4622168704244578,9.729046308873226,5
5.104128545263624,0.43756653479770213,0.1163694144640578,3.6537166468131,0.11495913068368518,6.216103698222203,64.20858059444333,0.9954996697564953,3.1645408893346554,0.3,10.416076820288284,5
11.48064079813203,0.6005530420461702,0.2644785736923304,2.4340089878258437,0.01705543342364147,27.56673292707298,63.06491738480538,0.9945837048020493,3.3194518750229736,0.8491596546474022,9.642995930375085,5
8.962344101530537,0.40743517658182954,0.1257839535722459,9.735725412359654,0.024739219057794446,17.716858630732617,19.147536149195872,0.9957807801838411,3.142341552169769,0.7242726661791651,9.683715186986458,6
6.823902355810178,0.8945945365844792,0.07491857149010883,0.6842047297559373,0.01631815505164172,22.62115913756506,14.967608882714964,0.9962506778673016,3.1646757901133205,0.35535256454165465,11.584233644520264,5
9.20886944640814,0.675584381342062,0.8061043028721943,1.4894153846322558,0.06586558338509639,6.159439881756443,32.68839234811728,0.995486056525695,3.1180429585761926,0.3,9.189713197216783,3
4.0,0.5675589473824768,0.6610957140990712,3.64742853892378,0.07016483131418345,11.60890819381012,67.58468186157589,0.9973634825595905,3.30222461301357,1.3554204975258834,11.976729194379313,5
8.305738361215175,0.9956906508908098,0.3632324900006493,2.340415083465714,0.09373925871155035,22.704211252846772,11.048636568871757,0.9936174838333162,3.2649496886288776,0.37810707491287104,11.611013375002853,5
8.857295993833246,0.9956168546126017,0.13911664622921674,2.743662870666646,0.12278388716180727,31.109955100486555,13.953434536620291,0.9940286264639072,3.367228514665831,0.3166089788682877,9.13035279420713,3
9.87125923721431,0.4618350444607214,0.07096595930570804,2.736661386825186,0.01,12.768664530347262,92.49617423505296,0.9963886949614154,3.330887018251618,0.7009439887207436,10.632423612238684,6
6.576376881102687,0.3149471386973125,0.07401412050683476,0.5,0.06897882077422725,13.150009958277176,6.0,0.994854748924331,3.473968989709089,1.1783447879402555,10.742022823479502,7
8.44566817438571,0.49431901729062366,0.13748371584614422,2.874016461234114,0.09886081493683258,16.69131492160719,20.605510527572388,0.9956985462272379,3.2201073043749884,0.5106138565938059,10.532222477424229,5
6.726778135698702,0.38107093777401096,0.10604225694907253,4.046308145786297,0.08678667818994823,28.759755296122005,53.38671368085986,0.9937235409072128,3.1246747838342657,0.5078437846317561,10.28129830852771,5
8.73415238464634,0.30498416026512565,0.1695082306649684,1.1337251954342351,0.014014642405003825,15.533464295962816,75.20765165907714,0.9954386452991841,3.172241443879335,0.3,10.0057453885819,6
6.77791125198286,0.4800196268500027,0.1619969719526741,1.1963826653431915,0.06671122551589392,35.58068631416039,68.92245832461289,0.9954840072413969,3.5710292144638704,0.5619636690692471,9.628568322307796,4
7.606228573427626,0.5550232906761888,0.05913506765049967,1.6887199530998762,0.06734913025714995,16.441174221770613,14.869430727554601,0.9948618324163307,3.0002960166870967,0.3,9.943088981811018,5
6.607113828856612,0.6529450956613599,0.06160361464454876,0.7636149125179827,0.0249578922634384,13.713162244227586,40.28471763211479,0.996700004851803,3.4668072323271093,0.3,11.6449676744416,4
9.406931611100218,1.1029830986970408,0.12698323163883438,1.0165261203777785,0.04281833547047168,11.879481127908425,52.93376656031886,0.9940985435382329,3.4657391034741956,0.6846056520157434,11.980672870080536,4
9.759366898316332,0.5151798250557529,0.15802803088560965,2.5370624504962342,0.01,12.046442132995061,42.64650023234825,0.9985727675253759,3.3398321046922685,0.3069350108667716,8.411523255881985,5
7.901145031072398,0.4143912785496428,0.5337864208567952,5.5709185980217075,0.053075702519856875,25.585361860593526,204.17321050672157,0.9965138217104782,3.163441373482634,0.9258872837051149,10.436768091200353,6
8.365004591432049,0.8236666874906936,0.2223816293662935,1.534161032035242,0.03118351854332247,9.486450114992788,15.051903172792757,0.994821732126992,3.378752344950163,0.3542383521178185,10.465846886454656,4
5.8373945951229755,0.21312484016795305,0.21524356658508167,7.210251071403237,0.037437999602203134,5.322345920621206,48.890824354417575,0.9905727874184834,3.1762532973128597,0.7487855669334861,10.663048580567702,5
7.790549698388463,0.1,0.230131360770065,1.512332127758003,0.0328465710234794,7.912013691102843,6.0,0.9995426455143693,3.2268565216280174,0.41189631120461906,10.060964983584876,7
8.214652151029034,0.593511632391399,0.4389257883613366,4.310467776424388,0.029866149089011747,24.13982204332971,39.91945022943608,0.9969739048736297,3.3337114466546898,0.3,11.077257552246621,4
12.755348254750958,0.32665466312620534,1.0,1.260356081702875,0.01,6.163417812874047,6.0,0.9979783831065492,3.2243616001351945,0.3543640000113845,11.5461362246707,6
6.409656056183922,0.3465311150971659,0.09782680328249346,3.1793183467511854,0.02009157024701374,20.45087331011046,67.58380069194614,0.9971779526857537,3.1352172445723294,1.0413468764077773,11.216733475845487,8
10.789101305879145,0.20874181521051624,0.7605607730549289,6.5738282208551055,0.052259369376528156,7.920085110271206,64.79063798938914,0.9976253443829742,3.270756849354303,0.3,8.083081690425292,4
9.994659914891875,0.9383412307617769,0.03168507092570395,3.7172460228404796,0.09094428171864649,4.784811652380136,24.1514822120324,0.9964967518943837,3.3749593654870558,0.38800303715816686,10.369185855345686,3
8.777081887633232,0.1,0.1282942510532193,2.1568716368727197,0.01407062741689219,8.994441539003581,34.142089932071535,0.9966980192400346,3.471682483422595,0.33251309351787606,10.013444368097206,5
11.289654823131727,0.6363094720344291,0.3059857671831589,2.0488675595854966,0.04567985178241063,23.525791348820658,79.47159606319158,0.9963404823255697,3.3996490907158337,0.5515240640422313,10.046586111964762,7
8.932579303431668,0.41878381264223147,0.3807146475852569,3.2115758903585645,0.035582246921994076,33.89867009311586,36.263795696204056,0.9975072526138177,3.5323113582558934,0.3119835149560373,10.577326216296234,5
8.96157063263548,1.1488533528849088,0.038598298511023546,3.9601793912362506,0.08631261703276374,9.285489558660103,32.947719564698986,0.9975813347982709,3.337366946761838,0.3047552391139454,8.960817014013374,3
8.209694889870173,0.826159961741781,0.41936789242000944,4.281005155880452,0.031267370434567544,21.5221160630785,6.0,0.9967023755956049,3.272543120844933,1.0663298026312424,12.364425379144368,7
10.380067100111667,0.16188132105681807,0.23499357721809971,2.565245825800061,0.1118717066060671,7.355602705564863,19.832961621204515,0.9976246320729016,3.566783003682574,0.3,12.755423404279064,6
10.163997697478504,0.6760191700834369,0.34515002208612655,3.1223843965427713,0.028039299214889183,1.0,6.0,0.9977473777069946,3.2431412855667427,0.3,10.952024863394804,7
7.23634861125644,0.5813258321015173,0.46910963550197504,1.213185261045731,0.026760888590105603,8.701589568504431,7.425839403862239,0.9949763753259802,3.4312297471347994,0.34876533796689,10.066379787765968,5
6.057279769182096,0.3956744531246028,0.3132922856799538,3.431102356610559,0.01610065234858787,25.931868512921188,40.244263300322,0.9949109858057618,3.488484361301459,0.7380935298224055,11.413441390692418,7
7.954932916427384,0.6396524102597531,0.02959043508785896,1.2787342436151747,0.06274299682286692,3.2970252567783462,37.86744909201503,0.9975330390161491,2.9472931220671326,0.3,9.838373340074574,3
6.939934440524002,0.2484353125764179,0.11595046602570638,2.766884030617268,0.10340932971400826,6.305390406234238,27.04239823646503,0.994777325884439,3.306833782218761,0.6805824243367987,11.800537642148992,6
8.192008223153897,0.4508283013746139,0.0355043241247705,1.8364908087597853,0.02243585230466704,25.1662919987225,43.10737905273924,0.9967816571364597,3.135241051592468,0.6413117128007657,12.509616111651084,7
10.403644828963037,0.42445420353437097,0.011341150931564518,6.12187665643949,0.027441006476552406,15.232554711434556,31.68268341313247,0.994292115077963,3.1263641968881903,0.4233019976742437,10.376014140770428,6
7.522587186352458,0.21832292604126596,0.04796944497837647,2.546858050705083,0.015687067312295428,13.56089482841527,25.87247505161704,0.9955944804213482,3.1744947540578687,0.3,11.204648873527743,6
8.227200251770324,0.32727221948500795,0.1254565445469152,6.56228265988202,0.01,4.181347027276642,44.896234037167496,0.9913357267934431,3.0287235696485912,0.4564302712901657,11.597209789673006,7
8.398638649174272,0.2845031473773827,0.7178275595895015,2.362100350361441,0.01764479557694306,7.07882575304944,108.58370846621584,0.9949359226119665,3.4223232737196425,0.3,10.027662523036229,6
9.742332499748985,0.554732349622898,0.1671531735134886,7.3221194239925715,0.02575380726969737,11.924307593386086,13.492266086527318,0.9962854233938376,3.258999281408348,0.3,10.104785704994354,6
4.480288132226172,0.9754370491812597,0.23656944338409386,3.5458179723292504,0.08319402359257602,17.38785121658085,88.57484577573149,0.9946365777518306,3.4619191950798593,0.3,10.081816765846625,3
7.268609498898996,0.13015026066248667,0.10113450962662486,0.5,0.016370018515814887,46.734908324330725,8.860420894972265,0.9929308389905345,3.3425420515735773,0.3,11.060187039154554,8
8.659182276875104,0.5668636180383175,0.14058335862310256,1.8678847066090887,0.02729676223467958,16.062331494125672,29.306170786675096,0.9945905045607264,3.292323646353911,0.8966112769483563,10.217866813409934,7
10.340134225925665,0.2760497879764851,0.18287410122639935,1.3842835346528486,0.039605588216062595,13.970569092925768,10.245909244534888,0.9954485953120772,3.1706486553117266,0.7765067709833006,10.061439552848498,8
7.463765839239452,0.7912196174084817,0.1332137277124656,0.8205822291672642,0.011037531532008638,16.01757464705806,55.50933798364704,0.9969104187441903,3.2443747117620574,0.3,12.424611332283463,5
5.109860399728815,0.5619559647602548,0.28074389643972547,1.3201520547997125,0.057664993366932434,2.973349269712076,6.0,0.9959178891854195,3.3607734500640425,0.6369196216945852,10.419051106282836,5
9.353509458142433,0.10072830687620789,0.09010131145197368,1.5761456723229035,0.02646633543751527,19.205435548151435,6.936703771367729,0.9943043675285662,3.256488945821278,0.44671186266055607,10.028230743694957,7
7.219883938996431,0.4803157360541192,0.03199496986806244,0.5176531346772737,0.02071036238612675,2.7381210386859927,43.55803960546987,0.997950513125874,3.209607997464369,0.3982073277486064,11.760370644858137,5
6.2775666795463865,0.3797366151983917,0.02310248122068397,2.128449348464943,0.09828853883550934,29.800155454286084,48.4023823654158,0.9991226371014527,3.298922355121252,1.2664121607007524,10.005523515746184,5
7.23861283748752,0.14369275708318968,0.3574606590166581,3.4296211872661004,0.10726001178320949,5.481388862230622,37.93979810362111,0.9946671869365341,3.475888611129402,0.7178881197204438,10.826401873254143,6
7.986306891985056,0.2790091857909295,0.0032530554650549762,9.897593029059143,0.01341390911092021,4.3996702162267685,48.16178299902256,0.9992415397913935,3.3246258212201276,0.3,10.453312161129734,6
7.271934070285039,0.4646897165947705,0.1382220623152736,5.7277790148748196,0.0669838684822942,3.9516690820109766,6.0,0.9955239148339117,3.4608220041524973,0.3,10.546283291260691,5
4.550537702931583,0.2857182493138891,0.050285971272123246,2.0668462800670415,0.13419290559309616,13.65531194301427,30.544597708893374,0.9968391078361564,2.9740975123436746,0.7872143827140683,8.01984577293155,6
9.825012534708126,0.8540173386781621,0.2894853330803593,2.496753295830941,0.029982590531330632,11.249783465707571,31.27486692096393,0.9983589978371007,3.317966908941352,0.5250737185372771,10.841356882303318,5
10.467287570173829,0.377108433838388,0.1719151505934436,3.6629799636447347,0.04419225088097543,17.297515609263222,34.78642695441124,0.9982517341883648,3.2811306038459387,0.3,11.24342574941558,6
9.40758738527716,0.26290487077224806,0.17593897010107037,2.1891889102050017,0.03565011352247238,10.976987578102355,56.192098696560564,0.9954367870374202,3.1614823938981638,0.303433327930701,11.245282405507854,6
6.365934360277812,0.4839710667361091,0.1900093160149554,2.586222327308863,0.06832327383324542,11.988351805614393,42.89290490671735,0.9982764563411699,3.326333841594002,0.8142504860813903,12.401302104637718,7
7.9574643922892205,0.5307066615308111,0.1842718783026842,1.3194537220419793,0.017296852972252894,3.083679671057851,105.09909477505514,0.9969631522987578,3.4219138557214595,0.30343011245406987,9.544930809776417,5
8.288913764109923,0.7961899855935579,0.0318691834940409,2.4230739361060714,0.017240811048066174,18.427172739230446,42.716890244481796,0.9957560420892199,3.3133312176641767,0.3,9.459274351072477,3
9.317950462255247,0.43751303271124753,0.10719228518844197,2.676158965611667,0.01870302338730939,17.500324282520072,49.79707564807601,0.9947182735452633,3.1134974960847734,0.5295742790352019,11.205834453839246,6
9.436178830820738,0.5151340833400125,0.06777619148322878,0.8442980471907533,0.013402605324455669,20.90150360649749,12.698350114187331,0.9956557349904214,3.369440414365247,0.608901552691522,9.703240819190718,7
7.051904542076558,0.6654040808665136,0.08233092047356409,3.595266837578496,0.013355819443770199,11.926747589799644,44.63362292472179,0.9973360072650904,3.47382985278945,0.3,11.841712878314343,5
8.439392445903053,0.21784530420931605,0.18670594751160638,3.7210108440219862,0.031033767584385683,14.147231107963707,21.668250488063805,0.9953126832915686,3.3229906016504893,0.8071600472177133,11.10610931983754,6
9.077376687845911,0.7628135349784804,0.35933152978957206,3.8281624013993456,0.02401850864751942,18.53907302891656,20.494235164718255,0.9964944252671069,3.291101727578181,0.6807141974622046,11.058978022397485,4
10.774897947649503,0.14767693612449653,0.34923089755471165,1.3423611771913602,0.04777822225919816,19.059047564813437,55.005675548361836,0.9950758786340302,3.1983066227767742,0.3190767395919459,10.62977498298532,4
9.49766111770203,0.4606652166567011,0.21656605100819012,6.5688230797633205,0.017839121810343913,17.702927534660585,6.963453450423934,0.99762618508093,3.3572301386164165,0.4941696938186013,10.274064363433702,7
9.641396368538382,0.4667736025343473,0.11375038895124685,1.8791528259444141,0.046324706818091886,21.603717319962993,34.38124978957215,0.9944543498920214,3.245419951219182,1.321922784708754,11.135951850661714,8
8.442505267479914,0.45831505111992127,0.1757348552230992,0.9181884876214554,0.03450572607737279,24.983225004627123,25.658502769436215,1.0000690732649682,3.8574313968481846,1.5,11.233085565123854,8
10.697780546845957,0.13557322790616885,0.31405167251504584,6.271944388153272,0.13328439102196926,9.784134818055225,61.64773242336491,0.9964336287366122,3.469727888198235,0.8632052687272936,10.94744940997263,7
8.996596753131147,0.1,0.08179261030223407,1.0903513898929518,0.03281013867062084,12.349801981766316,55.87168850234341,0.9948081831683971,3.3388224209107573,0.3,10.302274086457007,6
6.836150552704931,0.33591350237412515,0.1690390110062836,3.061956716905142,0.050259711522021064,18.61460536105558,26.214083287859232,0.9950777938846904,3.3714708522507473,0.9926550277847156,8.703512831292304,5
10.685728949212825,0.5426924189166404,0.10022795802009697,1.522621460555099,0.011569482792410634,6.487393869358829,12.352317887942096,0.9941678364914979,3.2792071998285737,0.7089419643676148,10.023386859974945,6
9.486435563316348,1.067769651599529,0.08044927325680419,0.6061687153902879,0.014083260132049488,5.426647752156351,64.78633835834256,0.9978661805310687,3.370036042525451,0.7604408360015906,10.179682641497628,5
7.54682516408158,0.5483981846573827,0.1597881691598628,1.0609586905532902,0.11650613784226742,5.560319310753765,30.623076107642948,0.9965831229276901,3.3893131053226955,0.3,11.037512472919644,5
7.484861955421287,0.14523623178581313,0.11436055191882477,5.795443007893317,0.05697056227295392,7.088272318259979,76.74899436910563,0.9965887439980389,3.181449009203794,0.3,12.146258209851494,8
8.804178426739295,0.3509851624929717,0.22086085979869233,2.513607522852101,0.050267608157989856,8.389156633936738,40.789870518251874,0.9967607726504384,3.2628095198876004,0.3,9.069128850244892,5
9.087414151954894,0.36831459399143335,0.11606554648550493,1.6448284621163016,0.03253464540557486,17.106191339148108,30.712232468592553,0.9947103456155404,3.3481207169379577,0.7842710977751776,9.936837352918163,6
8.635396851573052,0.9683253369526789,0.14642145135421594,1.982652345004893,0.03725573117703664,11.960942988638784,23.068975756772502,0.9954772713997534,3.36240501484724,0.4133355979597249,9.795865336387678,4
8.829224744852905,0.5592398066240895,0.03181206686384844,0.9422911214702931,0.030336699420002968,38.023604227946414,41.76795936930236,0.9926907005503033,3.2612151762799435,0.3950244391323433,9.549325664060836,4
11.189927536779848,0.1678733721392201,0.32590459077815015,1.2318669367745034,0.056414843731292685,6.167922342239784,7.948103007291506,0.9995058853010249,3.2393984045465656,0.3,10.913438018201346,6
10.121623358799306,0.266742030462934,0.33088051679221636,4.297758455811099,0.035273243454855684,47.979583728990384,18.09002928819098,0.9935554491073589,3.387266240211289,0.3345933083525688,11.066526384765735,7
8.624080505150543,0.7111681228066262,0.06764973251448389,2.876365397868602,0.06608953644003758,19.7087843148706,68.08265311427645,0.9949387458931708,3.383233694925586,0.6396330072798843,10.346055943143137,4
9.900227987304723,0.4878875706095596,0.07472044454438785,2.4128057957147115,0.014920714792916422,5.594765797929692,9.603740044801048,0.9956198400038829,3.2334125030654404,1.5,11.1139212795913,8
6.544709364003183,0.4177988701861869,0.1956166609565866,2.116493663025937,0.033610567063978046,2.2091737196015013,60.18071180626574,0.9964316727763801,2.9877547899745993,1.0923168039204956,13.145477622118321,7
8.976475984909577,0.34956664923922154,0.10404651546144969,0.5244181942751002,0.01,5.089843319351831,86.65861983354893,0.9961618173522645,3.388195786061122,0.7223955458369214,11.004411741092264,7
11.375820794546287,0.6995854555437535,0.21475805305656165,2.2537872335767712,0.08159900986448801,2.1938870848326104,19.74748291427144,0.9968528396746681,3.431347375269192,1.0263890014586936,8.49954452792327,6
7.9293219778329656,0.30795706556887276,0.4981414723254244,4.300703850439491,0.05316358273551518,12.019454239498506,92.62986202883084,0.9996147751675226,3.390844972533058,1.0460302077733539,10.868985822248131,8
6.859022321347556,0.257735893118591,0.07146193166279356,1.4939520100727062,0.01,18.049319043260677,128.13495623154273,0.9967229277063965,3.5631414884314383,0.325670869626682,10.90277467094371,6
7.191448889391798,0.7849048850329381,0.346662873188399,2.280645084717042,0.04958245464406427,10.329138512810344,20.67974698441077,0.994057344945832,3.4218782357835185,0.4787524894125555,9.596151673913585,3
6.44762383651794,0.1,0.058348089770918266,0.5,0.030504590348278238,7.406626313096657,31.520289301608365,0.9987863280252341,3.3393251130548514,0.3,10.655745553157528,6
6.965904756182905,0.16315948056395402,0.08191247835807465,5.453941184912469,0.08336180599293214,5.488688612325833,18.594938530159595,0.9986064530044527,3.1630456678147376,0.3,11.034131498757098,4
7.670136232396952,0.22435338575841648,0.19704911927752736,6.624950348809768,0.07645608578601319,27.834449930960552,38.66094545580622,0.9965760396199344,3.2895630537359017,0.3,10.483231375800294,6
5.910536067396309,0.8212906728083668,0.2781117321964253,6.598139477721576,0.10063471536744602,8.470495193338,42.155323429365446,0.9970446921364846,3.2691652050760673,0.39424366175846215,11.687394751811645,5
8.326551167714326,0.4689499098021202,0.4866109340580484,0.5789763285640357,0.06759231787699108,25.158415794674447,19.714031862703237,0.9947672091033429,3.3350030964315125,0.44784474624556425,10.743078878828705,6
9.8338711954373,0.152652241014921,0.6184566986222766,4.5494427418361365,0.032217023101973455,2.4041659793937966,16.236778419580297,0.9978716956787215,3.1124307464956145,0.3,10.403631326693814,7
6.756814493750236,0.1419396645525314,0.127041323722133,4.726708099509875,0.04366182068450518,34.30300554899916,46.91371784572485,0.9944617314335837,3.383768508978499,0.4024159100665464,8.985063456670808,5
10.882782670191007,0.8369233562165739,0.16740108517271415,2.3851559473471458,0.020717697659193745,14.093630422477451,25.348607357122262,0.994795355030284,3.2105058644793796,0.9133933950950157,8.967813049392717,4
9.168346550496912,0.1423998957654809,0.22462097578822868,1.8262922040561136,0.027075527156941913,7.497523128884027,23.315690743657463,0.9972887312315947,3.34983118655543,0.7813380514549777,9.285413846511824,7
10.051986995560899,0.24907576050297695,0.1607052499280081,4.527251522442573,0.06022585350795289,5.92442941218343,46.48201391228991,0.9978064756883055,3.226778062821206,0.3,11.094994637021724,7
7.181681258451368,0.300409203238854,0.1257270615231632,2.6208452775493827,0.01,14.772016388736429,22.766970377294445,0.9943753104892225,3.280445844452795,0.3519198322762126,9.982697349246546,6
9.752692886013246,0.6014809879999153,0.09728044920085382,1.2260637076111498,0.049514562757086114,12.40627743714196,16.847609731743074,0.9952851696554265,3.1638510250122978,0.44080454698717253,9.358941925137044,5
6.443712369327969,0.27936883645886496,0.28126621415233444,3.8997006979649633,0.056123125479843494,8.290759642104142,17.611136735759274,0.9953618444570068,3.1726465118547225,0.750808420087427,10.28648239014762,6
9.813420751422065,0.12103974369785514,0.4895198663069742,5.334078037671833,0.06281382417490655,2.3964061650603687,83.08065452091728,0.9979117163060908,3.374687271414785,0.3,10.324224812934094,7
8.592126877649005,0.6383061514283119,0.026853543118298545,4.29988541243982,0.019323859561013713,11.56205984550492,40.0243716016372,0.9953477298924839,3.4390049143712083,0.6670144481413599,9.62262391018856,4
9.240527073974134,0.6287708324699526,0.13586840918842205,4.485405612090537,0.113092506527709,54.852020289091726,33.81526867544042,0.9954308960831261,3.2919968435740437,0.38694109211559846,10.684614467286025,3
6.301489170437753,1.1477107814299865,0.027764983343324525,0.9318085632822846,0.055718529194015605,11.962903951928045,28.325107802360062,0.9984098275697705,3.4873474332441843,0.3,12.037948831857754,4
6.778381268129773,0.5014792961955052,0.2675835276532117,1.61152441447517,0.07852992191356399,3.761822094287842,28.45708520603654,0.9934418719381611,3.452068659699489,0.9308781427019841,9.396706243457702,6
9.315287971030754,0.1365933148748549,0.07983629318308633,2.9132607699981334,0.01,3.47427110467311,6.0,0.9948939408595124,3.3356954003191843,0.3,10.82098645384591,8
6.68780839281886,1.1120464336289306,0.4386151571256593,6.167072662798252,0.01,2.7011236329017607,9.347351947520252,0.9914891243342504,3.151537067242014,0.9268142089031017,9.20102923739882,3
9.08745069656851,0.2995346492531905,0.14601803586885556,1.262424496905218,0.01,19.32348811970322,86.77516209935189,0.991914654907569,3.3371939864421596,0.3,11.782564295950145,7
5.975865729017583,0.7422764709167594,0.2705282491077132,5.955740700210378,0.037733200016526816,30.722134208566313,7.968881240746056,0.9948947483948217,3.352541738672887,0.4453445162071183,9.252057430195439,4
9.741896161533337,1.0868749887006461,0.06971342372285166,0.5,0.06461818349833966,4.417607199892939,19.293478596677264,0.9928761223976044,3.3800737493179103,0.3,8.547606371452384,3
6.204710364893535,0.4434863712090739,0.19000470313957732,5.463549950527761,0.025865334351816385,5.837283851068364,24.07016520691668,0.993774787350828,3.2463352184385115,0.3,10.754566773026411,6
9.23890989405519,0.40439059211536876,0.18812660602582074,5.1369393687626985,0.027215708558221797,27.18376045295118,19.718347146069505,0.9922954818231153,3.1933275377888433,0.4909540134006104,9.440802991216854,6
9.363572587198203,0.5027270535993599,0.23698136220640534,8.366115039889412,0.01,17.47204095862308,12.87456060979298,0.9954177999980507,3.0535338930239515,1.0347261280887068,12.51658706521146,7
7.115487908669723,0.5715645350218364,0.0905216371522649,4.70360663630097,0.027330998663848412,2.816469032011133,57.84462713151312,0.9972005588832216,3.317374708814994,0.3071567270577838,9.168129898785075,5
9.289445164044036,0.8268221828558535,0.40934292664269695,3.1034468533167163,0.02628785433495056,18.313605954877193,7.83878549986537,0.9958992472152047,3.285821570424353,0.3,8.855796333556109,3
8.742751847667046,0.36164097132006695,0.22533371321328022,1.844674876712857,0.014682953564940912,17.97580075621241,127.15939906236223,0.9976748695770812,3.481850549347876,0.5842747211370379,10.587286962963736,7
7.383968844472346,0.42760360983156104,0.4715615852084118,1.672832526500179,0.02142037419330061,39.40566738149591,9.094098918818831,0.9936423662256972,3.1522141933487915,0.5038331566853882,8.158510540281192,4
6.585457037070447,0.27201430620308914,0.032768002328495804,2.3261947719439893,0.10039689201848442,10.093765067431507,75.23931031661951,0.9991428974065685,3.2946570430264437,0.3,8.875767191765345,4
4.963536324156617,0.2708547264395982,0.19143812229285578,1.7443569913971313,0.04076928793302205,8.524944337960731,94.76199055218687,0.9958232913851934,3.136557168687898,0.6892908931018955,9.388690354461765,6
8.89440508040948,0.1986626634546772,0.14088059837774972,3.898852433489548,0.035801395574145654,3.230505006477646,6.0,0.9937767338424965,3.5448878923233655,0.3,9.325160940217964,6
5.639835288684507,0.287400721772175,0.6287933539711278,4.625492230951297,0.020525873411813715,12.248360585016918,35.568641237479966,0.9958185278044706,3.245958456375812,0.3121212576816803,9.715421248009003,5
8.462085139050224,0.17781596916484554,0.28654956047504576,1.1845056958842615,0.047378876816285054,7.994174000811485,45.12708499501203,0.9966768383454612,3.093188647909192,0.32445229126994063,9.721332113139521,5
7.852138032660177,0.7626802783284824,0.1630732389892906,4.788341235950874,0.06104581493621003,16.835346152201005,39.875919086890654,0.9974340984432337,3.3076215079574687,0.4562044295938958,9.479402283077096,4
9.454542718244934,0.6537295279295937,0.272325053896972,3.2604071055621993,0.02562529089524814,18.365064512334037,47.22712830633796,0.9982958571625818,3.3271015213446247,0.8246279754048174,11.270466493172561,5
7.786522650867232,0.38401867827404235,0.11037044563098695,1.9502248210101198,0.029374805290894625,12.841625692993171,16.4544147079216,0.9961793979398511,3.204283638758932,0.8909182254339423,10.281924397668936,6
7.7399387632099454,0.4931665792338531,0.24503130858164818,5.381948318191493,0.0733731387652347,31.900107398063643,62.00684480790875,0.9958814890459708,3.2968111766659267,0.47576955666780646,10.411496295337658,5
9.544180197290103,0.19887554689460613,0.9008934069100647,1.341581757926474,0.15748630480483033,7.833597361455862,15.11270970794573,0.9966228787578245,3.1474152101187327,0.9043932468674492,10.346444877805927,6
8.869598649443,0.40300369740217273,0.09627818278269307,0.8071179355788463,0.01,7.249742485483617,20.853254876694187,0.9982765052861797,3.216498333844625,0.3,10.306487223877001,5
8.837465127210724,0.9028669329028581,0.18863935569174975,1.2867435764483799,0.03286924743439913,26.79262541973446,12.601821951878126,0.9946809258850247,3.216276531923986,0.3,10.504128711744373,5
9.097754902674495,0.8822160962677665,0.07658444304878416,1.6123400928849034,0.029126796615686148,15.482487371478756,57.31245832437181,0.994472425519424,3.703492908328276,0.3,10.915363582289718,5
5.689527390547921,1.1628470486003062,0.06298710938037089,5.237936692260211,0.07300730744091734,10.247687791176256,53.459069313153464,0.9958325972353498,3.4675046154489224,0.3643856054598217,11.503055726332658,3
9.58654075597787,0.7614433766717527,0.3495699604440525,5.066357088711206,0.03413977981997078,28.816198369437664,13.780951515078419,0.9980123820528848,3.3000388364509967,0.3,11.398080931103022,5
9.341196949823125,0.5251731468588483,0.04713894192095137,2.529299008784296,0.0803573430207952,10.35757296197598,24.40691818697782,0.9950507377909495,3.274932962306117,0.41160447533975875,12.93931402358011,5
6.571638681419955,0.7342622823760019,0.24181601230384947,0.5,0.01,7.288237172861942,86.47299345402637,0.9973275605316845,3.48291472039015,0.33232360702062724,9.594559297739114,5
7.885063194753858,0.14714487387037092,0.33257740091611515,1.4050824993974378,0.05283083014382391,9.184145971912553,6.0,0.9967562458049163,3.473937111142506,0.3,9.715306596784918,6
8.233177611033028,0.696727473380336,0.11497709675986419,7.830389887520078,0.0730477940289649,10.204108474464698,119.5203082541161,0.9952208575899454,3.2482095759257184,0.3,11.178115202669867,4
8.071355466517055,0.7793314473440194,0.45891811473052946,4.426114500704078,0.01,5.47761137954706,15.631288614061756,0.9949248282081488,3.6502341012072854,0.3,9.502041543126754,3
8.86756194316651,0.3979298435816693,0.4281490835256505,0.5,0.05167573418969311,10.735347726814556,24.257209052023086,0.996621396123878,3.248193392598826,0.3774345160345179,10.43039398210939,6
10.733323529113012,0.4320320412647851,0.11435973388355485,0.5,0.01010720070686635,12.32794806606,33.59640897167759,0.9938992242325163,3.258929150998922,0.4068417112397509,12.6945828486498,8
10.13900343704381,0.3366142297345541,0.038567034427447834,4.2939519558944115,0.029510010888870626,19.965577042804185,9.06658902902773,0.9984370171943687,3.384463380229872,0.32586808907103715,12.177411771941944,6
6.06922737116661,0.3886994811042283,0.2577560637997637,6.048367104529738,0.02700504838929027,26.531232888385027,53.9505959720034,0.9987243957330321,3.3206342920562526,0.4440382221698992,9.501528343605322,5
9.357518983520283,0.4718760039208802,0.1585331235127944,1.0129821907108478,0.01067659275484153,26.811221820965155,16.94554413792615,0.995705851162578,3.222114062822755,0.3,9.086205208982133,5
10.559186643210197,0.5082980933271058,0.1987518048711545,1.3540726719353218,0.0380890091936764,12.009110327751452,17.835156758442572,0.9995064198465046,3.256874088549889,0.3,8.351860398572118,4
8.957574485171644,0.20170923147545872,0.25544932459683334,4.947724535627212,0.026827255935311736,6.634378974287424,149.81925919970837,0.9964380763884675,3.2071317821435334,0.5978998506386716,10.426692857986273,8
10.154666722816145,0.23461519671770484,0.03013800518607047,1.9542700017545154,0.020967129509707718,5.191552331344926,27.397351352580586,0.9950937196391073,3.3110435984205404,0.6174126981280992,9.98106836430647,6
11.7208597576913,0.6541383655399678,0.10811840778617127,2.1670893732520597,0.12589434491148757,6.60745179056701,39.48351127226027,0.9953101798176898,3.274743406714695,0.42061637711774646,10.304003923600789,5
10.04030622838187,0.5428972701744288,0.5807168698933709,2.0868199737723865,0.07380431314744607,3.0545487413724857,30.848733557035544,0.9956439795085732,3.36745698031991,1.3794532868940377,10.099860850293856,7
8.72382461259094,0.21667604019038234,0.20411501625951398,2.727580540365972,0.047694262475148595,6.2687848924098155,65.36791676912708,0.9950422764488722,3.338976231581762,0.3,10.045758787315808,6
10.076650405944081,0.3753206491494303,0.26998631709439874,3.158333414717643,0.02520340645780855,58.73532357013139,81.53360033617412,0.9945137082824175,3.1685862491618497,0.3,9.94390488286223,6
8.546309316264717,1.2729392106305855,0.1891694162033275,8.27040560447962,0.01,29.062797528883586,39.076667721963574,0.9979627741724226,3.227357005558281,0.7004913376307159,10.45473343157429,4
8.340635173584426,0.1,0.2634113005726338,1.8320021419873784,0.01687395415772089,13.540587661991779,118.51028553389642,0.9956329996502953,3.4650113741615414,0.3,11.585672916024274,6
7.702595799286655,0.1,0.4212047728344572,2.1600546780079277,0.017799627355426777,9.341383280982665,73.77216211775223,0.992613425165539,3.2838870243153933,1.5,8.0,7
10.957802710014585,0.1,0.012725467196873796,0.925960849323004,0.11548269705925113,16.373289476366928,17.269117345307087,1.0004097944179435,3.148757718463325,0.8415859420779239,10.052773017577534,8
6.908671267898598,1.5,0.31527721662279873,2.7059869374024093,0.01,5.0772716674993355,171.6530859491743,0.997173940889463,3.2596825205982745,0.5213182368382443,9.335927570760393,3
10.905025131952797,0.16397856643967687,0.16060814552738092,5.205820158373062,0.024188762996916833,9.977980085635096,13.515180494184724,0.9926312184387379,3.2990747072960014,0.7296719276203641,10.914110091451949,7
9.149769010358632,0.32209797359569364,0.359927509170397,1.3409960004447916,0.05283178692829615,16.45396396422962,65.57024212102235,0.9933839744682612,3.624637672628711,0.4909777899435819,9.970269475419444,6
5.921179502836701,0.6166446056429417,0.11898742264680472,1.1777464164649707,0.039331623696865436,27.372203069300145,36.16405597157437,0.9930049283715018,3.243757802787519,0.5677995356442544,11.55082923292874,6
8.925003798085417,0.5881320168018549,0.11439343354576503,4.892623041529811,0.02613536027246854,6.661280353899905,23.028147275388395,0.9961926753742293,3.2504831693218748,1.5,11.398818923806868,6
4.72995493699224,0.33969386961879083,0.044892962709373326,3.145922365541506,0.014495932909498592,4.497947450909143,93.20372702196406,0.9968071655603155,3.3326452847571075,0.5325239257691878,9.539278977349506,5
9.363363628612762,1.0377609561753918,0.16451968065052847,1.1866826001402087,0.051094514981630965,6.736416281654415,36.08469073146138,0.9964527322195627,3.3991773380101895,0.33823180886143034,10.67904696879811,3
9.804893521081285,0.7145353260254627,0.04134014424825757,2.813764538218498,0.028588789217185398,1.0,44.71493468478948,0.9951018285249332,3.598265979797591,0.3,11.534434458148851,5
7.29299487539151,0.24405850678258217,0.15159627901060924,1.0913756026365995,0.11607378463509072,6.098179089608915,6.0,0.9949153070220592,3.2636134855355774,0.3,10.072852831530835,6
8.51003108312449,0.17154455064186416,0.1985301245021062,1.8983372255682767,0.034638008706006106,7.344608635821135,65.79282791030442,0.9962999301298273,3.2703123161830243,1.04586761034817,10.373139162815665,8
11.622067637375487,0.46607664235174745,0.0833030957558676,2.041761536309335,0.12865055565273809,38.44842648468663,45.09631010757929,0.9948794040453749,3.12253269300722,0.3,9.74671796021061,4
7.440230602754708,0.7383676515582553,0.025591990495114854,4.842883821077983,0.04251279727353816,13.839887009904285,25.370208343833845,0.9960766085159702,3.110091611109893,1.4428893731084338,10.161406937527682,6
6.49985710200378,1.2924915822551728,0.0173175225145027,3.735340080753441,0.022542544150777413,5.8389087531669395,45.53106806782626,0.9974054298689335,3.3046038665261253,0.8942229265624291,10.708003565010516,3
10.818827784186418,0.5240885652409841,0.05966319199864138,5.043889057103469,0.02054665141977726,8.57358469625468,51.39260291736275,0.994861016641885,3.167785053027411,0.6380167057058408,10.987595238819809,7
11.63639822390235,0.3107284355962666,0.015375234833290227,1.8717632886440885,0.03345910761529817,7.136110096238996,37.272301759344415,0.9984815374133288,3.0678567666423104,0.3,11.151544263715738,6
8.30628264214134,0.976949818807835,0.19383911042460114,3.484986688257102,0.015308419900987096,7.3474356139256995,20.648820729711517,0.9935539055808167,3.189182253029697,1.0592449522597847,10.3203380366146,6
10.019487160194206,0.8887721375728491,0.9189638398663051,0.500943153923908,0.013389762474616238,16.56113945695223,57.6089101631294,0.9951918259120129,3.1159100865730833,0.3,9.572311260776706,4
10.580509056402498,0.7093759376275628,0.04387936046699108,1.1478707898621108,0.07107699463194368,5.1311597187897195,42.151073458394634,0.9960072091881373,3.290467179066386,0.5484560628434233,10.01469604318344,5
7.037776804684748,0.14121549389326146,0.18740967638818426,0.7939557356457316,0.049113124069015406,4.263112597714328,8.582539638597844,0.9935923688885306,3.1104751601066996,0.3369605604729022,11.593602321613753,6
7.474980079874625,0.3238669584307779,0.22316151287928918,4.353886635790633,0.012737596422247727,23.761783110793893,105.01684915544169,0.9962854835100814,3.242526383426708,0.3,11.824686757117496,6
10.39248667236305,0.3582810248254849,0.027959593954304276,7.34017701107747,0.058224116588497216,14.29835864467318,72.54302565481629,0.99675278697154,3.3710291331782667,0.3,10.26028294433517,5
11.164524273804467,0.7096092663517374,0.20169623807086182,2.1155093820101367,0.027347329680791094,1.155431211372445,75.31976945811395,0.993718689241351,3.2672482446148554,0.5443055292617069,10.670953054009068,7
9.256897462296404,0.1,0.10144598414121599,3.677028689072774,0.0495952733507616,13.015530433081812,38.085105448626344,0.994742569706908,3.28681874137562,0.4768271633293772,10.491645336696305,6
6.804315599046508,0.30392365598746796,0.5531659817864684,3.612268211251683,0.05312121437529079,4.393858479955297,50.55816190047526,0.9947970947157156,3.1229566869633434,0.7889233887748016,10.457860079400579,8
11.678003889889052,0.42246152285133587,0.01734839811105266,6.8774879424538025,0.018384312429803654,3.52787614542346,29.642167348836633,0.9931879852105167,3.3928939855844362,0.3431381910582728,8.11094811189147,5
7.397349473719661,0.3484117477087006,0.10330410399206524,1.8964631120933237,0.13964623928600065,26.133728285068322,41.660301451996176,0.9964353951463739,3.335748687464733,0.4616359165029166,9.194405454066013,3
7.730265772008533,1.203230435988366,0.07218965104603021,2.648806565799794,0.01902195878442671,5.796698685484917,24.087022996711966,0.9956104238718971,3.2814216573467556,0.3,11.116817993635935,6
8.881974318632357,0.8321391707742087,0.23121824370889216,1.183255533369468,0.05259628558196896,9.253264030695917,28.177350509256215,0.9943460879694699,3.3310944265025704,0.47422351964388093,10.583772309188001,6
10.942072715215117,0.8306378014701464,0.005339865121582935,0.8645387813238579,0.01661530503951433,11.822799114202601,36.08801397162896,0.995473395835881,3.2754190045175795,0.30556645299758733,11.411100684866812,3
9.75175916013878,0.285800449692659,0.5401885425690126,4.017779118571842,0.028853491429537987,26.813934247522447,20.39284466646336,0.9959475861160689,3.3646055541854993,1.0138244601934843,10.266239582029153,7
9.00527135061525,0.47530437985999346,0.22343011110228683,1.4012609711780861,0.030877585334861055,4.256311126616529,132.8985046567695,0.9919527413051797,3.4069494612944045,0.6565599470894715,9.186052151824674,4
9.087590501200781,0.19798370524287717,0.21025774742741501,1.4666888397072988,0.07037213377828067,14.83754608937872,41.77676772312047,0.9958964855666463,3.242506906363584,0.4941518957298271,10.267136229990157,5
8.373974936693893,0.20327864805059828,0.04664284571444121,3.417640096945414,0.041486009914555186,12.758285282264685,57.092953373129376,0.9945985583999288,3.231395732563586,0.7027409155531998,11.399970179156304,6
9.248837174681462,0.8373957149696554,0.3292504009219402,2.01585444747091,0.06134625661545848,15.548740578254652,21.083074539451815,0.9928792911217039,3.215045442270905,0.3,10.668173807095213,5
4.0,0.7435238022122166,0.3025698198437042,4.078116176751475,0.03874238479641036,13.705326729544877,63.186765782450884,0.9972274452207575,3.194165939232734,0.3,8.751004795740547,3
7.795767319581343,0.18543155361833233,0.45151563650245263,4.133939746037591,0.08584319684811621,9.42192631280142,33.74262645695273,0.9945798675747373,3.166680131382449,0.3,9.426364955944285,5
8.710247289358529,0.4525086854372964,0.12757038729217582,2.834570134593283,0.0540387953338192,11.677849117543186,15.99260281331829,0.9989819976120641,3.2924820520852682,0.3,9.740907270218498,6
6.343276057846839,0.1,0.025240203687003686,2.6015452116402384,0.04285785836701868,32.062957225444265,48.06087453038756,0.9960984994591158,3.252483100845615,0.3,8.93727710429139,4
8.956749640279654,0.6097174297628492,0.08714433086122889,7.244991768351195,0.049562510111598734,14.864746123204544,89.8060464235758,0.9960245707268744,3.293285173955935,1.5,9.96772718991329,7
7.952398924323594,0.1813538072819979,0.3706998324715357,2.2411693254563123,0.01,13.843572689094895,27.736375811726987,0.9969494026717871,3.3616047317404556,0.3,11.294158799654282,7
11.284308687136335,0.453492951929906,0.10413467780641823,4.257029499705445,0.011686008092806633,6.18090476109484,36.25974160949766,0.9992157468812446,3.34432895379226,0.3,9.376645367749257,4
10.974133532865256,1.2659971688249128,0.731175098160774,1.0929059175966898,0.04405042444114291,37.18592792387237,33.14222905525488,0.9949242342300189,3.4944579568171017,0.47495362766614035,11.218788429103187,6
7.508130532499123,0.160810965058348,0.3357641041676815,2.554818845814671,0.03657457357584787,13.960252287235992,36.0619641108548,0.9981565116257406,3.306360961207392,0.3,10.883473581989945,6
8.04357589033662,0.5390119878563041,0.6576679190775815,4.2770321658128,0.07906712484043112,19.965192821955398,40.341491223264406,0.9953037909470115,3.2639119852759864,0.36000087402279707,9.897652963411232,4
8.174289138465733,0.4049645026084603,0.11009850603572084,1.2271882903254234,0.01,4.323276843311489,98.50629023047695,0.9954216596324514,3.311622511984187,0.4960606048199597,10.73374624454718,6
7.532178890528642,0.14801318438210836,0.24916649969070753,2.344256792170201,0.034769294223787335,7.798565402173215,41.194697814338575,0.9957824318285209,3.3969829005566208,0.3,9.945702481326615,7
8.631542472847816,0.22891566968481825,0.06025010323292798,2.4980216169898886,0.01,5.777313744121328,11.15713191588053,0.9956218920360457,3.6053957136004593,0.5972786217625287,10.977826281682365,6
7.010920482891097,0.5724553443962808,0.35044996084551483,1.2923737813573135,0.04293414761091883,17.232051757464806,35.71754690318763,0.9954441844170142,3.3501134933926098,0.683942834012541,12.57337865800599,8
6.377953930606206,0.35408835680664785,0.2652935981209079,1.4743456932489098,0.04695439107114833,3.0324432218501594,49.40432618699138,0.9933424622470355,3.327483089387949,0.3,12.402118655292915,4
9.358609080630456,1.0593616277410036,0.3204850069137976,1.0672635761800566,0.059684206356450296,17.5213549337306,24.250201219767156,0.9958714907918821,3.457407602602866,0.3,8.170755160381749,3
9.37020029317708,0.5920569671608947,0.1203844673131346,0.5,0.012652390439112355,16.956492488491254,92.49686611385803,0.9954086643635298,3.2297741824383843,0.3,10.045695472139602,5
6.932663208578013,0.1722340078765956,0.19445077365805688,1.114415956671357,0.01,1.9718864109458858,21.006090361277693,0.9979455103624089,3.2858062064465123,0.3,9.876141573894241,6
9.82210423229642,0.7639755275836823,0.18539765822552542,2.8171473296688956,0.055215031333654706,16.409301340776118,17.973282264485164,0.9958654851388206,3.345831907652911,0.3,11.034089652941589,4
7.226317860418938,0.8288369841975701,0.12096567886588064,1.5238502981319844,0.017720240629225316,8.641344785314857,52.82690279841569,0.9928087676376727,3.1801408774567643,0.43561951677245286,11.395648151060637,4
8.73038090466457,0.5121193385988874,0.2049865170589785,2.3618290647862477,0.01623539423472879,38.15990998131042,19.54492668584589,0.9952612232344625,3.096478104989644,0.44494728942651185,11.128403992576867,6
9.694584821441175,0.627397828217927,0.2374689389241999,2.621868848525325,0.03493725846560892,18.728343220659905,54.76911864558532,0.9969844805284229,3.3927553554506957,0.3571241248249787,10.818205455940063,4
8.24285864000369,0.5070248656618136,0.27577345339836995,2.0893516069456965,0.01,8.462757007576473,29.358006956758004,0.9932543448149517,3.153160734953371,0.3,9.413545451128764,5
9.073059550639929,0.9554072397886104,0.11807035402596494,4.230844267787003,0.053773551207302935,12.503657482370015,26.3701796498707,0.9922493204260563,3.445898735817733,0.3216413727815499,11.733248643368059,3
7.422069605391129,0.8795972011279611,0.33532565061418856,8.92043350850957,0.010908936187516396,21.407155449400424,14.181347865927293,0.9968967355879776,3.244625726136947,0.3,9.898477591719413,3
7.966006808172236,0.1,0.3177549110627752,1.1254871952727157,0.01446316655488336,2.4219858671773005,33.78047264374221,0.9976954133027447,3.2753776814028233,0.5341840004826709,8.94025614401697,5
7.950038967503422,0.1,0.2802415487038797,4.8366626666999775,0.023346644542669454,11.20866259121055,19.52760191378633,0.9972656743519229,3.034156543233501,0.9000566950976463,8.66125975581813,6
7.0308168108815945,0.35913636015305994,0.35671264690024884,1.2982834108684687,0.012317252714089,20.677385859595375,16.29090732983396,0.997835733270461,3.3629612552837274,0.3,10.118495729567922,5
7.999483922703171,0.7316849050313031,0.1469478447119193,3.238929859602659,0.06774503834649831,9.368514154297102,84.33970904600464,0.9941633604576279,3.3744193746981574,0.9939365088845274,11.438605507858778,8
5.667348891931631,0.9319113652025385,0.05087549620778248,0.791179752442581,0.06355559978137415,16.334830693617093,48.81113107587754,0.9964630481559219,3.3787324264518506,0.6758993493014412,9.379051656251285,4
7.465038629858423,0.31483138782402764,0.31880868648417077,3.0667076074515314,0.037701236260277625,10.747336536608302,23.07719447583529,0.9966598783607055,3.4193674168708705,0.750760814721939,11.049900002397358,6
7.8157116612715605,0.35176784040648884,0.09856375927957807,1.8091911565864507,0.017310291349779752,2.1290399292146733,9.706374578829802,0.99804799219558,3.035723723716021,0.6357978035438719,9.68883639930042,6
7.864494420757855,0.32976394261031367,0.027213298751592684,1.7728246385393849,0.013380234511878563,17.583728149798915,6.0,0.9977868254991303,3.111297714399869,0.3079367118229079,9.818335319822216,6
7.889454342019676,0.39171945503788774,0.1013801927897358,2.8118706956770794,0.04286858248418317,26.339452191852576,24.145454742996332,0.9972895468198584,3.1015419329788614,0.3,8.891362437577621,3
8.195000860237782,0.46986957851832445,0.20101202393045828,1.018198237487343,0.013453337310704356,4.041980410831493,75.42543718033556,0.9949069562840206,3.2397163566471843,0.9963230730960548,11.208329673338934,6
9.11505058074631,0.2875948699259978,0.5081081887928913,1.0119507874684672,0.018984396707378386,12.60997531147304,29.140786211319167,0.9927166248564481,3.1680155177561153,0.4020206208031615,9.835890386528769,4
9.78667902602529,0.3289309441736832,0.23925393390563596,1.8679671679214005,0.01,4.7776851287351505,20.188857070688773,0.9923087937364944,3.351149380335311,0.4576765274535826,10.676131692298847,6
7.195399114357947,0.5531217364783779,0.3550153817667138,4.750792504026961,0.034904144136201735,4.119759026891176,10.229144055960553,0.9969696829878987,3.2968771906210654,0.3,10.33891452649451,6
6.254558545838455,0.13202989695518566,0.3131266833684572,1.9066210140292137,0.013616043035596222,7.158619117221873,25.641697906978862,0.9975064116271385,3.3655957619738412,0.4810784231098625,10.180026036323486,6
6.528524499186726,1.3474983196512733,0.22949540600737325,9.040141739485762,0.02915409595660981,16.942572091218338,18.764068373269133,0.9946860551972795,3.375667085292532,0.3,10.445853546044159,3
7.471755033968624,0.717998463426884,0.1361994112435342,10.760569631468773,0.01582434226422562,6.71597571252921,9.406412637377557,0.9972127582624598,2.9991326910460834,0.3,10.971077056965314,5
7.701733759711935,1.028242844390064,0.06000177098751425,2.326385689734989,0.0652458531470941,5.952397304441463,22.55609337885483,0.9969274150978179,3.428640260327007,0.5647014033882694,11.350961494925366,5
6.991006687464323,0.19223263915418784,0.7982721064839884,7.069237458340437,0.04429564693744574,8.351552744715399,53.06699222758147,0.9940593334300147,3.2406777576198995,0.3,9.532732116193543,6
6.09660167077518,0.25451156573763395,0.10423424579996056,1.1553743377633836,0.01,9.336401496009739,6.0,0.9980274814385874,3.4387874481973286,0.3,9.486320408401054,6
7.524594593293881,0.1,0.13369435541513774,2.5399490265567817,0.07001077949576523,11.389767581765941,31.651953484184922,0.9965847688858639,3.0733541631169854,0.5623291120381091,12.494403137763513,8
8.608425254193753,0.4324138359726351,0.15683790034084677,2.9047871076430347,0.024836506684377473,35.549619416570906,6.0,0.9923602561165819,3.3866133741247277,0.3,10.30220040894207,5
9.311550091920461,0.44234108319167725,0.10152463719079788,3.732192441268439,0.07208827950051122,41.765688769025274,15.231987052275944,0.9951741609265076,3.3121128787421164,0.6878496748634444,10.916864378145371,5
7.3523808097158545,0.5130317343782602,0.2689921458455399,0.6641744707185367,0.038527105266924676,11.768248488253908,8.484045470553381,0.9978030937896082,3.5303783925845105,0.463745333106002,9.527882814624501,5
7.597903702356163,0.1,0.10333224160353685,2.768011232903731,0.025110834279341535,17.47349836876606,65.6563547966417,0.994627783225007,3.324187166873863,0.5447095822034237,9.320330140216873,6
6.724612874959572,0.4066982835497179,0.13083645411123035,5.745193651108028,0.01,1.848553955179403,87.81437080453318,0.997878085657577,3.438722656258247,0.3,9.679387890130075,4
8.24655341036288,0.5341040344397467,0.09551465737294271,0.5,0.01,25.874054345050034,37.14753659388339,0.9981701136267822,3.0497365126364517,0.3,10.008205406277362,4
6.857671321875616,0.5953251738705508,0.12813972448277947,1.2222495285809396,0.08507178154191178,13.246892535124347,18.154312984921894,0.9946114673726278,3.301973600654793,0.3,10.567112383944384,5
9.27431728251004,0.26404380075812717,0.048059509150062865,5.835100869225824,0.0680625662167344,2.244928622040569,29.186354412279293,0.9941082867061464,3.1822922284097546,1.2049089725082596,12.5775115040558,7
5.264026963712012,1.4804115348855094,0.03550780668734682,1.493866842921321,0.07377610127959229,22.032123446991736,6.0,0.9971578005920397,3.2469468841977416,0.3,10.8857442857142,3
7.688629556830815,0.3491066133676492,0.5927392293591938,2.700104662789772,0.0519246743833676,16.821066173501663,66.91504004208474,0.9968926424173498,3.2864605419633173,0.3154147674844931,9.455396946308284,4
8.811882476625962,0.466408290412833,0.35655743093950815,3.3139611820162296,0.01,18.975303410967168,67.46308643856337,0.9970256582855409,3.1833060026113893,0.6244493699767533,10.1090362444359,7
8.612518677748259,0.3178736906800028,0.524030120654884,1.226487752143107,0.01770020724049863,48.471355810697986,54.126948815367626,0.9957438475473168,3.392438538281133,0.3,9.572573102812182,6
12.878157228766845,0.2673596104791569,0.5602299488538495,0.8820454424192786,0.12052025033428751,11.8429635196898,35.883108099464465,0.998569558263266,3.434913853835677,0.3,8.505591639699215,5
8.894660041765444,0.6671887253332611,0.0690610388674561,2.0817647969952424,0.10112027095882772,15.488219263887993,90.50688515347889,0.9976155998336917,3.154369842208052,0.4995552262820812,10.357449470518151,5
6.593107185368583,0.1,0.5067400255750825,5.094672230735978,0.012604487944850749,13.047135708982571,20.99012898519282,0.9952085071546628,3.3353238209350438,0.9248541292140833,9.15440724092265,5
8.137710779948577,0.6958431216993239,0.4071329855345657,2.7843567857304445,0.02434212612458947,7.154632691323876,6.0,0.9972619516369101,3.0196750714447815,0.8896502384005811,11.113376761980735,6
5.280381233107033,0.45824843750611005,0.12710700003834488,0.9023455457791543,0.06642983431624608,24.352334625787147,27.575001997470498,0.9962582965620868,3.4432711694225295,0.525810275890593,10.112551724305625,4
8.162980426195507,0.36408855795572925,0.23724607765968356,4.279211436156419,0.01,12.337085822522257,11.206171916422763,0.9933951701651724,3.3113137924477662,0.6465371735017689,10.587900976874494,6
6.883804703098711,0.14046515676969498,0.34689140609581953,0.949119291821158,0.0640233375464821,14.941602055456691,79.00888827177366,0.9932767128178515,3.2853025228228607,0.3,9.918294277129952,5
9.856163468452277,0.43046564578007623,0.28935604869558146,3.249739098407571,0.038310870870844255,29.45463356692764,18.46578915005317,0.9959407620081933,3.5458435610188603,0.3586964860285234,11.139639987170387,5
7.365781533187591,0.662081646164637,0.15794947983282515,2.168463865794591,0.2,15.295185201620848,44.54242863547926,0.9949765773297409,3.3467174264577046,0.3,11.906706546656826,4
8.10149794314808,0.472553075007351,0.20365928850957887,1.7126219694306133,0.07651382310223602,24.095659397831962,101.42479231988041,0.9941323970547123,3.7133029861628457,0.36242198642807355,9.380916285774573,3
7.219551669612515,0.3969186127558947,0.26127283224458475,1.9983037150685998,0.01,2.748965628447833,56.69041543382079,0.9952626946965136,3.136252855157372,0.3,10.457815792520597,6
11.256047298150664,0.34448301642937607,0.12338746839957782,2.2172378542026525,0.05803536828418319,7.749897145726213,17.151607145178204,0.9970103756665551,3.152047560570892,0.7308751724518583,11.627693229376293,7
7.753887297599551,0.2922582432592357,0.28560076039622273,2.378582056324983,0.09134810359593432,21.860808734704033,52.65016454756558,0.996540910301653,3.424150594055194,0.7148926699216887,12.3931782863784,6
11.415346973914644,0.15083797602861426,0.08725245209894339,2.9076666719640856,0.047627595140556166,10.442862657307112,34.352127683943536,0.9959731019421975,3.261157903994821,0.3,11.218754759959443,6
9.684057995601053,0.6531054995265422,0.5192441851121357,4.73418306516536,0.04528856817552815,48.89442968250491,12.883271541793519,0.9930584412807685,3.470522566231592,0.4852066094210291,10.52880740990962,3
9.119513436470157,0.4968686888231186,0.39245747600523123,7.7074973052850115,0.04499619325179415,7.654587999002951,9.540632324910991,0.9926437906717602,3.149832616026114,0.36762003903743756,10.856339338469963,5
8.926846350439785,0.6824989416692466,0.3526217169111193,2.4444590389893155,0.07468448837406025,45.24667290578826,60.95409439248602,0.9983970403759912,3.4800157161706964,0.7574162607065508,9.584857866865379,4
8.969455406967628,0.28803172719936093,0.2466158271872959,4.378920749482111,0.04296193817909851,4.04134840418752,70.04216959661535,0.9958664294117773,3.2902514125484905,0.6462844408202181,9.300929402719762,7
5.022956615112464,0.3650704938586349,0.2165710291910853,2.662115857917666,0.03372877161706614,2.1178426964446584,30.205433598711874,0.9974630854760864,3.3043240634629596,0.3,10.274978277457716,5
7.825898229943714,0.14265052921775637,0.40417555079630785,1.903739451435233,0.0462269790242562,3.9764451059062527,13.272236520807573,0.9962357111194349,3.112974958511703,0.3,10.44684998319083,7
9.736768551013347,0.1,0.05402294549188214,3.013258756197116,0.01,24.229255968745957,23.2428975096429,0.9946582095979811,3.475012167673648,0.3,10.168451896695645,6
8.216874788094021,0.44753365351151986,0.07658037343968142,0.6580632518186424,0.03435854758863709,2.7854061008312394,14.094682573618451,0.9952762768970528,3.369062513775311,0.3,10.604751429213165,6
5.911177260433924,0.1,0.2913485975198747,1.0876892625483356,0.021809358093813333,4.750689351268624,43.04674101451181,0.9980966909408894,3.3883869916123164,1.5,10.311958052743915,8
8.210912434018303,0.5370506268030265,0.17155272623630877,0.8363667123674451,0.0766984999913574,6.8583651211356615,62.48446854069343,0.99705529052972,3.092378461158742,1.5,11.697286494648312,8
11.196979377634335,0.25632543401669344,0.10194295516910831,2.8914349266705863,0.01385029406905303,33.650383695949444,63.92596990417311,0.9946051368947285,3.267804772887626,0.41239114800252646,11.052196315197918,6
10.419715916409023,1.5,0.4283042568398868,0.5,0.03328371051473848,18.305062979576107,62.442461242359244,0.9976129371167334,3.292834209544659,0.3,8.761503634307664,3
8.194593184077746,0.4248248758070595,0.19877482774951996,0.7513713039923735,0.015680806758703206,10.679923817201004,31.258074926079868,0.9946299730000243,3.1030176266449723,0.5196926428359393,9.933837710816544,5
9.917463770998747,0.6310955839388592,0.23665898332117954,0.5,0.04481412870523684,1.208164171275332,26.021470111190553,0.9967135198600391,3.4057652269373064,1.0589473520397004,10.211232375285544,6
7.676938065374313,0.23772816029254737,0.43652958471120906,2.4790664740520483,0.11448263252388916,14.169901989512145,34.24315024202382,0.9930397356944201,3.4397649478957497,1.0428967870623258,11.961846113044198,7
5.403418302394579,0.9105126480019984,0.1557823246952316,1.6891479626915389,0.05862478297846739,3.1154214876359907,29.082286924204205,0.9956512345342073,3.082586479493918,0.5375331675542234,9.91966518171787,3
6.728407820179759,0.9600388237100077,0.7393155077511278,2.0095614951078105,0.05931671487309701,15.366562756817142,49.30901391434538,0.996457739381139,3.295266102862566,1.2763687920106543,11.18164416333641,7
10.956910906463937,0.8121148128563459,0.05981691785542016,3.253955469136492,0.010280385594869436,19.145331355654164,62.05788161981587,0.9949810549167116,3.4311765935441727,0.3691196155553938,8.886718459248753,5
7.834211760890184,1.4526935540733115,0.4262796319764863,2.295748227578027,0.044142203988993926,15.046957750947705,38.26136354711217,0.997393057915027,3.5594032702347382,0.6665542648529602,9.973353115932248,5
7.88624723506247,0.16060300574359804,0.10839021960074274,1.8397990369422215,0.019621407675854633,24.682250048032913,42.64206369187392,0.9938376270054929,3.423425521995662,0.4710749322774904,11.12587390219606,8
7.790275066332704,0.664965681038913,0.37500172650305647,0.5,0.028479017245627344,6.83424663627563,33.62972783906045,0.9973555784148104,3.149343175075341,0.3,11.177144263742177,5
11.537032202274112,0.2175359790590514,0.08880629311729407,3.258300616615643,0.02406479884279379,25.69218179301949,19.333701570482326,0.9965931082711508,3.16215550773071,0.48958411266037644,11.949968706060549,7
11.064130156115509,0.16729443363995786,0.034986833847117704,0.5,0.014260034939780147,7.630151897823157,49.28097204969156,0.9946062824120989,3.3414752548577384,0.4121250150562086,11.021606842147671,7
12.071926396861828,0.4070282849452123,0.37887313537764555,2.79894917806579,0.03987173584294796,4.455476002901704,6.0,0.9930479582497772,3.406671422111313,0.40632042488922016,11.271642444036555,6
8.029623142319913,0.49959164935940215,0.12781082761589774,14.055655720293995,0.04497098328199582,7.269566534731211,18.45944079399836,0.9988433212341837,3.2996415059094026,0.5952405333299947,10.078577092609684,7
8.802561630870063,0.38499831550637986,0.036848040773962004,3.6562857341595576,0.06847477943445468,11.737057290429451,28.113477497094216,0.995947550332018,3.230707446634228,0.3,10.627405070809964,5
5.721707665984656,0.12608068039899445,0.3930329644711645,1.4026467675791494,0.08123009084587889,3.9263259948706235,77.13038778644332,0.9950169848346713,3.4205066971104032,0.6493695833715276,10.985627160146903,5
10.810788524401067,0.4388444697276722,0.21530516909916905,4.606779441862039,0.05487555799176277,10.605041696090039,113.76348721288501,0.9952940368159121,3.459011190000192,0.3,11.453412820942976,6
6.314774762844511,0.41169339201735955,0.12738909180300184,8.544572282087953,0.010068838158110644,15.594688095799551,33.13967789955938,0.9942352297012684,3.253292304725709,0.3,10.00847804677421,5
8.66851845839647,0.1735366011616167,0.247279738989306,5.139253069299346,0.019702373034566494,6.695023934903475,73.19797849392958,0.9971738916084467,3.300120450964656,0.3,10.452552401229958,6
6.434585703024165,1.0846239666655262,0.15470937578724225,6.297165374951584,0.03539667342797881,23.57015842431982,76.38425752907152,0.9962303096280919,3.3995261467733258,0.3,10.7197298023378,4
7.2989263945442175,1.3661663570170315,0.13797879622117307,1.1499983063039352,0.0779778902419034,10.325136849010232,6.0,0.9934742908285404,3.2424858602880273,0.3,11.328693612697261,3
6.87665386721551,0.46040990131021475,0.3437686320302328,1.7214382194442537,0.04726054987386088,2.0480429310938497,35.96399216485566,0.9960936079255804,3.435874711431775,0.6547759820640957,10.823358598448948,6
7.266612056851111,0.1,0.21743824028106273,4.049309462952658,0.07165630139289754,10.098505857037814,28.6551926370774,0.9936304373943661,3.232583603455152,0.6539594406377145,9.357484977226362,5
7.383491404646737,0.41542136423329346,0.08305681169572086,2.2529382902492117,0.09354307191076491,2.8511790995645416,6.812263098563748,0.9974242845757983,3.4494338807363136,0.3,10.993657056989585,3
7.36794304862737,0.8781524751872718,0.1760630370842209,1.0699162158026818,0.08745709462379582,2.6770135259503527,24.222600315091753,0.994625874286791,3.197676671668891,0.6275057621402991,12.282171431635112,5
9.716667650026523,0.4228401617398239,0.33969813362025864,3.700028842772585,0.015516787460642393,5.266302895873172,74.32854460777182,0.9980965634454741,3.6514643619877574,0.3,9.108263097950573,4
6.421733251793716,0.3823835779516461,0.057350864014859844,4.038812766178815,0.0117116039195752,21.328453875004964,54.234684930619885,0.998653656719026,3.291838406628845,0.3,12.36266882664646,8
8.674920425923574,0.6734856732942444,0.4583867342920222,1.906762720601864,0.05374113168895135,14.355677425498719,9.552073745701438,0.9953007736637147,3.3966315363356405,0.3,10.004945229240938,4
10.37053055891945,1.5,0.210840977144344,0.9223179806711181,0.07435390631594536,1.8620179226624198,6.0,0.994605820312031,3.4942355310877034,0.9286260073187929,9.627656994763138,3
7.4275661803272275,0.5344760379477016,0.1969044933832789,1.6556901806220012,0.01,22.408352912970063,16.462008980441617,0.9933364585343502,3.2889751167695387,0.3,9.905561868662097,5
7.079537885729078,0.46401727243924573,0.20570468379690388,1.7655154693847819,0.03042722446572697,30.769265507689973,38.041581883398685,0.9925692993830453,3.3520993217854986,0.3,10.325421449931467,5
7.908108137193574,1.011388160644706,0.6143619491630447,2.6739685388473844,0.07250255918746953,13.2690299821971,34.86745603054209,0.9932993462585636,3.3190826051137505,0.48214566752018095,10.377657392073647,5
10.305532854213208,0.5834602992298132,0.17710881297299783,0.7802315513880606,0.013526383009604804,6.263935986268509,6.0,0.9950261859640495,3.623571088573957,0.3257398303527845,10.503678298528623,5
8.62998297262071,1.2583839157091334,0.12900757688369735,2.115577194216603,0.040464234430295856,8.666502368536271,47.53913047530297,0.9916759439028033,3.557172753710306,1.0468576740600963,8.634248617927373,3
7.396935699167083,0.170318944394449,0.15748648175063237,1.5555172448913366,0.048676237306054415,16.427162274375437,18.390791160244852,0.9973277666401537,3.200814924669631,0.6416494225327445,10.953790141656745,6
9.122590307019669,0.1725105432471388,0.3787388759356754,3.7289848079552494,0.01,1.0,23.53111158639521,0.9968563766517409,3.150336537694511,0.3,11.920321920839964,7
6.426103345278081,0.20465346060644024,0.30121613690765486,18.62783476170047,0.06260565519373705,8.56372695754435,56.375820375301544,0.9968608865702491,3.386613382173423,0.3,8.797856057099319,5
9.458311167753012,0.7751817775231048,0.17957031687766567,2.785943146543004,0.0709292663626295,3.0458308482044334,11.805428893526313,0.9981088857880349,3.3247078711048594,0.3,10.614822862713064,6
8.994632423093005,0.5366778321292273,0.8494818615061142,2.3261354608709053,0.03799760438900193,13.736474091500272,96.69862170812311,0.9939018357397149,3.5470907172140196,0.3,9.288114950951746,5
7.776725599063898,0.34053523903716515,0.28160019566591143,3.2091334453253477,0.01,4.32951294724059,75.51016311793192,0.9940070422107468,3.3672394287121277,0.5737358556223392,9.22697515373415,6
6.874404142639708,0.5394764463153602,0.07200517666611861,4.12101482824035,0.021524840876388642,36.324436531250264,49.81018459189553,0.9980326244596828,3.307588655663187,0.7506290397151977,11.317691482820997,7
6.792642432118123,0.8559694194783102,0.013599757989166487,0.5,0.07716763011038907,15.842324750190086,23.863584706901175,0.9949814365552347,3.1638179618802744,0.3,12.388172158730649,4
9.209189471788047,0.32629372154137554,0.30445587212064684,2.3108991937888232,0.0159802365443735,14.732811824853545,92.69913988800138,0.9967068547839285,3.2325411474780013,0.5737601211192668,10.36790450832139,5
10.389266854231405,0.7115237899463666,0.1378698347686065,4.470801570584232,0.08826951811328784,9.725425307471845,23.886483335467137,0.9921242070586658,3.200686812511491,0.7889032898774434,11.216165568345073,5
7.21657683005105,0.2950166259114928,0.03342923889831699,0.5218151831565822,0.03180539733689847,5.6280015871453575,54.263270631438914,0.9979288072434154,3.249227734408946,0.3,8.0,4
9.079257396037525,0.1,0.16263809296290963,2.768755258839507,0.06393844171961323,3.2592351602407126,6.0,0.9966363019055179,3.249287385691258,0.5354424614062563,9.375224479358362,8
4.752054068376484,0.4231601003857219,0.32132319364695977,4.779847193038121,0.012220371551855819,16.943991499061955,27.54124300104612,0.99329393603378,3.247013435759929,0.807538440480529,9.076821415122547,5
7.306149857882762,0.1,0.1519564550276179,8.356693865876359,0.1145521816272812,3.358742331210288,6.584391508666185,0.998641499496457,3.3072300793173395,0.3,11.539327166501302,6
8.247199814119467,0.3222750507009196,0.17186338060146159,2.987987532404474,0.019189840982401188,9.224878456709243,6.0,0.9962775241747855,3.3888468769877282,0.3235270093732614,11.630828235772237,8
6.753538191130883,0.46751425833445875,0.011586464887492568,3.7094213482988305,0.028867839713220333,7.892333409473927,10.946175470415483,0.9994788312112224,3.4510392160638235,0.3040599737866714,11.41766433671444,6
6.707939162857688,0.20616157306867428,0.3049623504883995,3.4459059301096024,0.026936030246168266,22.863665352709386,34.77319730498293,0.9922876443844734,3.4203718700990087,0.3,10.84135573891652,7
7.164774754002894,0.6347334396470338,0.02435905926179062,0.6586799948603923,0.01,18.639466971997418,142.5783694902567,0.9966396167201333,3.0889716561175087,0.3,9.058818468282732,5
8.796727638154834,0.3472349105622067,0.10094564138847086,10.53314614880988,0.03058985798212309,28.268956888894568,24.691074746350306,0.9949054762091962,3.1181558384129624,0.6341400101552989,9.41296807055109,5
7.9815406687091635,0.6487146536708479,0.2271735862294993,3.17787184396426,0.015157398321839247,4.960302008587093,47.65199474836308,0.9954597172645365,3.249121550737967,0.3991141069496454,12.890350197851305,7
4.495006903347548,0.41207825601580417,0.0811657068356756,2.0537780085036097,0.03870330324646864,8.723390978403838,44.451781893721375,0.9962674008940806,3.1346280692729316,1.194047616031804,9.083215143910412,7
4.694809740520388,0.3564122481202939,0.09940880389626337,5.831186828245882,0.046410392944917764,20.517347181132685,26.61307845940484,0.9927575156050144,3.3669995088976665,0.6908358740284054,9.142410682638724,3
7.268329197642803,0.20754731453967726,0.21837659096565862,1.3114092260440313,0.016188451808692637,15.220249532508657,6.0,0.9997949854836824,3.2974140020337632,0.5455176848216743,10.247276892666102,6
9.07806719629104,0.4279893596978258,0.23363189822102085,3.5008415019984502,0.016766454223856822,7.2878407250878805,38.77025646307315,0.9991187137555358,3.3198869660946686,0.3,11.557574367338756,6
4.0,0.4702910535233599,0.18446147135702765,1.9034925295601874,0.0187676772462514,51.45694636038232,15.518961090158276,0.9964046341707249,3.4946921020880053,1.0449107697032787,12.011530935510676,6
7.450458700542229,0.5455233288916065,0.009643030573425289,1.268523921405884,0.040440815274628734,28.617538480865928,31.14036087108,0.9936281540448879,3.2499622730333773,0.640497751464087,10.849148468529885,6
7.405378643920384,0.5078028063226278,0.017099550092959118,2.4942524251715326,0.02578893974053108,15.768856605922615,64.70885727172403,0.9954816653272195,3.1334408220311722,0.32855398288496396,10.693371036316481,5
10.660174222954362,0.12448389490762553,0.37851793069707823,2.77173220734504,0.016733989197684207,2.0887613631419195,33.399994160301006,0.9964192308608861,3.271616003868996,0.6622000637515124,10.373727828459401,8
7.645462920088132,0.8308567793697721,0.12475262132228103,2.2608192366506605,0.02446692583649295,12.201964234207383,19.344179658917742,0.9947702593723978,2.983169068027862,0.3,10.074299800018812,4
8.951081274059579,0.5597560789729271,0.9556907254404485,11.238280692691347,0.07610275061435477,9.303018939917195,6.0,0.997548000441089,3.278003177545889,0.4600515539913963,10.817847026518711,4
8.540137138148689,0.4365953466445421,0.21932008209204895,2.753546842256622,0.03827171877441212,20.641785382947496,53.22647630055559,0.9962679397875721,2.9296580739371416,0.9702179340438309,10.104587858287433,8
4.678036984327759,0.5413807209773479,0.7291101028356126,1.8354219063561674,0.022288956202929207,4.935603224980184,43.1318247649218,0.995868221181335,3.3063567061049306,0.4895922984268702,12.44367887698388,5
9.605952268273954,0.6165412179857443,0.149856480362931,2.7009991901200148,0.09074382426296168,8.28250083857894,34.22957842232655,0.9974042669710523,3.4689438517741675,0.3,9.014926778788665,6
8.66617405927569,1.406094195301011,0.11021354825687618,4.074212455657812,0.05157476943086506,21.773869591666955,21.703779626199648,0.9928971996469449,3.3822889756915937,0.3,9.102786563757938,3
9.164056687446802,0.2640682274485665,0.30812344829059124,3.348039167169939,0.01,16.847265418110098,66.86903778561933,0.9945743189056038,3.348454155683402,0.3,10.245194913749522,5
14.974604100941756,0.2702647825445671,0.43958518476957753,7.050483103619417,0.06223736254736182,3.6180376654548034,75.56634884153266,0.9957975341178759,3.3776047669745903,0.4508794359149443,9.167155302503792,6
4.7570080028524,0.1610904966217794,0.15060122480872976,3.000880698705818,0.12159125444332963,24.166340272355686,50.05807797117873,0.9946508685242208,3.1909044231102657,0.39407448233441633,11.702130418227863,6
11.231984304593885,0.1,0.3000399445660327,0.5,0.06532001683302775,12.489450546600706,75.94489734301787,0.9934468282497266,2.9931365206083655,0.3,10.817532943953248,5
7.8113392170193965,0.5700958738605415,0.024555652062880334,2.775622276153497,0.020133402723077506,8.342603750800642,37.5036427599716,0.9938994191982404,3.1174197332372806,0.38287170483284655,11.361557962928629,5
8.788459137485116,1.443844194044419,0.0718961960560407,2.8013106013793276,0.03183763321271045,28.49355972946179,28.345031971052105,0.9959913546838178,3.392384761702614,0.3,9.658230171791613,4
8.22262918298789,0.33485697621088295,0.25411551016801426,4.9349980770208415,0.01,8.59711886154597,44.25153454876401,0.996468755485639,3.4483307480208594,0.3,8.764507673198644,5
7.578798233223327,0.9549428078243842,0.12559479768236412,0.5,0.0593858032749874,19.2772306036716,31.346391459711526,1.0001427319103877,3.4997975652850295,0.3,10.763470613539004,3
7.331284021994111,0.3391772897604669,0.22669409132133608,3.610812087614386,0.02881266351517149,34.257643158059196,30.942993731450194,0.997943043470072,3.1065268703508813,0.3,10.874675923981767,6
8.860164850474117,0.9243946723569313,0.25758762185962997,4.451041954632561,0.0185051505377991,19.233140057699437,30.476436370469408,0.9940132057329667,3.4816493362658982,0.6505388590924559,11.724116629433762,6
5.720804715658146,0.5382028787257461,0.2961862405625702,2.8187162698610733,0.02980633125969441,12.89614090825617,87.04030297959754,0.9982254345710334,3.1092763114203725,0.4263108097328447,10.451302419014915,4
9.575984584787003,0.43082225121190504,0.37212630824091714,4.186815627842456,0.01,14.819436472235738,31.142877015128366,0.9960919746289825,3.36408618765229,1.0168428257919513,10.836942979981796,8
7.592469511695069,0.26686323399239825,0.37917073150364294,1.0978867946307478,0.01,1.0,31.762953542320815,0.9957317100212381,3.3872596350577155,0.5596604245405029,11.451825562784803,8
6.378882123631392,0.4472434369783068,0.05574832923191207,4.647809293424401,0.01,16.08997420242696,23.906930515425472,0.9947758087325858,3.199162312702338,0.33101347849337404,10.273137987490855,5
7.534978141407118,0.7643990863495976,0.15343570986616123,0.9374116740097691,0.01,11.437652289087296,48.041198611683384,0.9931417712818752,3.4214547849272763,0.5749010715625951,10.265068555507563,5
10.437153668666374,0.23864338336955196,0.14899099636939434,1.4933374611602686,0.020820218492207557,14.951469210513839,121.89702748770094,0.9960163100542934,2.9720098470196197,0.42264607832947804,9.185468647333186,7
7.3899303520724215,0.39665528414018597,0.16851638442882264,3.9173367902317593,0.013187001744780878,3.329084967055559,37.19473100395945,0.9936779609883617,3.1510572504955623,0.3,10.686614021923821,5
8.909371150956355,0.4902996203264342,0.13724725262557266,8.970361728508163,0.07865317118719742,32.40460998713415,20.65690721384369,0.9954726596435706,3.183134066920514,0.6280417091826743,9.451899705818823,6
7.057374331283696,0.7467917163304675,0.17858427669065982,7.916428684897164,0.011852687251453041,3.550384098701869,82.17838224917487,0.9980857522632364,3.399166400073958,0.38433481405386616,11.475183646865844,6
9.588467144870155,0.45704151110498287,0.09624395688587913,3.194551237339553,0.05467461747723318,5.425639583563642,22.787117310249382,0.9978532226781657,3.3943411234131644,0.3,10.880357653194434,5
9.465363155943347,0.3417421402721937,0.35334080020000874,0.5394401920943138,0.015728433521200583,18.913714900401416,114.50300557137928,0.9955598065435993,3.3330679069634437,0.5162629383553612,9.11987454020074,4
11.4426350166039,0.5142371682015935,0.2579280405560348,1.542228634069188,0.039599417172021006,8.13893773608142,29.57810718809877,0.997801375921212,3.331373665539359,0.3,9.690525109871707,4
8.001541292651334,0.9095397576964095,0.09523619620066925,1.9475224164550036,0.09391683520440178,8.813871271522018,43.135979681311305,0.9964868823564205,3.4916845161549723,0.37314835924107786,10.52326961088222,3
9.436713168088442,0.5816029450244148,0.18169364084534567,0.5,0.01006139104167003,8.140816590684459,56.27822184911926,0.9987015904553613,3.2450195788562137,0.3,9.108827732647356,4
8.466714817216207,0.40455391153985265,0.6767482533423446,0.920291870149966,0.10465901196826631,7.1678583735991115,22.53006766197521,0.9938732014917404,3.233500225251898,0.3,10.975788610635272,6
10.502982029167125,0.4410715235111541,0.05943515983724488,4.743700144444272,0.06238944947722627,20.349631491541963,11.161601508376686,0.9957775308836898,3.2771044912845944,0.5239588304815497,10.046405624926924,6
7.077984941065159,0.16993370288358606,0.0745874545314004,7.574245985073273,0.04657027695936123,42.36672597254967,26.360915426660622,0.9951293589387764,3.15176905377592,0.4841002032823788,9.795474075544885,6
9.566509031891378,0.7042910440273772,0.36616497631986156,5.287254900484217,0.03825895941449144,12.116028698757589,31.363884904351693,0.996727827758913,3.393228896114979,0.369309007000412,12.459423972134275,6
7.9690145966016415,0.12804872297526546,0.5724064330707426,1.6218614564661777,0.03235385185999219,11.038842057348505,8.839090979785254,0.9966186594521211,3.115336340632031,0.3896717428204457,9.935045395279847,8
8.190880098915555,0.2993468194425327,0.23461183467117278,4.051513027849225,0.0728003164296961,5.886156063127395,26.846467866170578,0.9959803615494335,3.2733396883979085,0.3,11.815350953735946,7
8.455979223562235,0.3685359128530484,0.19200625039867472,2.4351357474530295,0.0323066845631021,15.356969451541936,65.24914618814228,1.0000278397356979,3.436509426379853,0.31571973634920697,11.721955703748911,6
8.728808673925352,0.29882662337087257,0.04740917455884018,0.9130463048512591,0.026527174009774303,10.244484792749294,44.096240111868845,0.9939148132045721,3.261528662588,0.4815636419520083,11.77699910205835,7
8.102410626692672,0.1774841163870725,0.11563568805054508,3.081336353540486,0.05677623151318524,23.661141619683196,16.852833558150287,0.9944392389869258,3.143008746664661,0.5540875187353864,9.555343753255398,6
8.665012411389895,0.2431358328517246,0.10977641386506717,3.789107207837616,0.015584559407415328,4.0926570422904724,67.40538591710022,0.9977385784357786,3.3504855814548584,0.3127253741915775,10.101903894697488,6
10.982800697855714,0.1206134133169593,0.11675702112242711,1.0961725797810362,0.12803239519174148,9.637188396936933,9.607285781896147,0.9966797908682904,3.4089825423754014,0.6016038304234231,11.426486805756447,7
9.975264465545871,1.1556957168935362,0.0843906805104447,0.675259572256343,0.04562424379098882,19.587700719231094,28.91934791940561,0.9944510542936602,3.37065158002458,0.3,10.216693864555815,3
9.777562807244724,0.2727674086182163,0.043827922703825004,1.651216239546267,0.028751738556414785,18.014636747404307,17.43826141112091,0.9983448910788267,3.377270363967899,1.5,9.874010902667003,7
7.52558280575942,0.25123555053681895,0.31063672504048906,5.85068477397483,0.028247418197405668,12.125489262340789,36.457682373961596,0.9960766808929687,3.1943944132337183,0.3,11.612577038380358,7
6.788290592011849,1.4392252751871895,0.24701841768877297,4.308355957270264,0.025436588786165688,7.065637877101637,82.27241909567456,0.9961055625426513,3.6287511563468655,0.32400109578325254,10.221306376147686,3
9.924010949004181,0.1,0.04400732986291138,1.74993508445566,0.051209622854695463,6.991180121134707,104.78842662204478,0.9949273267789729,3.4548949506886837,0.350243183434139,11.471139888502544,6
9.789279547300652,0.6287559777345868,0.18381428051326823,1.1841560552945372,0.039215550056956566,18.36375320607252,37.08448324419464,0.9967955326375771,3.1990267640767396,0.3901931777148352,10.754199484388083,4
10.80354014877667,0.4338987941773811,0.13216360393646837,2.4177996726397963,0.030919151241741875,23.323459143457494,85.8937148516358,0.9938691025651001,3.333485730332864,0.4977038359648516,10.104422708431128,6
7.2732329358523105,0.1800593273056936,0.6242683723964001,0.8640742596780697,0.08603580640829256,24.79160956467573,36.7543449974658,0.9945653351880411,3.333193183221194,0.3,8.0,4
7.909767285887411,0.45796804219744575,0.47161945218017043,2.8428517085581237,0.09805132950006822,9.813521941284995,50.3798303149534,0.9975766238107571,3.3242652615180917,0.3,10.128131706245409,5
5.512876923706763,1.28062108139766,0.621433911335734,2.1420589432173545,0.01100454361084469,7.74832764689073,60.716688099454686,0.9912784341288795,3.365247120680652,1.0118022732993324,11.159428800910508,5
7.632799119696517,0.625086621772512,0.11395306980436057,0.5,0.027831248141051413,14.945680370135872,54.825438118149904,0.9949224256080945,3.300013260022355,0.444670094593263,9.639199127235601,5
9.994169867985061,0.5684067130009647,0.02017138236823371,1.8281035872455895,0.022731892072882693,10.290863805954299,38.96210933699659,0.9970194065219643,3.3891417329835383,0.3,8.977095118871667,5
7.506957855312065,0.13973739298714016,0.053674579074597266,0.5,0.020146102966678486,8.075631843139085,8.166712166948928,0.9986016093320382,3.4312129327225254,0.4982882734581809,10.644180201055741,6
9.388815651841401,0.2088448561939083,0.11605967575745192,2.9910149700747866,0.022308946498516072,9.424863789348034,80.80144763097499,0.9962823023807089,3.3602936493337467,0.5197809783967731,9.706638469913225,7
7.976144719803721,0.1,0.1414955767776703,0.8007634502064394,0.011836051711034268,17.645333510478185,38.34504324800225,0.9974787073333492,3.2072743404133246,0.6235049032869625,8.980156875985443,5
8.850896947976654,0.4449820008455476,0.6318791403457873,0.5,0.06322908647621901,8.03004381292811,80.28582266460772,0.9971289360584006,3.476025256270395,0.5888622918689818,11.787573930014878,7
6.348924637313367,0.4309607715927962,0.35169924257517005,1.99828055133251,0.027857518268158896,7.905080671763185,41.40401951464146,0.9947419068411476,3.29249912261359,0.6619253842710546,10.556066863341666,6
8.444856064377632,0.2100106644351249,0.2473749498991784,1.8529834423682203,0.03652894837834851,10.680889868104764,17.779327630296148,0.9952926162745496,3.3308101498931695,0.9886815424388173,11.06930216946317,8
4.0,0.7669006025196037,0.47700043779338014,3.0653394242912464,0.06398629124459516,5.336874290246728,6.0,0.9961757468878017,3.237759805934858,0.8324980788753155,9.578732860039448,4
7.982276531124627,0.13039333040467502,0.28387210380705813,0.8360763077410311,0.011401775570847197,16.67681564397734,42.81108236949667,0.9995702022066513,3.4945044112102908,0.5089911021850261,10.209865727863077,6
5.528195485684263,0.22516313346844716,0.33522718236453036,6.330473598533761,0.03964249222487651,5.698021122211145,10.758642133862004,0.9966915364346614,3.2133680716215864,0.6819804424502328,11.158623092728618,6
10.350190678129588,0.45608063270230353,0.1322283844066479,4.145668148783799,0.01,10.930586091823109,94.4942527916308,0.9957624253414751,3.2837497127875483,0.3,10.026007659350048,6
9.62159249969967,0.14771515934346005,0.03324406359635959,6.4978330423980255,0.01,13.041274772096932,25.881467246024336,0.9935918059374133,3.6771269810396725,0.694675045897667,8.148859297760158,6
9.09334066934234,0.3286554420037536,0.024826139195711236,2.079315578648912,0.03343921740850827,1.0,20.254344334715036,0.9952781370103767,3.03016022242109,0.46357519462654967,10.049165679486412,5
10.885710586170948,0.23974189982772826,0.02541729597604594,1.0716607047081523,0.031813924386173885,9.199342573969119,88.75833679648366,0.9953076135236212,3.1717131194580728,0.3,10.315967898418645,6
6.686841914597777,0.5069769630653946,0.30731903127783416,7.5855134232056916,0.011492436860461409,16.638823467583308,31.05250383090133,0.9971850133335396,3.463022293817699,0.4814576136710127,11.085588441789323,6
11.27051743645645,0.11900580321566527,0.07795262761053472,4.089826116674519,0.0783523565554724,3.797775594435183,11.328172121922206,0.9949328268470353,3.3176341444424535,0.6525488986211131,10.427545115646517,7
9.884725659242655,0.1,0.13315008890072202,1.9548818495416582,0.01,11.181358237095077,65.66892018498892,0.996154714827957,3.3867914440027174,0.3267996697558092,9.90753947424619,5
7.897856011727792,0.14185144947054942,0.03915665442129261,2.348832032064952,0.011124564831621135,8.886906031129131,16.28537476349131,0.9963376962426644,3.102468700811981,0.3,9.71597228540206,6
10.230554250211005,0.7751639629735041,0.4300567409840252,1.6675248209305185,0.02277458319425883,6.832684003600228,58.72026531082547,0.9963474865792719,3.271691357176501,0.33766400961063875,11.468285644734621,6
6.419301028900223,0.7365487287904402,0.1756121470202929,4.85969382787465,0.017379622451655613,6.1708232520565955,31.58112352109154,0.9948402695760786,3.2820998177917473,0.6579109577853078,11.51533054545778,5
6.898325925402956,0.1884041259609234,0.21762919726158814,3.2490837782195823,0.01,9.067422446397655,17.415054189684586,0.9950408615298304,3.3021251191879903,0.4867598924480508,8.955335122789567,5
7.26539747049251,0.3959760706383379,0.23667197375193536,3.5628525600204273,0.148354443520173,25.33691412044025,31.09978702796002,0.9965774328819985,3.3129336853326383,0.33527913149032684,10.941006882570832,4
7.400737896291175,0.42259442958188437,0.26191010687662936,0.9831206549486029,0.0659510020205239,15.227744232241436,46.1992278322744,0.9949207740433309,2.9821084975557715,0.529084833116517,9.011445393432908,4
6.503852007307571,0.11257138255660783,0.44779578772976275,2.1835518374948206,0.026977683906534496,10.864989902201295,37.455214617070574,0.9929006381116409,3.279312454394028,0.3,11.347581159555983,6
10.379241214062054,0.2449945634992935,0.3160914050967421,2.802115475646929,0.0849678854797295,19.855655050893677,38.58749180926077,0.9963409766781228,3.524384406363859,0.6919189976394815,10.76768645063431,6
7.859947519371287,0.3553251726847859,0.06292538347830404,0.5,0.0758330493415714,13.994602412106065,19.579447403285304,0.9924768354190395,3.2588823600725148,0.34174794066819875,11.480838308013078,6
8.899258446206696,0.1,0.07386897282618715,3.2115817235321336,0.01771386694338238,21.154661288885556,10.843961483779287,0.9957117427921646,3.1615396394995225,0.6010112380317849,10.958131406984885,7
7.330402677096743,0.45451860200351507,1.0,2.599083215606469,0.02846722589444739,7.132687703179364,26.521274404065437,0.9940744115188962,3.2107562328928427,0.5958249320309387,8.735644757472134,6
5.204974389067521,0.5911091730969316,0.3871400718193418,4.569167756555005,0.032804160616058224,9.840389772276051,6.0,0.9954855623654594,3.4788367065949717,0.3,10.668561449190085,5
8.759097509265418,0.4910939238053249,0.8645871228211602,5.126840798760841,0.06365652236018281,28.39304644743016,48.96153600819421,0.999071873509127,2.9215245963868495,0.6498213567665533,11.619485869277545,7
5.049166541786381,0.6900036457605484,0.14251247092096195,8.766057897002701,0.04930579285253021,2.8424602816847075,36.820452090726405,0.9970964966099455,3.395674915503635,0.4921995701739283,11.79665909173674,5
8.183322121654705,0.5700858815998875,0.5707720907797375,2.7378024335755695,0.028915016388508984,18.999511078907716,35.36819949571637,0.9949490434891998,3.3563569284935437,0.3,9.07058846142979,6
5.9738644339842235,0.763108170457677,0.2692241272603503,1.8282035615681596,0.018736480404061832,12.59071175907919,35.12825769049766,0.9935789965635659,3.179299339988615,0.45824209472839883,9.802679589203729,3
11.678369198692375,0.1,0.22964056060149793,0.843755398717758,0.03140161851482371,8.976915842733275,6.0,0.9925868796376481,3.7527565052181626,0.3,11.605027835859643,5
9.849316627697029,0.3037885041821741,0.18226037253880797,0.7039169443224822,0.01,52.42583583276145,28.116667111547166,0.9935463477422144,3.4424003575859254,0.5310092416312536,10.49871018711404,6
8.479781445161517,0.1706567061797544,0.34740107802220616,2.3236896976041863,0.013594124330401951,3.912640149185602,31.095811635896826,0.9943385880640981,3.3277728120471983,0.7401030510597517,11.213256783839784,8
10.448301352012937,0.1,0.2794194149693565,0.6391983179118864,0.0261367887327796,1.6313334266057886,45.929966921849186,0.9937813338242415,3.4758555698817517,0.9197734147800746,10.563767641442638,8
6.8612628383082495,0.3723701584217299,0.1503444400867506,0.7624967012918147,0.029873640260479024,17.841364169055495,6.0,0.9967245154361358,3.3909016658089794,0.632729494282409,9.198842045390391,5
9.223914943739159,0.7915824631123796,0.10008305280553854,2.3885497027324165,0.11860780903443495,3.522532258170522,9.740607816721461,0.9958082691231076,3.357789504312091,0.964592068757428,10.873297356565942,4
8.639677737321813,0.2538946077795736,0.15474210541814393,1.713905299438688,0.014103245324043752,15.06359817374839,137.07087134857824,0.9988206679888699,3.3299507636650247,0.3,11.851282841064226,5
8.74883413826724,0.5310478054104727,0.17767727294500626,1.0645848292726048,0.01,12.471306588502667,55.85251208823952,0.9940539665815923,3.2211902193364024,1.293074171197053,9.999008258056712,7
10.463000950181506,0.9600545765872182,0.12158324998390267,1.815318093405489,0.020249614622003895,1.5443467802559954,23.087460490499424,0.9953324912462135,3.457294914949435,0.3,10.471429256717647,4
9.545236574725664,0.3391884185734827,0.07096850603855263,4.244975706037195,0.01687157095636631,30.588731227776613,41.03123263429366,0.9928250039650568,3.2839959415583415,0.739633584496544,8.21891738537502,6
8.790830226802541,0.8582842032357595,0.18880143817520534,3.2563080568862293,0.025446077938747796,6.374826489160703,54.63791280630987,0.9960727545762625,3.47421263665749,0.5350540346169043,9.80507805591464,5
5.486691358411898,0.8016572124626358,0.2526869983141019,4.985256018815958,0.021708391846592647,12.502183634133448,14.917126466369169,0.9925445038891886,3.470734495431177,0.4573839960924289,10.500213547185515,4
6.667921298024913,0.519355869874442,0.2254488389014118,2.0834252741349983,0.029265340716402855,42.30848564720537,66.28039516748424,0.9939283159518453,3.4445149560621653,0.3625774165386053,10.147649873197555,4
8.09139481288727,0.1359499495130698,0.05262769429687281,1.6677062797282471,0.06380154444650843,36.530793465539055,96.23736902697783,0.9958415453898114,3.2374857139037703,0.4799518062868957,9.890005713759336,6
8.458733036270308,0.1,0.6190171850786111,2.684354985161226,0.03798102659875116,39.86657824830734,6.0,0.9905288096053431,3.1726357486974304,0.6564560441924553,9.323208906674937,7
6.37865366805433,0.2277611408628316,0.7348586720234641,0.7782965020442656,0.016512586643696158,14.435600352003917,58.165963800774406,0.9947096984059738,3.294508440251599,0.6170712145853117,8.842431744119954,6
12.399850348483316,0.2888667184176778,0.30292223713481253,1.9527144504372385,0.01,16.405457483012327,58.69093794265778,0.9950468682554997,3.3006385722426073,0.3,12.423903131236305,7
10.877869893931074,0.33899310864233895,0.35418777064938217,1.7868713858803935,0.04989489774593113,6.107563830874055,55.73619361397476,0.9974896715138398,3.2423440149084075,0.752422851250235,11.21782767745187,6
9.323601144667222,0.6364532297677258,0.2188873478224266,12.410553433947399,0.06584879528092595,7.065291038988292,80.32770602755747,0.9969433366119534,3.4534061961702234,0.3,10.878627181056391,6
8.422462664182367,0.219203128992215,0.24125997127329424,5.662345517026011,0.02151763946765579,24.258306619823085,22.914680971429796,0.9958787409056493,3.437952180757263,0.3,9.868641562505813,6
7.939244751168043,0.6483956368426421,0.022808686778046774,3.8696291075511655,0.10819607876370131,25.894361489202616,6.0,0.9945455675364514,3.414439484525078,0.3,9.606213840034025,3
6.6817386179622,1.2038844225063796,0.16329280898269585,3.34169195483973,0.048129996906392476,5.893687800257268,10.709359335508191,0.995461539751516,3.515549041630218,0.38043370087349926,10.396505837119737,3
8.431716881482068,0.3620063532065226,0.16551867845551613,7.1284418143445585,0.036768271027809094,7.8520167468869015,24.45358890622431,0.9971886743226634,3.3357109163316725,0.630128145799917,9.036729092430651,5
8.738179318242677,0.4822783526470993,0.7178788335191209,3.321086752857841,0.027806352169476026,19.622741582666386,16.215340295678068,0.9965004690196063,3.138945410224914,0.9825522248175728,10.573565067446737,5
6.18900702168124,1.1550667455198627,0.13521583262632572,1.237739679186791,0.06697226250757889,3.237427603504947,11.359929327207688,0.9984505783019336,3.509607381094558,0.4482042706601713,10.097325298662675,3
8.868099909316326,0.7079312036575268,0.6112143741238439,1.1527105516864513,0.10304650208436696,17.881703469646464,58.36629139185719,0.9959122536652252,3.372466764228787,0.7443717855866332,11.102533007090631,5
8.036059616997928,0.22556596044862742,0.181934857628247,4.324572933017154,0.09882115282926504,6.374041317270061,27.246878353532175,0.9963255716359808,3.468393126338381,0.8665166297321588,8.839913490239454,6
5.056727151608436,1.2676492070425456,0.11734705961308496,3.783513283131269,0.03225583465878854,19.92953132360873,77.53645922040252,0.993881117841399,3.369646083810922,0.3,10.612333910683116,3
6.837345481674848,0.47417277759735416,0.02494401349978754,3.3083781036087765,0.0982374830584114,26.352642208747007,25.938248792235225,0.9954779410708346,3.2132576346214985,0.3352913912551891,10.242682093867398,4
7.596870593183206,0.24848616583178967,0.23797852538871006,5.142215946017943,0.015953960367072077,7.849124048663164,33.97668695557903,0.9962302122611211,3.1222369015055467,0.43790298044338605,10.812454959679807,6
11.509069017478325,0.1,0.08231073788780127,4.946829861188764,0.05912134809543705,9.803326430866278,57.21481084762557,0.9957829514784905,3.4454362205729776,0.3,9.604272247754338,5
9.24614031170739,0.22155915749158633,0.02987258639668098,0.5,0.013980959908941505,28.920266361217532,66.46549071685784,0.9991131452905865,3.2416790630717776,0.3912910025869765,9.529133641117085,4
6.029681332530186,0.45902921255120727,0.3012725145742569,2.127337683087983,0.053743215712946685,33.90433734775963,37.314828124034555,0.9936042629367914,3.458299009839505,0.3391436029302119,8.951896384886174,4
9.126261692009983,0.1710472972740612,0.24606990464834802,3.5666912229667895,0.0535928212728697,9.65818678491033,24.868222096999947,0.995307121826723,3.0009791068814557,0.3,8.193275986864785,7
5.66958321880478,0.19620837074047004,0.26449488659532927,6.049682778229926,0.021541585320462,15.183902216794333,12.129308932451238,0.9988301365572515,3.4005490328289607,0.3149361070271287,11.858546999530478,5
10.140574791608024,0.99259357352827,0.18050074768273947,3.9738801886158246,0.016441559218229814,6.3654463526927945,13.796095456526938,0.9972458781839386,3.3877857978917953,0.3,12.39824026293308,6
7.4990880919096075,0.4799225814847727,0.09093042049129041,4.364274991274936,0.09085719818514905,4.150077368142897,59.66036108333653,0.9963053641186899,3.54264755338816,1.1032647387375143,10.660417183260178,5
8.14081847914341,0.1,0.06071130135503596,0.8952692003525072,0.010679828792888578,6.192931584706131,129.1585691318226,0.9936800776483797,3.2404347386864516,0.3,11.437979601466306,8
10.553854300821724,0.6688073290195844,0.5546335362356154,0.5789638182198262,0.01,12.454705312401698,15.34496561418974,0.9963091670491754,3.296311084810673,0.3972987462495408,9.514360252980754,3
6.111821933406776,0.1,0.32193888749842553,3.2005716012500214,0.04582908773516392,9.99547234017319,8.674396397131616,0.995570562905788,3.539126597560208,0.3649991494594917,10.059820832833463,6
5.924899085307915,0.4590038706610871,0.39142419683067603,1.6446387347498204,0.031358060437249834,3.8235902634847188,16.449448526902138,0.9979415106312344,3.509482925723166,0.3,10.341091308676804,5
7.307881145211793,0.41716517900857975,0.15637268249075847,3.632194468941013,0.0452118225723581,1.077075285618758,6.0,0.9961709550298142,3.220008401124312,0.3,9.924223284096211,6
10.06524404673284,1.5,0.07944413719623004,1.3913626007221538,0.01751178123123133,4.4883782008388815,25.236320791052268,0.9988126046630599,3.1479433953005156,1.159791967509308,11.155114641077565,6
5.717111671689368,0.832559547216825,0.07049151765839812,1.606813079913019,0.019105477306376045,20.019392279107343,10.487246731760681,0.9995546080564988,3.320038284195676,0.3,10.817781910391396,4
4.0,0.3998499778517652,0.19226128105648432,4.277080230402843,0.03219677037182031,20.995586156762087,69.21792160092298,0.996560434570497,3.454381014252242,0.3,11.015355397686,5
7.5330299407047026,0.7453451492611797,0.08311369161613101,2.4979403605108943,0.032678594020421885,24.506923032285446,13.041156495487481,0.9967160138371556,3.4053644727891252,0.5657565364037863,12.132134154790545,5
9.237959359848565,0.1,0.019387172709104002,1.325075846484479,0.030633637789304786,14.526665574007854,27.739641881663275,0.9957375081239542,3.284309878598167,0.5082684659344653,9.324780602503473,6
10.34044497455601,0.41353415167988017,0.28887760764518566,2.220533657495481,0.10184701703270993,40.665197091943234,50.33340469269363,0.9931148607392601,3.6302253029610285,0.3,9.240819124349441,4
7.5126256844548225,0.2395149067813998,0.3913184247372352,3.8602625546743883,0.10852359563955138,10.013042233491667,23.433541540398764,0.993181861229772,3.257437487964704,0.4297287833389984,10.236538380756734,5
7.600574767902796,0.45088389794557854,0.10531514410615725,2.3408553137067667,0.01,11.331233381571252,41.01501550981875,0.9976542328864685,3.3645648164658297,0.4135232450105816,10.551143880413274,5
10.261631248234771,0.1,0.028256511002568832,3.541598430847416,0.045800572044590246,10.766212953979652,22.502132405551087,0.9985183120281971,3.1284246644313445,0.3454469084639815,11.461438830756796,7
5.121439110517786,0.6557144188956441,0.20778361304522733,1.9925819257163129,0.011981311987469562,6.994905879023523,49.24521876391719,0.9950044248355351,3.2021408919628267,1.2750179369305603,10.612276690987214,7
7.639514682188885,0.5723979349809099,0.15460409086931584,5.709690971775071,0.12422753715241508,14.774009027984311,52.139489203069004,0.9954617706867888,3.305580301382741,0.316315715643415,9.533884090870007,5
8.6237206128726,0.8514584202456951,0.1250732606811753,2.1835412595911694,0.0195826661227947,2.128756462612444,9.177366890135907,0.9954910037229489,3.3831255879650275,0.7764817587596748,8.486996285217865,5
9.063671826184558,0.2879135412909949,0.26006036570662117,1.5553672417605782,0.025506741837304083,18.448035757120625,47.53127439717146,0.9945531936675814,2.9775226941327704,0.9896683239331615,10.081618730661559,7
7.4333286215755,0.6735369156731501,0.19849614683258957,6.716597902483306,0.06569167100435455,22.237769854263135,13.80216553558179,1.000017817556978,3.184490546963423,0.6784193721998446,11.064530862229411,5
8.358549719899932,1.3396667257681198,0.25176980113569863,2.5109128764860644,0.013473255479717677,22.963222806283223,30.108048354750334,0.9953315360680519,2.9751422066940605,0.3820833179807332,9.492788812887213,3
4.069843499197919,0.32480850667450356,0.19056692919888327,3.5013951076396226,0.01,5.1758767619263715,6.0,0.9980274729830082,3.0541779517419676,0.8502110727602474,10.831234502852404,5
7.180977699032459,0.11563135184780335,0.0828983291992344,1.5405314960843421,0.013222908884989061,6.426911956232834,31.406242953339273,0.9919395715255211,3.532872869651688,0.3,11.659149161002984,7
9.070964811342595,0.6445170187084943,0.07656955238725484,3.4230618904476935,0.07526949774300572,15.4339958213525,24.042800001097064,0.9981833449570252,3.2022037370580314,0.4090819290676464,8.600764898762987,4
6.630100141767046,0.3019689604494053,0.18076941783337336,3.845993161832408,0.023381056783633766,8.705480817454479,27.109951660011774,0.9997561408649077,3.638728061057116,0.3,11.747343043671279,5
8.400273176702317,0.16318224338124407,0.36941587824008615,1.2410256181398176,0.07085970966777559,22.20156652469657,11.23556838754899,0.9965905715628444,3.1124411036627064,0.3,11.949303618039416,6
9.059683251364588,0.19456125291058535,0.19482765909585154,4.533531181793048,0.03356546722096789,10.954843360775293,50.42651855605915,0.9973075674904479,3.4240469562215354,0.3,9.058843957583639,5
7.7176663585418,0.1,0.09375276067171252,2.2895434335379985,0.01,7.527105768461261,65.02448813408418,0.9977790342890773,3.3384784130854306,0.3,11.780066518246858,7
8.58978841069417,0.1638169239644669,0.20699005750008884,4.532491637086354,0.01716869654221627,9.193894178083571,38.33219254056694,0.9970102940985527,3.3081617872175553,0.3,10.418487169483887,5
6.66335463901616,0.5420121696522388,0.21433763919295717,1.362578518961012,0.04143288909590923,15.985726752676197,37.76717687566955,0.9957096097695689,3.092150329467145,0.3,10.753288420491234,5
7.948760824516722,0.5568146094939116,0.08379335636142247,1.6181369447248115,0.01,4.919056517826144,21.785289157259854,0.9945712122591649,3.2424179004158833,0.3,8.377618479138755,4
9.337367488301679,0.2120515394654232,0.7270671099730065,2.817315872325423,0.047926799485747754,41.52325344691421,23.50119702275724,0.9973786874220998,3.301275107078621,0.3,9.905417519902965,6
8.566854033646338,1.5,0.35463521266701364,1.1502556012020702,0.01,22.198994280163575,61.92306700754307,0.9938280946478745,3.251436091949604,1.0319679955234629,10.112582144744636,4
7.30289684174131,0.44399071198977286,0.1570488758264139,2.888059094983225,0.018311630626310284,7.83810485459571,80.71385107681206,0.9972315114705991,3.3670202410984067,0.7229140359279206,11.407297273257504,7
8.681167887294349,0.5173178317541812,0.6871448443863195,3.228215848668036,0.1028830870776556,6.948454541254053,43.823110313529234,0.9941727460058603,3.2292257056171616,0.5055689690026713,10.011280332657641,4
9.514836644082251,0.5995156207028162,0.2389662206439622,2.8135237940922613,0.10464881707994461,5.8206284253280085,19.322079275300517,0.9939984704659682,3.2297013944459083,1.2810820930569602,9.628827447531284,5
4.8150998264182885,0.2234154416329345,0.22250067194409723,2.674211512800322,0.052051120910950835,11.20345132827771,21.481105815957477,0.9922971776350238,3.299838042597903,0.4463530720873915,9.26540282035219,3
10.270425910425027,0.7739522503439444,0.5134826833469173,0.9490787192041537,0.03767300976493322,4.32892308125516,6.206773527863078,0.9950825767342294,3.4425460881792582,0.3,10.354416270943469,5
7.728366944242178,0.1,0.3566811768934006,0.6683152344751149,0.019458677045308844,10.958613850187644,34.84205888404177,0.997921534749377,3.6081265486898833,0.3,10.446408547574373,7
9.023332886508392,0.14668940936183916,0.2684407739851708,2.401113516869559,0.01,9.426156297737773,28.42195233157407,0.997178524217358,3.1938127479338503,0.5311526491955819,11.185297459404783,6
10.335319770196888,0.2251961701350896,0.12154302873078349,0.5,0.033555972128416156,3.557614024629689,19.824021406378566,0.995181037441798,2.9647252940651874,0.3869379342604166,9.424752677454915,6
5.968154714708209,0.482515631023018,0.17837403631774107,0.5,0.025005660923781314,8.452123609296727,7.003920096261761,0.9944519307109291,3.4242707801638614,0.5743237424162969,9.628383849557505,3
7.093950295873172,0.12380176922792528,0.15451761861124827,1.5999154637614228,0.020970029148295325,6.621990354951511,59.76215318704851,0.9989864457092461,3.4975867278683346,0.3,11.71619099686396,7
7.809467217011303,0.13540326345826148,0.09559649776061024,1.1296548898287755,0.08535779874201732,12.460083489337404,39.882982115629645,0.9920734526090873,3.116105350374111,0.6699793541846646,11.395186604361204,7
6.967619014088473,1.0685103997943428,0.903877461508873,3.312550852237983,0.012964336011319452,3.377781547835494,11.128645717813608,0.9959628595957822,3.4951140218960433,0.9241723151227373,11.398319771884735,6
11.249392178922575,0.9771037699706546,0.35911083522855686,2.3967340965021084,0.17865161331370186,3.0488330636815903,63.26744170963238,0.9939996789206293,3.393742955748375,0.5207276727290147,8.570648799428039,3
6.843487440494453,0.11871739630991407,0.14908820002339443,3.214434713510396,0.0644762142109149,8.465345303008704,41.047323488727585,0.9962835129622748,3.1237741707238795,0.4912822073765377,9.429865054779164,4
7.355570474872327,0.20675631662803493,0.24648120043020696,4.489956449480969,0.024825311041426063,11.918199613933446,22.827171754089495,0.9962445034298206,2.9022688269099928,0.3,10.62676076298988,6
8.647461353725062,0.39215617082535853,0.15610077118349538,5.763090492669118,0.01,9.925818660033892,12.56819389696788,0.9977572412556557,3.197932858766367,0.494343474275461,10.502061810268163,7
6.25634580567065,0.6254097341445807,0.08063202083646151,4.130592409222185,0.062121697049494884,7.714125878144355,24.009109888556882,0.9981793078082126,3.4643900369642453,0.35761398288723156,9.754208422476397,5
7.627342790014352,0.2833515599486393,0.01892417351467476,2.7628298265826294,0.15605076712697663,13.140007466714342,25.8543412158564,0.9925075929731817,3.2198891993898653,0.6058744624283597,11.098419721222584,5
8.839670544125298,0.2554303448316888,0.2644049670730324,1.0483305327114971,0.01390599032893669,4.5252314783218885,47.628540092946096,0.9946342140079534,3.313477914689466,0.3,10.503495225764762,8
7.7341373125497315,0.8967593956288887,0.1836232544420116,5.426439958882402,0.06655166680726621,3.466038754273329,74.07864750205876,0.9961530372526185,3.0469402852788545,0.5041797858489255,10.836438202777058,4
8.14124233987009,0.224166210267824,0.43929493410681036,0.8646086940031718,0.01,2.875671120757031,13.50503129878999,0.9979659399964448,3.426265816481717,0.3,10.077099704407821,6
7.40013540883777,0.3227531535629693,0.10637200703440025,4.569980610457327,0.01,14.47329587834924,49.855967899306,0.9970533500610484,3.247925762000197,0.3,9.632989456869122,5
5.725400474392696,0.5826611870510361,0.43984298044304093,6.180243956431817,0.08356060423886691,39.46305357834981,34.418715557360876,0.9938012665178259,3.445846355978129,0.5629554849602612,11.05193444036087,7
8.846708459276707,0.6007952610648889,0.4789770529564952,3.3628816860958013,0.01952851757765215,5.524106305404834,94.87413426755998,0.9963859362063489,3.1300361696599133,0.3,10.795037108608975,4
11.283386221800312,0.5571297404280768,0.3938960001996533,1.0759465967785267,0.02527658480424613,3.766316287688725,81.90329790711799,0.997477076384104,3.0401576751970163,0.5682561699214441,9.274254959538274,5
8.331282772331846,0.5335774864368477,0.3440334697838047,1.6980510710566712,0.0247090360640301,19.42067574725909,16.718894567748134,0.9943948923171391,3.4343632369927817,0.44446330726182726,10.491647420176145,7
8.682948999320836,0.48449866768720284,0.16792654288635447,2.9533091246270153,0.01,22.150398071688386,42.50381688555888,0.9946880008076192,3.4161136150019558,0.3,10.037082121054079,5
9.477628683698661,0.3392643582126647,0.43384770379313103,1.3106323601263126,0.02506850430010828,6.841922975735512,22.536934452465623,0.9949871837342283,3.2062729297288906,0.535882125971006,9.615043435678519,6
6.142138155870612,0.772893234158193,0.38081670077827984,2.7324118358734277,0.09756509043135521,9.576018655715036,14.301733025267582,0.9947265839700152,3.665376165113539,0.3,10.313146147150487,3
11.19427491882033,0.6229201183867659,0.20107508484033185,3.3237308899600575,0.021963558331865023,12.096174822637401,13.158512680517681,0.9956084073376587,3.3344218738276448,0.3,9.90677902228286,6
8.643958953918764,0.24952333917961683,0.030217856481884596,3.560131060336635,0.04020339896665153,36.91403063096308,27.28403279172655,0.9959783277722154,3.2848270616451614,0.756845231015502,10.187790952323768,7
11.074156728451486,0.32860338427652896,0.14241738997693226,1.6780863268929538,0.01,4.02497129881341,20.17654192951643,0.995978330436327,3.368748602976785,0.74267543119528,11.908728122223769,8
7.0538439076092185,0.13410211574310882,0.39822054837419896,2.503199900751942,0.061559146527768324,5.217459464993418,113.26896989147829,0.9968257387527653,3.37423017942354,0.542851929209664,10.88050701966819,8
11.390705268348302,0.27880844630985113,0.23558885802826415,2.8537301938454074,0.020201529190002374,8.814692394750605,46.43103505716123,0.9953897901388175,3.4681212187904205,0.7922949615302601,11.40913413877243,8
9.617764339859132,0.1513679587998819,0.11747888045515445,0.5492799908912298,0.012651333321681885,1.0,52.41250210195524,0.9941242424670336,3.209997097570515,0.3,9.827272316302878,6
9.24016814594901,0.7878709466391913,0.18958426663690567,1.627775298081007,0.012320224503383341,15.147347630256073,39.778201700412936,0.9943014945613765,3.3188991192753727,0.6162405004453381,9.784968619583312,5
8.697841572400351,1.5,0.20056651996888314,2.6250254883342663,0.14720496270506267,15.053879064802064,86.82544626864468,0.9969001704322168,3.2813637324752807,0.9547444107149163,10.93092818388691,4
7.8775013492734365,0.13986117316212668,0.07763207225252237,3.2957016727860733,0.01,4.883016040073135,20.95456003405195,0.9946288953712473,3.3283154271511095,0.7804379413109193,8.302153652735141,5
10.340903819405584,0.3561915705285466,0.11380575944187143,6.558237608327224,0.05379092119570412,11.683764154043907,41.517417446146865,0.996697076976679,3.5459073059674413,0.35737895046692164,9.446745898232322,5
8.53861177874168,0.31214120852452754,0.8551951940883896,3.1043240625112887,0.01,14.989576100969511,37.92283836887581,0.9968586943586377,3.2738377795998175,0.3,10.919822770584032,7
4.9559815039018424,0.1,0.003426855081284852,0.8292527559249427,0.05431413257600014,10.419558091027211,65.04404846794243,0.9978772670774294,3.2737064378298486,0.3,10.70724299080244,3
6.400783015098097,0.23237663813377243,0.18763712246118444,1.2257551371314102,0.01471431700028973,2.982002579360101,55.1271479392847,0.9943442283174863,3.3011841929327255,0.3,9.927672964756638,6
7.98406222127233,1.3046801050858656,0.39820189740446627,4.74818520020244,0.05354013688768575,24.04631458798739,68.75896539143162,0.9944961557405648,3.281977705054959,0.3,10.5387545897478,3
8.826998271381445,0.4585138917312374,0.1848441694442318,8.180503923940515,0.028444893106775296,6.762543777734805,30.408724266007088,0.9975608425712493,3.273209161494946,0.34036599623275854,9.8167595695931,5
8.203799568870178,0.3607728224182546,0.10219696564307477,1.0197399733924044,0.04213685414033586,16.918126087862916,19.758767408716615,0.9926721604596495,3.357135212613918,0.46226666608568917,11.582641153075507,5
10.372250342649227,0.1534848627437037,0.13253707487982958,1.5821467180671358,0.0368297814738625,17.557665761002035,51.04392376602566,0.9971122248083304,3.3120009775628034,0.8688204401813475,11.454331118278551,8
4.983126831134339,0.7146524713056963,0.7021984651471207,8.4235685975653,0.03617594344089012,14.08108628443441,23.599527658346204,0.9979017527407431,3.333193062456927,0.3407484206016539,9.232929682207892,5
8.544099492058773,0.26962744089114676,0.313200176955318,7.117393614956118,0.01,5.661834556034542,8.194953787488423,0.9927154607246224,3.3927029978162184,1.5,9.27944736010723,7
5.209435316841837,0.22015675207924182,0.2979286779496251,3.791259424090099,0.011892266582248477,11.701569897923626,42.384124721341664,0.9962466512664958,3.4314622382768336,0.44532183552620064,12.235561989288191,6
9.591510902323087,0.665091200888192,0.16710124212562918,1.6074435422432853,0.06687815662369215,6.730102858835222,22.7733377614097,0.9951042126626176,3.449955147543232,0.4373905130801789,10.096518906124016,5
8.139420185448596,0.35842800470619496,0.22485309418885732,0.9787340664928581,0.018628069436116716,31.304473048109458,40.27290000933854,0.9986877626181876,3.4450038228510054,0.5683552368645898,11.377668318368029,5
9.013336952441001,0.17540867966371274,0.06456628633368583,1.509121897701522,0.027837094620968388,1.0,13.984802881031042,0.9990716909159202,3.3867751048793844,0.9285654847366225,9.67585035314205,6
6.831398966997399,0.7040040366559907,0.7327993821326156,1.85890602516112,0.0104495587424412,9.881208497786435,15.863851615729061,1.0003760054115556,3.127150729948532,1.1178594328457283,9.890940102317268,5
10.475090383818177,0.4465916204804962,0.3300922782490305,1.9293139999509992,0.013606894597601444,13.235095412495985,58.42818392257236,0.9986813472073668,3.2007634240172327,1.4670428327145153,10.056755899858192,8
10.070931928900048,0.7098429212041313,0.18632191643914522,0.5413740672374332,0.12941962818189762,6.193022470776646,39.41437282931391,0.9986322160822272,3.237516723351069,0.3,10.886761000235177,4
9.29202531512021,0.37273864707624926,0.21132880052375097,1.1590679017282715,0.10255266293035678,24.509308607709453,117.40440941038109,1.000772025963096,3.278910883942562,0.32495167349599435,10.627104668992143,5
8.079820680332151,1.5,0.27744677873855794,2.68441600902488,0.054148688396725014,17.60351012352165,58.2933742340792,0.9962644495558082,3.196363219555563,0.6355330178397349,8.86756055276382,3
9.285757385001725,0.1,0.06390090297899556,1.5601060692006934,0.058685116943487034,22.78700521005377,32.41071358872298,0.997136417304038,3.178387826414328,0.3710128789924601,9.61911134179462,6
7.0982826344215075,1.5,0.13942150771910547,0.8020206767277269,0.0439553245657019,18.50382547121555,43.322617356013275,0.9988481731532538,3.0939323674078167,0.6708477634215547,9.7666586454844,4
9.75444462033521,0.25048091045507104,0.06629882903034497,1.0532798275442072,0.032751204681800226,5.316731544119195,34.92021195522573,0.9958409955700728,3.247778317627843,0.3,10.33617356791487,6
11.104117520350666,0.1,0.32842145949337004,2.1042953858430478,0.1356322994372864,4.259792423947663,68.0576735658855,0.9946453794628962,3.3149124404152936,1.1407851091292083,10.892488478340267,6
10.120037951964617,0.47849418322697146,0.04361204308847728,0.6531267680718227,0.019529008366347456,2.866310799644967,33.28271741364193,0.9949068669965428,3.259522581893781,1.150697884509337,10.304589455255158,6
7.059675801327405,0.8933656120811053,0.07133687293168882,5.909725778048789,0.014600741513000105,5.0473633204873956,48.56599423851155,0.9954459562837186,3.253145686944556,0.8676445708384806,8.965995185939025,5
8.914409439364276,0.5534396383937156,0.36239046274318903,0.6948843440845789,0.02189780102235615,7.801613274098013,13.199372857491785,0.9959304607587076,3.3334430089636546,0.3,10.739596341299306,5
6.1016593756103,0.1,0.22562005133845692,4.005147578626731,0.021542706733052842,18.44450631356806,6.0,0.9948271176537596,3.385005633986742,0.35267885006609717,9.98764419681598,6
9.27306352899865,0.1,0.6452214764947315,8.091354422780238,0.06864713832536476,5.792558154747187,7.80041301973255,0.9929699283569705,3.3335870262879603,0.3,11.642162813416212,7
9.066025801866317,0.1,0.13792874145806366,0.7728736144977187,0.015514233643078558,14.297760291893658,56.37419704914515,0.9982702417451931,3.3542761498533427,1.1453119115760515,10.216144174812976,8
5.121312222795321,0.23133531162062812,0.16067861005349665,0.9404720633059718,0.03188934405081755,9.132627922385385,46.25444198733665,1.0001354380103822,3.409267234454171,0.6104791182111403,9.856644857137344,6
6.3249674653489825,0.11270333191121858,0.5458109295328686,2.1318978813353873,0.04671430733749364,16.407143999703944,14.583529182883957,0.9934069679624087,3.2239363652995063,0.40075879113982443,9.84575921084765,5
7.818663875535597,0.32697155760865193,0.4435205687133102,1.7062411994694513,0.03726792383324544,21.11560937002655,21.02032674848155,0.993806316588127,3.4657316821492583,0.3,11.023814269003028,6
7.788538429860596,0.1,0.3684430552165611,4.850404813229015,0.01,12.782407929981993,14.308386295121778,0.9948133481683125,3.2229402993811878,0.4816540437260501,9.212591415209623,5
6.243889209788032,0.34471958453555973,0.08806222588961339,2.018506673867413,0.046362131247683715,3.5652631537798953,33.490596741320076,0.993754284158008,3.24773070680676,0.3,9.498429534180783,4
8.961263839898713,0.5319844241750958,0.09589817057454016,1.1401010965111125,0.03983599894450368,13.598187928703354,71.487936235631,0.9952146384457472,2.9613972232436057,0.8693341965806849,10.096011704606545,6
8.727505135198871,0.8919495158877239,0.1731003080805232,4.186471759225762,0.05359369154125942,27.933450561348607,51.38434536345326,0.9959910588011999,3.219646587312151,0.4596004743218827,10.988015422210449,5
7.969742475636518,0.47214275910547576,0.16914303403873385,1.8651748977346259,0.05036036230534312,4.8758905922023255,134.3659801767712,0.9969394779541124,3.1014808556776923,0.5687060137389786,10.423196988194766,6
7.015154449730784,1.0252254983381168,0.08977810833776861,1.1138621081140632,0.05259059038605431,26.498052938784195,26.578451068339504,0.9953836783719191,3.475590903155385,1.3902964404995957,10.385899083710056,6
10.082802114908159,0.472779405972478,0.19866922832764705,1.2858969161441622,0.01,6.359769368731874,58.31370754641395,0.9986779238931881,3.4287203438232727,1.2181918211279443,10.975416835612647,7
11.114192092250104,0.130781493971893,0.026743099332711587,0.7454319977793405,0.01257063436322445,10.734887200018445,59.79773035637918,0.9942425944352452,3.208658847684393,0.3,9.42268872300539,5
7.477945477460888,0.3003538972017982,0.4660153976152375,0.5,0.07465536503471638,5.359909852869071,44.699026407643,0.9949624915124404,3.2325841150303463,0.7540360485474961,11.07782675819327,6
7.259316240836806,0.22110208380671173,0.045453613833045296,0.8188372828964032,0.015098999368658566,9.490837302880859,7.229036581080697,1.0002093438875903,3.0793699304430637,0.3,11.209229746276323,6
9.135053031200394,0.4247777249201005,0.0911582966602358,2.0574172524129577,0.07851537428114862,29.88334386708205,33.59568660527488,0.9964429801749582,3.1739875677250398,0.3606854793072635,11.88759638270535,5
7.691350054430124,0.1,0.20897603594441855,1.8296340298055256,0.021403907322628077,2.8909484135879713,82.94099911958524,0.9968378397350396,3.378083035366333,0.3,13.330606052702548,8
8.063024758872503,0.9620133352945036,0.07602232801742569,0.5927583450046973,0.017466903540127133,25.530758272947775,33.271268467694824,0.9945167665751251,3.4838194885099694,0.31739207602283787,10.94766059454173,5
9.557410357931943,0.6455224088940895,0.4284372475588126,1.1600773800631656,0.02214735117682885,7.980608458756993,8.028723196076609,0.9963404799242443,3.2827064964805475,0.3519433270254612,11.332565925893316,6
5.0540946512376035,0.3978423244887889,0.15375962609396487,3.794520590554499,0.2,8.86822835848519,37.828056250824055,0.9961129645321546,3.3104567632688284,0.5920917868422875,9.785944686069062,4
10.541113952249539,1.5,0.23147219068973526,3.572771521205541,0.029487254870426076,2.798345214469539,46.416765967892076,0.9961961008123507,3.314795239186051,0.6316098799125464,11.01481111658327,4
8.423556891359882,1.2960716703199895,0.17164262593334284,2.5643091831356046,0.06349969893769797,5.006039620750901,29.080481092871374,0.9966351217269955,3.2200053690673256,0.3,12.249333497524276,5
7.600461654244294,0.6020399134563503,0.2570297853554036,0.8976094872453169,0.1958642136123812,17.27398377869426,17.213127159132203,0.9983298871808287,3.3385381526005755,0.3,8.953222117928966,3
8.148301937823538,0.41039997348660867,0.5306371012406734,4.818060764373055,0.048489520739144545,15.050016676251326,67.51054763380088,0.9937328087282686,3.2548032226225336,0.3,11.560490263359489,8
8.236129903534883,0.32549064278367723,0.1729682983528646,2.1430880397239433,0.12965123697343078,25.661695506549936,22.6136316172672,0.9970643221551961,3.3926830024779164,0.4201110849876047,10.93852281044846,5
5.356957784143628,0.3057774795598263,0.3007122861187153,1.277289138197823,0.07340694769536539,4.420069700842063,34.60775858470595,0.9964538671414328,3.290377876346859,0.3,11.222215402281343,5
10.841394986670501,0.21475318849847214,0.15806337831521194,0.9308197862818897,0.05431435619368531,14.866566208995,29.722643181483402,0.9972497112660597,3.0779359650401394,0.3,10.8793236945504,6
8.370253574860053,0.21601976749160678,0.061397470991857876,4.050976560899302,0.01,9.48704550911754,133.2662866147573,0.9977502256721567,3.372904376403877,0.3,9.015301905608714,4
9.053103621760538,0.3799073160921349,0.2326633093852965,0.5,0.024909731433256796,19.015243273729343,17.42609052587245,0.995622782771201,3.318263185087403,0.542371589147621,8.54869521320803,6
9.917634609975874,0.8468408332422794,0.07072581874348544,3.004367872138892,0.048512740942404,1.0169254268181482,79.60321937073442,0.9956284445247959,3.229187026714207,0.3,10.469235543104542,5
6.56402382214749,0.37647153959864516,0.1464439152643081,1.6341417827693765,0.017771577257812258,10.330883495290264,83.07160574840779,0.9971557989983988,3.2929740822362397,0.6476792843489637,9.02739574276546,6
9.104902228359888,0.10712636196924491,0.025249661643207286,5.266324016027731,0.051711417346715874,12.362994836159196,42.542817149797145,0.9945421747063722,3.15774420269499,0.6136845261364047,12.079878640922422,8
7.8450101454720516,0.31231084475738097,0.21542347428114825,9.957284921399529,0.028485067486796103,11.029428805303745,54.943496826617576,0.9957263083644985,3.1389541991763177,0.6113885120524372,9.396809783051083,6
9.73951031786804,0.16562969302860983,0.16382150649966715,1.2863237980792013,0.013155993432703867,5.548593751159155,108.81587300828748,0.9961951390782207,3.240604334269003,0.6430352320011322,11.445193692752877,8
4.683713385402459,1.1342586090683313,0.20671034919918105,4.867356647815767,0.06331199644425832,16.385638798638407,87.88390817683556,0.9978793699229481,3.34468755907959,0.4312253667295978,10.700934387783077,3
8.131539689589843,0.1,0.21162580411848866,3.112925512160773,0.04376895239596787,11.728856465059115,143.8805408717798,0.9962360016394702,3.360695678938735,0.3,11.122075240241665,6
7.275204885167266,0.4062321834377684,0.27447073538175115,2.871601547261223,0.054122826154638225,3.1593103685521307,58.01629099922395,0.9963409598050368,3.1273215302363773,0.42426192605546725,9.485634912842391,5
9.034847016078064,0.1506770420032577,0.3099024243771695,0.6059829562293036,0.03785468106134309,2.0240265021951385,31.451313319243226,0.9955954831204915,3.2979968663879355,0.3075682658144504,12.300471907673899,7
9.099075118525944,0.3251768425075898,0.9356522648021725,1.5251217304499565,0.020492137538886752,12.336879483357883,47.613146829668054,0.9965379869354667,3.1349593976281045,0.6340320785551334,10.383516859235302,7
7.097035978802556,0.4013722568940308,0.6137927213728134,4.729800753127092,0.03120507861336591,3.916261058293498,36.48739328217057,0.9963266027537601,3.310618117433329,0.3,12.495973731857818,6
7.089304430900727,0.7396836858851166,0.30337019435027457,5.7219709269077255,0.01834384594046208,11.472122563623314,18.17743278874644,0.9948324430187586,3.2707679835171426,0.40276466006581735,10.898707577484208,4
8.11186887345254,0.28077595188871657,0.1400545408608792,7.008730728748347,0.11328400355784357,14.761790597201449,56.27765768152449,0.9971297180240384,3.3231775817657967,0.3,9.658092049772742,5
6.775708213564147,0.39205968226681603,0.14278226203493752,1.5316174223159242,0.04474193003107265,1.0908113885176407,47.3240665890598,0.9936168751177128,3.191405797618816,1.234963385612082,11.009294262000147,7
9.731372282268616,0.9670008511297792,0.009564569298916263,3.4952854675752945,0.032117373755349315,8.161367085637444,32.12451716750288,0.9961752787663779,3.489962349512533,0.3,11.269893778495199,4
7.672347759239342,0.965182564082184,0.07033333714726439,1.5896269698610612,0.02664663499889809,6.676492477902032,49.790960430011076,0.9992068301413499,3.5893928052643655,0.3,10.026563371243213,4
4.0,1.5,0.15917172819732459,2.6991511953913183,0.01213037255707312,7.317553742689275,6.0,0.9934005260763671,3.2618999628697147,0.3,10.8926936528896,3
7.66280250374293,0.176771453642519,0.23144322302810538,3.457711851631183,0.04649915527375368,4.557938368384703,31.633049017643184,0.994244894677938,3.189577162705331,0.5708949834188034,11.314406420649938,7
6.534475504565248,1.5,1.0,1.6429954361226928,0.01,20.339287409390746,57.07438732962564,0.9981598756896882,3.13332497722981,0.6350910631169872,9.413931315886337,3
5.526831113716394,0.30932760895060357,0.2673216412598393,3.6638075081107804,0.0960183908057643,22.907265919935444,64.13855560875083,0.9974657683746402,3.1060160377765067,0.8520800764066324,9.746462694342132,6
6.196374715021628,1.1095258107870671,0.3131683713427225,2.0534361316997707,0.060581205351000984,5.679378098190127,79.03609754413799,0.9942224296703861,3.4496922452111254,0.533981075356502,9.253614158293201,3
8.48599440211605,0.7177827045120301,0.05893330892400985,2.3151659138235017,0.014791980405166959,5.297471489885844,16.33929613686567,0.9938428183431488,3.223087661174117,0.5344609756587358,12.192326288948337,5
10.558689408021994,0.26828484721250495,0.10893300009026666,0.6156546938204573,0.09775714378882691,1.2588091096514462,24.638442843727645,0.991970895264477,3.0965257095550283,0.9851318428096247,9.98085016832076,8
8.832413605570467,1.3815542887924444,0.16018601701646434,1.458677022524653,0.029198976669253446,4.999423417124789,54.13542608342933,0.992768118727006,3.1243339467367837,0.3,12.296492261448932,5
7.268944240033243,1.0295765993838715,0.03822095708541896,1.4814234478880897,0.057225564857561986,7.9481191009404935,19.10179984419426,0.9956082101323017,3.1113158547890243,1.1288383259267352,10.416952264033313,4
9.075037131790195,0.12579356869728353,0.2615194952384574,10.544655928615281,0.02869758601905508,4.525076217393689,29.318853974153456,0.998127875158962,3.4902457315318944,0.3,8.201459828545678,5
7.519546472627715,0.28700129018320675,0.09178921799172812,1.2081178029000426,0.029543593605242356,2.7411120344389603,14.780342866066006,0.9979096910601147,3.512984770475074,1.347421724770562,11.119133361138953,7
7.119179372422655,0.6508226745955636,0.05042696622173609,2.280442816450413,0.07828906803837501,24.94432546171369,20.310731609138447,0.9974220803886215,3.2651197339534614,0.3,10.903835250780563,5
6.337583464003927,0.10499426843646893,0.37347418661931586,1.2306746589784647,0.03282394579810752,12.275778702692522,26.76084064668217,0.993445853383735,3.2457490760652785,0.486095020894195,10.102679901756243,6
5.321891028522078,0.368805184363876,0.16063787974498941,2.0579259918455013,0.021413412213551565,19.37525018191088,50.92157113768205,0.9985051917446472,2.9826447948190427,0.4112814681427899,10.296970734113827,5
7.637129698848944,0.8472214351667905,0.24173144394619056,2.6614451601433227,0.01745838441896874,8.240481474026753,58.03527132278872,0.9971360514412396,3.0833234241665934,0.5326286122143883,11.717257178833615,5
8.568690932864225,0.3686015342467172,0.0514823508867524,1.0173108181508956,0.02682636549461199,5.885328314079947,52.93022919728213,0.9933572781375319,3.162948981342976,0.3,10.37894356041375,6
8.135739760974689,0.4728758513533188,0.342289618709538,4.507243409771312,0.14336997250760125,16.543048031808382,12.696204780662388,0.9937745178557481,3.3871202530071347,0.45791823039615875,10.059967247348307,4
7.592856222489491,0.8031222745455788,0.2842066205343717,1.0655950181437612,0.04363601799884414,15.263784279291203,11.798889116091473,0.9974565313055125,3.656075205375749,0.4909366574330506,8.257713217154313,3
6.6922316968154725,0.5549357711852526,0.199114421752178,0.5296881692379987,0.013666100920868176,4.066284366895891,56.82195716154852,0.9975734342125839,3.410054943253303,0.5762414711406252,11.220276082571393,6
9.334018525864447,0.36637210162820805,0.33505288519799836,2.494112875573772,0.042650359037842756,15.454710844772343,18.433950030486393,0.9952894229838597,3.274183372956718,0.3,10.547413041976538,5
6.060875736090806,1.0977713944669003,0.10933560553507611,8.310793370968364,0.0988378211837435,12.189972501155404,45.46872441394525,0.9951078895026235,3.321142389786544,0.3413000613171428,10.598587676081221,3
9.619247453533909,0.43721721342057246,0.13277376726209755,0.5,0.04852289891333718,10.394860343639017,43.42357784488254,0.9968760109861228,3.315156014557851,1.1715664472200136,11.042541028967753,7
6.596231067824569,0.40166713614619753,0.1280692607245763,0.7068502463147346,0.07151166249622108,7.268398627655847,18.0085731679229,0.9963244961889185,3.2480841209022655,0.48750584644330824,10.829029935143819,5
7.020860096499842,1.0843556081238694,0.028334672006949436,4.258745754848858,0.03264833351044572,10.82997408087126,70.2682274088688,0.9970983300029436,3.273756688945356,0.7765064846055072,9.106573949114093,4
5.80646517595335,0.5709575675744876,0.15407165231713002,1.2036256796878249,0.026161556233359046,11.970864954818886,89.93983162892475,0.9934200472015169,3.0388785613456157,0.8437126210974065,9.887718743131495,5
7.447616350294418,0.15609346010526115,0.18509858564495918,2.785108322220945,0.015128163312916368,15.312096753602434,6.0,0.9959720109740269,3.1869363079915254,0.6769688855030275,10.658732943287673,7
9.958031179412565,0.17476971556603546,0.10185867690089966,5.052721501698297,0.017614617479899574,14.558762459672955,111.96641648658118,0.9966438915497039,3.236536758753545,0.8688636330956128,10.463179552322902,8
9.176567750354726,0.22024400271927133,0.16086280041500065,4.06076072000724,0.03250659900359154,10.83221212332876,108.99096421231498,0.9963522396534222,3.130841350434894,1.3653062993296932,8.540607275738274,8
9.96331759044766,0.8297323062580957,0.17142161357263525,2.643655436095779,0.06714655658809077,6.192540669395814,47.50151777841258,0.9960636981685542,3.3283658736445285,0.3,9.718784466572494,3
9.18764232808769,0.7684260701022868,0.31910441110759385,2.680584380128513,0.03478705810599215,1.3221760322363498,6.0,0.9946641389613479,3.378253077990051,0.5259457113220956,11.588372558871235,6
6.423761291498373,0.466156156668943,0.33260406242657453,2.638217805366167,0.017964257503245238,15.371837361351346,9.146737467070201,0.9966042629936226,3.4923338776053456,0.3862882873253778,8.0,4
7.737658318643153,0.1768914291428717,0.5605859719922511,2.9973260034741687,0.08141056125629363,10.278101101969265,26.470314720904927,0.9928174876001623,3.2347404326413733,0.7230741687805227,8.0,6
6.973661480500314,0.30292029329034964,0.10992200564141288,5.925552226194111,0.09155062566371015,10.047705308466576,17.43451445258502,0.9964209811219811,3.013553498239904,0.3921119773780578,10.197735985563188,4
10.56197733686637,1.0107859595034197,0.44946242093808303,0.8637823165564664,0.019531913957528,2.2180960347433194,24.143106495525043,0.9986464447266626,3.53766631687273,0.3,10.617122751220254,3
6.265459301075271,0.35908972195440225,0.3908089876753161,0.7492403379275638,0.030063320415591066,21.934601592719417,82.56855646737958,0.9963839292790253,3.1501429160034555,0.3838430789180531,10.178299678712499,6
9.81928607196149,0.34736324526415086,0.04505434168147218,3.668557751172549,0.01,6.788608233296127,28.811593321768765,0.994346389288398,3.605646002830227,0.3,11.236253010772778,8
9.818021579184908,0.2357303194712939,0.41475992774305226,1.3606609065774296,0.06896616065580087,15.072397034866846,48.99706332123989,0.9954110046085847,3.527892727881219,0.4153599827642859,12.607058918670003,8
11.41035434291735,0.8481376626870565,0.045292740437617114,6.801910158718153,0.01,5.17954934472247,35.98063470403645,0.994524428557208,3.24693526101871,0.3,11.26389389928872,6
7.6035327925298555,0.20637430412987062,0.20390378155606104,2.867827463179364,0.03407653564661855,2.8314771872209588,20.453378769657068,0.9963636534265903,3.2519953835177877,0.3,8.510702309562058,4
9.510947671286276,0.6953056572355206,0.47343154207137733,7.349471372076451,0.04146011793236001,13.319472609962432,116.1312717605769,0.9960430916813855,3.1133872639583333,0.32780111605961,9.558470859279065,5
12.178808122116033,0.27089350814162444,0.011716568814778163,3.9992326762771806,0.01942671091181888,10.881096554911096,11.16295033584411,0.9943164627856241,2.952124444857811,0.3,10.488821952521105,7
7.250009149212716,0.6042683415025445,0.2931271786260771,1.905138078210955,0.018064160500057585,7.758291539169054,35.2008478489616,0.9979423023053828,3.376747026893113,0.3,8.748540488596676,5
5.690431579194989,0.500646236826204,0.05178171880562537,2.4377025778278547,0.056465203491722626,3.032946691708437,23.820376879291562,0.995434719046658,3.273036990779578,0.3,10.882217170458532,4
5.103982942356803,0.3860207138778438,0.5707713906112516,4.804131682278777,0.04571475126989359,32.22482264722865,14.73312910253009,0.9967772707428587,3.4667973886272114,0.7693582782706048,11.0138672110639,7
9.511610449064264,0.3114827196098911,0.38088651817055863,0.5591771242882079,0.05914593970449103,4.204673360176727,123.95294362678985,0.998800617351978,3.4887319101926106,0.3,8.25468448572952,5
5.098644646300409,0.5397355159044468,0.034370268950534584,5.0084241562643985,0.01,7.9789646706968185,20.34518078764613,0.993790153488443,3.029015774145828,0.39486684331724303,10.535129843371935,5
7.667057610005532,0.49663262389564283,0.11753972506552472,2.312064642063129,0.10128402561164698,32.2590931050483,31.51410521750701,0.9988219510515643,3.3061214036957858,0.5373761090464962,10.755875233699655,5
9.043432417966233,0.24601403398047408,0.5015626186755279,2.0418301739864546,0.10717565816351315,7.5764604997000795,36.97489700057004,0.9949006246878332,3.6182226292500856,0.4681799774896826,9.138476242261623,6
8.614798412610854,0.9155781545399387,0.24763266898158087,9.676921538964804,0.040392301749585996,24.928140421245928,75.32240249196565,0.9983901483780641,3.1463348781036906,0.3,10.166277860943008,3
9.023256269113094,0.7805044906836828,0.3279399053761275,5.964955479756608,0.025655043495239862,12.132478526335746,59.239000700166365,0.9981518650062099,3.4711200312973087,0.3136047542769551,10.935121930510059,4
8.677892754861453,0.18040274588957866,0.13239844978186183,1.164197269757922,0.032361584169288866,22.45726641396613,11.611314068704024,0.9948737595898094,3.350652741556508,1.2887269869006,9.773819133271113,8
10.474071882632769,0.20053402747193122,0.3955320638908522,3.0550281409626794,0.09101466339206361,23.002185814618166,18.72481145933709,0.9957981383867925,3.3418304739613145,0.8705657013231046,11.478088651718995,6
6.681062152744046,0.1,0.6730711230494396,1.0175182994317373,0.01769773617882292,3.770879359108912,50.29206368062767,0.9926214139193712,3.2874865646689617,0.7931152115886909,9.30520058205508,8
7.149108264620498,0.7272027866623719,0.06116307144409289,3.466705373763297,0.01,46.08315792035441,36.20634898329078,0.9953864857929757,3.107397759253008,0.4848750489963238,10.109278729535099,5
6.9864789430396,0.32283900569269725,0.12498489833079028,8.520774226781356,0.05661891884501651,24.842976004507943,21.797339506274774,0.9942133702992035,3.055086463398154,0.3,10.066564599218564,4
9.711326080166439,0.4092983200508979,0.24798083672710605,6.7573160180492495,0.034458872863884916,8.800061561075873,58.036312429759676,0.9946689337788034,3.2004485869487715,0.3,10.168329086744858,6
9.830677600271608,0.19398583431362842,0.1578806689283588,3.3606722247677006,0.08643004755336592,21.320971658576557,15.888406326022865,0.9961151627049447,3.127607150250656,0.3,10.67663387416141,6
9.067083042841464,0.4099768556003772,0.2430700817949602,3.08676867428163,0.036921509708176474,7.986134223881481,15.367380303275295,0.9967664888826072,3.3736577477647693,0.5054068904085596,9.55934467589027,7
10.311939233712877,0.5178393641700315,0.286844568799592,2.174476639156554,0.14531568856418256,21.609061856183285,8.59515377623088,0.9948618760326863,3.6112607546929856,0.3,9.706514097272857,3
6.297330525460154,0.11937903904915545,0.15870024744004047,8.931954002646629,0.15222850627416806,8.111534214680216,44.158303402127935,0.9960621351223714,3.523825833486379,0.5110916682361405,9.319762490359398,4
11.134280989636935,0.509384727034082,0.10452968634850111,4.476035218793168,0.022180548946006545,19.597637537115695,36.03045854912508,0.9951237718277196,3.2222845912468667,0.3,10.545696571965271,6
10.88950565691084,0.48972302768272047,0.20356974021434623,1.7187566100230929,0.01,11.5058405250758,61.61082925566604,0.9968078402477986,3.472312680555497,0.6255478519079798,11.049059421539006,6
9.550557395317771,1.0497411152289662,0.04239973458879879,2.6666566438835835,0.04160142288860767,21.132026192613925,14.98829426637079,0.9955810490078406,3.4247993415784475,0.8279099629524781,10.12605700321651,5
11.329058144910803,0.5327072351310879,0.09329292867689103,2.7683804608720752,0.01,9.132108645064449,6.0,0.9940278959391028,3.331511467166045,0.3,9.574054086045908,6
5.483740546947786,0.17515179412485443,0.1373741034322344,1.2279177086965471,0.01,19.1561348587128,38.49097219805606,0.9947044904249673,3.5523524884991766,0.3,9.635215421245759,6
7.408438168353492,0.18937544164602177,0.18875026687453025,2.781084760614788,0.07228427151993037,11.24236934161777,15.457906966071613,0.9955103364730726,3.024684833618959,1.5,10.971804508599055,8
7.049984116840681,0.4849837674382519,0.5386326556202726,3.66599298912982,0.04626741295375951,13.669392640290054,31.181829472835084,0.9971443266654034,3.197328110136319,0.3,8.254898116443425,3
9.526514850387484,0.3147973002713424,0.022477961060418144,1.0578728778680992,0.01863371732798259,4.7181124760022985,38.813391971492976,0.9987265111532073,3.4178533718610544,0.3181324834287768,10.156192157280048,5
6.514760742676353,0.6889349951704726,0.19459643023756276,5.152029717289556,0.036811963105033395,8.663892824567942,21.08933141773289,0.9948489266452342,3.346142225582609,0.3,9.538391281803507,4
9.587741753873726,0.11441274798400596,0.3270524790721678,1.418550678876688,0.03935479187287004,23.637617741846817,46.78385990405825,0.9928410817583786,3.199332852407823,0.7057399841321265,9.522982762287073,7
10.629911444794413,0.7496118619108062,0.1501579124743113,1.737913657641443,0.04533610496839398,8.685748431844214,10.508974751146047,0.9982561564247295,3.0928823523523308,0.3679780486234525,11.162986145142808,6
9.481844930142799,0.47284659736039164,0.10883844717849313,1.3835385831045675,0.08288500578660025,11.589921814712433,39.591126284572795,0.9970157289913227,3.0734182455437566,0.6881533824953009,10.261911262714243,5
8.782376740224553,1.0676652384962306,0.17139391973527096,1.1640572146403272,0.03312395713025596,9.48925895843129,46.94026508387949,0.9965225832827779,3.277504252564409,0.5706462162301456,9.564427469600078,3
6.620615320468727,0.37710938382287307,0.1114906994982104,5.778533172340266,0.01,12.909809806625177,34.09070299084554,0.9936152272904584,3.4050231646059417,0.3,10.736864929384252,5
6.860353357586881,0.18208283135062017,0.06506184111399092,6.4879400370634865,0.10931892544428216,3.545027997103379,34.3549312179668,0.995862804540511,3.49441271015784,0.31708216793993216,10.843547066026918,5
10.424352139004334,0.1657676516588878,0.08330324212799517,1.528005167429643,0.0343135901690382,8.22065786462986,31.18086591738621,0.9972676307969213,3.1417808011263353,0.3,11.509816862850496,8
9.624893306639066,0.5327699889356182,0.08497811125203934,5.34626775919148,0.018050928604609367,10.580586315729224,24.700220044300277,0.9934568336757454,3.2569182465748985,0.3612792756397728,10.525813041605321,6
8.233666817058175,0.13555786538220604,0.9303061213845933,0.6243169501711601,0.01,2.2163169369902698,56.76618905000147,0.9976514310019142,3.1573575898982766,0.3,9.882115562192377,5
7.589553772197987,1.5,0.22402148320275422,1.958485353497927,0.03910649957032264,40.93462019970114,6.0,0.996745007294839,3.3649098104729003,0.8531343336564009,12.01692801869678,4
4.85612661571066,0.3654481537795534,0.1629783295707867,0.8194083852003501,0.028990070414730184,15.351902908459067,90.13837906385339,0.9982063956375615,3.3872226566834915,1.5,11.898638438461447,8
6.479550888236455,1.1456349518371227,0.06863088265527216,9.414845356292352,0.014229987443315932,17.826141076962077,31.371206943713595,0.9974352224802105,3.166902932667243,0.5508073220700265,12.838009877945698,5
11.54941244813753,0.1,0.6103563251796453,5.905412084961039,0.07484043481345953,19.571102157285534,52.76307172963482,0.992020031353152,3.097967130026687,1.173723070140114,11.548439324031843,8
6.123225529295807,0.1,0.3123596580103867,0.5,0.010959243988781679,14.194501269484118,37.502219871558516,0.994196490963391,3.56330559973925,0.5133649410017392,11.058766883228378,7
8.622115696075838,0.2217784309674616,0.3447443063857956,1.235728122631504,0.010077306198798782,37.09648992039631,6.0,0.9972260450037568,3.305786214287704,0.5640334727298311,8.0,6
10.012654754431837,0.5578964196145102,0.547718416455778,2.004359819403752,0.01762106193356649,6.496839295858457,69.8429355712433,0.9937973138361053,3.314231749603386,0.4868286544338557,12.022165381965118,8
6.1666314643961035,0.4519851709922032,0.11228415348126801,2.352457459240627,0.01,2.5153159452516722,81.19248142592978,0.9946001547730013,3.1208388324225784,0.8295430430150673,10.405913171166505,6
8.614007807127843,0.25238296651474207,0.5583542671007498,0.7524980036860627,0.01,7.906825809401686,25.379543832867718,0.9957064579423917,3.2747303466856357,0.4800773598437825,10.20279619485962,5
9.894456413768115,0.5519931471715632,0.24166520008853087,4.19533595578527,0.011367036786838671,2.720299763169448,6.0,0.9950974649198915,3.1944925944381937,0.5088976938104713,10.85661293283977,5
8.321248847242327,0.33904183623626977,0.43550739775005826,5.334078737430783,0.021834158538199283,10.541335633128476,8.170674872231784,0.9924019819837492,3.210853848118357,0.3,9.754434420881166,5
13.176285194633508,0.13972225778106445,0.18863958578595258,3.1874698663128633,0.011366289139053484,6.019187986546947,26.089823951261486,0.9967996428736934,3.1557453366316803,0.3,11.44477155584172,7
5.463381259907068,1.263041887531162,0.11486945292423854,3.0233607720389393,0.039496105397027165,23.113364252629093,34.56417428524571,0.9955956710801563,3.4710047887314395,0.3958388774270081,8.82806651262338,3
10.099838500802594,0.1,0.341176515626014,1.3882606891977107,0.013246198840922917,21.213870884481633,61.66571128338707,0.9964365120432378,3.1933211338115313,0.3,11.400445053086097,8
8.006237046426012,0.5020375316567418,0.05704137866413506,1.9203031732389313,0.042248846913850294,2.288151526145519,72.58143905209872,0.9956357304777219,3.428133993628919,0.31741825173367805,10.964295297592745,5
9.612264263222349,0.43059963245968164,0.3101855249590126,2.9117033889566653,0.015275279945615268,10.678713721641147,36.73826191772471,0.9919074108022145,3.1162538925627086,0.764510671815505,10.40582772227447,7
9.050222157888719,0.43921112701740955,0.031009407926910225,3.1481165188365745,0.038186044463638144,10.951711287539661,49.72550893960936,0.9948333880877248,3.50894461810654,0.9122929355431819,11.709400098485766,6
7.0536344649130065,0.8621035829644343,0.07903346583844885,2.4834353854064277,0.10211220337623356,8.372432709090475,12.220624002397212,0.99434472484736,3.3228551854757535,1.5,11.102915739401242,5
8.68929386718088,0.16129854271017133,0.15525197505430047,5.005226175444024,0.04628703981606426,3.4301833814538725,16.040551654493136,0.9960539515811752,3.3988825145623975,0.3,13.63259948356409,7
5.141567532622913,0.15337877234115335,0.3544914878120414,3.639725846159315,0.01,5.843373805051855,15.768295117526707,0.9971933753775688,3.04613023910487,1.5,9.781983500272915,8
9.32552075097137,0.8636303060714862,0.09019748416691056,5.387593910640956,0.011490147988888233,17.924257002041326,26.631204400683984,0.9952930716878425,3.3945083850628235,0.3159464510057713,10.442021364926381,3
8.806869392183895,0.6440621187372024,0.2694973602904332,2.706378359800097,0.01,1.9041659857995255,22.637727198134275,0.9971330855543333,3.627383965712238,0.3,10.594638247736146,4
9.385722286693275,1.102317060838501,0.1614364762185314,2.6932098341598243,0.01,24.27885015546901,62.737112783642544,0.9984728951433411,3.324921486989176,0.4332357864248925,11.462181018466485,3
10.098801152648155,0.35256804134070974,0.4172709366293487,4.685443142338225,0.07170118375706555,6.524887499712663,24.544508524463314,0.9970555875778115,3.6827948933745813,0.3,10.519242333973038,4
8.92495372835651,0.3435047927304133,0.07032800719152861,1.0596793879437307,0.027030743472198717,45.274129492787814,39.066963315307945,0.9993690345796058,3.0290867886630846,0.5822171756317698,9.043061062589882,6
8.55175201365707,0.8011449562337855,0.1336315598297592,13.14703342060309,0.029406931490282406,4.510162780447642,46.05771528470222,0.9938817252924508,3.154152366768404,0.3,8.0,4
6.802183827675804,0.9984915312631129,0.48702996995503606,1.3836631151392162,0.07233814099036032,16.034407864041324,33.016246438602,0.9979224835479424,3.3628902116826294,0.3,9.595806074592245,3
7.089224701796614,0.1414164855966527,0.06201404072230616,1.2572239688184257,0.013188525651976571,59.704675978709474,56.928760495868985,0.9951378407916462,3.154438561295768,0.5388687693941556,10.896925828121708,7
10.317448854301464,1.5,0.30054651097457036,5.177682525721018,0.039127283189674414,6.992880988407579,47.07616107131412,0.9965683920386288,3.623278878694918,0.3,10.706552722606794,3
10.741770189700164,0.28554987035241536,0.01739257796676554,3.815962378606052,0.05690782330271365,10.21391524767489,14.301107030651291,0.9932741996564297,3.139695061407396,0.9101334631231156,9.442023389551839,7
7.895212258269509,0.49846884531281693,0.5203943912099951,4.237884836717623,0.024317670746295254,24.937802291209174,48.54451574036709,0.9994418119060576,3.411682143472891,0.3,10.136189278334669,5
8.378204670330566,0.6366822247303977,0.07993154418893049,2.7580133667663578,0.11395862310878524,19.83525251034517,15.80162654233337,0.9947062307641444,3.194562721969131,0.3,9.104763504326542,4
6.762155562510598,0.87851637723945,0.08876296727252307,1.1106831969606406,0.0257599123023304,24.043786810066432,24.452466670667526,0.997517474329933,3.0054632105417185,0.5505999449920833,9.790165656443339,4
10.293686636954657,0.7114136138087883,0.041113552534411506,7.51862185751358,0.01,27.853785671321464,43.8688037441327,0.999248467065327,3.2779378007976083,0.3,11.376942101383326,6
9.431208600276024,0.44691678254060974,0.28264180935469974,5.026947259430735,0.014738141183951455,2.6809503800166707,57.267460762144566,0.99592815862385,3.2472557502896975,0.5336147343804168,9.564550777587376,4
11.600069641988373,0.7064478649011013,0.20657396642619028,1.5450219903909599,0.03644079143861588,13.840941187641588,6.0,0.9982749076205946,3.3598273668377785,0.5513644364845727,11.575808776668683,4
6.806850768794445,0.3123811415195212,0.06681183610977201,4.722907682058704,0.05831646540834518,27.462400342693766,67.4658083332746,0.9937576661153371,3.4261142911649163,1.0311450137299552,8.569598301200767,7
7.657386571669031,0.2642280650659095,0.17560541623133605,1.6571487460107477,0.010936774861122076,9.248729225169313,112.51838662921473,0.9976036765381858,3.1903897483847836,0.9198789686163948,9.735301721003758,6
8.693458068293474,0.43568904192738395,0.8631269724622033,1.860316522278675,0.08628820304209765,14.17110523151993,6.0,0.9962682216720278,3.4288386188927134,0.6587664475234497,12.308721013386508,7
9.399032214133811,0.9630276559022655,0.4105901577397263,1.9821582970613902,0.01014110447724583,13.944825082459406,35.85472351218717,0.9956084580970346,3.306622422092574,0.6873760050842094,8.0,4
7.9333650161690255,0.6262101850724981,0.4842305614897068,1.4308711483171097,0.09662909711465441,8.000386881720612,6.0,0.994862573637672,3.172633049773619,0.5923034069347404,10.356562592036076,4
6.81596614622871,0.2914934593529683,0.08614457210646208,2.7190159662626705,0.016383209671701374,9.375212361413796,70.10384846715142,0.9934261842277715,3.196064705288295,0.5230261383064739,11.090764618039263,6
9.798392799170072,0.3950540485195205,0.07266691601949066,5.055221125921684,0.01,5.043307482546649,13.969459881744937,0.9962474670385022,3.3034628982626586,0.8792983740977158,10.497486358236449,7
9.525930116327489,0.8297619925460562,0.02220782228331658,3.5361714434084934,0.05258672825164329,10.947002987078122,22.725287070535792,0.9952545283513488,3.3670857460822243,0.7708285432882377,11.395787033547222,6
6.742334029041668,0.516507781228625,0.23680410640131244,4.211991849414366,0.01,28.911246651725662,20.601946076637706,0.9971323411085063,3.2818949213660598,0.8845847277063156,11.328843716295676,6
10.604252761879344,0.4704152799198652,0.1374092663283288,3.081043355069977,0.2,28.182281244492632,24.736320837124588,0.99652844720977,3.264561528288493,0.3,9.706167085748085,4
10.289337805634228,0.4784283795195,0.5132483820328501,0.5,0.03565587660258119,7.085533552899521,30.93947100033265,0.9965896104675916,3.18326002515877,0.4668476222256812,11.088467239289908,5
8.52830404532125,0.14892820151842165,0.48548442358776595,10.757520571241095,0.01,1.8435904016870635,6.319955360587448,0.9971238893642244,3.309181216361525,0.9312384084277189,10.091551883558479,6
8.435316366039263,0.1,0.2769889409779667,5.677874621625586,0.023024103199889144,11.327656917739622,134.65206300245137,0.9941083178317469,3.3338756229709996,0.4516692926074236,10.710648628617172,6
9.241898210897043,0.8975011801787699,0.047140038625990914,3.20072290962241,0.01,2.001538336885251,22.42031571431844,0.9933162224454809,3.590042519376353,1.5,9.710973040165136,6
6.835104780564362,0.4332910526146027,0.042543925463924825,0.9852076284557125,0.04989097456344276,7.581813913392773,6.617683529197899,0.9942800733385451,3.1550445032674403,0.3,12.833732178239845,5
8.35105351457894,0.48817786498715515,0.008457622942473465,4.095714934619236,0.01,23.47543712640517,61.51860977980594,0.9954506424002542,3.4920934058693573,1.3157202517985334,9.974578531851423,7
4.640947974164394,0.2995352032283218,0.06880442268652369,2.5598959364388207,0.01,7.743571564467083,36.56506251576608,0.994280847509029,3.4095465823990274,0.47849532791019567,9.400006162519258,5
9.789974597354991,1.1150242810245852,0.047088139871623115,2.9606997100401338,0.11475331529524518,17.608515730346582,76.77863096383118,0.9937588650767483,3.279521930079298,0.3,11.397767577028365,3
5.64546152184884,0.27801561650103845,0.29351403268817194,4.9797595192127835,0.01074565088976613,3.937360621469619,35.637697566194994,0.9932533568396287,3.5822087898390036,0.41472666875271064,10.28162588668726,5
10.855813708329299,0.33661739054226014,0.1294677847324378,3.4186871960055045,0.040288506656916835,25.337511112860938,19.164567731140135,0.9957004920262672,3.282998749070162,1.3267082983652612,11.37772087252806,8
7.738795840257035,0.8849895969642273,0.10398099106861368,6.455937379770406,0.026081837541938272,7.8017500630607,21.62084627051925,0.9955443510742268,3.3378419645168487,0.49661753957985916,10.113217925718983,4
7.940166130717,0.28588662183340774,0.16171324157534572,1.7981779253677157,0.018925849355037435,22.326499278838998,61.1223941644446,0.9959678989114134,3.2433193720513347,0.9889453419457317,9.102315081007832,6
7.232852359656341,0.4937337650554757,0.18674638372356062,0.5902681379183385,0.020303899315495175,25.467813149923074,62.20462128450849,0.9974106909145388,3.3992548858227574,0.3,11.565489319134933,5
7.810333914332471,0.12136342427488428,0.09483438697428555,2.4751181753269815,0.05852089500444098,8.235891191293959,57.76366166847175,0.996002789064012,3.2993890536432064,0.3,9.38964946482619,6
10.711503286751663,0.19615468315429618,0.13480689963582443,1.8436379248810768,0.02807917046831109,3.476375385092486,50.676935432093984,0.9969573190386577,3.164077344753941,0.8290361950750745,9.43289610057585,5
4.070725283890366,0.1029572866975141,0.3181228134644676,3.7110827051261817,0.01,11.082150567129979,101.934557134703,0.9971128408100659,3.3593348036366693,0.6157658903710116,10.230943905919496,6
10.47084115634992,0.4496317968164566,0.36564840608037186,1.2548154803458171,0.01,3.9542983347077647,30.667899736376363,0.9937962181950242,3.5378517593072165,0.3,9.756662615486738,5
8.874639917872905,0.47206606586249517,0.046078196968568755,1.7998567513382469,0.08738124662079125,8.389679339474128,8.392705556496875,0.9996465070237444,3.2087000326554267,0.6748998072099006,9.435679627345651,4
6.248063198642734,0.49349237404847657,0.14917992732442875,3.8173219346411384,0.06143657413429367,11.496881608258722,19.954984498089434,0.9944745603464117,3.4301397343922737,0.3342937598243207,8.932322533534313,3
6.4719689318162965,0.34620643970827225,0.5567659724165136,2.1150420792310127,0.11239871453168722,10.527367324777545,14.574367216341122,0.9958007024726552,3.209294357122323,0.5238664469428076,11.264064245883487,5
11.149868146253946,0.3613016546912083,0.5666948911519799,5.248025296053513,0.06246494401323452,3.032860946214034,62.32202749464213,0.9949199932613303,3.359021057253678,0.7675747167966505,11.813675946237947,7
6.692638304097358,0.24371409342412184,0.5149884867149052,1.2772569649818404,0.010660206682791643,22.388939837653673,7.784016612227682,0.9957787894381567,3.380925815636612,0.6539954745591783,9.704896225701145,6
6.33930413198687,0.3109509258800692,0.25359979626243284,0.9205798395102046,0.024770066433483475,11.053013051475684,8.1866652970898,0.9982696728923375,3.48618676717093,0.3,11.662060126063261,5
10.233434722020041,0.12793096925791667,0.14157359182571436,4.13344538185356,0.08876031725702041,25.226620375824844,36.57992442311176,0.9980189580995872,3.178253829564601,1.165908290619647,10.779711377559542,8
8.875539889686054,0.5510807747678312,0.01106285715651532,0.7844183649974585,0.01,23.533701832413303,91.6605563290716,0.9951645505974217,3.268197621345888,1.2637063090358,11.068495258339796,8
6.705526519888123,0.7353489496138265,0.05937821661677941,0.5,0.01,20.61658459700833,69.2716766038574,0.99344949883821,3.217451739321056,0.6145185902474353,11.015356994299742,6
8.668262458187852,0.3710134999577294,0.16462830417798494,0.9054326190446531,0.11989883909823114,42.960973216890416,40.08811234574633,0.9994089300095763,3.407157268568852,0.3,9.84246665891759,5
6.556220437811529,0.3625312572656723,0.32707241494645406,5.5284746109836735,0.11533207247224848,7.823258070328144,71.84032151190327,0.9985996356574938,3.3965369202593347,1.0290245101371784,9.660969706630267,5
10.17139637731843,0.4508001975911008,0.2734419077105204,1.5822768951756152,0.09284013286859191,7.234478282750663,22.913058288546804,0.9919089541561741,3.3288143541291033,0.7706861770950587,10.219845547464985,7
10.104330640284328,1.0947726731742022,0.042759484331130033,1.8838248394679566,0.08719065379413597,20.631674451842446,102.12223848874947,0.9963348512871302,3.2886560748508677,0.3,10.24846004470137,3
9.204410537997305,0.3956758191075602,0.11081989927476472,4.3506122018160855,0.06981065635404592,5.1617019075092045,7.718820084043571,0.9934488933831221,3.4327353982922983,0.34309472783161105,11.323306525948556,5
8.914823804119928,0.422679098116033,0.5321852901170506,4.984902066846825,0.09427124645431924,10.396556610755914,12.751742412165331,0.9956524872946722,3.111924439950328,0.30581559268293307,10.715740981804519,5
11.294019812274536,1.5,0.1481085031217166,4.425699306145836,0.01236698201128607,16.698973365136474,53.657161657838245,0.9963152774486183,3.3208752000639556,0.3,10.494324549743368,4
8.299466756559983,0.3525246575897502,0.2765191149099615,4.125067215962714,0.023827444874779464,24.322551186669642,55.46522585211775,0.9969845362523604,3.4539123898297133,0.3,10.93404387833028,5
6.290813986784639,0.5408414421845171,0.11736583369069785,1.4942874389898018,0.017981034215576387,10.661355358922824,93.21689311290883,0.9928878644105085,3.095860101716515,0.3,9.367897444709872,5
9.064105651814922,0.5244583815208596,0.02083896887464752,2.789544793263221,0.046676602617266236,1.0,18.936081325806658,0.9988477060601341,3.238099894115438,0.5152474943823792,10.950454913956316,7
11.846279984213094,0.3165608068362348,0.21483675720343628,0.7767840973404598,0.01,23.32549833678448,74.09266752179215,0.994199889567342,3.2324713210586893,0.3,10.623159756351509,7
6.574908861584052,0.5669428755728676,0.14191880821106145,1.9725823349053373,0.09418580275270916,24.832874841802774,37.076443509272,0.9950415958972415,3.2398996569257936,0.967029958187529,14.095500977258752,7
7.685513296620225,0.11020712716144801,0.15432106824701172,0.5143416029998723,0.01,8.14210648992215,10.87803128605065,0.9963041269179849,3.5664722392419086,0.549133031155509,9.216404315857751,5
9.007958264772471,0.36170717106298333,0.19053144497001376,5.252325279061374,0.07036009724098136,17.556514716343433,7.813893118823949,0.9950053927656461,2.983150761762,0.3,10.844983028721208,5
8.208361756690245,0.19199665509586125,0.06545585101877427,1.885151858263968,0.016279800857313526,27.2951901590683,24.114194903429308,0.9968835450254904,3.232183594758568,0.8517730481775715,9.707983193321937,7
6.6300839133585665,0.5773448751149431,0.18157599128051435,2.7256136486486726,0.04562272336306968,24.38023350333815,27.773927936640494,0.9966895246286285,3.3813469498529862,0.4898824320938098,10.556104064018482,4
10.207158355591801,0.1,0.06834085204683102,1.6739848597036375,0.03806802745161835,20.022852234511543,6.36017843904245,0.9969518952391204,3.42105598677083,0.8547597499869793,11.752615131361132,8
12.244069227429343,0.6674025641264926,0.2780714586532403,5.70987573140357,0.01,14.749496647202623,47.67501659122418,0.9965378941491088,3.4591588658529164,0.6975978611057939,12.297030177363498,6
8.633423480340642,0.1,1.0,0.7196880845068887,0.039567312887263,45.09082387612434,53.07894141398185,0.9934866424547167,3.0854917065334675,0.762025019316876,9.68793075546646,7
6.7630839074488005,0.5506605130634947,0.0879069062536862,0.9856244796063278,0.010082473565711444,12.747966641636191,23.42987683061518,0.9968404919562254,3.479613032057388,0.6818718457220713,10.152498443942399,6
5.666767107409093,0.16437837264663638,0.5371617791935996,2.6812861402036616,0.01,1.1762402669973793,28.479016770405966,0.998579869520763,3.4659673001186473,0.3,8.289007376992952,5
8.738559168076009,0.2533578014137775,0.16473168673309177,2.789104996064677,0.034643318044413667,8.71296836988053,70.47936876094649,0.994867040890786,3.1833424374181387,0.3,12.09336920538546,7
10.176591483637639,0.3475192318986536,0.18838499299673184,5.291460329182221,0.01,11.085500967282837,48.368284151182706,0.9958979158818267,3.163404246538338,0.3,9.715945604603471,5
9.107785169042149,1.148526379405438,0.1475605359859858,3.108313076009645,0.11413360135220774,16.00140231965558,49.45329704116471,0.997778133326425,3.119136606162818,0.39226903483853925,8.617249395697824,3
8.295913470437949,0.16260833768613422,0.08550258957298597,2.771767505521744,0.010214471051280429,7.540169742847658,35.110552698528316,0.9977538727182673,2.964992809406266,0.3592572895809513,10.570563116156265,6
7.2982381919581805,0.4076892757970416,0.10796368758566909,1.3757188145804558,0.036868730624819435,12.16773476137635,35.64789736057482,0.9947024367284,3.5985949660866523,0.6292794903537801,9.264808870443021,6
6.4433218243792485,0.9402418246722246,0.6784589464726016,5.732264775385421,0.03265444377490607,23.186303433194908,37.96916371097558,0.9944359396884705,3.308553807876475,0.31681026431327525,9.447645606870221,3
9.7190772547523,0.4219394204901699,0.06540674363366084,2.2267078701531813,0.07118204904074522,39.935398282256315,11.587020873895131,0.9960142375649219,3.031653841556542,0.3,9.62020379417874,5
9.853411756355497,0.611830501789096,0.3917723063120628,1.4540122900542292,0.015460238634033603,3.659147710445045,26.27979619793782,0.9965685342235651,2.9598878669460484,1.3205600216374211,11.663591271995681,7
5.672259362625754,0.8529520284353966,0.12344808889333043,1.28361017233629,0.017822945158420783,10.852804306395349,39.149572832875556,0.9974148845191988,3.150345079437921,0.3,12.10272852894005,4
11.002726262907164,0.24834691369037798,0.01565096483055691,2.7442842799212133,0.0333703032908542,3.4359500040419064,53.98552006087402,0.992241404087254,3.230521945316701,0.429959956333393,10.896582859031993,6
9.275921075519802,0.2741730195011615,0.17973205714544901,0.6818673372764255,0.011113796039083341,9.065392254918576,49.40729813078566,0.9955734223166781,3.4059694087772012,0.3,10.216257569030088,6
10.67931089674785,0.15997902292547483,0.8850483327871367,0.7348636933701803,0.018980722992473872,5.95063935617443,41.37162155336875,0.996081767339484,3.453969642217983,1.5,9.160382445110914,8
6.018382827575305,0.9478970116193652,0.34232830774012557,0.7332917640881965,0.01258983429092361,16.31508923425255,29.685696950850783,0.9930108401322035,3.341207402259876,0.8153237287275202,9.993428033005081,5
5.978098935793755,1.267518120844806,0.0038292645312227053,7.900469042743119,0.041295881844721063,14.1668089050708,53.20160291633943,0.9963691040220249,3.308989339662528,0.5379686072661487,10.735219818215876,4
8.046752173395596,0.12019392207319782,0.31584398350934956,6.647888593060769,0.05872821455983823,7.111146784251213,53.00196372474035,0.9946866280436039,3.3419059516114187,0.30117598219136565,11.04471839484196,5
9.15473352572183,0.508011653650644,0.1357819909758042,1.186094126830146,0.07811082138736014,11.38332048942326,28.05086586803769,0.997807753959379,3.485200227669053,0.5660380060956743,11.038993963634216,6
11.353813398975838,0.2509416817081026,0.049358567985609114,3.1652950395353394,0.07375732500546917,5.696864613291881,28.13882113084224,0.9953974526638452,3.310897409416976,0.5344023018017818,10.85575923188913,7
9.500334153485724,0.2634750931572179,0.11780974152486359,4.228017365715292,0.047494282081591656,18.929402699313616,6.0,0.9958228391878913,3.372408369861978,0.5040961148437342,10.85765008629242,6
7.887441829419544,0.6361348764761153,0.05271997444149022,3.4807052855786784,0.04690165618687341,13.85418183425876,117.54152538488135,0.9937245381110951,3.1264896599143803,0.3,10.789756480560628,5
6.555172346967984,0.43399459011443736,0.018081604943965116,0.9013590420917932,0.045894867812511286,13.399969571012296,44.928349568184046,0.9982925279246344,3.3281547392896513,0.5675700692324712,10.966791521000452,6
10.391000973622557,0.5946512787353397,0.07800588953335345,1.3437345958278024,0.02871609785926552,1.686190212819126,60.417134325844245,0.9976910044541365,3.2233185143168384,0.68859867254665,9.067112791410276,5
6.660000776223786,1.244158560129691,0.09694952779507775,3.1270115349034557,0.01,3.5013493302727428,80.30759393980014,0.9960940391729034,3.356293948401052,0.9272549812355922,9.2086339299968,4
11.068396543112947,0.526820698708107,0.09389882853207793,0.7103268853816083,0.09744146893851939,4.899203087095589,6.0,0.9955494640940324,3.245753837261437,0.5702694786278133,11.409785093015673,5
7.816546095668935,0.6522916743786815,0.11486524261674326,5.473063450473152,0.045661700205271744,39.20771282274098,26.83485308137582,0.9976007352551606,3.354919871779271,0.6002961705648981,10.538004809460753,6
11.003989523450347,0.8312010671015806,0.08709513781631939,0.876951118317107,0.06036975013438527,7.094113669906606,24.314157302775577,0.9972497123518044,3.181445510453275,0.3,11.490569330496932,5
9.454183193100773,0.22994040304914495,0.17168142791105717,2.8855786491026447,0.01724407440728741,43.80818648112044,25.57934864474391,0.9946493304343783,3.1472282163707175,0.866420466746797,11.365927499065167,8
8.067107667947822,0.6966998390101898,0.5281215918154067,4.67259072493427,0.1501508721970495,16.0159816561928,11.880890850996282,0.9945362580523571,3.175428318987129,0.8653066680389301,9.792185531759715,4
7.417026167895585,0.25787963085207594,0.021333562806241532,5.06635886318621,0.08738446575790439,3.086362276004716,79.82888912772607,0.9943990008130058,3.1837195579115685,0.3,11.664212845555118,6
7.720456608511665,0.13284634198738743,0.24041364130674892,5.118375656204138,0.020586225123012857,17.799040699632727,36.89392674642576,0.9958578829709588,3.34440064004331,0.3,11.928771406512787,7
9.028138377037905,0.5605962340589206,0.2382032802159025,1.3953643169016612,0.015958230293132203,5.092576020953471,36.16089775277112,0.9953178602121422,3.4138336129838676,0.8898099998838762,10.252374086029697,6
8.43116604357012,0.14765167348337338,0.054329500861956814,1.5405599949220006,0.05964940918163354,38.965846055584635,53.67872292454153,0.998111494213197,3.320009625087003,0.3,11.8256828954859,7
7.290520606283202,0.43628419613421754,0.4413392428174016,3.3306012980746518,0.028517843503699174,7.43228395134506,6.0,0.9979592250961357,3.317098824766918,0.5107493983537145,10.007022796013027,5
8.018426602460027,0.36342030179596996,0.022699438826074426,4.126406550055517,0.040910887138349436,4.8668910711425255,32.54727029487549,0.995779621197298,3.3171130927535883,0.3,10.971040305876034,6
8.433580950522556,1.03667527923839,0.31743405886036274,3.9927271697790303,0.09309555051921235,14.647072401079601,61.394433455359234,0.9971505425829122,3.4623728201280954,0.6434406967661012,11.398052438731348,4
4.681152039494821,0.14678619730585762,0.190455775776079,4.334867423159253,0.04014387209820897,9.550969097815484,90.39794863092641,0.9977823422450522,3.1410203310431695,0.5266209274635295,9.866501056326157,6
9.078885795140788,0.5292666034534776,0.05106499122996952,3.6482321570063543,0.026882664454874583,20.98468275178934,43.626046700460876,1.0001471479433743,3.335883657229505,0.3381853436593918,10.279556175692873,4
6.634473917981429,0.20997240813128812,0.5357081886643155,3.189965349572261,0.047807862953730906,22.451621343031736,56.836177650643414,0.9974064052348576,3.32504033938317,0.4570931715446868,9.812016129789793,7
6.339334914550234,0.1,0.02054334892738062,1.4992017738670624,0.01,9.280323670883302,55.90663323980366,0.9971276583934762,3.431999376861612,0.3,10.212742957266665,6
5.431514609911793,0.1,0.4573970983885049,3.2577207716195473,0.03840012642832351,11.813597803864134,30.333022439255526,0.9917199970260878,3.180647606128065,0.3,11.920034748929105,6
5.250382753624587,0.152159391674628,0.08830611539560268,7.3289036078571845,0.01,21.87006206318255,40.94155316871198,0.997990271547601,3.5374107666313823,0.8797939021796597,10.230186673636574,6
5.9957392447091085,0.14589997296293572,0.1362612478753469,2.027639758635068,0.05554374867488737,30.863996212696566,22.131655460978273,0.9962165592497408,3.283780439965465,0.3,10.464422373816136,6
7.094664372028167,0.1,0.047804496991700675,1.875996792356034,0.02821577537444237,15.0746718628205,67.82334694086877,0.994729611262235,3.1173576669259346,0.847460299950484,11.074338997933344,7
11.620540533795166,0.7626164048854165,0.09645259340539312,3.8862595830940725,0.11191927163195747,14.050715689952092,13.4771187479617,0.9945893874111448,3.222418512131032,0.3,9.649366629853727,3
7.406004550978154,0.9039540140678162,0.35624496112971965,0.8761490777366674,0.0819918833282669,15.65539341441487,16.287223748802727,0.9966803051223645,3.4059764045680625,0.3,9.233511817111468,3
8.602175180655655,0.22132663672674383,0.2303747432831514,2.860802514192336,0.04039927716969218,16.4099167891259,14.205765585108988,0.9935160265072998,3.270306328355452,0.42534357294555064,9.891461606356108,5
8.980818357060759,0.29206637517245315,0.6400320809481578,5.317489187629549,0.12028961753674726,11.41555308868465,23.13211556163401,0.9941151394587595,3.192837440987465,0.4082005285629395,9.90803311120947,3
8.522810816566944,0.34313346759297025,0.058495218232116356,2.8792888547509676,0.019255939532970275,63.94240698466418,18.676527470452502,0.9974066869488962,3.505713194033857,0.3,9.937196412190856,6
8.168346116765811,0.8299399359780575,0.11844904526974902,2.8663467286005666,0.010464323841456855,14.5033260632954,27.98697892117937,0.9979207954052634,3.3840021387695804,1.004194077383846,11.371808496027118,7
6.268000601881285,0.8416042982668465,0.24553302558451864,0.5,0.026062493079870186,1.2168322204050355,34.37516214061959,0.9986536334629402,3.265108201492192,0.6782150439755982,8.58328513297744,4
10.76657683207466,0.5222704640643498,0.24660912770838084,2.066032527185352,0.025617726149220362,6.194683229780818,59.691920159956695,0.9940233291232107,3.3361222509033093,0.5544180071656283,12.07769043336602,7
11.372234294184405,0.509547013119242,0.12868230139702738,1.1051288989650032,0.027422557327814616,8.446876510341472,33.52824023538362,0.9946909909867855,3.4349433751981686,0.41099110432373787,11.661616825433258,6
5.4394802199914345,0.2715899693888896,0.04107606485198183,0.8144637541718063,0.03386046254870999,4.239732114525678,25.61142238571292,0.99632525191173,3.476902187833882,0.49223180716675385,8.309232438012074,5
6.5591513954931555,0.1,0.47241184336317943,2.362590899067037,0.01,13.988845045980485,21.928466642138776,0.9977824764040332,3.21382107204005,0.6754647120681117,10.66812215359627,7
7.82432241795909,0.3327306778764299,0.058639805930091084,4.120225528183525,0.014307303171951292,3.7690264759414465,73.46653785821853,0.9967837827205553,3.4125991656988646,0.7231645675014632,9.146553906248467,6
6.660285748652676,0.9431050824299821,0.09159447553528921,2.228743975777774,0.019114048931845585,7.484184096006965,37.648711603719676,0.9963757302918702,3.585080519265783,0.4023338669726347,10.52722740268753,5
9.160141440874972,0.23960842438934965,0.1296010686014027,4.767692873291998,0.1182586511367837,6.420797365882669,64.30122737595941,0.9949514742332591,3.20740366642899,0.3,9.366300320210465,4
7.0619372559087585,0.30888863449293086,0.22561289363359094,4.069925539383525,0.018778867436330098,5.87638499499402,6.395727869641479,0.9939330405813086,3.3604301583189984,0.3,9.790320037735661,5
11.980595315271225,0.7160942528955901,0.051281331692458,1.575074454058901,0.020711949722186596,10.339905468558284,19.290716064742448,0.993296952622833,3.3710640684651176,0.3,10.105308888356525,5
10.323932610384114,0.2982972702031055,0.12527163230610852,1.7572381708910205,0.05813002775497402,8.574977467631046,61.02432195853525,0.9953366493264542,3.276849980288202,0.6314244904027649,10.697177052279445,5
8.661375852074766,0.3428795967944457,0.33806062072030363,0.5,0.02636959791391465,4.882129933970665,15.833598055142843,0.9947324536619326,3.16790342924748,0.7982725251093102,10.322210093739843,6
10.045876647643546,0.7275307083871928,0.5660104753220829,9.019326057936766,0.14226356521973632,31.978712081475823,63.17694300993515,0.9949298898488702,3.167590049495993,1.5,10.444300466195502,5
10.180030721407427,0.1,0.07627088062200839,1.182776335541969,0.06283489844792405,21.402797935353348,10.102885825750894,0.9962382285540541,3.2690361104692944,1.133851015984913,11.585342627594358,8
7.3412892703009875,0.1423046265183169,0.01905963658702865,2.9424786411071002,0.055159334275236414,8.422269078745279,13.937553521859478,0.996848114063762,3.1772174693498596,0.3,11.112801339081942,5
6.912430684278661,1.3492002110494272,0.23972115192065743,2.3112815994995777,0.01,18.853809441678276,25.300749278352118,0.9949483059612014,3.08906554368635,0.5526356275671798,10.60786166266299,4
8.432843207048402,0.7238224802141529,0.02742155078849857,7.069994348890164,0.04238642793975989,35.08218401047175,16.17215232030453,0.9965807060795999,3.1142905801023577,0.3752764300511586,10.094799310736924,4
9.764781411646506,0.7916979220539637,0.2134993253422858,3.2437519244829045,0.036238762081334655,4.035712080526254,16.122026072819207,0.9969519994584668,3.221639702630603,0.3,12.114492185513063,4
8.53640267771081,0.512366625848505,0.140509203401138,2.555298858471752,0.07319098437918414,10.053758909891698,72.59950285405442,0.9950599786345689,3.272971195543591,0.3,11.191381241120682,6
5.619105980275306,0.5604829711306276,0.1307718043964392,5.998962914674198,0.056381929085542064,5.913441962997801,15.45813973815867,0.9949703754381966,3.2121193032658075,0.3,9.630626175708715,4
6.935198445283569,0.2465512043506801,0.05488456627161786,2.942596136051453,0.04897601401157758,7.810351643807179,48.18218398394816,0.9961533098605153,3.164782464901039,1.1949008416218907,10.910045439062154,7
8.174246131889557,0.33123383593097744,0.6543807936301759,1.2881120852687935,0.044273472048128974,31.07420104138557,56.14736686665075,0.9942291566775392,3.4486945989693605,0.30090240517699407,11.01187755022475,6
8.171368472646089,0.8084039598304561,0.11151883045928222,3.7423804484966334,0.018841243053189093,10.751431848410238,21.35776595469953,1.0007244741267083,3.135504850060375,0.31902203548068475,11.046741198260758,5
11.653321700542675,0.2814107445614186,0.31010536076120027,0.7789308792822737,0.010531042957893179,32.76113638005813,15.00371601646293,0.9965380809838484,3.3031464534732695,0.3,10.47132619327656,5
5.943820497921704,0.23961251806577596,0.1838038828597279,1.1297263643787443,0.04564848346667998,11.351484518983522,21.47403458475913,0.993995059537507,3.478653434013916,0.5713999322334459,12.612208142707377,6
9.159501711120988,0.4057552720744371,0.27527372576813663,1.8269061520556318,0.011222770697508586,10.697669227201304,94.11766010720046,0.9967984728505396,3.3204492552697618,0.3,10.80739800873141,5
10.831492284158093,0.5150705777137342,0.5156437913482198,0.9180915066616584,0.03362443104920964,7.278401164263943,88.14644686164543,0.9951637576598876,3.637592783605026,0.44822072819754016,8.354025366901523,3
12.161464567218754,0.9835221212867545,0.05521604417957309,1.996177595628175,0.10314233464662773,11.779909496008758,71.88873112227549,0.9977116455727317,3.3741281144697637,0.8572105637799919,8.225410985898575,5
7.612524380587266,1.5,0.07182416366914618,0.5,0.11944966169112094,18.581202403858043,99.55455994733862,0.9965462034311521,3.263807339184607,0.3,8.941970231045385,3
9.13543006962434,0.18011339497760814,0.09964875420931045,2.8881815725905122,0.026235153147680757,1.7888677644944542,49.4668160912834,0.9967715541186107,3.2287300983884237,0.9169974267593947,10.897798627670001,7
9.2685926072377,0.666224603815564,0.5085427968881037,3.595643221503637,0.07828507710897603,24.263116782890304,23.225239507309446,0.9911241846852673,3.404614932440349,0.8974981283145232,11.397915489204422,5
8.632318943640595,0.4416206319492194,0.330613567067255,1.632747288069138,0.033057403554494276,1.316603423471074,60.302680739445904,0.9965020547721578,3.390926862674334,0.3,11.871639931446799,5
8.13196315789318,0.1,0.1452688192122309,0.5362249214063269,0.010566354306855735,7.871031172579532,77.49859158068072,0.9988271054485345,3.37591717489341,0.3,10.26685481464836,7
9.04115816215008,1.1334351609968383,0.12443328094932418,2.5032766600782566,0.033485527063960005,3.684200188735706,20.10986335730024,0.998810332042342,3.199289606377875,0.4041769539318798,10.271289942973311,5
4.0,0.3017353362548737,0.1044690790110536,4.062558028415362,0.18138841826062105,7.746098905171944,82.06873076673176,0.9997927129189921,3.2561154979819276,0.41106936956300394,11.017757762462136,5
9.459518133106474,0.2871745125722444,0.23752668006901,0.7123701498242281,0.053208972969369384,12.976866958769259,27.578124817896736,0.9985231195335301,3.090561089215627,0.4752231475382866,10.297024493887292,6
8.514502436225344,1.1331634750023323,0.48888357020678136,13.084646470878415,0.013170025030935737,23.00067797565272,15.01897185848106,0.995928321064956,3.285340936636618,0.708275675551587,10.918165081744448,5
7.92179267547695,0.39589649335457394,0.2538133307789091,2.9579834099167357,0.04507436946396654,21.967144126813125,18.10709974157467,0.9976892370186828,3.353032166939833,0.6547520915171283,9.701709193122023,5
11.779665732723249,0.9159527747249429,0.17292399557172022,4.19819414030341,0.06508402893249705,3.484242308195291,28.679812677032682,0.9959376712022002,3.199288032529644,0.3,10.653043351755466,3
7.152612168056062,0.34275972620789846,0.2863464348027413,11.060323524242047,0.07752835187452776,13.005315700846289,49.124658205551,0.9970746317767817,3.2427789988192433,0.9347882720600198,10.173497548685743,7
7.614770818589449,0.6006806374774856,0.08762067216446391,3.4304137504099113,0.025852879341947875,13.83083013810704,31.257798095589102,0.9977233899262108,3.2541713566459163,1.3231653968797816,11.917830031814677,8
11.685640613748049,0.37565240219750734,0.5597330818836644,1.2508517158583028,0.12182652463042888,18.74619578401206,47.98213866093535,0.9961572136475142,3.3506622450748234,0.492294391671007,11.098689551811987,6
6.885495781755244,0.20735709749477504,0.5587347233341954,1.4906527069291908,0.029980920197034105,7.689199200803503,122.98277200001723,0.9976896458248788,3.1247054890351262,0.6286693642746005,12.388386494924756,7
7.3648040190078845,0.6147095653233146,0.16325728286122465,5.13475129526732,0.04554934097945317,9.880837919647853,6.0,0.9950125930136374,3.2141636223220007,0.3,10.917756528325901,5
8.050056780167555,0.717142766481134,0.07939466584606099,4.547624773294337,0.01,1.0,42.12790039166532,0.9972308921230313,3.106056579901586,0.5133503643437572,9.895727743828212,5
9.729248619620234,0.417140438217406,0.07938238852789022,5.1983206300354325,0.09656792589764039,7.9726128846583855,35.347882869481346,0.9963833703506597,3.2557053453581823,0.43568983469971984,9.810780059515233,5
8.653264262500633,0.1,0.12115995860247757,3.902315162587219,0.01,7.641656756161883,24.887490185097406,0.9951150923352611,3.3477645730449965,0.5857996081969634,9.8699286805046,8
6.102536909841154,0.14720230432419837,0.2214987966769408,3.510890727672371,0.06114232451456814,4.349472381909957,6.0,0.997732890721198,3.376891084569781,1.305854721157549,11.361478069412511,8
7.395313442683778,0.2693095289852092,0.015111700860951666,4.297483592990595,0.020784659611501263,1.9150748235539186,22.42237739629605,0.9934459453685786,3.3910955001487015,0.6650022685317132,10.706742685169933,6
7.267497463539241,1.0739227004991974,0.13982981679601897,3.3661047573576726,0.01,19.2824912880035,58.11338765697997,0.9955071293042708,3.229362924139615,1.3108644499407271,10.219110798786758,6
8.168724223120822,0.3998008269633268,0.34537132395084463,1.017891511815011,0.02218332658911299,30.301080412988952,44.56713260962441,0.9960151885433236,3.452914769421241,0.3,11.475994461002747,6
9.02393421967071,1.0609771882060421,0.11394676238577524,1.4960899757452537,0.01,11.755693973968631,63.348710263211565,0.9986420669959556,3.5778422116611783,0.8528312067514012,11.334157265534497,5
9.010949785009553,0.8406861673674303,0.06918357862099009,4.724318805063582,0.01611927789271287,7.591279215273179,32.280415341244705,0.995781836609325,3.262904693708754,1.0752359888724077,10.93253016921068,8
5.280780018117717,0.2865126062302092,0.20662472000549362,11.195049059741462,0.01813161283118668,7.629285789305529,6.0,0.995789087348819,3.3137145756853763,0.39641012072686177,9.907862989099224,6
10.108699678853457,0.48460733763157404,0.14307058912287268,5.344320107999256,0.01,36.38037437185612,15.982947776428738,0.9979884398634681,3.261260990257111,0.7081217742614315,9.070722645254532,5
8.72936703819426,0.7300776325335889,0.2849819793297932,7.500311895957847,0.043494022731066125,13.180762903665743,8.444088043834517,0.9962196981929576,3.245467981631926,0.4828301623828077,11.445514645238028,6
10.653704480909642,0.21703380825858026,0.04230536468984883,0.6568707706037823,0.031547771790571784,9.943350820413523,76.60028466818395,0.9945868056593999,3.2022441811988345,0.5792777986178095,10.810837767107472,8
9.055137156394142,0.6914494322115271,0.21244912038776362,5.578770476869418,0.04330639360992098,42.483764068904584,6.0,1.0003344590227374,3.3751538210165433,0.3,11.52604470645544,4
10.172249028150796,0.633782457272739,0.48911335194400435,4.428791795074697,0.01882382350593299,20.667778976833485,47.65562479301241,0.9976574437262462,3.4719662241226565,1.2478000707318153,8.877318119495344,8
9.093127029465217,0.20648714432557566,0.21989258340493487,3.2169788767983056,0.02689936121691224,24.952547385945916,125.58954092865308,0.9954264693243556,3.1035805478780185,0.4373875103249441,10.786456474313331,5
10.588583785544673,0.5917223699703554,0.07761525255877169,1.749723554002473,0.01,8.831197655597899,6.0,0.9957667298788772,3.387646228136203,0.3,9.02499854821618,5
9.187826081230224,0.3848110341147369,0.005402545161275012,3.613403487878603,0.016910481073501394,23.18549306276818,17.349515413467465,0.9939698305872117,3.1745112076325155,0.3,10.5522687997343,4
8.133544081047063,0.1173677912757914,0.061528922230288066,4.895380402876745,0.01,7.620658921974414,46.08986622195605,0.9964680084928795,3.3572001451740916,0.3,10.24111019040928,7
12.1631390247597,0.2693190469327025,0.12783334099677515,2.6750561836774644,0.02392789027459623,11.533313739058467,14.480213055277819,0.997682349767112,3.351201734171756,0.4451019399150252,11.249349635132814,6
9.811363107875817,0.26117450111347956,0.02115972614024665,1.427242708551808,0.01690659185847609,20.600655261994902,8.741242617786945,0.9927609416729262,3.3725967488338715,0.5206436508459532,11.196488950022207,8
9.275365515707502,1.2034884792371712,0.15694452769460193,6.742359923665562,0.06110149479691759,20.572902423738597,16.399041054811555,0.9963774248999171,3.343756648426585,0.4529874774526583,10.029262292706177,3
6.130282491884829,0.14965506715049876,0.12552427700635072,2.091832090026405,0.06581321492803302,19.155755965406527,26.211104924033563,0.9934089185788015,3.2542099309557653,0.3794994346617946,10.326271279471925,5
6.109877050311987,0.23928056444458498,0.26130885353079003,3.300693439728239,0.03891354220042497,1.122687067074027,27.181493337693148,0.9954256115740157,3.2745759032677793,0.3497368313354992,9.926995014008693,5
8.797616319641152,0.553227452104247,0.312400666495871,0.5,0.06417063720048988,5.335167523298147,36.193640894621815,0.9962840305501319,3.5038279486396373,0.3,8.477451102473813,4
8.54738603620601,0.4340210201533413,0.5962933646401877,1.3204865896308822,0.04216212846223552,7.960475219884853,73.09321814511166,0.9963387057212104,3.316785628588495,0.3,10.421013031057882,6
7.255991639485863,0.35611909821744286,0.1319520731077956,5.660704732804543,0.01959188222660011,20.364231934990464,14.759081274097966,1.0002892351361559,3.391344239671267,0.8841872452935512,8.155692669795137,5
8.539670589340503,0.350884448056014,0.03867071729672686,5.364224702559264,0.03558656477741858,10.164771307076519,72.05728345899004,0.9965196254568958,3.2578739219152255,0.6479248745490784,9.483921349448547,6
11.000665777674113,0.7974867323957475,0.04892274664656015,3.587151863573332,0.10706197566132981,3.5606593978356083,132.08652799315868,0.9949862688659773,3.2950566695520305,0.5330986135576712,10.669336675529134,4
9.482184206735509,0.2105326545875308,0.44081392404295855,0.5,0.07355970052003152,14.457936101039655,38.39850315318939,0.994300450202729,3.456700136067637,0.32248185602999907,10.527910019938036,5
6.360285533420345,0.15999583387147162,0.18304472019707604,1.48593645323054,0.033800809218544815,22.29180782585059,64.53419092259621,0.9949883563562165,3.1608014974053553,0.8461933798152499,11.269144170554764,7
8.110434993856996,0.1,0.14314048760040426,8.849516124851588,0.01,3.00821584260878,75.66599039576082,0.9966731337319691,3.3021617826647516,0.8879063404579054,10.316859157189473,8
6.931556982550648,0.28162981891550143,0.3813055532307389,2.725021486285672,0.13428624383432664,5.114947333873434,71.33716648076226,0.9928303948634893,3.2748916975001463,0.3,11.55759772893744,5
7.640910142105446,0.12430597767668021,0.08354442333951609,4.760641846572158,0.028789255044159568,6.029498544995799,14.540257574123146,0.993826487254139,3.4806661221176456,1.0094714926885529,10.912089587923743,7
7.596853368429608,0.3235030132858925,0.5140411523789429,1.4435815564748407,0.08148340589775706,10.951906071703776,82.13864883338462,0.9965267265348067,3.548540126104653,0.504538942668924,10.699824943050482,6
7.488002509573192,0.1,0.09668617473749194,2.638416189569068,0.03269320600001648,16.099410794829517,6.0,0.9956674906724429,3.4085057788225064,0.8999293598771193,8.871591164559792,7
6.16626986764523,0.3196365114380911,0.35123057188547907,1.4597229643162353,0.09121494798124062,15.263925520993869,38.51191814634269,0.9968487597361358,3.515039715737727,0.3,12.09305472082709,5
8.082987041419077,0.5214819726612837,0.17566919274922851,1.9376280651609623,0.0431182051766611,9.23355458597371,24.657360811280896,0.9945547296423309,3.1500180209283832,0.3,9.196417996347567,5
7.346967017359574,0.4023946147141474,0.194631554645514,1.2533133126399694,0.01,10.620481424857855,72.3520354517198,0.9949310340172759,2.893024381101492,0.43841202807331026,10.673934403402308,4
4.0,0.6500292111852183,0.13079274324693352,2.232359271308014,0.025962242241982268,12.5444713520152,27.918473494775146,0.9979385435573711,3.363202891700648,0.3,12.377401330326492,4
11.790052441652827,0.8954326431292969,0.5088760834087134,2.320246730702453,0.04364093650738606,26.9748066194544,86.6084816407561,0.9971800478461569,3.419211911485782,0.3,8.354842703669302,3
10.150908412168343,0.511414746432032,0.07030893807844721,4.365006652273158,0.03924811674163198,27.13806281769769,39.309508815944234,0.9932661901330425,3.2455610090466416,0.3,9.958438957573692,5
7.660288767627508,0.4099901770171366,0.4005223591429604,0.5202428244146761,0.07347488877914231,22.118310993550423,45.319853181124785,0.9928460169362796,3.212929701206985,0.41855466509150907,8.0,4
8.331992384559019,0.5652197094472623,0.05565010585033892,0.848954635130713,0.04314505268997373,8.078845416751635,30.645969679444804,0.9941343595535493,3.35018747762602,0.3933122668038793,11.124822607600171,6
6.308187609560146,0.5245958096362939,0.014350464353092377,2.6662461927620753,0.03450506493159597,3.3972352448475607,14.106469037736682,0.994940810177354,3.5088703775249783,0.32482301453867923,10.305005298877223,5
11.182728892278472,0.7346123970470626,0.25460993781966995,0.9525008273088321,0.010073487773116546,19.070374398441245,15.693683998402257,0.9976887101704177,3.3485022454177167,0.7943855164884932,9.831588807557829,6
11.52539078111429,0.4310381191526258,0.15340616676266786,1.0583283196004383,0.12472504933036357,8.601617175387167,6.0,0.9937558499431766,3.4411913720540603,0.3,9.560631674257458,4
8.566379338019093,0.1358434606044159,0.1682067881518435,7.371681381922335,0.02500276609547376,31.553567834125133,14.155041135265398,0.9973274055611862,3.4322599533058584,1.0622706455957407,10.041879392444013,8
10.040002095115087,0.8656325160932388,0.02985641015493049,4.167550009577542,0.018253460861176064,2.370497047176398,30.790534437322194,0.995324555922445,3.38066799741933,1.2098852965206184,10.983825273038033,6
8.59798752418767,0.1,0.1535412954329091,2.239853578904062,0.011509080330627126,9.181752896498184,40.56739437386065,0.9957458841677068,3.4784196436104358,0.3,9.566404943508186,6
6.027566753910919,0.6913822052099213,0.08850240960186406,1.3856465929520194,0.016198199617701244,40.546865410631355,31.927718716321934,0.995210517703763,3.208439015088939,0.3,10.160754361307308,5
7.599900272761784,0.5561045800085872,0.6979214636167097,7.758539592635745,0.06867682094506507,15.711496763212041,69.19919986829603,0.9965997968443009,3.2117490951549477,0.36146567776678395,10.531642026567258,3
8.524277543512328,0.5668853208500307,0.28698966971211554,0.7023812488794257,0.01,4.896994179232627,12.60255656368723,0.9977824503580063,3.21541442664496,0.4883486022127684,10.027957235398631,6
7.527268878136145,0.4403854741018273,0.17928120075591136,5.1551332153636,0.02245011592604548,1.0,25.963021197792685,0.9947032674891444,3.3405409963510317,0.8382280129927954,10.591775274864613,7
7.92828942836044,0.23128043088901462,0.36028403624533756,8.08225798581584,0.01,13.921959939943411,9.670512372801898,0.9979923750040949,3.4978403229478268,0.6308242641643714,9.250317381517181,5
8.144620752234506,0.38190737701322885,0.12081952177434933,2.6810447353774327,0.014214206906013558,23.08011662432055,19.74441214779209,0.9975232913723925,3.4034934067330833,0.6828488926174054,9.530644839440878,7
8.162506553628717,0.9511986803377164,0.1871589846191459,3.446471439696552,0.017726115429345116,35.172730714972104,6.0,0.9954871921053915,2.920020934995842,0.3,10.25047071136557,4
8.388839433845723,0.5800308415116916,0.11685634763201719,3.5957479757883766,0.015884152139719325,3.191057214377698,56.63133395503582,0.9948293508929057,3.7538543588562376,0.33474488785596934,8.851045166265326,3
6.496971387125779,0.5845892140197719,0.09284965743884133,4.32228058087756,0.011466126681790905,20.388645583022715,7.820465095945442,0.9985243651547363,3.3728688841203773,1.5,9.962707050128309,6
7.08107254648251,0.9675141213843752,0.218924808888015,3.1388345238236446,0.09916745503464057,3.4164507054043702,17.63486458287177,0.9955052940822925,3.491461771833282,0.5168705702429987,9.970798581877544,4
6.116206748310053,1.04522549406171,0.35852346314734984,3.3955584642886634,0.01776897397605648,15.686890813989415,19.864567305121874,0.9956423409270208,3.3752031282807438,0.4355656070851432,11.048882155604002,4
9.962286434466542,0.7138603713465995,0.1625764732477937,1.3489840842052268,0.06611194868138763,3.658042038368477,22.16708350491547,0.9967579344839955,3.1068425866218408,1.2822652583209135,11.465160036940532,6
4.720400198871449,1.4482057667721957,0.0678341549731428,0.5,0.0204011135993017,15.426508571349572,23.219527904569574,0.9973875257207876,3.3907608569175,0.6171282642412189,11.545695902895115,4
10.261103583638773,0.5772303756971441,0.13506017500004724,4.92800875163891,0.01,1.8181712209112457,62.841511361355956,0.9984246185211968,3.1323479517346904,0.4317275703091713,10.645417071471323,6
10.656793975346835,0.7120968232501911,0.09017950478195565,0.8838824650172568,0.05757413955413196,21.164210222262195,37.50957579493515,0.9969409802908676,3.36211479436757,0.4057115213517983,9.04789056158553,4
7.786293002129544,0.822906859084135,0.11822735931168792,7.004534659977069,0.08006095749148501,18.693939385898798,24.488193015165546,0.996265090691745,3.3838165135313703,0.5903828570635615,9.260158695251834,4
4.0,1.010237184476486,0.09670311086161192,2.3489185730978908,0.01,16.872849060746784,148.75913765857234,0.9964205441539332,3.4603928555355954,0.3783997224715139,10.78132343396365,3
7.685772044655607,0.19086783184318595,0.29141334953120884,9.432739435888585,0.05271924183868462,7.303112338805789,45.86422909489973,0.9937718409173504,3.2518826516973993,0.35348906804380487,11.113025107432032,6
8.190886925809007,0.12528698554553303,0.8246216984587386,3.370779710594168,0.02503736047049805,10.645485545086471,29.592981779831398,0.9954535785434022,2.94938369652924,0.3,9.1537564407308,6
6.581983026120848,0.1447475952758147,0.11360732320926012,1.8380395457264185,0.1397047300031601,18.718128573616102,147.59211403715506,0.9942363119941903,3.27623594194009,0.5210413286613004,11.80786339680577,8
7.424128730525988,0.28309410958895437,0.17820350129001064,4.106115987988326,0.07469684620026448,18.376251565071406,30.888764031579868,0.9974889495409769,3.408983404972534,0.3,11.581426437558399,6
10.901331838067698,0.8425738387927192,0.09764357408430575,8.690370310321201,0.10948126131191994,37.113111553903906,21.830063021937494,0.9948305640740277,3.3175003869266124,0.3,11.873262089290307,4
9.43037617591296,0.3448284897214141,0.07962041834364891,2.818087564080713,0.02070503631331954,17.745420883160264,35.61609082230089,0.9980493547687069,3.304773914590805,0.5338433541132387,10.621076138521168,5
6.728241005557231,0.3841419206718338,0.09793707455148652,2.7145724205325514,0.11466156987538915,34.902731337298455,11.98907675755896,0.9951372501574507,3.2538067184132036,0.3,9.225098942284841,3
5.584081411687766,0.12541451335993964,0.007415345291164814,2.5401758001562094,0.06267950003134165,30.29050344245485,6.0,0.9947930857718587,3.428256363228896,0.8446156010207222,11.008274302924661,8
7.74407056006339,0.139414894320993,0.2872181827683868,1.809702487518905,0.03830005043515665,9.23362623676949,6.333570735803903,0.9946698837573911,3.5348316521118432,0.6883860393996692,10.291214073094645,7
7.937123475104256,0.2755496261844845,0.035390068290646996,3.159799284621001,0.057514324971562426,3.599997096682582,48.15777308339697,0.9934389318557136,3.286526332613223,0.8476424656505466,10.385519979888265,7
9.143538618517638,0.22179555376085594,0.2457684630635959,3.514408264461018,0.01127859576578535,8.351306797637884,8.78898338997509,0.9944961977536572,3.4297881332390143,0.32502830930230636,11.71175173479445,7
7.38996158863498,0.7235082593432153,0.1671238631479073,9.323582983541556,0.038647427669783845,1.2806006890978074,44.84370819700498,0.9946700776322259,3.454348981235341,0.3,9.844908804169973,4
9.169549278115165,0.12473504922542232,0.14904652055973613,1.8398669363175986,0.02482021524530354,7.638283288754852,38.418373722196485,0.9977771879907992,3.1919779425510497,0.7503099277377726,10.704712980654849,6
11.58976186810239,0.1549373022794514,0.2971869723593105,7.625592985566648,0.0810189764423628,12.132212288841899,51.50223652772329,0.9954773635816949,3.1794432301172764,0.9598324052336848,10.006836652930948,7
9.686351738155247,0.5232573883759989,0.23171241638096843,3.6716296538397377,0.01,16.607424730834268,42.24723909062459,0.9956535997286349,3.4748795171886453,0.46832612669506246,9.820957409839687,6
8.218249537537687,0.3485040013336948,0.2823056717679178,4.133828215796238,0.03770942489445025,8.639202310437833,19.409536876044484,0.9952697564841245,3.19929177309035,0.8662140871403827,9.739866675882517,6
7.9886441992094,0.3256704916298602,0.2764570549049113,1.6250770651002449,0.021894258089749624,21.880062820533343,155.79536202532597,0.9978636583192714,3.270479916140413,0.6809448711925902,9.617929325764722,5
7.69365567189422,0.8352673343640085,0.2745560634497487,2.378596287172257,0.1228918734394102,29.866873195611717,19.39205311191062,0.9963100873188293,3.368129908936565,0.6815944110466583,9.263959235949848,3
10.307089551168646,0.3333348343166017,0.1981726410392974,2.039911981021173,0.02862976594230446,20.07687193168448,22.477117203761594,0.9943470381004227,3.1713660154403573,0.5817157123354822,12.417995467477338,8
7.233567141882785,0.4281547099275024,0.551775603317845,4.424344741451771,0.025878394162379154,22.564675776778685,20.316915240452644,0.9936409652799357,3.2855837341370377,0.5852197853088761,10.41226956625661,5
8.376878605299972,0.27779848814317687,0.19385634764791812,1.156370899713209,0.03820334667722499,11.918800574125624,9.026896208763628,0.9950674752858043,3.361387722555429,1.2068483179680556,10.835850972191622,7
8.387036433197846,0.38495925909786877,0.754567468634508,1.0999502820045326,0.05885187014963839,29.768256241008952,20.5930506164368,0.998179489493364,3.027648206055625,1.5,9.777770224194072,6
7.446966872220396,0.7405529815983192,0.08245583378954155,0.5,0.01,19.2064887570959,74.59757986733842,0.9957334189296271,3.322877510317607,0.7556253853024816,9.430360006267621,5
5.966808568597029,0.3057365844772417,0.04900257424982426,4.148630542609334,0.01,7.71630894301019,14.604256897040134,0.9980952267596795,3.10227048110924,0.3,9.662504787501284,7
8.849056656150037,0.479187202904444,0.29903309643074355,0.8654871401394338,0.12339678204653312,29.518143299859506,71.81492780760614,0.9990955849628897,3.2377137196413384,0.548397437554978,9.621000570718742,5
8.19629324784585,0.3091572889250687,0.007903829448459219,2.616350044365806,0.03980509921327904,3.2098436577415392,57.92676718031317,0.9995133206776949,3.2832052625068275,0.3,10.536410226074148,4
9.15040879804217,0.1,0.3226154020007122,0.7337958481350679,0.19324434127847012,13.88503448243399,80.78637592769152,0.9954198721006511,2.990917490655114,0.3,10.228439041665757,4
7.392879479053417,0.2273960321376421,0.025674115734964687,2.672830893358861,0.012942439513343968,20.065706310344567,59.836514801342695,0.9944774922607936,3.2496358892905426,0.6627730643168253,12.172478622128098,6
10.375396207982181,0.27146699099902305,0.15183353566879987,2.5504554958598655,0.05307021662921918,7.526972267204346,31.415804602998016,0.9974062356504577,3.0879997315153105,0.3,9.599039376059475,6
6.809484571939865,0.42531189933874525,0.32125158790374425,1.6936579491703174,0.040378873661121285,5.6475287731450745,13.834213528252,0.9940144829312241,3.08717263399678,0.5558391784385552,10.892831093113697,5
11.210468482830418,0.6381474087765379,0.030103683046439796,3.5318144625748458,0.09756665428689033,32.205221747440106,12.342662395373834,0.9960260473251746,3.2992885051068,0.390870896923082,8.31088030676786,4
5.329017933291956,0.3585177691745182,0.1366863816231139,1.6096157626006322,0.01,1.0,33.029340399978274,0.9943846143697351,3.4562727186857622,0.42997848559422,9.925299042224108,5
9.039109109746716,0.3009630201198044,0.34396110747635783,4.8457523114967405,0.12401504045331713,1.7773730636390481,27.058128316552693,0.9952385522757488,3.418343739215411,0.3,12.964614818663419,7
9.10823216029526,0.5056397531227013,0.009377674744985152,5.662719383932536,0.03699298083160477,23.11214298158956,60.71555315132248,0.9958209665638448,3.200002181500336,0.3,9.132993971463616,4
6.947552984500501,0.41028081274629163,0.20108166538190256,5.897464766234623,0.030914487863669828,6.095013096741768,64.5248024016718,0.9951670059910341,3.1295720206095816,0.4536678889507961,11.192720902988455,7
9.021469694363722,0.12368932800237159,0.09764373701065522,2.6497561454093974,0.0521943364921401,7.217115483951902,69.06983852097366,0.9973299220885882,3.2728226288848306,0.5701392654117692,10.799023079189803,7
10.475181738592271,1.0655247040438527,0.44687796976918565,4.007032321065918,0.029498828430045435,5.64137365281118,27.40054865730654,0.9964297448147391,3.4175140954520593,0.3,9.993799245987859,3
4.531407973098091,0.3189128401545737,0.11485252274882132,2.642580942261347,0.0381164690000291,5.787823625239131,61.55279461538737,0.9942457360274088,3.3707451372905193,0.5785893757719817,8.916875867483384,5
9.154666172734386,0.4102362831186792,0.83633893222696,3.678862377007465,0.08751756864922397,10.489228873789816,31.067723250435964,0.9944045066798401,3.1503130184998094,0.3,10.073058314242903,5
4.061439605438869,0.1,0.17776259315104712,2.7478760078924176,0.011184281203524004,36.75586958976908,22.18690995329608,0.9948313293518225,3.2361394357581035,0.367214801482626,9.637202130555561,5
6.658369834010547,0.8701478520149368,0.15855379528153177,2.963460661108231,0.050710748459519873,16.31382925030329,64.21381003962593,0.9983322475681132,3.186266408802801,0.3678639918344483,9.391176081812262,3
11.069582820331608,0.2852492447583412,0.08967119425731528,7.23619963520426,0.052184644546820355,18.774788656284485,63.27834376706023,0.9973162386921431,2.8882236881841195,0.3,8.335968784457341,6
7.310970543233509,1.1426256522207812,0.11955035289802751,0.5,0.12920297528581137,17.16289274576309,9.719026131175154,0.9924224333124083,3.464542675281285,1.0434939165727206,10.259122650513426,5
6.304404060504748,0.3950957084552099,0.30491918953038216,3.059672046793456,0.02402949288241172,1.0,59.6069629690761,0.9965422342726387,3.3842492119767593,0.5435419751837933,9.695308430983138,5
7.963505860726041,0.6110697892688413,0.12969863774733853,3.0441115799597,0.020602907815975905,8.087386646346092,13.897512300376288,1.0005242290665415,3.5273522338199235,0.43156267355103944,9.314971278826595,3
11.81544077487804,0.30726243234442363,0.08565388551283463,1.565824285625897,0.015327845361033508,17.87667745306789,43.02920519299296,0.9965679768602652,3.506306990710089,0.7930320938813792,8.994412136729126,7
5.186140179749756,0.13311444374168077,0.03440597858187563,3.92608353688437,0.1121694037711252,11.09310517311902,31.284304282351748,0.9958571234764686,3.3267679239059964,0.7583790027969497,9.644020930247168,6
6.512773150213115,0.5518312784026358,0.10730675829374729,2.54066634615186,0.07755250898306533,3.3104007359919367,35.648739260848934,0.9948604932390391,3.454154122156894,0.3,11.025646696842315,5
10.845633861405366,0.5475839834407988,0.2911154537931017,1.729574788428919,0.045877222555198244,2.40444403793739,35.521575745383544,0.994206484368662,3.2625660101840266,0.6292866081079919,10.650854090438465,6
11.458093984014145,0.1,0.08410459782596309,2.9393821331921153,0.01,5.523963000831994,55.0747611904234,0.9964759795987436,3.349287666171956,0.9007755279443623,10.553873975426535,8
8.124166918706518,0.12040834099542026,1.0,7.517309541963975,0.04831587876501339,7.733645049056493,31.73378958369102,0.9923707342865914,3.2212669735805353,0.3,9.632486689174348,7
6.1936104057047086,0.8570089861852747,0.5091551304787912,11.490237210985727,0.01,12.780071575228668,60.85948014398197,0.9947885102063739,3.3027216409638265,0.3644210055178261,12.080404917680413,6
11.86293395307557,0.2868018560909999,0.009107267566640714,2.226965401389089,0.06125854256085629,2.6752857759048596,50.12527040946814,0.9959425290339267,3.3895446011735353,0.3,9.787231139818022,4
11.010552065973634,0.6656044444610908,0.1256123795493221,2.041993956753697,0.03011103135641162,1.2199604083659612,76.3980380859651,0.997991965539314,3.398005126589596,0.35906244922782715,10.740710654598365,3
9.454209879195798,1.5,0.10242950809820676,2.5231691302570147,0.01,10.301594789824549,36.55400935577096,0.9932559056724297,2.9556195362326476,0.3,11.414518054075256,3
6.918916006806387,0.572692651407523,0.017337695563777393,0.5963609059784689,0.01,14.905298005336082,10.76333326351546,0.9952101051909107,3.429055322347316,0.8321189990123083,10.16589436725892,6
8.216650120575338,0.4001046770212755,0.10638555209584774,2.3178597562600185,0.06293317493079195,4.700536966222965,44.57094273847419,0.9971246998180784,3.11998904666067,1.0450721148643973,8.356080504179623,6
8.027387862223788,0.2251481019518982,0.10572515910670059,0.5,0.1337653844166642,10.913234710290352,16.9794471894736,0.9956507069888857,3.2217732942027255,0.406491424540904,10.852381607008232,5
8.862447217846483,0.5069357642782845,0.3167053056442062,1.3155519063193586,0.13671632728272723,27.95394439909888,6.0,0.9983315290342555,3.0369798563551695,0.3,10.629621529917653,4
10.766702444823272,0.5499398371690504,0.3800831482078047,3.6958945852477,0.08022414662514839,4.527697354904497,32.345370738906716,0.9969838976561112,3.2032765764216813,0.3,8.856635637383743,5
9.795008969933587,0.43336161193020495,0.3239745808976549,1.148463143695181,0.01,24.489855364215128,109.77471100233066,0.9945424364118451,3.5090886636346124,0.6912834137738216,10.718581353279037,8
6.4684606691259114,0.6843402473537928,0.49692711071946694,3.2204936304344,0.09076934385440308,6.443298878214361,30.606580279812153,0.9960483834626309,3.356688308407415,0.3471809886033169,10.289024305343663,3
10.640043965033215,0.1457088345764906,0.17516006785118515,2.058217830356676,0.1497812983926288,3.0905064809561495,56.00931240455417,0.9945449033340689,3.320892778097556,0.3,10.758157827811969,5
8.832324638022365,0.4395147716237912,0.17469371037452538,1.5846555635367563,0.11129217793175732,5.602094469223166,30.234672687256328,0.9958563023959147,3.590647002202331,0.3539404636784316,9.006877339579228,3
9.468011852960158,0.40145781885390286,0.3001902717193126,5.020011870916216,0.046143475858334046,20.594760558614976,77.49807721454538,0.9963176975492561,3.194075417976962,0.8510542755154198,11.175731816662092,4
10.793119460773624,0.2554992177860503,0.1075152051455932,2.818583391049201,0.01,5.955004411022261,88.98206307912531,0.9972092024556146,3.3359905467158706,0.9745629632419871,9.822707314663925,7
6.410313575826963,0.5404786303884127,0.20844870611328875,3.5660675370202917,0.08725523830431564,23.176099654418273,33.80823352735946,0.996375455049693,3.478907354806803,0.9876802334801026,9.375712436734709,4
8.239096516199014,0.1322578300573281,0.19951002833610493,2.042598380270654,0.03258889820444327,9.53605113888478,66.01197526952268,0.9938723242236572,3.437365266706905,0.32609195349810466,11.167552838968527,5
7.396527262689335,0.21298654037994855,0.23648215076907486,4.546397994613976,0.03226717792224852,3.315670382652667,7.618218398409614,0.9924643781699171,3.398141869380142,0.36224072157882803,11.25965393337728,5
5.634638976878726,0.31268531268675814,0.39852322637807086,0.9399795417059049,0.03429060727403349,5.478227773128618,22.119645078535086,0.9969384824600946,3.469373370396719,0.3,10.536582400874432,6
8.889406961928364,0.351935684744964,0.07303921484578572,5.831494317668187,0.034790171145709585,12.308504728246557,54.246611684344785,0.9922099252099134,3.4353568427418506,0.44081281435365266,11.036019452827146,7
12.569646137693521,0.5608449899803674,0.07570080620346052,0.5,0.01,6.225592037984882,19.878208341253597,0.9962962168911803,3.3972454805805956,0.4075419788073053,9.840713286085272,8
5.171867834340221,0.6040273078268061,0.7731020292797547,0.5,0.023736780876483333,7.71822046232699,31.223818080449803,0.9942967883544268,3.119212583351571,0.7983498308243016,9.896164394395681,6
8.245122961215902,0.20726274211921084,0.07308640275326796,1.7047633156670887,0.1237394727650516,1.5481183910417817,9.423427853933026,0.9959331336230672,3.310709208099267,0.5606924674671847,11.660008062452516,6
9.388922989627115,1.1360155832657313,0.11314915638983526,2.0256606868331777,0.033703049438103656,9.39711894511564,103.08935449227677,0.995702384668475,3.46122328352685,0.3,8.008139004325619,3
8.509232942815508,0.5367879718344079,0.25685458937245376,1.9692507274020796,0.022214522527074294,9.790565357591456,72.07690623138903,0.9965197893718296,3.1976043470277857,0.6495963046854348,8.287722020150087,5
8.107682310723241,1.3643978677374273,0.012026009416089707,1.1544591362402379,0.0128210843198956,3.4024407337369498,17.058571477042815,0.9959811674248644,3.197400661288077,0.4313574532128256,10.085262010570107,3
6.0913321821421,0.9959850357630822,0.09767767550288732,7.818724339108197,0.012095412249836427,14.723216750732167,10.809903308901756,0.9971860905403652,3.310029099813505,0.9186603730222039,9.817993558335266,4
8.695737462998279,0.261074633089323,0.0472836624442609,2.436079087791825,0.06320139524950218,20.690083911152932,54.08286281796373,0.9964272294408592,3.461299828800948,0.3,11.561393606841133,7
7.013501239072926,0.13168172062121114,0.033047040914307095,5.9102275946926,0.04493421328409695,28.167848817664215,19.50500460201448,0.9979740044239688,3.1777570212859176,0.3,9.952015284134248,5
4.57713310153646,0.10182352565876787,0.39213617891560876,0.5,0.040838283761790044,12.537631795048878,22.752250294609023,0.9950769973165536,3.19224773884792,0.4486542520290543,10.621994592042325,6
10.330806774873343,0.1,0.3255301940202779,1.2071493010792398,0.06135336620063351,19.081396989531758,16.199527828297764,0.994019203961688,3.02259702594666,0.6670502588624356,11.254015291063663,7
9.929255893731472,0.4847677558585764,0.060332527155431186,0.9444652641440906,0.07781830335064963,18.883788684553004,40.699166503566566,0.9964401722186077,3.180712497653363,0.4990937290035309,11.328198308685796,6
8.387823660646836,0.24372015157395854,0.4068134852205741,0.5,0.035818701208171426,16.32626254298935,33.78494787752637,0.9957991266978075,3.4180611306009823,0.38810716203851486,9.268588854072867,4
8.689426969949695,0.630042484143774,0.4286973987333986,3.001410898826629,0.06925113983318874,15.142087879829653,26.22942299495577,0.9966392705927147,3.1797743994966106,0.8148623031412555,10.774190838231357,6
10.126340621616455,0.25462983470076245,0.4970684735607492,1.6573951706662284,0.01783884211778024,2.7758002059725047,72.13236414555472,0.9958573773736963,3.1422328051376414,0.43717670342389153,8.647946997916048,4
8.681377416522741,0.20497996745145478,0.43650812182714316,0.7200024436172627,0.08716052156547356,2.9416606441221846,31.9667968503471,0.9978178059280477,3.2463794457638455,0.6437388678361151,11.277778102305236,6
9.836829843094236,0.6027735299333554,0.2129609684438958,1.3087331154031503,0.02877711241584995,21.201952052409062,28.312112527808022,0.9968181044159137,3.243327956194527,1.2952319867587248,10.01713571003287,6
7.794280258514456,1.5,0.11054315917805273,4.054932930145192,0.13570871911662866,40.22963901713686,33.72156156906926,0.9937853811758794,3.4206883158816552,1.41224984673917,10.944337079936469,5
10.53037235557571,0.980254912254968,0.3231369000953446,6.653366255401209,0.03277983662581761,8.069167568374032,33.30179036969423,0.9952415229488345,3.1158115749803112,0.5460955509624992,10.06080704388661,5
8.845335734085563,0.6100611669097786,0.12014612367945227,1.7054578997888523,0.01,20.155015555734654,48.88332109447128,0.9962625152859161,3.062183474679449,0.3,10.047771523757136,6
8.629888304129986,0.9143629782532591,0.22185156567437672,1.4462337401457626,0.04549902059792997,13.071224045776283,34.89947545359905,0.9952454738717351,3.468116540468269,0.6681387839094373,10.752909090291801,6
6.140896149189546,0.5648715528664057,0.10568755274247303,1.7991627500513847,0.030857997711249516,9.751893649294214,8.506697885101344,0.9948661621637248,3.3737973159103896,0.3,10.678426969319167,7
8.787824952312906,0.1,0.1583610867730408,1.3772518200215718,0.01,19.14040772135698,13.939485983651505,0.9982758764415712,3.1195066972977537,0.330297493822007,9.761197919644683,5
6.885676640259434,0.6921634116260903,0.04505415523036826,1.460167542603235,0.1406683179357421,7.841609715436756,32.926079506250026,0.9973356164306396,3.471849657955619,0.739478589633079,9.000984593176833,3
7.214919364901561,0.5955146067501437,0.30615920574568384,7.105354655690563,0.029340587582198693,16.733670513996298,6.0,0.9946469119277666,3.002488673659067,0.6815727243948704,9.87363024997571,4
6.913861431862594,0.7917823599439132,0.23383102111760043,4.198478538472975,0.01,14.518423504054084,22.195465003563918,0.9975906179680859,3.4380404427799887,0.9803521128915043,10.628986069153035,6
6.487400615771318,0.2422127853012326,0.028348811599115595,4.668277210981744,0.030249406590971657,14.001564871912711,45.82053150522004,0.9974143922480194,3.468536924502415,0.3,11.636842321652233,6
11.912111385128835,0.8770335685368225,0.12103386142139544,1.1356947319832065,0.01830030377095061,25.298126555627626,44.57204260957552,0.9970465892067959,3.5278211496122864,1.1119068685178948,10.100530793686522,6
10.563276405380286,0.14355218183259347,0.3558958736145831,4.024881496060599,0.021503183164210838,4.746295639578939,44.9410850231753,0.9932387222848532,3.1209452482584026,0.3822160624986535,9.493635499819106,6
11.564624753645244,0.45860494884400277,0.06057748786112069,2.1246987616239434,0.04955504546766566,4.782034572666289,70.20093826498241,0.9962695839413933,3.2951836705132966,0.7906303668528638,9.115505973938038,7
6.221078466755542,0.4062243320792922,0.06280271344857014,0.9972285090300064,0.015321118626112601,9.947474813924902,35.14845925089232,0.9942162284944496,3.07773870882208,0.5593218160324772,10.534694033202818,5
8.421131374848517,0.1,0.1347198918228197,10.236427700495405,0.0772474974139527,6.173959092552526,23.34809617251225,0.9956322363651787,3.5128435568362697,1.364207189522316,10.014851742772297,8
6.101037037153038,0.2665852659669668,0.08479187986050991,3.441473234424863,0.017662330232310872,10.675728718091491,17.150836542593023,0.9980226537809139,3.400391080837331,0.771016111746556,9.7685374326225,6
7.117318708764992,0.5894021227081452,0.5639759630073977,6.976508483854918,0.01216241874317093,8.168088896455982,27.606693761385237,0.9952783231331216,3.3127583568159946,0.3,11.891467546016592,5
6.739184128191823,0.2725798181856224,0.08439933864855309,5.392938137923049,0.03830193168408838,11.674683258483622,66.63478526943874,0.9957105009605929,3.182998586758594,0.3,10.735038855045396,5
10.407292810950654,1.0678550827860132,0.09781601847338163,0.5,0.01,21.83459735803228,26.33978955071989,0.9934503518048698,3.267308629656671,0.40888026150377155,10.801224549589822,4
7.626409547227009,0.48635853073510094,0.003197564768925355,1.164266643935076,0.030259962239926642,5.404538914443216,32.11174897958234,0.996242254556418,3.3046835497012808,0.7134790585844896,9.82214931128995,6
10.116244867279828,0.33379022858448465,0.1300238262745066,4.015564972707109,0.026417541254851656,4.816832061440369,99.2155695739699,0.9985173014436447,3.480397596618821,0.3,10.284228738120028,6
9.327005512300481,0.8802687045607268,0.31934333693163836,1.9593815857935835,0.023433338704435234,16.52798917321227,24.47094728543447,0.9997320898267232,3.407352191796054,0.5730028980502502,10.476220048692902,5
12.216185878578141,0.2932302275227811,0.2968610573667279,3.485079590726728,0.01,4.326121686741241,34.96190486831927,0.9976444902766743,3.2499021960462766,0.3,9.806163445914807,6
5.78494482066247,0.15575543295014582,0.3091861822841444,5.281192567260187,0.015287779592683893,32.1411345041044,14.210199732959058,0.9952377975340705,3.1819287021063847,0.4591503090286319,11.138053855049774,7
10.440696507637558,0.6227464168862,0.27815148690214586,0.5,0.07784546935964386,26.107496259157827,13.316384867535088,0.9968424669226142,3.367999132795717,0.34705735651614217,9.75888705014904,6
10.248949479681238,0.12962529553267566,0.6450667123294425,3.2907677940262388,0.012185933798405737,32.648600312418935,21.21364544310477,0.9951583382877771,3.427124956810782,0.3285486882527387,11.436313227903616,7
6.645255975354042,0.2769159940250902,0.2170230999633511,1.6462410313248865,0.08997595776184984,3.766190153465705,83.70315712943398,0.9962882803283803,3.460805043682988,0.47010065420039865,11.061359332830566,4
10.012126672004372,0.4244957518880166,0.09555704705517183,4.334890285220559,0.0652969553448772,13.175988149252476,52.39522321927104,0.99693193832814,3.1703191019694343,0.5705781978341506,10.887283424414482,7
8.87144643714459,0.33059651889235303,0.10293164300624995,5.905579568292642,0.02692287376076538,4.860304918656798,37.88639800937539,0.9935202209227479,3.249198697322916,0.3,10.408258772969695,7
7.913290358079207,1.5,0.12482875950392114,2.4311952513204997,0.0919573353986304,34.3034696874693,25.39034716584744,0.9973771116041789,3.403176531984619,0.6157116184472542,10.2239568520815,3
6.899309672147601,0.569139672163771,0.07551214087233236,2.19460786288104,0.051518255488877764,10.44587228309692,6.0,0.9967680190845634,3.2079838503377753,0.4218696975403707,11.358911164913938,7
7.077513932536385,0.37723403641075803,0.23598359241942374,3.4374535216045343,0.02798616831980444,13.82636373300502,10.057979578657562,0.9946551336408166,3.341706559054569,0.31915369648052233,9.959207380523615,6
11.784680562836074,0.24833944671819416,0.10940546264306138,4.281845669342913,0.013795938261431122,8.09563898452325,21.53817235966635,0.9924102661302412,3.318744817828628,0.7079770318667143,8.028726176203854,6
8.301160792227721,0.5335789573163066,0.4194015495512289,8.95338203366345,0.03216852995771025,17.042038061994955,67.25769102252082,0.9963694228011561,3.204096155522003,0.6362927298093539,10.052622225990982,6
9.629621002603482,0.9057764011664997,0.043447194389158575,8.6133624562137,0.1160087796768727,10.603166648514547,12.261941534023277,0.9972628505242587,3.5072320159898966,0.3,9.94351970806697,3
6.95547105116516,0.1,0.01187536690361808,5.489874741825259,0.03165368189493225,17.201370199420516,41.502598262188584,0.9954056113658626,3.2949369828050683,0.3813251904582111,9.658512459801761,6
6.974249991423215,0.5234062102449085,0.1053993745219478,6.918248642479774,0.13905881740433787,12.596745590475368,49.78106410302821,0.9954158776469645,3.19246109529607,0.3,11.326358586984547,6
10.139374175724903,0.36027983255628804,0.014657506465491136,2.3976412463223933,0.02119262479285324,21.98716953602687,40.182922479252426,0.997009941993904,3.441306775059743,0.3,8.881225345894828,6
6.005720440362396,0.7172237507450621,0.06700933340337618,1.869746691429755,0.07256788170026904,19.412837427816374,143.90645436027177,0.9948524063252054,3.545124324848421,0.3,10.092204842483605,4
7.594136594561039,0.4284950060173806,0.19469881841997538,0.5,0.1146300397323641,35.65767676919775,29.64549611903196,0.9972350703722265,3.311751718886836,0.38471996643103457,10.292078372189582,3
8.357846598822794,0.5832636499953407,0.024340887190340787,1.4636117772281452,0.024808388277226985,7.427554321052821,18.20749786747554,0.9955030296852495,3.177504400686617,0.3,9.755528058441667,5
8.48933342312809,1.4233960574208064,0.18011891522249449,4.0416394793530594,0.013980519386794094,22.488798780749843,19.06158732780652,0.9964095247802955,3.0967433041013277,0.3,11.299219557476672,3
7.995541415472535,0.7338642319903161,0.08715541521941512,1.4347173893069773,0.01,12.184224238905347,116.80894490685093,0.9966064446401045,3.2891326434391557,0.3,11.995164564952553,6
8.972893627863069,0.3289266792801454,0.2761862038786213,2.7825708638585325,0.02813111371160889,20.506821095670304,10.5979489059402,0.998811533372736,3.668692567275569,0.36831477178773425,10.496472917334478,6
9.47785478489028,0.17677635791520585,0.03136863980879656,3.638475808818681,0.06055979091477907,8.32008413961116,55.726156052396405,0.9964940451927256,3.3782033615511473,0.38212938887313325,10.720727246697477,7
9.548883827280862,0.36101817672190295,0.08715569560701342,4.4117119722544516,0.01341002507332274,4.3380122525313904,18.471731652442436,0.9943679683369798,3.1963197975915048,0.8616180979010021,11.076881052621067,8
6.624133525264695,0.17929104586442562,0.07351336150305403,9.905257301454533,0.01956750864459414,17.211886915653643,24.397211020203997,0.9950432827035219,3.270331797109366,0.7623210022781968,10.608825505024589,7
7.8169363335210456,0.45749492358245797,0.1954278986228819,2.746855516032288,0.04502168605632947,7.660307565693612,10.532400635457224,0.9950379305384706,3.176426061748943,0.4288850139791098,12.212567741809305,7
10.331096865190794,0.4585013681525608,0.09667956017568125,4.212695173928751,0.06912994586224133,5.121585781391602,57.210353441758606,0.9969309014077516,3.3443054278469213,0.3,9.994091132781207,6
9.820900218875584,0.10695535011180513,0.27054069875292625,2.0120516346298136,0.04431074664231963,9.61559204826362,6.0,0.9958944307453221,3.065711601734864,0.3,10.821490185602974,7
5.966138932482192,0.44818532652626486,0.20028233106931675,1.0021355612845428,0.012465396202589138,16.80455556848299,82.06747072100795,0.995983475845431,3.3556271229972694,0.41088856226684134,10.03658268900525,5
8.897515830598744,1.1474619011846188,0.16018143248528918,1.5990722097550985,0.01958666358443719,36.67435590226075,6.0,0.9981400400434678,3.301330610707445,0.3,11.683870861549078,4
4.937017076062823,0.43604815631306454,0.1277497712559578,2.2975797843896575,0.013759517230557131,10.457231839154218,12.857998330779619,0.9975811029225097,3.537175441700244,0.34299954511551217,9.52898448214227,3
8.379789333502629,0.30105161886337634,0.593273258643715,3.629015080787542,0.04115468672578993,11.566608538560168,15.230583354285264,0.9954841573800545,3.37775961404082,0.5228398539548567,9.52560123293585,5
11.526203928468162,0.6942858261364871,0.17840702530888064,8.721803468734578,0.017382497328973963,10.19251853026395,62.937310319037145,0.9991018189277584,3.4480845814386663,0.4198931652507379,10.427032363880977,5
6.688582380642724,0.36717300801947994,0.2291120883108914,2.5734432070742606,0.014540172123731817,10.029278003338849,74.35123863723834,1.0000611851244066,3.4110690885643864,0.3723631308571662,11.881714173738926,7
6.881650822664311,0.39041596813877694,0.2252657924477466,1.7489640679958505,0.013773759253751823,10.075358379049117,64.35013030948049,0.9944809952610882,3.3318587133467195,0.3,11.928545962094747,6
9.598850628673862,0.8802993684052624,0.09769772014995144,1.738742991890073,0.12892222555110822,14.181428443753747,22.434115750584844,0.9950412749422162,3.387928707410168,0.3716320131285469,8.704128551009882,3
5.677237424143603,0.19061958374740426,0.011588208041306385,3.262831949090341,0.04338245310006569,9.449736142623399,114.02082918786982,0.9940542339329296,3.333593441577644,0.7897803338236251,11.392303012073027,7
7.224316449195435,0.7812146934553322,0.5571784206637015,3.202164033404612,0.096547472674527,23.08153975676231,49.85368381002117,0.9985367990658809,3.124699742167877,1.49644972713347,10.51622696660193,6
9.31394993388898,0.10127883704565296,0.11166569872220379,3.023521028144533,0.09025389937673778,14.36532959481109,45.80464104868936,0.9944608051632047,3.383464834339154,1.257842233867281,9.899947836120415,7
7.221714058928016,1.5,0.21924585529801602,2.386211596031645,0.0929568805427383,8.622724639894674,63.61287005189212,0.9950994547149077,3.269801527655333,1.0380024261856202,11.817470236217764,4
7.898851021741349,0.1956260591552666,0.582678316212066,4.564701742052591,0.07919376013427758,15.33361258046412,25.495050131138527,1.000310225990189,3.5482475268765827,0.7494689103918107,11.154996237656299,6
9.56511570753556,0.44293939975685814,0.10134715579804415,0.5,0.1408758955135996,27.32110446244115,59.211910701162,0.9977147022036332,3.180399699690669,0.9506614623913545,11.105014136825263,6
9.016628342012154,1.0276135642276545,0.13595942927583662,3.999802828092839,0.04216067328873588,26.084613091991972,39.815699605174814,0.9955255976098695,3.0960033901754698,0.4672336851477759,10.806650578203994,5
8.753591273702185,0.10403110201857009,0.439263980659911,1.8732635998471765,0.04310477968047895,17.528362429486677,86.91887785100663,0.9959446492290119,3.4220632356401364,0.5653714238439191,9.979279052941232,6
7.723492125240935,0.27326830282342424,0.09108812327963348,3.5124000104025166,0.04459795725513397,33.95691369676301,7.775034212377863,0.9928136586707684,2.942343232119698,0.3,10.595050370815706,5
8.929103895957224,0.7388819624592178,0.0483988543104143,3.9246105282959833,0.01,35.28274734438598,25.790806242838574,0.9958836506613552,3.4410320890262556,0.32776180720920967,10.7199218881022,5
8.089654443830414,0.1,0.022192887752583965,1.7143597558150363,0.019352133916060252,6.739445727557538,8.163403658595774,0.9964153717006387,3.445017727732084,0.552574408765892,9.335997615650799,6
9.078269536873835,0.5932637618661787,1.0,10.854259518852924,0.08191256916548835,13.565503372459611,103.21065234548585,0.9940650169159879,3.250052410116632,0.32375153934551004,11.081757501885331,5
7.455215557299438,0.5316986398260491,0.5322711437137482,1.1466753730880708,0.028563394203421712,34.56539692684515,53.34123793805066,0.996404908864005,3.2604812278120687,0.3,11.755239838751248,6
7.989632743554781,0.1,0.3102405129364962,6.41733001617432,0.08071198647242515,8.498111250233839,47.99912484462051,0.9996940860855168,3.1411233708917776,0.3,11.825729162624043,6
6.617071752661577,0.1,0.5675662162086877,2.3684035652287814,0.03168310513140249,18.164490261124115,42.35335563600434,0.998647503458662,3.1883183024217434,0.46980507315752357,9.535523203544152,6
8.2404870629894,0.1,0.16036253453291868,5.069346249713988,0.11497014971746419,9.458563742422234,46.997794178108094,0.998839761775122,3.3329639314320616,0.4284779583253932,10.121136570496924,6
6.921298531830964,0.5133479200583617,0.11617656596161928,0.5375557269719935,0.09932653192286912,4.94194301043863,35.64408918125287,0.9954703751117989,3.3887831513084947,0.37863660186742915,11.191288911002514,4
6.406121034724612,0.22242679537059293,0.12463000608279518,3.792199561578017,0.01298939538886658,7.930501468670686,99.06548417090137,0.9952997250672483,3.246570976069291,0.3,10.27578562759395,6
8.739723951354161,0.1,0.5052332579144496,2.5213139742236708,0.01,8.244522169839678,76.5685050020585,0.997052848334074,3.2325490525382645,1.5,9.778467476958465,8
8.661657618958023,0.8202868557447023,0.06938086803177522,4.0418940580659655,0.01,25.022937282626113,16.92182995846819,0.995033901989366,3.330112025366459,0.3,11.599549990559836,5
9.630885349412575,1.081859557238213,0.07097405827816108,4.02757793846191,0.01,29.573979318991785,29.429041928704017,0.9972764956709996,3.413684259464553,0.6498704589963088,10.220084066526988,5
7.567086531722333,1.0369931089578353,0.06991471581644837,4.811910817426233,0.05130864814948309,7.144680925827693,6.0,0.9977510959914695,3.3132232637050687,0.3,9.012484856464608,3
8.993689839622485,0.44457458164530617,0.0015436040822152703,6.3309822277792085,0.04770127360349075,1.1713308058895382,58.06052739245463,0.9999450104911266,3.3632297494133194,0.3,11.185542704673187,6
9.236355872865229,0.1,0.1209361575389955,7.520651235133997,0.048300906400472736,30.64994190355127,40.077352197472614,0.9936361825760713,3.2689250924525806,0.5251191598491394,11.494318426447096,7
9.056115473313712,0.1,0.45228828612069305,0.698492455101241,0.04161409139648769,3.1185547533256948,14.864306599258232,0.997895757030584,3.020886125484979,0.3,10.04912569947796,5
6.896388739236359,0.14403802259191964,0.25081555571404435,0.5,0.05654150910657432,16.39617273908257,27.61109146432167,0.995136864930038,3.4294272653637856,0.8622669677020516,11.11316705627117,7
8.553917919861021,0.23439813304484594,0.2806506636050411,1.8314737241369659,0.012160134298420664,36.72152983952683,18.553866819272212,0.998733690133032,2.9519756692864965,0.4396679837841101,8.700572142333089,5
8.919038503292924,1.017625257554152,0.22287062317472173,3.0820089930746466,0.12661182769278417,2.9345905459080823,46.71443398930846,0.9966633315557931,3.1517263718845694,0.3,10.361109807012303,3
8.312203393743502,0.5430567437559365,0.1396224495416267,1.8920056128458043,0.05970642848167367,20.360477925517678,15.38204199490413,0.9962678881327115,3.3255404452112476,0.3,9.978817491628984,5
4.7529879807691575,0.42500509990022356,0.14611858960640078,5.116543247185202,0.010313662283049464,10.178142220884338,39.19915340598965,0.9977272769302992,3.20036530678011,0.3,11.840088397361567,6
8.572832360754918,0.4613095678394094,0.22825864488357236,7.066119751063903,0.016917619887753834,12.749415857644383,29.288475309866413,0.9977700294288667,3.309687683104853,0.5689919734022462,11.689988720898643,6
12.061302766975313,0.7878567648277899,0.10389832222089584,4.611040805577771,0.05155362725438148,10.310672238379905,24.742928046335212,0.9953395263956193,3.50380514997068,0.43640821452869655,10.106145821244462,5
7.68793324311313,0.7531845008590848,0.06369957863600569,0.7926764162738333,0.1067321395491416,4.904428454364188,63.27199218670987,0.9961948499120049,3.060879323824894,0.3,10.18633847455794,4
7.062268933645955,0.42077635398939855,0.11454868991160187,6.47063664522082,0.01672517787689191,20.68457877253862,38.33651697916246,0.9949353843597634,3.33198489927747,0.35319858915933927,12.141477482322049,7
8.934692551509377,0.9020416140284027,0.03909591956750103,1.649367566554099,0.012579645652930859,12.193240196199913,6.209236889384614,0.9962786727938446,3.051196309132414,0.3,11.894093420513267,4
8.831042957793173,0.2775858404457538,0.07543042439694662,0.5,0.07570157899466248,4.567307534269958,28.917536158665058,0.9977009783536082,3.258346431866417,0.3,9.421182769817188,5
10.327649781207905,0.7221883436331975,0.3921089675733651,0.9629971962408321,0.07907661261366172,49.734709077338124,115.3063726960432,0.998790167491538,3.1918818345490787,0.4374805120133385,10.289528825928208,5
6.1616241349548915,0.884952828613592,0.13693543608008638,5.053964521870225,0.029271351885374556,8.834185419667326,9.047433164114697,0.9927124877502199,3.07551184321676,0.504014233441892,11.048148831041615,6
9.543346429377488,0.7830223711727183,0.22128392657080578,4.099493344259182,0.013489376105987548,5.629713118109795,25.82930746424712,0.9980755773104885,3.495481461769566,0.8735748936130361,10.886710069271452,6
9.303717504127489,0.17099885736603512,0.25235710165353525,2.650836478799797,0.02118946680278347,13.536315870654764,52.072085200290026,0.9973738445198967,3.3427845337889273,0.3788732381037601,11.404432001587995,6
8.058350887201073,0.34796391283703954,0.17388752712275926,2.0258385985010765,0.1414669615868907,1.1121731181753856,32.033585071039205,0.9938923705930427,3.504887628650601,0.4304489923597673,9.927368097755652,5
8.875768440466874,0.1,0.3446286440802512,0.8662219638691133,0.0739738584931849,4.856799234849765,22.93957209910755,0.9931546388632705,3.1785904984983007,0.555450306021213,11.080591065783889,7
10.050077718717208,0.11952969223610932,0.09041168777183617,1.7980753042378077,0.058013711252061,15.916494697609433,39.335076390605295,0.9960401746576252,3.460809840571405,0.3882218939009368,10.594699202507861,6
9.782936146048366,0.3302213377838116,0.229535069417954,0.6726384597627812,0.029763253258383533,9.489709312112785,52.770381347563635,0.9958720985313141,3.3707291646669058,0.3,11.524081867712344,7
6.356867169474662,0.43792223535727465,0.055361304994021435,4.0798729604440975,0.085750555117788,1.0,19.646604451846848,0.996108957590376,3.102055804942347,0.3,9.846146853234066,3
9.694268917484324,0.5414182011506717,0.004488218092476474,4.981205952948104,0.016388066397350815,7.019800346731532,27.40069621363995,0.9987649015693774,3.1401175133857158,0.3230586647856631,9.671489974429399,6
8.19002937144472,0.11700547949899612,0.08510363581484218,4.233031695041773,0.02500802298817938,8.224673228589914,19.422184354714805,0.993286405572184,3.135894435530784,0.4419371241217014,10.901614111988337,7
8.423885966626377,0.3688152104254077,0.14560068991578862,5.283587985301041,0.02215878771704734,14.702525270084717,68.68224282718126,0.9939922329697666,3.3395813452061254,0.3,10.824226916454347,5
8.424434884702881,0.8097431420252689,0.05989972597546517,2.976745537219302,0.02153992375773986,17.348218544265617,8.036701340956359,0.9935429428123362,3.334939748700026,0.5308925111894058,10.216531493302522,6
8.044586919042958,0.4969752913463476,0.5570594276557973,5.117808744561706,0.01,15.423721338916469,22.50705421047988,0.9981055644818665,3.5247909291813393,0.3,10.617856052082798,4
10.325902745082011,0.614026931956105,0.1518870229932097,0.5,0.01,21.798592575382646,21.54832504354046,0.9972725288854768,3.157453801064757,1.5,10.385637343336752,8
8.15767946825634,0.43816118381375946,0.2892490334733366,2.4503925555061743,0.03004724072366488,12.070625459316974,33.42950101405848,0.9962952958926226,3.371475463915533,0.3,11.333663676140873,7
6.396771581748614,0.21726530929245416,0.4683851830478337,4.152728527161969,0.10699195234172276,5.408539210400397,35.405676631586786,0.9950803884623174,3.332411505165124,0.7065952689147476,10.389324170150246,7
7.630999244851462,0.1580221515353175,0.1763774794361467,1.6139076493497764,0.082715059158688,17.720473275624915,9.689453599868374,0.9956391694915814,3.1837079366183327,0.778065461594825,10.62365005933042,6
8.60378101857781,0.3477050929477212,0.09071771333140279,2.3195270691709555,0.04817079667805801,2.989981252482424,47.165013129318616,0.9953170446968195,3.4129722222481282,0.5905256608861635,9.899840059120955,6
10.389665133304987,0.668589491893387,0.047972716673024066,2.3667042989556113,0.03422341363530134,18.95649512875757,27.544009194686687,0.9971279954089841,3.250996933023596,1.5,11.288139928915642,8
9.325260964413017,0.18752429615079066,0.023117292285255768,2.7436835771246693,0.1479497236604871,3.4521159783685222,51.89334187809315,0.9994545515796311,3.321385826627235,0.6729658997673654,10.396522058359436,6
6.854090026130026,0.27052162239784755,0.3120281333394696,1.2275132771367945,0.05386804117081827,9.2330633798693,34.010287434655126,0.9940300306553239,3.319257766289844,0.3088708798251141,12.500886991261421,6
12.524822858354117,0.41902166355875015,0.341077818844889,2.3799368378326258,0.020250281659955818,17.904041503120563,15.677826916278493,0.9952323298423021,3.2071171113779524,0.4334605225324722,9.96124460360191,6
8.750118028662566,1.220463604921371,0.48367152748639225,4.970143023662299,0.03554108494779522,5.690761450684089,21.880060046064187,0.9955893109704087,3.3593127980360262,0.3,10.554385171095761,5
10.468164254598326,0.5233435520915981,0.4197103375214499,0.8451453312389408,0.0990803554434567,31.028631553438355,24.791598290917094,0.9913836811440752,3.385959576860288,0.5104095359538561,10.531020799976579,6
8.042085462918712,0.511804722254816,0.6040151139325117,1.2884424522429259,0.01,3.153576425533232,81.20561326759511,0.9975813169989214,3.4651046773479592,0.506446131717128,10.298977353202604,4
9.206710715999264,0.3073519525852814,0.34316490333666627,2.561979717486289,0.08872989856328733,13.356371092548157,6.4023439443262316,0.9961480130806631,3.249617956415532,0.3,11.950777592140916,5
9.727096457681288,1.2519310221977649,0.20360523804882197,4.087961312492582,0.03448259666802736,10.865541854353571,17.996126878760045,0.9967137171702667,3.269225186258535,0.4309829010738986,8.443126133646706,3
10.370931009982236,0.4475112391676007,0.10904593251897042,0.8501450043672136,0.029102119647924835,15.00556094239905,27.640562660263235,0.9949401292740335,3.122850945627468,0.38492562589874,11.26940067675784,5
10.097526119142984,0.832764236743121,0.1563533581605733,1.5762317712524878,0.016371827715733953,10.196361504816474,47.41109718550935,0.9967181355102029,3.22071725307711,0.9878724693351948,10.30914549843581,5
9.782734900124064,0.1584504186084008,0.17416781385079153,7.424257778370794,0.04700976117342754,52.41950769345215,56.56724333795724,0.9957447643815911,3.1838629448119606,0.68290764719095,10.870336165167439,7
7.764352556970016,0.3789515841899745,0.5396838277531201,2.803836310203308,0.05029624463771498,26.166654947261762,35.351471615770755,0.9961286716002884,3.336906155773097,0.47869786160829764,9.9829273233974,6
7.328031728674697,1.5,0.43028688057376335,3.903116218742955,0.03686636437455698,15.583192606451057,34.37716658126022,0.9979824767724952,3.410644878759765,0.3,10.500307520993294,3
8.865432767551136,0.4564709824816594,0.07225225015674926,5.31529753746823,0.017918070465146933,32.60273911288533,10.303231638559993,0.9966620548613623,3.4534052174147374,0.3,10.539457056846992,5
9.886317722979818,0.29737113401303006,0.23130212745528206,2.815483451606559,0.058356169730856874,17.304027096054753,44.48987689304894,0.9933092077440591,3.4742746083939005,0.3465987390783245,9.812340106982301,4
7.921374808679769,0.854897311786372,0.29504338645919925,0.8788869555202086,0.11009908797505187,14.536126981021052,28.401956111625314,0.9958400642585975,3.3909325029492527,1.2374506986843976,10.0605859584289,6
10.110792341714458,0.32274609627270434,0.26932349125357397,2.17346104630072,0.10563357677328959,4.8082645583300865,47.965112145718294,0.9981574532674344,3.2943872537647985,0.32820174756296555,12.501078577911933,7
10.769448467326505,0.3406299458135226,0.1195969861144755,4.0799676762021715,0.01998089580471174,31.214282604758143,92.11337806281605,0.9956439364302049,3.072695832194193,0.3,10.410862789566774,6
6.742254437575188,0.1,0.1663499795726009,4.382821425383289,0.018553875814154266,1.5871451405187553,36.291407437890435,0.9973653402334182,3.368206068686383,0.8069154891167347,10.424852351516913,7
6.877234803546325,0.1,0.3765418363137365,1.656053831956745,0.0396982760318958,21.783584680004456,73.14830065632911,0.9987760697136762,3.1605176672022535,0.6282543238818467,11.73935348381555,7
8.06136239986093,0.5619053321934179,0.12707617036099536,1.5144808615384773,0.01,19.71626905355097,38.0696006631924,0.9975814259209338,3.262217637919882,0.3,11.120131248429084,6
8.822941535921634,0.27510756182950313,0.05941261238565927,1.5100238639167636,0.05311327875695329,18.53229703455542,57.30553887369476,0.9969172352305253,3.280845646154559,0.9032855524167879,10.477049181517607,6
7.4082360765960145,0.6411123065205311,0.2902391760209331,4.415448589125515,0.019652499893557083,2.0173895965637203,23.826825601543188,0.9963937235137469,3.1634330526739487,0.6031839005146055,10.27990868924074,6
10.598744554074147,0.5331148167049609,0.15547158654150636,1.7655980505261943,0.016552940495019375,10.13354678250365,12.511541675897355,0.9955991225131038,3.179722292052476,0.35834681519872796,10.10005329881705,4
9.020913664581368,0.439765899792595,0.410159530079678,0.5,0.0841677216820368,10.276197481780276,25.20060884029371,0.9958161345350668,3.307930558470711,0.3871425253713651,12.391898357758269,7
8.367059982009257,0.34259605488125017,0.17998571473922384,2.014142669315869,0.010457788269230257,8.397614463384244,40.52464376497741,0.9985040315697289,3.271787496914284,0.3,9.517120438540294,5
5.858953809423504,0.1997561381247199,0.0010158896335424417,4.019390258308735,0.06021919900251734,1.6675756562642887,71.61448237711637,0.9972183013265197,3.265438701736479,0.9645832183825839,9.428744284222713,5
6.063113112073239,0.18470366880519457,0.2201894328557481,5.084408677713922,0.01,9.746037029225878,35.11342379293823,0.9957264613658733,3.189368603904044,0.3,9.833796085482016,6
8.777715725479071,0.1,0.24275352698029462,1.609728214782,0.1213350422154743,5.204935071937029,29.44217008597033,0.9954968200843072,3.4455077130849623,0.34522420352378763,9.340841221130788,5
4.674587435536779,0.4053784598188795,0.4281223058487283,2.537113766421854,0.03604285815043254,15.894532271238983,24.417576804439808,0.9961522553029989,3.0650735111918044,0.5274122446119914,10.669666537029753,5
10.021483596394923,1.2220317607195763,0.07934865020346958,2.4374838593573362,0.01,18.17105245505762,115.77490466092692,0.9965914131654744,3.604443021535894,0.3,11.25621082303231,5
8.031138464567055,1.5,0.10787249852919274,2.189841699614994,0.03458502508769508,11.251896459469666,122.8894166911214,0.995360948416086,3.2984579333026525,0.3,9.997901171621546,3
13.813258048311047,0.1932411625121319,0.08227180405109918,2.17991166813543,0.13494537220641295,8.611461988197693,47.91521974941344,0.9939105399431178,3.198989057215375,0.4385725426858759,9.716668221327915,6
12.223457626047388,0.7680848161740665,0.4051567309550385,3.6447314955784886,0.01,4.0860918835213225,36.777529331385715,0.9969618013994433,3.0662282409146235,0.614392512642469,11.303017608272295,5
7.991536582279222,1.0111571150970895,0.05071752795478559,5.1873329459092,0.06077548373819607,5.186653625406623,48.58576639007596,0.9952717994486412,3.1228875063953874,0.770753459762277,10.657473100511236,5
8.119227095696765,0.24191190428702614,0.2986482670225946,2.233390555784445,0.04418861530533851,18.582147782098023,14.200312626660775,0.9949013584324913,3.3277935901373894,0.9267210163494868,8.0,6
9.99248857380345,0.6923313818229004,0.074058642974548,1.0793950924531657,0.01928365011735367,4.661577880583797,38.679948587798926,0.9952141980401739,3.232898838067814,0.49380960923909323,8.636693461599029,4
11.195393436860664,0.9064852894039105,0.1679426249358373,3.425628783080853,0.03661678151690822,26.932496660974437,64.72649457147071,0.9948219532150065,3.097235539447075,0.7819678212936375,10.992062988301177,4
5.515350602358772,0.1,0.02597709163337746,8.686036014921129,0.03655243959048697,17.251203863016592,26.960466482971917,0.9973285218697278,3.1055721320382186,0.5948996555123743,11.932766036726244,8
5.263161708897034,0.5800108369083604,0.28174134852443844,3.3420410492346764,0.01,11.980732975184328,35.97277913985509,0.9977065199821831,3.200276845037782,0.8880502867793799,10.591279877304688,7
7.2425408305575525,0.1602270218529162,0.14758295053974888,2.933783511745683,0.01418416327957417,16.988476138197385,42.53181977511281,0.9973084842748411,3.230491628991972,0.3,10.690701257690801,6
9.29065389139557,0.5976277970493997,0.3245142024646139,1.1662726634729896,0.022514532240014314,7.575040909367187,64.11518215104277,0.996414266584524,3.4107101921164533,0.3,10.519892582902486,6
9.144685103862916,0.4159529255274029,0.27651189015408045,0.5,0.10444388713621454,28.55758166123914,77.96267327308729,0.9937219934635595,3.215810930389257,0.6226723053736266,11.162417565016503,5
10.118611473472546,0.1,0.11326972500580594,2.36212915866086,0.1686642943527517,1.6368509646717615,110.61119058016791,0.996928210585754,3.677287021733543,0.37125811754661026,9.282043631818018,4
6.260514201778976,0.2259514474979575,0.07733442379101389,3.3607992972401726,0.01,13.096231236521593,50.340094420696474,0.999561929653772,3.3304970116079295,1.340905573349005,10.704828530159174,7
4.36255543295291,0.20240825789354763,0.18118744020477298,6.404762717420795,0.0679550332603793,2.915346344182325,34.398810923172206,0.9956664700794162,3.4001724388146615,0.4489201016416647,10.438966364230678,5
9.758624132013647,0.8820075494629254,0.09880823653791233,2.8440897058770696,0.01,18.39867658274526,8.459053590301295,0.9931164560238879,3.4741756360707057,0.3,10.226585678203344,4
6.892066335959102,0.38700496936641243,0.6757142394487419,0.561586116204041,0.14320506292290908,11.612505290176736,8.00164237567541,0.9973109901827033,3.089135125973304,0.4376302561826731,9.845079573791459,3
4.868570630539317,0.18668704799607666,0.17596261012281977,1.186055710819318,0.04898323972461635,17.71120454061179,28.083471858288682,0.9928075876448337,3.208555506843618,0.7615669285117997,10.56466897402335,7
8.546608368130949,0.6469334383106223,0.4508945609075292,3.012652176615568,0.028739579321152925,2.8096960518888796,51.612480481642464,0.9942894872686802,3.25952390559417,0.3,9.603443219384525,6
9.648398669971751,0.32881188368741154,0.2235698452993685,3.002634225492141,0.02232044943911254,30.320541838342002,45.748632670013194,0.9955457131612183,3.4714363050901365,1.063802397691428,9.96679929673186,8
8.09250287539383,0.4848549050692679,0.14497383142436807,4.333503375052189,0.03386862452485448,3.607650140691874,34.439132659702835,0.9979997984794796,3.2929587196294503,0.3735912966179204,10.992122038575964,4
7.521657743489769,0.3627929056012932,0.07195645153506716,1.3378511438407994,0.016330240818200344,6.872325391582859,37.169951688835084,0.9962928606617556,3.3140733478748663,0.3,10.545953025338594,4
8.02908420535196,1.5,0.24002375080337116,6.542029156324354,0.025408006661061782,21.943147064385606,16.386566159324214,0.9949245016629442,3.4316478496596265,0.3,8.96529419433714,3
7.67000930391867,0.4815638237113337,0.05899109414457077,3.5877479813937954,0.01,15.941668668822352,41.93665808047852,0.9949580607464795,3.4289056943600973,0.3,11.462306127949526,7
6.008319909701717,0.7018243990836988,0.19812526508849757,1.3033628559591408,0.05474153780421845,14.546357725430912,17.567077032893568,0.9940479699892113,3.5323557000211645,0.3,9.928904204466765,4
7.085042849116267,0.8792263289605228,0.2459704068953925,2.117090476541933,0.023056678099981284,15.375691497313955,14.724477972906856,0.9950482797398127,3.078601557090085,0.3,10.844572016197644,4
9.186175838523486,0.3902746753662712,0.1392579743290693,0.883997594515991,0.038793984101697494,1.0518972045471109,42.75479603833331,0.9956164835281374,3.2115659308833404,0.3,10.161859796210884,5
8.846853520340051,1.0263590424124713,0.3248408194446158,4.300279448131549,0.09417636284255025,2.9035322952378824,71.66770414909244,0.9961168918432995,3.2405522241552984,0.32211282323692647,10.377018707596953,3
8.585701670143596,0.7732745444675251,0.10340338259271922,5.635928103758921,0.060612510251209666,4.437032731695329,48.57626042183753,0.9971199872281423,3.1768752976570793,0.3,11.568912878554702,5
6.608247580849255,0.1,0.3622019064369967,8.016882137816552,0.013518538459498972,6.125153724403187,46.369662752066745,0.9963466493655969,3.3608913314243227,0.5657425715678311,9.580663321250347,6
7.991444624369366,0.2156495582584377,0.44780513043727826,2.476818174103157,0.05619133441725686,10.45018555272152,13.905927593678957,0.9938628097109534,3.400939184477957,0.473695214392386,10.492499379401014,7
4.598989421047148,0.395039613638534,0.23402334257203417,3.1043537003221013,0.04099999122158983,2.331314774085658,61.614725585879306,0.9923569443319012,3.0306096689135997,0.3,9.575696825413022,4
8.603410328605163,0.43143447109650374,0.3195692155989807,2.908178246139989,0.01,1.0836769333221097,8.982722121721432,0.9948628121347867,3.396142217218271,0.3,10.707217501015483,4
10.729058103283066,0.24711664877750267,0.2723504358418514,5.417348907250554,0.057138315732270545,2.5043509901668504,9.56396504426363,0.9996724255963692,3.1966926753192033,0.3,8.443317894240591,5
5.7939753755284205,0.5671931859414935,0.23237620719485855,1.4430192059869225,0.035928759043737546,23.111606564066015,34.254561818547145,0.9954039783434392,3.303566984928437,0.3,9.472841812468346,4
7.303922955359817,0.32131315269894734,0.23184417966724113,2.1185203624025886,0.021039740126222176,1.5014877365235677,25.019075207533593,0.9963188274172732,3.163089060627101,0.3,12.030421100408892,6
8.85948152380722,0.4035775016144703,0.050685661336316024,3.201632298635327,0.06241923731729526,4.698730890061874,12.788291503073125,0.993470998747426,3.4184673097803664,1.5,8.606653885653861,6
10.429832478526723,0.31036643174793155,0.3883215082338694,5.194516660503947,0.015750174364652997,9.530658592651998,57.05150917031933,0.9949911998801838,3.163326059082644,0.3100109552472732,10.020447378351054,7
7.538018152289746,0.3451437107561894,0.1649946629016159,6.134104067703502,0.05773338785937524,9.416013361747467,53.17249977374492,0.9971377828317683,3.2929899573002346,0.3,9.907135624419935,5
7.123174440247977,0.16924120545861548,0.18244810490910016,4.830398556073501,0.09740097950766974,17.44208649945598,18.251273653715455,0.9969549205145651,3.387340099849145,0.7106028380716088,10.69537160693893,8
4.95283065789266,0.532221461387538,0.15675164528518695,2.268080592013238,0.01076597159448045,6.569222826004037,15.790475786138842,0.9960318445585822,3.346510320820018,0.7215975605843281,9.638189157457719,5
8.47584481982378,0.6225453117433336,0.0753590846247029,3.892810498003036,0.055197620575964536,8.027620191471021,26.451756880947613,0.9967246355801929,3.174661136890494,0.3,10.553548022972231,4
11.771529268244365,0.11785673272078105,0.13980640180131568,2.632614284564852,0.030396249448922986,9.429122819186421,8.379765935677227,0.9983410404235137,3.286748497833071,0.3,9.966647651565255,7
8.77150938533995,0.2522990212423573,0.4685806189271611,1.7529818161084356,0.04233856411119199,12.313334083996093,18.24196481779364,0.9963063812775781,3.2882809123020644,0.8202081747131673,9.315200610783787,8
8.262125735387688,0.4264288558638932,0.08407825387066681,2.88656895060833,0.020155154330895916,13.42660572890722,28.48379776164029,0.9989777702317978,3.3985043445396954,0.3539434427482522,9.739111532048717,5
8.847539928303876,1.1861831713183204,0.004350008571111272,12.256669369357656,0.032972903494458417,4.41791128067634,10.638080536504367,0.9966843752407919,3.268303712790609,0.3995914436340259,10.333516957403237,4
8.281143593287377,0.16687386218171055,0.02253140498589383,1.4165592956192035,0.020625920709845747,8.395542437825679,7.984343484276522,0.9948451264058427,3.2601635653380066,0.5469265086246315,10.944644597426784,6
6.91787556715778,0.3194741897672121,0.12117993189680061,1.5602542317701247,0.011430047486507396,10.509869693056622,13.01246332039079,0.9945879386020524,3.2575975108772868,0.3,9.531187230853943,5
9.6995758566521,0.27768685396196796,0.017786603640050167,2.4886625563035647,0.06991727673135387,20.171559217388698,12.232684408319571,0.9953855513446481,3.0874329805401715,0.7277158959041502,10.057075603083694,5
8.683794589289983,0.5095860428755794,0.08004439526126143,5.060575210966137,0.01,3.5237556556391505,16.263682904189697,0.9957924719217399,3.43502190834871,0.33928896557799243,10.917011499446566,6
8.329942528287217,0.16514050641295056,0.4123485461810025,0.550756776700636,0.04898106544923507,29.814202713573394,53.42145707109531,0.9977556451181396,3.4753864464848965,0.3,9.68683252321292,5
6.641877753626976,0.23925955002646185,0.5667947908564442,4.475724306786627,0.023840928632344084,7.666182693346651,22.55255024876021,0.9982938281008911,3.53221335135978,0.8773014014795893,9.869012487815938,6
10.515963484289092,1.5,0.028097403360677453,1.7017461957367428,0.032948217043300664,8.431787425876783,17.928898912397212,0.9955929973947555,3.3650651962077336,0.7691539958580884,9.906046090191133,4
9.429994667066287,0.1,0.15304932010681058,4.237026308396015,0.04681181065771066,2.899706802398217,30.589680824317025,0.9968763089223626,3.1184861682507345,0.5451504187387269,10.996745750778764,6
7.360034576475587,0.3895982964538219,0.13021328967817378,3.2374062768854523,0.08595579001679647,9.472298260514563,38.13913148775345,0.9964054144422324,3.0076411943143064,0.6841828218001117,10.143352118759053,7
10.003102251259294,0.40614272024454134,0.33496082303576014,2.068856614557518,0.020377967213449935,2.0241017445258622,42.41186843835472,0.9956924125494506,3.3460601864497423,0.6843729210790981,11.807475248501824,8
7.454129574745148,0.2861225822315504,0.09485275718678328,0.7985924479082037,0.01,20.13257321589105,33.03472254194057,0.9967222801189793,3.194921148112296,0.3,10.857328425915096,7
6.970594062731238,0.869973147106576,0.3290611316278222,5.190684054618245,0.034973800602883486,34.410597421143194,38.03216144789196,0.9970586469619169,3.2450378737290726,0.6502494208979188,9.657331564614212,5
7.008504700283513,0.47679295232894686,0.5720750362669915,2.4273337323403177,0.035274271900510135,15.63086255625732,11.99957524886897,0.9997588541345421,3.2699912571768293,0.5394167383273151,10.777312550237557,6
5.289183459750246,1.2627537998508827,0.8886491725624742,2.061396763880023,0.11574160531033786,22.753217425069117,6.0,0.9990716536905198,3.3423831583462147,0.6476450436939789,11.044039334059976,3
9.10162204671095,0.1,0.013794257590833683,1.4833751799789823,0.01,21.79579778308941,14.360590476651137,0.9983486418444029,3.2234262191043936,0.3895372637485659,9.454125865258616,5
5.1870537068248055,0.5651853540933983,0.21175113509691212,3.4449022893546015,0.06036444284387445,15.509762048041958,66.74195250980813,0.9955894682327724,3.4095260870073885,0.8578086478447696,10.969295813869644,5
6.211645486848204,0.5029874662212024,0.18596430555102833,5.09658842574607,0.0437262800812802,17.899055622137386,46.41225724409136,0.9940457604894607,3.1900327300332862,1.0098421954927683,9.903352754894655,6
4.771500384566494,0.6037568968812445,0.4116019915222064,2.647649540359783,0.08080219067888822,11.891842527816037,20.9824256249421,0.996828280125919,3.259474461141997,0.6591050602963202,10.17981441221687,6
8.153681522255482,0.8185194208582918,0.47589757773895836,1.4785858478894867,0.01,16.356744019425484,6.0,0.9927958555497096,3.4033616162406353,0.3,11.376522415509646,4
8.044455217537818,1.0454337293952127,0.17391577664300414,5.951353679684251,0.03186464384835671,15.242255701364563,71.05281180726561,0.9958322555328841,3.2498721458371413,0.3,9.482874464996726,3
7.744616437583182,1.4173399005418272,0.6199461768914595,1.0956028557877977,0.09180148076392404,25.38154191193732,30.99285658324468,0.9968839488660256,3.506754199921497,0.5728077632007932,10.115422380186192,3
6.527617919060021,0.13304336522303525,0.15223292257602553,2.320963791850842,0.01,11.068814673791767,95.44964354302601,0.9941305245619583,3.1896209911671454,1.5,10.378569260093325,8
6.307202619157713,0.5733760412810432,0.06961256901043365,5.441199265457209,0.01,34.52613929686965,52.99313657450057,0.9965375452370049,3.4554609278619215,0.4938488974387026,11.127337326817317,6
9.089428768029176,0.9060507605722936,0.33128160065948925,2.174469092614874,0.05752414812417117,10.717308460533705,39.046396851903,0.9975234602333942,3.11377403547537,0.5740305414812605,9.595318946942529,3
7.364061716095572,0.3848045184243456,0.04694510676685694,0.7455316281307404,0.01,8.563863374422665,12.126447098373658,0.9958644974335342,3.229580880988984,0.3,10.889076466481622,7
8.837809146611447,0.1803596446282287,0.3167031147876153,3.0802753729058825,0.03418506324159536,23.31765860376136,12.725875327848035,0.9961435455343348,3.417010746574268,0.6376674461512636,11.90774039696881,8
6.795077233588822,0.18366471581111898,0.3286506185619399,6.062331232710458,0.013222264545466905,11.287133076451031,18.941123069494036,0.9973368817813743,3.559416101115838,0.8169968096181743,10.61514128116975,7
8.607806662710841,0.22950123467599615,0.4110098533962809,1.719952094614819,0.0424888400652851,7.509090294505754,42.29297686450443,0.9991033192583296,3.377356739413918,0.3,8.722066409003904,5
10.51557266343731,0.537446222578314,0.152566208582133,1.9020895450251634,0.13466110362151407,5.741019866138436,29.783546352293225,0.9964205780743892,3.414458473626763,0.502034489290962,11.76736724619786,4
9.296481860667733,0.24078410422187785,0.38135521707479153,5.147019798572755,0.01691955324367343,10.783444769485982,83.92746072956788,0.9972292162930787,3.381232650872991,0.3647517249676515,10.434285933717712,6
7.598896509031984,0.42319543450344244,0.010087731020687914,0.5,0.014625757062524742,7.934494246018115,28.722776741927063,0.9954786816594363,3.272189943385611,0.8329399772606058,12.406468636490368,7
8.737238249605078,0.1,0.26378895188447393,6.168837695501242,0.08684735701779747,23.4256775159494,48.599881184512356,0.9972553834143345,2.9466751155863493,0.3,10.304946153039118,6
7.890869203298639,0.1,0.20612981570934583,1.6102342627034376,0.010359351261061123,18.489757709310176,11.798386376783288,0.9973016076349128,3.179375579002641,0.3,11.55899529183565,7
8.31339631398104,0.6482708713378875,0.45609456448466656,0.5804248825339524,0.01,14.894804634400966,95.1506750469165,0.9968996030573734,3.2084578934892294,1.106630725190325,12.51931733467059,8
7.746461211347545,0.1,0.8832442500471235,2.2397061031890915,0.012591400612012332,47.40478104370014,12.81707911320475,0.9991133931972178,3.1572232055741964,0.3293729376198418,8.63684163181171,6
8.020630149994835,1.0899533433796096,0.6803792910970065,4.048397634108648,0.052166783350340314,25.819318781360963,28.42282255593131,0.9955344688234005,3.0729975043699427,0.7483154290917987,9.900674845871057,3
8.6605587002261,0.5416619305237428,0.029582364209914596,2.0750520460643704,0.013456119653078464,6.816421286364067,69.17279417086665,0.9960752851710944,3.5469007253858957,0.3,10.190684317027063,6
6.611290210710685,0.12029854175333926,0.18741179402200062,0.970786603568216,0.044690135175395995,29.07251854140045,23.286972159383108,0.9985858068224207,3.203916887279337,1.5,11.822151747477792,8
6.573005994117038,0.5186845825105008,0.10108569809648398,5.09738482956359,0.05836737149014978,18.46204834785735,23.711726928862284,0.9954768901386571,3.096199645540599,0.3,9.641069691073634,5
5.9394776584869415,0.2849932932827739,0.06155309093548746,2.3712660857664263,0.024645041060058787,6.8425973248285485,11.934992940524985,0.9974778536586598,3.7336317085957456,0.3602942946218103,11.570312427729451,7
5.579539122343694,0.17538745451903034,0.2584227092845503,0.5518059292519799,0.02313543598626346,4.65753913750774,29.725469681832127,0.9993373093276132,3.4510653143517196,0.4687949662451787,10.358959231024395,6
6.2306194232251855,0.9366301560978285,0.08480495397113315,3.446841906812213,0.03204897026191079,13.579538079299532,45.41836168250376,0.9974645400965733,3.159269228253816,0.691582559345013,9.858585410640066,4
8.57108626156702,0.6087333811404759,0.2199049126299228,0.753889755317094,0.13970768691309615,11.905320761278832,97.52136010781012,0.9968203388385829,3.1739821036652143,0.3,9.780896784054395,3
6.782261223663798,0.24790891375663932,0.13484108764316874,8.10709098802963,0.02017747302970411,8.604418099005697,24.758725508940667,0.9957340763510646,3.1023369014873112,0.3,11.489544930643586,5
9.173144589192864,0.20956520729891445,0.2630742069686342,2.8209506515791922,0.03378804070225679,2.462828120580808,64.88772865804202,0.9981136223757556,3.0793799526444467,0.4415731615258171,10.89372161627959,6
8.359013372879357,1.311547120975998,0.09893337425298583,1.336864171670133,0.11467649467106561,7.0501401045681655,10.291781186257268,0.9942098299263987,3.183209635577179,0.31446643067962843,9.877738840672208,3
4.953542837155309,0.5522642127357296,0.3991527763236503,1.3066513623248324,0.12207035345982321,17.015722256354188,50.717137847826976,0.9934249758872286,3.3762730628744904,1.1352769751677054,12.22362275949115,8
9.413458493176874,0.43011007573054355,0.1451985590666547,2.7325344071847883,0.018300969477534606,25.113845373347164,51.34737021906882,0.994410176753177,3.506310403832738,0.3369844114931964,10.744069940775761,5
9.678357697505907,0.20748349653918113,0.08320154983301069,6.9082276051452745,0.010211291433746023,24.479499733886904,84.56539015131406,0.9960827701494598,3.4777888580164014,0.3,11.1514008515268,7
6.61043345278075,0.20390854237331035,0.16966880815694652,1.584467476618777,0.07101830169103727,4.937199697375412,6.0,0.9939279178423994,3.4874389536868065,0.3,12.85446557016709,5
9.014325622921486,1.5,0.28974810725520006,2.1407563020714235,0.031029064765742062,3.583047192374533,10.301931020979605,1.0000336890680162,3.2812744032829135,0.85460862971528,11.231722871853322,4
6.843952996404362,0.6720032327723221,0.09586271669722077,3.38066959240525,0.11207795583348348,3.444918046780621,50.026378474579886,0.9945506072577843,3.391212621692063,0.5347342582368951,11.451354499839956,5
8.466039640472172,0.3997438327622846,0.18033627408740333,2.171770165287079,0.01,12.643360926770896,163.58800585621012,0.9976601656348761,3.3567480952132844,0.715936229536405,10.198113710024206,6
6.150352708176559,0.10979905665018531,0.15953396956977742,0.7310818186381586,0.010204782544616762,47.368335430537954,14.836928829736657,0.9947560299590875,3.30583980966463,0.3,10.504818684830799,6
5.25171903069122,0.27013677891030874,0.06055718274371474,2.7453338472124096,0.034391246247532946,4.789788035943851,52.08909884679869,0.9959929737845491,3.478213168536473,1.0965973942551432,10.026833497773733,7
7.649210777657954,0.5498681492763421,0.3854362581644368,1.5549801712771947,0.038026785508699736,23.37164227165623,44.009138090372076,0.9961689315441632,3.4046327342078513,0.4881918951279691,10.255732746926073,6
8.08966079133278,0.9050572631867304,0.4684208880939075,2.0795056582023443,0.015419744146464362,5.908835033790532,35.535273873026725,0.9940819430541167,3.3304061626758115,0.5629036215988962,10.74129173909968,5
7.623944520855174,0.454353644977654,0.28929018655550287,7.546228199210974,0.04031354378499497,2.9142843422703644,36.75410005619004,0.9960400037375816,3.183931953043868,0.3,9.449091769570186,4
6.287148051021649,0.8958464264010495,0.541108864896046,2.171819044457533,0.07520159135232872,1.774615392118102,6.0,0.9986037527993269,3.4968771914278753,0.47376274837902005,11.520841945955127,4
7.620171594377068,0.45765629162939453,0.12283044218999475,0.5,0.036171313462642726,8.764485446055133,78.91355756137095,0.9957398996491085,3.1091589538249558,0.7080404002933519,10.961311212568138,6
8.75780107938725,0.8437024445913665,0.13341250807763594,2.004408429492069,0.07399421541485539,9.828900570994662,52.82592208675018,0.9964614628955857,3.085892149670182,0.3,10.580098520541593,3
8.223681848791689,0.33760709400110966,0.28248859108951363,2.435954437735607,0.024145688664562275,20.1901055020444,17.616503771135864,0.9966156601585057,2.9594344838273132,0.3,10.80371653846073,6
8.610251752018664,0.8450317786721361,0.08501060463150967,3.997853328696123,0.08259832694205972,56.160864222183505,34.655258719855816,0.9967130852473223,3.288120091448318,1.2676849149988174,10.28502542392939,8
7.160804159227805,0.2822463292412652,0.019325370717287644,3.0671253249884423,0.050642282032135416,15.626073331000619,32.084189920372225,0.9928489418726066,3.3569023855773517,0.32501245086409086,8.955956259237025,6
10.291920455017472,0.6959696644515112,0.4520679475654463,3.03179215040923,0.012258092051937671,31.004423596830755,14.099571510885943,0.9974231681601073,3.1126669329824432,0.3,8.826927141002903,4
6.3005053278568734,0.4871444446637562,0.09356074106418523,3.226715307253466,0.04978682700674145,15.101335470146752,21.82476318877461,0.9970186795358942,3.2966676272653723,0.3,9.730805302174257,5
9.128852505047423,0.1,0.44047298318181316,4.401875157819118,0.034017962523568736,11.025937958268798,16.278604914997793,0.9961299618694736,3.465113077088002,0.4360406240638184,11.670428622600918,7
10.309214858031936,0.21970757724449846,0.3202097193314751,0.7165583966130713,0.04008718694516416,67.08237264670855,56.893518237676545,0.9984748095145626,3.392880027456687,0.4915852088958042,9.387948973382919,5
9.117543757673122,1.5,0.2804410840380991,9.409605701591165,0.03371842221556175,2.54659153530226,15.600206063579176,0.9979958185125382,3.2166732501674553,0.3,9.84584781541427,3
7.95570881398979,0.605665508717574,0.3652185925262125,1.9141996869294546,0.018744820099453947,13.601666657457972,117.24729253249578,0.9967513618962834,3.421467281227022,0.3,12.54969005262592,6
7.401895020672936,0.27063637887581166,0.11729893962411797,1.039254204249731,0.0445287120059527,15.9593102000211,29.086573055663358,0.9951769192059166,3.4551542568674356,0.5630622737393176,10.057646929980919,7
10.061349006778636,0.10721977948178987,0.4433647371180946,3.448502176510559,0.03603987247460474,9.272156081010587,51.59461215393162,0.9956235691785594,3.463245016474679,0.8516950506201478,8.097752353249273,5
5.880942627055157,0.4427110405533878,0.6226401003719186,2.097264006799303,0.01,21.941002369396433,10.32894542220104,0.9958419004431363,3.4010467418863346,0.6588797052066031,9.997348968099054,6
6.650788757354606,0.5988373431358485,0.4369208129339626,4.824521958654142,0.05516441544686154,7.622691936449893,13.949414954884567,0.9971085587483451,3.072945806307556,0.3,9.643369261447164,5
7.624151798664075,0.268107866928622,0.06356266729832609,1.619055215098773,0.01,2.6012551154824277,66.6626018254995,0.995993678797009,3.5345737890409636,0.5776770740567142,10.235597082977113,6
10.404011387770398,0.5096622043742972,0.23409692473411234,5.2729491521022025,0.060961770669623,7.016404205498353,6.0,0.99647991173711,3.3376442436107068,0.3,10.544491782713342,4
8.945604981269524,0.942339224659917,0.045487871188729066,1.0587660339838953,0.010124731270366219,26.903153956771135,13.805275967033968,0.9938832455039333,3.2305894506835546,0.3,12.447773666981513,6
6.654322210532584,0.18852569225803584,0.3251894196949669,8.165641959809223,0.01065350027950485,11.333288227428897,31.142258634407334,0.9975295119995204,3.446755215023608,0.3,10.579686574918647,6
7.772476900845665,0.2578159730904716,0.13611180324803093,2.5237911720445827,0.01,3.1572924330686307,77.43180998116651,0.9982100319505162,3.2632756058288197,0.8392533239559251,9.793605870387665,7
7.2556506550363,0.1,0.019430122511827835,6.7066036853714515,0.16783709592110804,8.581745826133472,40.04414327814167,0.9953520034276122,2.8770123968809234,0.6823450559151982,9.972014112366024,6
7.093358713202991,0.9728223863190792,0.12238939633937813,0.9142062496871953,0.09654315104153416,25.188731778496454,55.59631665926547,0.9952129155778642,3.4679935929304686,0.4682172224643327,10.056270516569459,3
9.964112249546526,0.30430212865852924,0.19200773019604148,4.259966314029234,0.019224766152598875,4.358793276005779,38.88568667421159,0.9948536703946779,3.2166140633242937,0.6304215752297145,11.321812824815783,7
5.968036680252041,1.2274453171698272,0.09022112349543465,4.185322503889727,0.03867737987023629,3.877056679194184,25.170341340743732,0.9994333152744006,3.2740652755687285,0.3,11.475664510480305,4
11.034927454748436,0.1,0.4482126414999931,2.232179143599625,0.05325790790080441,9.362311152878661,54.827592033799746,0.9974766215721009,3.3008121524604963,0.43723012914375964,9.538596658480234,6
9.70799047331386,0.5308678628920025,0.10332743346750362,0.5,0.011422606998082145,18.44446999071292,96.23604131293592,0.9959465828260423,3.25434444335338,0.3,10.445153314057972,6
10.154464840026288,0.6367828686715692,0.08638154689653436,4.288307750511834,0.01,18.476816225716146,39.470642484777,0.9949182172923601,3.3280090184275424,0.40479840975533343,9.582892262440714,5
7.5130028295570614,0.6064011269457535,0.016255297900514554,1.9833773545175954,0.01926135834793533,6.072300979217943,15.027987598317225,0.9941667053621795,3.430468208518318,0.3,9.898742230101123,4
8.045100777565516,0.7650179817894746,0.37402085442740024,5.989653930686913,0.01,8.347160025313975,6.0,0.9974484678903696,3.376849873883749,0.6346099672626545,10.918407376118779,4
5.863641915307991,0.48795086674907784,0.21030365385588953,4.944523706076174,0.01815993868293847,10.480500907977357,33.5765538241771,0.9955296248594744,3.145226230476941,0.3,10.829137851510058,6
7.408073907986435,0.4667462242521218,0.41219240890662173,5.969302664654462,0.03826623840773605,1.0,82.16920251679076,0.9968246953024771,3.095709440902697,1.5,9.81818960498632,7
9.139213240993357,0.1,0.22048415325519283,3.7908342101816874,0.01,14.531234039172915,6.0,0.9985143268278985,3.24170584927307,0.39079744977977404,12.157276250904951,8
10.503307205028374,0.3788117201706339,0.5316273804585696,2.79861492458945,0.027748643263579818,10.942974349283546,23.242210167703345,0.9941797801584584,3.1812374603410833,0.3,11.04384313996076,6
6.417833411435833,0.4757926494710028,0.30959788167322005,6.866094669260599,0.029905534164654978,22.690942915682594,90.28526357470702,0.9948675632297429,3.179493364567552,0.37918265590023537,11.458145020864734,6
7.678639907125048,0.22552072747407434,0.28056853411231797,11.7170802130458,0.04854748115367361,9.748865733327108,6.0,0.9969468063831555,3.1748792566275776,0.7795665898704058,10.382345623848822,7
8.042791325604712,0.19794173360834108,0.18739674821223587,2.6105048809449514,0.03698640743208941,12.455686247821175,57.18313965070472,0.9956268695704141,3.498169531630419,1.0536646333562025,10.543298699143474,7
5.927158356272776,0.600078806193723,0.012663230891493175,5.902062412672962,0.041214062801666625,17.71958419489802,24.45694884190282,0.9957144453073579,3.3762376050661893,0.3,11.011477899583017,5
9.30529371098928,0.7129489826268162,0.09724528243144669,1.4913114536672718,0.03237401473429498,5.857655411730888,21.60764877118679,0.997500952026388,3.2517509561831393,0.3,10.574577229333665,5
7.069216436037565,0.21066857427150226,0.07672316384357854,1.0106006210427099,0.05400188391452212,5.077165258608273,16.15916145176017,0.997347184194249,3.3169857646150334,0.8067002833793306,11.097092121590867,5
7.96783640299906,0.3434315496952872,0.1837202517276978,1.5147835114415904,0.04731480238153825,16.793630307094865,66.39697736715607,0.9953888555679167,3.362262847780021,0.3,11.257964910684926,5
7.531686067749809,0.5391927079784634,0.11994497923448387,1.4067171699904277,0.01,15.029820813085967,41.9163512092781,0.9950285180901435,3.194512192938842,0.47605791357405985,9.066976100370633,6
6.958124540276554,0.22939830225367072,0.40186796911949235,4.38589389528015,0.07202706550525759,8.729899330997942,46.19816269954064,0.9958867642351322,3.3115849163272513,0.802473706988412,10.473365156317668,6
8.288023524683057,0.4106579657700315,0.3652378291217481,1.7631447709047965,0.027003971458703466,13.736311184587885,31.964761253063635,0.9980335807455463,2.960292720081576,0.7986825085709385,9.451669098864858,6
7.933463716434362,0.49886087590524764,0.1460518054497859,1.0899135759226755,0.07776359823632854,15.142009999874597,37.46215173259249,0.9930762852500167,3.30725223454951,0.5004383520269011,9.417579980318425,5
7.66784160012627,1.376565960513361,0.21030487446915302,1.100823811259779,0.03990905134261826,11.38938378813907,6.0,0.9958065383458317,3.3948886049978175,0.5931965613886891,11.291937096499783,4
7.061615243143418,0.3477026179494207,0.09180128066951114,3.7319513705839586,0.07896485138628218,13.453320494889793,16.66108146006362,0.9971406127218472,3.3846394753233877,0.7861271083082876,10.813045086904323,6
8.843191940331025,0.1,0.31171377980083087,4.365967805937478,0.0658579117489623,18.698391837814825,18.596082230940652,0.9949016828778074,3.312764180637282,0.3,11.355142247190404,7
11.111149356436885,0.1,0.2837533003523806,3.9298184009020622,0.012681219489526848,23.860365032558267,37.80769444016661,0.9935288292208169,3.109262278770391,0.3224644016589066,10.427609400873118,7
8.537808295826517,0.22835337457803415,0.6558704890834302,4.24956319392334,0.015362817940253314,11.82818587338766,17.75431813784611,0.9940766216788164,3.351169412086628,0.7245565884462309,10.373569946790349,6
9.99340096534892,0.31137079132656553,0.1763102406686097,1.9851270318576542,0.08853905909782066,13.216363849532542,48.57947423233139,0.996634440717915,3.4479025216663475,0.5910757174951274,10.963981149292104,7
5.936622727239114,0.9034201432644239,0.5067416428086423,9.209785192263718,0.058535986485331606,5.44598723307587,56.17189477155225,0.9958494954284052,3.442726510362528,0.35326774720887455,11.215440566474525,6
8.568194446799408,0.36274001836966396,0.05353050405769821,2.022848804070507,0.0925721819779971,24.287906166167406,55.79767015577646,0.9925958808059933,3.2931771035409363,0.8881842829363723,9.635450918458973,5
6.434473857749188,0.6089440671624701,0.2072696660930919,1.6814680543334988,0.010716939786304523,15.127782824530776,63.77743906494682,0.9951146781260477,3.3415422256451617,0.6138447147046904,10.78840368654469,5
5.789227623195768,1.0620702609189305,0.14265211045722467,4.302847604797171,0.021083495130300854,10.286434020042321,40.114530296696174,0.9982990413288721,3.263880813528551,0.33259969919668186,10.003619560946762,5
7.043068607319639,0.6940609726860113,0.22252815106125196,1.9610840958139772,0.027223066605624305,8.262706054875157,23.521060656238234,0.9958934236234211,3.3918717145449966,1.0046219725063301,10.00621602744996,5
10.326228868503074,0.31747862852727965,0.25238199079254,1.6547601842042126,0.049225990558249125,18.637223763203615,11.476403673423778,0.9970408856879057,3.2321073876697635,1.5,11.170209658585058,8
9.915026908738398,0.38095172179725767,0.03534930443594831,2.0941967672742314,0.01680076021865529,37.396565762136774,21.9721524584009,0.995833599284687,3.2217689468933384,0.43200543307590455,10.610010962910078,6
8.71310802749248,0.4130625913330215,0.402665592053365,2.9876128687965697,0.07110661070412579,20.28724390984762,16.752190570917712,0.9974660535965288,3.2867137837575755,0.3,10.447882788947137,6
5.694409048187119,1.1101149851262933,0.402253340067474,5.275587575061914,0.04243456022687676,5.796928651168626,21.112179573348474,0.9970608852267353,3.284525103613845,1.5,8.738299425825396,5
7.966322892640508,0.8493409622248349,0.15975300883250423,0.5347415580630355,0.042443994823535905,5.7935865912284115,55.09559298732132,0.9960374009307037,3.0810468778037436,0.3,10.028760557006565,3
8.81289001513295,0.8153886424731563,0.16772981940557166,5.29548657543389,0.04351216825186564,8.356342766575104,150.80093628969865,0.9944094331743923,3.280518946448873,0.530744191030858,10.941366472822112,5
8.598411590283618,0.5767845400716408,0.2517943589341335,0.708316850504037,0.026955493588293532,8.213747509143055,175.1045005418797,0.9967934120344006,3.119631510420613,0.6529222883574708,11.231326939193474,7
5.165550908082733,0.49012892720890733,0.38809694449069815,0.8085217450667341,0.04561071916612739,12.596041285614541,47.63885048793924,0.993514174479445,3.2914518432642494,0.32957088224294157,10.252621522580332,5
6.786459658366219,0.3653856545537026,0.24652828803900317,3.1054375897708946,0.056093445087455764,16.00761638057987,24.204117398014287,0.9968915803378869,3.6562066154762776,0.40533677928515366,10.137769597418679,4
8.191067800947183,0.1377281354114776,0.3600842318777028,0.5798682398020817,0.022289247775590132,27.281262241320903,26.108922993894122,0.9975795644575727,3.405456740663847,0.3273057310252842,9.140135862908398,5
9.211694546179224,0.6823960412224721,0.07999038089364902,1.61896481711902,0.01681887660470432,43.03317967521406,6.0,0.9951109199082325,3.141222544977409,0.3221571243789582,9.836123757021833,5
4.5665827041300915,0.2642027207814614,0.5217664682876829,4.893386639026186,0.030320163613189913,6.442778269962729,16.31024573997961,0.9939183898967522,3.3096175553851217,0.6452872979524996,10.267471085707014,6
8.024389241684242,0.7567154368963203,0.1191766089961066,4.294694461631473,0.030617688346454546,62.26520694797412,29.370643458992816,0.9977790575667972,3.3793014374814887,0.5142492187775883,10.562133211375032,6
8.54318290879422,0.1,0.28604732079532463,5.270418495844162,0.06456119714682418,15.685083496554247,69.26206040854994,0.9960195146434184,3.120431136052402,0.7334389172490057,11.067128219058596,7
9.744340380477563,0.16488938713841741,0.1886593595282632,1.5280642606455903,0.02337242434817246,2.044006469996156,32.88939688834414,0.9956900124393087,3.357185414141904,0.5433497410503817,11.209863866759635,7
9.477857893203643,0.8299085764818763,0.212225167743712,2.033660511222485,0.06921010578888324,11.76597583771292,62.24656668405672,0.9963311873086126,3.291823854549878,0.5305708126103572,8.882951400043783,3
9.29037124197497,1.1135114009761846,0.19634635995092212,0.7446233820217579,0.08101812235419797,13.789784398197927,59.055237262090934,0.9951651629950262,3.285556822088658,0.3622647951424959,10.457780360858754,5
6.940101138606712,0.7524079577271797,0.15420035317389064,2.089103275408283,0.03222845296380172,3.3668995351382933,19.14305852079652,0.9932011950570018,3.1999833607309123,0.3569394975631798,10.131612381894955,3
5.056396366890378,0.18858474264028455,0.5526018408843407,0.7777519134658191,0.04152652918875411,6.1306816387284035,25.40981506419319,0.9949899850313304,3.2984675942646775,0.45712842688899535,10.633497997692643,7
7.631810312995619,0.8761681883533533,0.06894102334969925,12.009047221613782,0.06820031075718186,27.962106593272015,36.91721713705222,0.9960401164956144,3.4941061548085233,0.8484814530025907,10.71244962887032,4
10.002774102854552,0.20118143386195397,0.13989312045724875,3.512548293429381,0.0906659798831865,7.142416167916398,38.31342112677832,0.9960468560228402,3.2379765844354456,0.6484616169394015,9.222068278732367,5
10.668872696791535,0.8829956810939504,0.41075820166576293,2.967239276973479,0.03774754172212646,46.44432908731912,129.45209359042937,0.992836161083361,3.444209563517809,0.8266687457444455,12.524693329334482,5
9.507933473906236,0.15204158341928942,0.40814153043309415,1.4535573479811443,0.01780363363046661,6.142134970005831,16.225907607493383,0.9955233268095686,3.3002411100872524,0.3,10.824773943576902,7
9.029879398762949,0.2924780914457479,0.23092003975122202,1.3427703976746261,0.06721757004396911,51.15341433375082,67.62620955218571,0.9989698510026578,3.3404364418079475,0.3,9.572906841676996,5
8.945387402256141,0.1,0.08224080715619192,1.8074266928562173,0.03274023505502756,11.78896499143868,30.924215554931784,0.9960842596988188,3.513094087641286,0.3,10.031866903571103,5
7.354598130506674,0.16322120059269254,0.23034558355272367,3.24799010202061,0.015376827693643808,8.387351408974531,74.15775647410862,0.9975705065546223,3.2864808674175925,0.3,9.337153218265145,4
8.078897500958847,0.6777198890583401,0.0848253050272965,1.0235117320306144,0.09100116424061028,29.47279912464678,129.2052445096876,0.9970417020876228,3.3096906653110083,0.4529428869002612,10.271448995484812,5
11.137418193904765,1.459317945977293,0.05876910243170364,0.7588830860280584,0.04346945729197713,3.4230881173405523,29.058254666434706,0.99484189036948,3.395956457426915,0.3,10.406053533691924,3
6.697651390153811,0.9227064165460502,0.20684595500309627,0.5,0.09820229965490551,13.462366238015761,52.50878631449032,0.9948933476912616,3.1570192318405184,0.3,10.960873256424977,4
11.045123944206749,0.7327261827142273,0.02854968974846067,3.575148611240333,0.06287987515083603,7.819004861312688,51.16087472590049,0.9967219774874027,3.4450307960307858,0.410524712722811,10.011725469149265,4
7.752552137363502,0.1,0.5006157577630068,2.2914278660255016,0.03366851704583147,16.829071306041044,10.502863082340104,0.995020548678732,3.2527232786845905,0.3,12.895989650527655,8
10.553234585461635,0.29650699578139034,0.10272419539525941,1.798629977162348,0.07485401789194794,21.633192580613645,52.49070079264097,0.998068741732736,3.237241633097195,0.34047821189397665,9.771213054152353,5
5.908414483854186,1.2456778826392385,0.15465098842162203,1.0073399524131519,0.06751961324019914,22.703888573130282,11.075818753664436,0.9954506848659895,3.104938686739815,0.715186890844988,9.890150860572717,3
9.296037141979903,0.4334121073034662,0.09831595332036581,1.8043972732165128,0.013372956566968394,19.84617144026991,31.48981723718179,0.9974928593701441,3.144866765241685,0.9284020829348781,10.407470389950289,6
7.047490768889043,0.13266271680471087,0.05253471801812734,6.064549293030283,0.06180104992925772,6.189944921393497,43.50517789941722,0.9966893400884912,3.3550667492721615,0.3887955212806276,9.695911377984174,6
5.894045773728882,0.2952493282599598,0.0032714063578390723,1.2841648615621903,0.12958024874438862,8.500149045109566,48.487659116755935,0.9968603905230523,3.463495267602838,0.3,11.212822507077277,5
8.671507872098609,0.1,0.06850287118689263,3.8793645920910693,0.034327087211842265,16.766149676692784,18.457448307154927,0.9948996195961293,3.1808190406728043,0.6162486017098503,9.392115512134229,5
10.016102040613148,0.788385113203556,0.5202993400076891,4.28891879353611,0.0672150846540025,16.904413749319843,60.490342808368716,0.9979480885648256,3.3881780177705965,0.3,11.02327034423704,5
6.863599554391056,0.10818154553667941,0.45724834105407686,0.9379811785063976,0.15102585617327582,44.238285867500274,20.08616478853697,1.0002040170263868,3.2678404457053536,0.3,10.224459419968024,5
5.7516728672207185,0.41795529520924896,0.023856628031034104,1.1016419887252527,0.027864629862887964,3.957930478496925,86.07809508989536,0.9943205795858234,3.093450698471588,0.5311194749461441,12.25924385149246,6
8.143863900630578,0.1283025523857619,0.5001602811938094,2.390323456088617,0.04650251225256132,34.659138881709254,84.8741912710061,0.9976939282578425,3.2312904125323785,0.3,9.720886385967445,7
8.151359941078793,0.4784096962185731,0.22265139849093082,8.896506960467832,0.04413537660310251,5.781999712802719,26.461853458264333,0.9960072138524894,3.399112558968808,0.9280068624811441,11.76947759638121,6
9.23214336684265,0.7579163268294776,0.04939454911891826,4.91795429333126,0.03936514388909467,10.512366992458015,73.0971549513611,0.9945530779991222,3.146535219567624,0.32142827537980195,10.642577138537318,5
9.91431077131963,0.2662325863062459,0.3098506166080852,2.3932634614507213,0.14935393730755372,24.414590081414552,51.68670677286211,0.9940929823495327,3.104589462400369,0.3344660534219967,10.986630522353641,6
8.19899419183676,1.0317968894013827,0.16550983446861559,5.0356255406129815,0.01,6.649702692397382,41.31418649299391,0.9944509731316957,3.2019421010945344,0.4309155066162703,8.954743357514038,5
11.454355635150247,0.70275052614703,0.11223006902496176,0.5,0.03507196837824009,17.713457785970448,58.574922366782225,0.9946860825005471,3.194779485367506,0.3539817399359365,10.33604634342512,4
8.681199065709997,0.6193162971683723,0.12142411963393493,2.2398938311525836,0.0319718873525835,19.31117085256918,45.05271922065626,0.9939085243918024,3.559517574388585,0.4825932847768345,10.22033589579282,6
7.711074939788271,1.009016128497405,0.3003130514542755,0.5,0.03271572374030988,15.8503299104263,69.93382640146963,0.9979831316919257,3.3251683125019995,0.3066907595969503,11.252240963219958,4
5.560335489525194,0.48490690028996336,0.33177386077046994,2.8256615074491327,0.013726379997297467,27.339546872412154,15.696378992641662,0.9959838926841055,3.477794491307522,0.3,10.048372641760194,4
7.853478815462515,0.3121618033671663,0.08172420723735715,4.147318140175831,0.0833281173809266,47.91367885130814,67.99002532083861,0.9967433691768762,3.288283473621732,0.7296888022014926,12.093159499418709,7
7.728142192801069,0.5607130319279727,0.2589581769688406,1.61335388674716,0.06176405729896027,25.641662766039275,43.7252043322255,0.9939255909855275,3.344065790397398,0.3,10.214294211697947,5
9.932518153678501,0.1363431905118073,0.2379640307091826,1.5470766726678282,0.0190287252475916,3.1752408301669774,20.458183377592142,0.9981626329188569,3.433526830370107,0.4696033678702063,8.446886572495588,6
9.086222160913653,0.8105357815210349,0.3482109542058283,2.43783290741222,0.023620104523009895,10.723299689449146,30.782405676349942,0.9950423687924312,3.098725062372491,0.39444266352766344,10.09697365534728,3
6.295072493224552,0.8112875108826457,0.08379449325712944,1.7294275759321636,0.011827951594229842,11.233485686546128,50.0109821739261,0.9983354242688168,3.1488841546351867,0.31151432971323006,10.563993114502761,3
8.592832456898764,0.34857024287176885,0.16584459485990177,1.9506667383601894,0.02626310273777489,22.349366714371097,44.04899808074138,0.9968062943435735,3.3802450502049104,0.39814840457202433,10.978338981929904,7
9.44160299193939,0.25072484858462263,0.22976658299284397,5.395464258781983,0.04611362790724199,1.234193594973024,14.439603406063284,0.9942797038814373,3.3131840904792718,0.3,10.259831929799834,6
10.897653310959317,0.4951477837260219,0.34153584703175977,4.301980537040308,0.01,1.3355522337370853,12.799307712349446,0.9966582878257219,3.3795941129739973,0.8248273810530649,12.643822464307473,8
9.808756744603901,0.11576795497975452,0.46525460071441593,3.2761487703538013,0.029047239420490242,34.617016887792765,48.837177578197625,0.9959452887688672,3.174395539187418,0.5057061336040918,10.825098245685668,6
9.593439312329513,0.3062933603321194,0.3232287336192971,0.6115809247872961,0.01,7.921571949520141,26.160259316583296,0.9942539396421026,3.279932212667693,0.3510994975600338,10.001113108795524,5
8.402146190845778,0.9732682623017153,0.2701580062665508,3.712018048693377,0.020941865293557644,5.576101632171886,70.2931869836282,0.994078254393392,3.508625465658346,1.1190723461014727,9.69443096955123,5
8.960130409219865,0.16594250906637373,0.20900598881566954,2.3652770140203625,0.048327071562721105,10.059217508117715,56.60976559773027,0.9974782188929808,3.211900701769373,0.4946922518781914,11.822691889616095,6
10.42415833120047,1.0645922094182778,0.12645726150182124,1.7503864556612785,0.027706995538642025,5.902160175174682,60.818324911968425,0.9981745801704753,3.4301262785308935,0.7733841752393628,10.215985226116072,5
6.034278424284596,0.5818640555977543,0.44367051708640687,1.961723349448345,0.01,11.729455921905338,17.10325890078349,0.994121954778361,3.3575482578055587,0.3,10.91507593246763,5
7.7059531437311755,0.6378548686377528,0.0796203616491883,6.151940919992438,0.04615949469804691,11.130060148778583,124.90340197879925,0.9961969342140868,3.181156956959099,0.3,11.522344679914303,5
6.986633127114391,0.2541615070603479,0.3264691041330586,4.793574183471906,0.03264802178772504,10.894279247163492,65.5033818566058,0.9933429652781972,3.4757419632088635,0.31520899361633486,9.939545097617525,5
8.94456030183441,0.19077889940419798,0.3017179914048291,1.9330435118191862,0.020706873286186762,1.5524247952487644,91.60552210368222,0.9975096628175874,3.486685499569932,0.3,10.068311537103778,5
10.39137769860634,0.33479414043757666,0.20111564785228558,7.104929616338726,0.026689992685679204,21.985363908672024,22.888023934522153,0.9961398399288646,3.099275369213494,0.3,11.812202939287825,5
7.285143712574175,1.2788859269217827,0.44733184024811273,4.5439320133658345,0.027097235825172275,23.79193639208949,97.6346310340094,0.9936059832752118,3.415976209934007,0.5142565962563279,9.393224041604576,3
4.236482575301956,0.24219691675658314,0.22672679125185685,1.3329993162358194,0.015545703257964076,10.675860433189921,25.157411058662113,0.9951917221130345,3.240120094146267,0.3,11.14450926236845,6
7.599224733458401,0.1,0.2116405645538524,1.30479532889539,0.08689931263513015,14.060602730420161,39.22689202553621,0.9950199554460707,3.2801706469517615,0.6197742472534166,11.645475540508185,6
9.852905344429592,0.4564225262571098,0.2621084935098282,2.7926220673076285,0.09539887573608093,12.531483480416851,33.77747801688508,0.9944548938783415,2.991283527950915,0.3,9.992364863116793,5
9.213970835014797,0.9303881875491221,0.3760790631167689,1.083883874463956,0.01,37.997171889658574,12.827117498953344,0.9977143385093958,3.2446634752287937,0.520422703000977,11.763769345563226,6
9.02791662127798,0.49918838617373723,0.00795518440568637,7.669421086508878,0.035275113680184315,7.466357097540604,10.46539143570083,0.9944851755547178,3.1693163136012896,1.275253048899994,10.446724774016563,7
7.824011386813385,1.3365689101713716,0.7011787654446162,2.8511846032775914,0.10859872245518398,11.432648508265554,32.971631645176345,0.9990228179297421,3.283012106397547,0.3,9.888099654805814,3
6.125647748426363,0.6724482886567216,0.3427634480096754,1.150720395304393,0.024589066625955117,54.80691077472604,32.55033367284323,0.9975529765013522,3.148159900367536,0.3,9.71119413742634,4
9.176000346761596,0.5040973385348997,0.23267494373001504,6.459515386666077,0.07558945070278014,9.619590055300726,73.22454524862178,0.9954074836008429,3.161350143487448,0.3484228391539634,11.44171178384574,6
6.881720922941138,0.3312321663898682,0.014182598480708743,0.5,0.0642937282106091,2.5539836754727494,36.507245467682516,1.0001163937091542,3.159338534830876,0.3,10.106856703173493,5
12.012964446746777,0.6130476658262581,0.5153416809142671,2.865520796332188,0.015053155136647012,11.155764800328567,22.21229034324796,0.9953413131900594,3.4713682679589573,0.3434281764216179,10.55295706389333,5
9.269862254202678,0.1,0.12849027393873688,2.2869351024663316,0.033261013284838076,34.25539937407471,105.16856884385678,0.9935047840174704,3.2736057347944967,0.4657026980203847,10.739841713982306,6
7.312897885658284,1.2805101001599863,0.05314373251856528,0.7411775951271076,0.03663895748440727,24.05862653372945,142.03874354846752,0.9977912676663826,3.3672709075868172,0.3642184746073496,8.770241767116703,3
7.260645079439333,0.7598152619853277,0.338537997145667,6.833857978392075,0.021525458600158715,10.148621603054762,10.928175858688745,0.9944536086319917,3.345883900021335,0.3,10.297283878139257,5
8.1419948487569,0.7567724749012804,0.09554677823856088,1.6685997252493832,0.05360086551129754,20.65111166584427,51.41774436417421,0.9982486667577419,3.192990655677411,0.3316606194960936,11.345395689958371,5
7.892846732563026,0.4039430240057466,0.4204717721772605,1.495791376164859,0.0650774895617692,38.84388724581648,7.871318379980011,0.9935054963894561,3.354186650781312,0.3,9.155374006815835,4
10.198617418400923,1.0441460145554444,0.029745111118951343,4.335989480982698,0.040891400770801986,6.291124409752579,22.87464945596591,0.9944725309131726,3.3093687819114646,0.40933140001943585,9.956792632765076,4
8.616907488564879,0.3606390974163909,0.17729062791483502,2.7766676500920973,0.07002310866703523,8.458199670254663,17.16104282144939,0.9950333955291902,3.182544270439412,0.3,10.324759652147552,4
7.056226043855503,0.26876171943660015,0.2329733454221839,1.1850025032112617,0.041946438831710814,6.229580411301137,44.140542344039126,0.9970281424720849,3.276587814047185,0.452534387911406,10.469331977448613,7
11.513749164764832,0.43628531533431214,0.1969957629961903,1.6520283732113192,0.03620029605628096,21.180031400597922,76.74817430446485,0.9951320178562527,3.562523954782878,0.35802007239504025,10.594991941559062,6
8.383824163584379,0.7781177383511149,0.08921227142404005,6.233586732407443,0.01,27.842064606506643,38.94832366453065,0.9950242585586773,3.109735760824247,0.6748240383912976,10.987671296593618,5
9.607027449147125,0.23008760566488823,0.19445355182773005,2.0819936909796772,0.01,23.14920952263139,12.102963961403983,0.9971902489775959,3.226007160283726,0.3,11.586419866755815,7
7.26601493734391,0.19708454883791823,0.23124787924201323,8.76851736875848,0.12313360286078788,13.232599190038261,13.484225252965324,0.9981141793674809,3.369033699457814,0.4922095825542656,11.033881055252348,5
8.91729656716569,0.1902576342072749,0.1302673399265658,1.066099812201029,0.05820579019009228,29.96455425700929,64.76151522622503,0.9954693353835175,3.079296885459216,0.421290199483052,10.238692855138742,4
8.828886984943432,0.28543310832916075,0.2918295215271931,1.8656315682009725,0.10626436003949212,11.22266348204941,55.99814821617549,0.9942068876111221,3.2570333736373134,0.5394511853993144,10.515315782412603,6
5.087596203436541,0.832917946054205,0.23862578427604172,1.373753903827436,0.03127386075337015,23.417318911217613,12.578328248078343,0.9986156007158364,3.460180452990786,0.3,11.451268917515591,5
11.72596768778309,0.48018553033115624,0.035151153254233874,4.101212224394787,0.18442450397027846,8.441187292309102,9.485058884192412,0.9957355866039117,3.2264643170943326,0.40584280359626035,10.759011367555335,4
10.494095583568331,0.14225929380122165,0.14767021948047,9.049605071472143,0.03443831150992432,7.778755934285518,14.96878591527916,0.9967532649718607,3.4500670809215364,0.33617171600286516,11.127191437791788,8
7.624767962551822,1.5,0.053841780867811884,2.631280989508416,0.03152738197153445,1.6545114038979887,26.576684876654447,0.9951505736790625,3.152498034458644,0.34723249061615374,10.72282936483037,3
6.426141441225046,0.12169865813287202,0.1983049284205407,2.9975541049918544,0.01,15.241827336457057,69.22895511932325,0.9953076929901818,3.5039413308729173,0.7974766298015794,10.09183757369594,5
8.89085474346604,0.2872414736968861,0.13118502035632387,1.7885660885403905,0.07104518305387958,14.518739013990277,26.680594096514348,0.9951501334227574,3.6265690518972575,1.413298031654244,9.048906308204094,6
8.447386089004475,0.1833187298514389,0.3200882980849905,0.6738377512703858,0.1049172135750848,4.543677617753865,54.07022571193194,0.9975012778185157,3.02837141464212,0.3779370084956888,9.927064432365638,6
8.90463721255749,0.23561216291697917,0.2083215619185336,2.093253188130911,0.14494436395352625,2.739088703407051,57.18219368869797,0.9981407970548745,3.5170523730229735,0.3875792079777011,10.655515057480658,7
8.625681573529953,0.4401467206752872,0.13158456584652536,3.481311372164569,0.03796012395527293,8.993934920784419,43.215148327269446,0.9950765809404926,3.271731031934917,0.5585971467103946,10.182934608291557,6
9.160609681820075,0.3515571597475272,0.20160386976905367,1.5821113184780602,0.01835826629583467,11.826821169548449,42.73057563547304,0.9952954730633834,3.241069317048797,0.3492022374047302,10.076639586103532,6
10.760419688966072,0.21159551419208122,0.10498059050572821,0.749128836916667,0.03326980650160114,13.17761310310817,35.21266496274906,0.9982136630724817,3.149559346107635,0.7693857072777687,9.963072196577526,6
9.2657754487187,0.5308379570950108,0.2554803532179987,0.5,0.05715600478000407,11.430282213096019,16.314030143023746,0.9994181850804144,3.1313992405554916,0.497727385075988,10.687777565558651,6
6.515585651853101,0.5912519427977063,0.20867576964092516,7.093502463944809,0.02800795396647366,19.062789955708755,18.29753975520147,0.9970266338567413,3.407549978857622,0.3714580226547157,10.910772908810618,5
10.616356849611169,0.6705438226596883,0.008114976541069536,1.7686440818293154,0.03201363989736101,9.056732808937495,24.216912044306508,0.9966263968043096,3.236760873435095,0.506748230640996,9.754365129872895,4
11.08904475793009,0.4456186792096765,0.9026235962942211,3.3698452580194553,0.0364476382573743,17.070051684972473,19.95602975880876,0.9994691528815284,3.004466031489365,0.39992980385437654,10.447347090916926,6
13.658496448670544,0.5732706600372239,0.17357786529739636,5.190885582324685,0.038549174119361526,6.2997206510222785,49.401158775824726,0.9964461515593547,3.429111186101065,0.8462902152288547,11.179382817025107,8
6.3900601434926845,0.6589294811740629,0.1166201177014537,5.940661605404387,0.01,13.012872515867276,83.4873538367483,0.9964496338566474,3.3287772800078224,0.3763699472102982,11.871769558358379,5
8.712899422355468,0.2394776166328926,0.16574501159665392,1.5458663152452052,0.04590119056620577,13.77122134757642,73.03449881553126,0.9951611926472448,3.220531798809664,0.34412457992638773,11.393186542425562,6
4.760432204578723,1.5,0.29464662233157723,3.2666801366100144,0.016518903731137402,10.04626536104667,25.104720932176544,0.9972622973304166,3.4719574800921746,0.928940585968478,11.013995443801429,4
9.240353565844655,1.2492848174275804,0.1520191921933265,3.5378183386562423,0.041689623770921655,13.325822326577057,12.21146502971111,0.9948822106372243,3.3926924637779163,0.3584397359162794,9.961179708044071,3
7.368059493116487,0.7699262497142662,0.14080980276072258,4.6816915265579135,0.01,2.5133910669317165,22.73512246465314,0.9952455717276433,3.3746715399959917,0.6835870866891379,10.724812363611308,5
11.569857851202421,0.31401071565351374,0.052105379779144555,3.508422588217085,0.09042817972305212,10.151073531994097,34.42101407950211,0.9955134023603458,3.018546824388395,0.9012671837927944,11.342641632922973,7
6.983154550968411,0.1,0.10326918992208738,3.0001796269652314,0.037206806393889465,1.0,13.544255931741876,0.9970483180559783,3.3308246976063254,0.39059176159280584,9.60520167619065,6
5.428388835455656,0.1,0.2161410124261071,1.082192965792456,0.030739319158175474,4.539665056822951,18.25486380803544,0.9954822423867681,3.4039771558485232,0.3,9.398424363544335,5
7.498851640805717,0.33437464076312573,0.1911182826079809,4.025988819150442,0.0824339590473761,10.881291107310924,6.0,0.997614185036772,3.199545324183595,0.6288890090134749,10.623160001412723,5
4.9416707889308675,1.2556100057421087,0.10509485618413054,2.4389974739579547,0.05718019385299595,12.501659434248173,32.99379450580399,0.9942702620302796,3.2201279505958773,0.5395989535372352,8.902062526724649,3
9.576869072662427,0.363590345436997,0.23539178379457543,6.509542357883392,0.027792176400677666,8.582484086960317,35.45481636479237,0.9954008774867281,2.983538303481813,0.9228163770279567,9.959987005423194,6
4.789358821364256,0.18101744947362325,0.10394681792955153,4.048752874320043,0.09841452387939381,6.261586519332571,43.19706590805793,0.9962151337461022,2.9748233193857057,0.3,9.802723847644335,5
8.34837788801137,0.19172007991233894,0.2356781081312655,0.5,0.03728956959382754,24.205934016925358,21.804472481326066,0.9963441511081268,3.4237729950744633,0.70641207780433,10.807616626807087,7
4.767719906244466,1.2377194658783106,0.04446852253778393,1.0128453389295726,0.034992401296200314,8.82644103894187,15.308066097246742,0.9973370246436547,3.2460526899077884,0.5036986580419843,10.063876409162917,3
7.755493732287709,0.34018974415118475,0.14808833126702137,1.7988863242666948,0.04259881576041268,39.427774148159955,10.938100841942154,0.9943897399127897,3.1709776955836366,0.3,10.480603057792694,5
11.093742864867709,1.187847673892921,0.11559130373669976,2.387043463888314,0.15329892333454145,19.087822025006528,16.356433760031535,0.9961036831944505,3.222262264251848,0.37497297202468277,9.82943819527027,3
8.913101415440853,0.17148792915861688,0.4593973918703426,9.768295060413536,0.01,24.098355208933015,93.47356566114031,0.9942743001544185,3.4522795160790682,0.30914855273184466,10.665360189080799,6
6.832060871559613,0.20086089005892313,0.11628945156418331,4.383513328862111,0.1628079567505637,5.551114436053823,74.52245662944357,0.9971613016919189,3.5536548944128703,0.3,10.339776668044967,3
8.246954068803557,0.279623743242621,0.3824431733857023,1.3779296749274506,0.08021106063234044,13.79818348760087,57.035576254894316,0.9951860162805598,3.4294432478563106,0.3,9.31391417304153,5
8.33062868247556,0.6027240951708489,0.2186184888599003,4.471598319904635,0.02873956892192841,4.2532518543509745,72.99372942472144,0.9974886971567115,3.2864599787686113,0.4502683339802382,10.658430683772526,5
9.10347158793379,0.71163684571138,0.06144882971985283,2.895988339375701,0.02449076377550708,9.207925105441845,40.25135594009227,0.9960393340942378,3.561984099537164,0.3,10.723900322378721,4
5.9763407824225965,0.22362747217404652,0.3827429123750665,4.50336249143796,0.04766323126210069,5.3101099039765804,61.33473363290322,0.9962233430490771,3.17603570470233,0.3,11.219872925761782,5
9.307364365540463,0.24876429291445692,0.33699893665459785,1.9380121582153655,0.05561268030509469,17.06647193776952,38.50629058759144,1.0007828332104478,3.1154968607833657,0.3,11.096995912101669,6
4.0,0.10208439134173955,0.2577707423063178,10.355672697913203,0.09324596403396043,9.510125509061837,29.89364408848196,0.9978188724955623,3.4089886917852867,0.8593065843102504,11.315244798787065,7
7.2291962609815235,0.1,0.254573417755269,7.069625210513207,0.03515693014801346,7.016198072162313,25.847041546569265,0.9972421758872209,3.413229764500054,0.8539260873859483,10.097963915588208,8
7.469934467832375,0.18479384078717426,0.19754920030796827,3.9354860855452425,0.03519238532001314,13.697445194139128,78.86863505811263,0.996028602885129,3.3417711430568993,0.8609917473969894,10.858708995672288,7
9.376655604321106,1.1113062354352603,0.2821512096928988,1.7550421369677105,0.01,8.102833681294536,9.8956680356417,0.9953777912444014,3.353533108112258,0.7262914494578542,9.151460772058181,5
8.338472449550679,0.18235151557493426,0.36973083436267085,4.498815850091949,0.022980585912983038,43.49619890265673,6.0,0.9951570549077794,3.1152178607586345,0.8256301690168569,8.630309774050422,6
5.910542808444314,0.4472438752420636,0.040083373214158106,0.6755377618929264,0.12436420349480068,6.812881536918886,22.305354923881936,0.9985124568924666,3.3136178433946526,0.6956149684875882,9.49985902330444,5
6.625511686111075,0.3099039022914376,0.41949569824230876,7.420975731805711,0.05906969877334724,3.0018539404785827,34.65782168351991,0.9949324716627835,3.0943326818523977,0.795313635066893,8.523279029155288,7
8.637756016230593,0.16993552524358516,0.47209061876746505,6.363574462122314,0.058192070084076356,12.59214379561778,22.253575090660277,0.9970389816507529,3.3302353673995433,1.0109405812875298,10.75722260406826,8
8.165585518830255,0.6473505677330251,0.0554888753288571,3.616140490222637,0.02537949351168069,9.506214934272741,46.679478543082354,0.9950110824842819,3.486336895671537,0.3466355629162618,10.620158721063117,5
7.315489013619231,0.2553811398572671,0.1196051624987024,1.1157832789839073,0.022384423384873554,10.236916152804291,97.59644933357437,0.9944723368237426,3.357225333062048,0.82799225261939,8.893629747438103,6
7.482582557829636,0.7980236320899927,0.23919549043878657,1.9276917957728608,0.05947405729914784,5.4613950924623715,44.43726222418587,0.9953024171131118,3.193921911883378,0.5104437932771159,11.769629824416816,4
9.483485595170793,0.8151341740132415,0.3512137464523075,0.5,0.04913542520817263,9.352343303912054,32.96321860334637,0.9973167323931369,3.3078272094933197,0.3,10.5210607943568,5
7.419922626122336,0.2645839894795895,0.1864589225436815,2.1500601223432065,0.0596885321758315,10.363025171665994,6.130670403607656,0.9979494851961319,3.263627829040997,0.7359244201421156,9.073816898987584,6
8.150244885150576,0.724275021552306,0.25698348786683767,1.0222120710862088,0.04162800967325883,25.644090955683623,30.70609056027653,0.996448914393596,3.241953712026465,0.3,11.607585566767835,5
11.988892199736924,0.7218495652856931,0.08408035405715063,0.5,0.049206783660592654,24.758018042958764,43.34125259217579,0.9958183397909202,3.250136622875716,1.5,9.685142977247672,7
5.879739517297331,0.32675812724554965,0.22488769555226967,1.7504172929430193,0.01,4.778855733426234,80.56058200324941,0.997069282846874,3.119222638708695,0.3,10.749728719472891,5
5.151867356323081,0.2927944358916073,0.5105340531374117,1.8800403982376106,0.13674692183284123,35.27345796054015,63.56669269388041,0.995744453561743,3.340873705191516,0.3,10.737173465179579,4
9.632102430157632,0.5321372993338611,0.20876549844574532,0.7970474491649189,0.026390938885913807,20.757272661985745,59.75997629738691,0.9953744858471006,3.2781081825887615,1.0228676013848468,9.155382076058348,7
7.146306795800025,1.429434633779442,0.31598125404046484,3.1634551148898846,0.04305955702668811,26.693477051415123,11.794558075895408,0.9944473161047089,3.489437232797522,0.3,11.743010942880407,3
7.7589962028375465,0.9244459266258278,0.09507224056000455,5.012791924825692,0.021921100570721424,23.632991156648984,48.34264410260036,0.9980193660919422,3.3685507526697025,0.8831139474006355,12.928654673525276,5
6.972034157177107,0.4390454599392099,0.07846575055102785,3.3015742231068463,0.040367273850699534,5.513716581771787,54.786152727492336,0.9951118375917292,3.542426023149222,0.3,9.380938477508776,5
7.858339760695229,0.1,0.6649186932657102,2.3862506709667723,0.05688687307080245,13.602256614272367,19.663712555486153,0.9943376406222793,3.5200044738488327,0.4520435688210261,10.795575230755835,8
11.01751479056378,0.4046552105201445,0.2413993035310763,2.541788311533595,0.04029944658159767,19.881023207657275,7.14906422689777,0.9956767934436302,3.0954590994813147,0.3,10.704143604315362,7
9.663618379650803,0.1,0.33933722282448575,2.0222827635261833,0.09357895337625372,25.799130277962668,61.48341884009868,0.9976473048137703,3.2082411004286118,0.3789264142374712,10.644046906909017,5
9.765779970207863,0.1,0.43844865211373013,1.7358885173348333,0.0522829753621616,7.8616850550692545,38.927291303435815,0.9973675089830513,3.1020777838574993,0.3,12.375857960446709,6
5.892414005152503,0.2077566115361004,0.04148133306002533,3.252504472311542,0.10047043419362384,1.680148127926988,28.84163019971304,0.9957252612345543,3.1537213417244323,0.3537414808748871,10.625265464487663,5
6.343038647860123,0.4478920553227725,0.5664913741406321,3.3828021138345923,0.056888517594737155,8.110562467996028,37.303259049548274,0.995255490254041,3.194057410400404,0.6422576448291305,10.901551938877185,5
4.0,0.23082126927482666,0.21191019527078625,2.557438263552949,0.024521366916454464,28.972834573650644,61.27117253172958,1.000052184503383,3.561623289101698,0.3,11.466932873019877,6
6.924052604159319,0.9871874505102717,0.6404514276122514,1.7882035562641212,0.03282250374151368,6.6600695010828606,144.69533722105865,0.9946908358898209,3.52770463413018,0.736031491791158,12.22944830850523,4
9.92639541685562,0.4070540155314083,0.061908675277096974,1.1002698412321026,0.04410516938711647,10.778512029484009,6.0,0.9960920065989549,3.342158680708638,0.5797087752724612,9.74577863059309,6
9.17880907677223,0.23969441852237128,0.3879710406871183,0.5401520786109539,0.06166026841332801,5.244705705159578,66.83481729828937,0.994900371543422,3.22137341730456,1.0629816310779399,10.223981028152085,6
7.92342745298139,0.6840109921717951,0.1141023268995732,1.1017506490598579,0.06495831568979633,17.776834745705468,43.09918248989172,0.9976297893847457,3.0595954840375494,0.6735340101607585,10.755222049560777,5
8.26208951767931,0.21648397216473517,0.161109983759789,1.7754772781257968,0.027550998136060455,4.992248680847977,25.78560073996725,0.9976734001979565,3.199292398323844,0.49492608809214894,9.630070254114287,6
7.128894577621812,0.4562921758577182,0.41628589959711515,1.9168655494499784,0.027010704881384844,24.697124555116815,87.1052248389144,0.9942144722665313,3.3043983437570894,0.33279105966963657,11.469301777727253,5
8.648090100083033,0.1,0.12355167266829693,11.852740388394622,0.02312037348505645,3.068887903964471,16.379184857568323,0.9964553787921122,3.1763168368415102,1.5,10.522320167314737,7
9.601993075117045,0.213287770802512,0.1970775514210257,4.6613820090327165,0.01,11.192436171246387,45.947926010060215,0.9918461966208952,3.455928214305487,0.36380269082456645,9.361908592074105,5
5.552992461402197,0.9435837257125226,0.1986674301900021,3.2663451284764013,0.07730038310132135,5.263763265517569,31.538365102015163,0.9962889598299903,3.569985424034583,0.791401841513842,10.298630115199208,3
8.809401069323492,0.5803954769220842,0.1267614397619471,3.941461380553581,0.02793382081209177,25.527443518425756,9.946946466824075,0.9911110665656373,3.1787250727851903,0.5300120905206098,9.385762325536316,4
9.885139280622935,0.49549308875568393,0.11707787765432705,10.209314546064615,0.012651905370434336,9.79252156619486,10.798726298344008,0.9966648443218157,3.277552002747854,0.690570067459396,10.090693160121406,5
7.594329508762272,0.6493878862003758,0.02607607373433975,1.405821571731603,0.056388255052711826,11.20887195632931,15.398991663921684,0.9955201490735502,3.248902486231737,0.7546218070790932,8.317528948602302,4
9.491191040604992,0.9490542793709047,0.15100953695996025,7.660023799466609,0.06101126656539027,13.645139832332813,82.49318903109575,0.9935307279010779,3.243316386576875,0.3,11.271753789362041,3
13.08491255560334,0.40048511302381706,0.23942178729263258,0.5,0.010016635259726753,24.683925749195275,30.73145977361877,0.9970216472365109,3.1819732192659345,0.5537426700957431,9.93199888437647,7
8.122617251922284,0.2646977598926265,0.1497652545280667,2.122193551063646,0.09190172948939693,7.744034110596993,19.483718303162533,0.9961387366118069,3.1987827941030225,0.8692926484815535,9.46763759120522,7
8.968621985009051,0.7191413147164343,0.25339525613189734,0.9635884426704782,0.08262019248337894,21.894471551667422,33.49487638755686,0.994402269711347,3.116155268529486,0.37450148637278746,10.251502169806287,6
7.045302957775635,0.35001872577655335,1.0,0.5,0.042798378233643235,13.576373904221038,17.385621201564263,0.997354529481058,3.3737603570417347,0.3,11.607469196453879,5
8.608126976423486,0.2598743286151541,0.4036170616252142,6.3547520457371975,0.04130893528700867,22.473846508794754,33.0510770091684,0.9959001523147434,3.3797877468494018,0.3,11.032189757883486,6
9.082461762469917,0.3153725320544452,0.19417487403640685,2.0953527798141005,0.07666073021611639,17.24603229952999,18.74463805024763,0.9967678552518301,3.499385466205221,1.046270566317582,12.291958337925312,7
8.631231978459235,0.5780822841192261,0.3427580029044135,1.8166108934354654,0.025847576608504688,18.62577138983021,9.3002007840314,0.9954581226925576,3.1137888568716323,0.5231398770837812,9.051740366588511,4
6.566517956494945,0.1,0.3447056204375477,2.120013614842475,0.09261254773188346,14.643346175492573,100.01114831579764,0.9957499713078647,3.092648434229955,0.7516076563925927,9.010675055299675,5
8.650815011253266,0.5857244517872827,0.013745175122306816,2.7912389369091137,0.01,5.069472547502807,8.085201711683506,0.9988359227867307,3.0684786316175683,0.37824322411861044,10.149807942942846,6
10.785733095819984,0.14882328907357809,0.5469152865894334,1.2339439282541427,0.0465324618894862,6.819712374588803,89.55933068344008,0.9949982003528706,3.1465206723689425,0.3,12.016998757725704,8
9.062680799674697,0.22972987141518017,0.1958128909829879,0.5,0.03592951671591576,8.916430579931403,6.0,0.996539109324717,3.533144461378283,0.6880345315156728,11.179291585273587,6
9.93537822142213,0.1152335617260574,0.24171604596510224,2.402025305278316,0.01,26.758525450835002,58.234133256359435,0.9965552401847704,3.1500809035716517,0.3,11.236240788622583,7
7.897079650978534,0.6683627963061253,0.01105394066366387,2.810155889228799,0.07848199145181911,4.313785777781901,9.048010205587337,0.9939402349048225,3.3191930303795503,0.3,9.399775356835272,4
9.574830407020308,0.4968669902146039,0.25852637322275135,6.695520382021201,0.02253393945639353,14.151602309572267,30.79866191268716,0.9965741879306077,3.550116757613736,0.7236565591010778,10.026372275399543,5
8.774755324968094,0.14929441685687556,0.22037368956007322,2.3301687848025985,0.07064933374991912,23.018713779217727,78.17113382812093,0.9931431534568972,3.340115106748118,0.3398704235240096,10.03218927880396,5
6.683451759531707,0.7456838117017016,0.08842451090273198,2.670454616210354,0.05919171961085441,4.946787566740168,66.3569052040056,0.9996744201828008,3.2399983362324765,0.5676917767837468,10.791532286126706,5
8.841485708158087,0.1,0.13522935888477294,1.0275729372346094,0.016934181938493477,11.748297450827975,74.16443303467179,0.9985644352268552,2.9122104684639556,0.309430569728269,11.182931080713058,5
6.614115672151473,0.2998998626242377,0.10141972172777465,1.0319599193750073,0.01,15.523012623371345,126.0968656100024,0.9924790236998882,3.2629364867253527,0.3149430149105979,10.385559762435186,5
7.224103532695855,0.10820605719768575,0.1157888879530348,3.2829109342737226,0.05185741835006798,19.07173344803147,27.516086847915638,0.9980366725288835,3.3618477955878534,1.5,9.30375594911141,8
8.621858122397036,0.35725320708076014,0.20362742447915705,4.2735310863190366,0.06095296294112634,9.974353348437505,69.48401601458846,0.9961695004066415,3.269154741447842,0.36206589174401144,9.674998119331574,5
8.805315264746211,0.26009003211999815,0.30170660811973293,5.271082859504625,0.0473358415964552,15.730139301526656,55.53503940868076,0.9933513398617467,3.2712344598397824,1.211485016243982,11.025903380748723,7
6.278304809368882,0.13443209873938908,0.4571377103017156,3.1436933080633604,0.017079712497476602,1.6896303062781448,40.2222580400671,0.9927825425936394,3.115127404975303,0.3,11.785251536990481,7
10.09177581101089,0.41124142673279157,0.24867672287668244,1.2276693821446172,0.15153026885073997,18.42084670777382,29.79451354397989,0.9959307941958621,3.5794049349905825,0.3,10.866677458530967,5
9.272410673110805,0.15989024790945755,0.17764799555950342,0.5598241286205828,0.03632914463371881,17.187268741782383,23.701484786242272,0.9989864904980793,3.2390256031268922,0.7170017076507905,9.955163261402097,5
7.101961659461498,0.1,0.35328964741802615,0.9456730931782216,0.01,4.740489092615046,35.19065383063875,1.0002577745313272,3.4107168489026387,0.6258814943344045,9.779588357594701,6
5.686105846036403,0.1,0.14546715438667318,3.136927167604297,0.07965137604198808,9.929836728231502,32.07063028538768,0.9965208687385585,3.2953962024617227,0.8503903540416238,10.097259029305475,5
8.053662215561568,0.29571222906612704,0.14924597653258578,0.6324564903790179,0.019122199241876556,5.7056953242265225,8.155756658649665,0.9942006429565389,3.240932723876751,1.0592666850480812,11.89301695886479,8
7.541895686436028,0.3306964200900421,0.15476291272526815,0.9745483549484282,0.06321345353436354,1.0,108.09836073015231,0.9993214073399193,3.2496511375250536,0.8853930821854933,9.829182643236155,5
8.49233877699014,0.19882148321790524,0.055970924163890164,1.3614530305004318,0.015948492309102755,2.5038957089215517,29.369946020156497,0.994328158470332,3.4660268327393258,0.3,9.532509475766757,6
7.6827016760355376,1.0715610924988899,0.26249907758351687,3.6986244175297864,0.037411139531281286,2.9118437833358124,40.89781533012633,0.9953941758200944,3.214843677174634,0.3,9.961452187905948,3
4.887323336733484,0.5245253193152731,0.2109249088347866,6.0349075255579,0.011448264567970986,10.882431155504129,125.44776408239278,0.9972277870787681,3.3591203083215087,0.6474374636514301,10.516787428043198,5
7.639810204888032,0.5550552180983478,0.13344284350175603,2.592924713246288,0.0346326012340858,5.825080661321475,17.00512158974838,0.9983767144602373,3.343363336236137,0.5756683903665639,10.030223425654084,5
7.780447511183869,0.18098377502908336,0.09727767903408022,2.9857268305772404,0.017807604612942923,5.723194383600508,25.45188529699893,0.9939475263996002,3.1795645586105454,1.2138266237432869,9.962751185743155,6
9.3772237421159,0.16079229144558482,0.15964620049316983,2.378467338199408,0.02977843713967719,17.303191483896644,10.549119121557718,0.9959636747978212,3.1624242718690523,0.398706438719442,10.856117040157342,7
7.113060553161216,0.4717553178193584,0.1625872625168515,2.1370393392680986,0.02284616561414933,8.88644222545515,65.33610915968403,0.9971757185189838,3.363005210688005,0.30876422926979585,9.064233623008928,5
11.153746944733363,0.3263566405135652,0.4009457603486739,3.4508413931601605,0.08180907320840641,47.26213697648365,13.365729371675428,0.9916616837699858,3.570479981136276,0.38083310541769194,9.932276387316824,5
5.050211063892014,0.5050185567819706,0.11752377934965984,2.1510466346557577,0.10479360991366124,19.69705954956532,113.85308062679236,0.992663767869553,3.090586458159563,0.5813139669103147,10.254561587725195,4
10.528984746264463,0.3228983487662687,0.08852648265725822,7.325941412272238,0.021871726803071822,4.043907297262846,13.629467548991967,0.9930466126504707,3.2185622628780965,1.0299874532565667,10.799279483849702,6
7.918657749507222,0.6884898909317839,0.5966451665055338,2.859061655936478,0.08827986859658118,10.470951836249444,34.26003457935756,0.9964750376183151,3.3018828887857397,0.4069453621058209,9.771999618186497,3
9.761294282984046,0.41433420396074333,0.1583274479142123,3.0972909923502128,0.14606754130464078,5.05597037011617,16.966166525943628,0.9970761697713131,3.3151270315788093,0.3,9.124833494661752,4
8.435662522899847,0.357606694335278,0.1891312156121326,2.4348105148898442,0.010338427822768363,12.866786445501711,93.86143149614944,0.9981722249371563,3.2778543616518805,0.7098339201832463,10.889134043100595,8
10.237244411243298,0.5882645861827809,0.45968463502419016,4.438885403024495,0.032488400033235505,28.371114201373295,33.48061241040434,0.9965942011940015,3.6654545359785735,0.49014125435541284,12.850036661041527,7
7.641484660260222,1.1716062440716495,0.27533064535788626,1.3275838506591287,0.025488834388269422,23.60236772599596,22.917904804917953,1.000255708708993,3.261490993012767,0.6348546955648247,10.247420369512017,3
6.4323452771977205,0.6594613261230627,0.19802707094467398,1.0222180849570224,0.14161050985889642,6.439452383081024,37.902377432149834,0.9971396611748153,3.0695746780577315,0.356627014260355,10.797063228464042,4
10.714857288360808,0.1250433100309839,0.5196445537080048,4.019156999947098,0.0457844146951403,2.5964234196318143,35.594419128319046,0.9984152873590703,3.516043831071482,0.3,10.280474338568537,6
8.10708290200036,0.34927673488057,0.12877211368643424,2.8489543955342187,0.14588253532424425,14.36762989637311,131.33792849683493,0.9977212266435793,3.130499005037635,0.3,9.973097244176884,3
8.67664940516116,0.3586154901919716,0.2591424258886684,4.0590998417087025,0.0684638614614064,15.510569582887278,89.969557369141,0.9964932209721596,3.2851854210162323,0.3193873039482246,11.009658486004932,5
10.399078253876151,0.5150190067349996,0.12531064016664298,1.904492712927382,0.0751854523510061,34.583930753710796,27.784620665999405,0.9988976534444364,3.186563580043634,0.39917510090649155,10.103568731404966,6
6.545676088439461,0.2941319445101474,0.4614248976926028,2.7074182830513154,0.03653978823799055,13.10362929859632,37.36063599703684,0.9972050781225693,3.1795303970445152,0.3,9.430296540870494,5
9.312334525986738,0.4048269163686744,0.2109152080780215,1.7095113055371152,0.05686642698671647,33.35556096378853,89.96722973006416,0.9949465294997651,3.1030127796332696,0.6078205693553901,10.41685586765009,5
7.297178914013086,0.4302254707364092,0.11287275857911136,2.340717415234333,0.05291403908160862,10.246826156053423,39.46144686492366,0.9963565623449242,3.400712022656619,0.37856192019772633,9.118777935503374,5
8.075312095404568,0.49501066855418047,0.43545445454535775,0.5731288965219385,0.05802180925879008,40.68696884683573,73.57629602576432,0.9954193321447233,3.4468069257056904,0.3,11.29455780188595,5
8.422874241153291,0.12430114622525758,0.020283462276653057,0.5,0.01,43.55512423463397,32.16111774349119,0.9946079678416407,3.378980420671839,0.6345225850926991,11.217856205793607,8
5.74962283554021,0.14208181948313484,0.11943608338885182,0.6717912549504899,0.12275754632250184,14.971261385545914,29.33420218734834,0.9947692175210684,3.522892623341122,0.7093104339618419,11.478611623609574,5
6.9759770272052615,1.4139274515498657,0.019181865258603697,4.35753977590524,0.05956779305785376,23.06072674142035,11.334754751822393,0.9971296860230057,3.1823945623873513,0.3445333294193623,9.283053174109112,3
10.596823917102338,0.1,0.022466269485023716,4.262180739158584,0.03242505518036324,14.350264143709794,24.180395649567423,0.993515364622309,3.2541496144964195,0.3,10.393809764812248,5
9.806525020594153,0.4265632025069599,0.06499792889819755,7.53795622029029,0.07717797425485358,18.152238670865017,39.80877861215468,0.9964948567662248,3.1945180465807486,0.3,12.616662479973758,5
8.193512718543701,0.6592215941934876,0.2402677986034611,4.114956941760644,0.03390030748982208,15.235779634160737,30.68489612589948,0.995075988568061,3.3701078094124135,0.3,9.09797253941424,5
8.713309879471918,0.1686310180377981,0.05474566584066076,1.8041522693331618,0.08957336486336706,3.9680315689252854,33.47588423396899,0.9941942485556329,3.329654396475746,0.6702572918501358,9.926484046687662,7
7.799787740418022,0.9216127168470395,0.73340597399168,2.390778586134921,0.02202555371418547,4.7233766717195245,23.20244861180666,0.995837969373257,3.067910401141437,0.3,10.368456368293534,6
10.60619175590757,0.4169493248030942,0.27239778341063536,0.5,0.12632678554791468,7.161917277650677,25.053133134071885,0.9962605226490389,3.4969590900154457,1.1933316500825244,9.908116121648924,6
7.959400617749922,1.196619097493342,0.19478943513478175,1.8233638978011375,0.045551158975758434,16.930493821749376,31.519554057977878,0.9996717416069949,3.1615709350410413,0.3,9.956697248778243,4
8.694131556629243,0.18348621093076442,0.0419908995493947,2.712449713852479,0.16272263055546143,21.36559343286927,51.30890631079829,0.9941477166771661,3.0621889420963706,0.6301885269161462,10.029015846772234,6
10.248251245041512,0.352436852889692,0.025958635858126734,4.975246773597891,0.025428350400031875,17.700989639552283,67.2871554373667,0.9965529647590508,3.1024031672608774,0.37976249740774115,9.046585968279173,5
6.978468475761959,0.27161628768883245,0.14925579784646778,2.5460929840885447,0.01,30.00565293598724,12.899083586695031,0.9968344305733646,3.4746290711666936,0.3,9.315134549851374,5
10.94994161364472,0.2409112207903016,0.6591755054590723,0.8830621105444826,0.01059745274139117,18.107721464390853,27.187470219749944,0.995826054157477,3.5404667133932763,0.4661343052454665,9.835566557056994,6
5.69821560343626,0.25322866033938835,0.05535359921845272,4.762924172389032,0.01,2.0082823374852072,35.461082865470125,0.9985909013359323,3.2721448875834125,0.3,8.0,5
11.070391622891758,0.31188258129670127,0.036865177312311,1.6363795569646238,0.025026491830365573,49.9100726086882,48.180993765533636,0.9964561557926741,3.4185948991576427,0.30052237383695674,9.29332204410185,4
7.666451507281644,0.292958430241977,0.3980300981229386,1.2188982385648504,0.0875406651908208,6.8077696680644655,40.1823487409939,0.9975815045681075,3.15636640146434,0.3,10.413093094098922,4
7.887412128697021,0.7137783263380186,0.38870766478435415,2.287805507118451,0.02928219795448005,12.605149109108028,30.59683111097062,0.9948657120756004,3.3807961711300165,0.3,9.890676635097707,4
5.086982708988998,0.6733072676398915,0.22645599271347905,1.6203358798588772,0.05264207482506303,29.206041154137544,56.60052932276543,0.9937637767111219,3.3580873111758525,0.7618791379207989,9.44623885548546,5
7.526848980457923,0.1,0.10541035100874445,2.709225532187769,0.07084353900408519,12.748065302272144,6.045478537127066,0.9956592504265012,3.1090543527145655,0.9069694332028879,10.20765791477706,7
6.532328897254297,0.2529485885582743,0.2811230442095174,3.890489146938884,0.06527299411169317,22.05220212098802,55.816188223206765,0.995632409802268,3.2930453610846584,0.3,10.115156983935552,4
7.267001212865098,0.5342075420746855,0.03658426258717368,1.8283613398812355,0.01,34.881905025739236,26.773936448252886,0.9953626070815671,3.3014753038066957,0.3,11.007484330592852,4
8.066571358158905,0.4986537307833026,0.1972589872862685,1.8594555897678378,0.013784150468243281,27.540289669479563,44.79727362829532,0.9965071578639496,3.17001708782479,0.4107768434480892,10.593766639165011,5
9.92824574460394,0.3377929679583162,0.018843502672959894,3.905210950473129,0.017122742951295886,15.204245175737823,80.1163612918495,0.9951700188411231,3.4097838501310975,0.37509035079906883,10.219720038962985,4
8.652925697381065,0.4035584632523236,0.1858889291332242,3.9131668109851905,0.015668247373899744,3.3431004004167733,11.811421606626842,0.9952152038409645,3.1220824040684967,0.4383883423556417,9.319134303442285,6
8.823050310781895,0.2994308071390083,0.4086223998901022,2.903301752139258,0.042593732518591186,11.098239619040342,54.81026405529165,0.9986099752591132,3.419951934659528,0.508250916582736,10.214978834654374,6
6.437617038962545,0.7583719837145959,0.6737736926578995,2.1920239816496228,0.016973261242290174,10.835666238354706,21.10807400249414,0.9942597131105099,3.5576082462144845,0.3,8.514737179482742,4
6.802718047675359,0.7019076598517344,0.1106874029475866,5.584510317386679,0.029613491188738503,31.223618514006358,17.566968156643593,0.998403014612539,3.376552795279623,0.3,12.389512259949043,5
11.35783253119723,0.319573610896572,0.2384603029694047,1.3722298712335068,0.047079722268917705,13.71053409144288,48.61008882430296,0.9975382697807043,3.429805107301725,0.5233855026654509,8.81545833334268,5
7.050158240902482,0.3884938913443607,0.09392052096157899,3.9413331669716936,0.01,18.320591873106533,12.318918277680233,0.9980526250892704,3.4271738732079515,0.3,10.472914601516225,4
11.115554028497403,0.32051290660932363,0.28583803724972695,1.3202624211308231,0.020085086467637434,1.0,29.437032988285292,0.9980522603932347,3.4312754655894597,0.3360014633913908,9.930015166269785,6
7.886795961902528,0.3634499116558893,0.37302640512237467,2.655343574503041,0.016467043167032878,26.951155654130343,12.258138752077661,0.9957961318580096,3.2436899679836615,0.3,10.272990521988161,6
8.303889491443957,0.8392742065392327,0.2823715570139556,0.7642696595327341,0.036492118137319854,25.37605763263234,72.8085325851682,0.994775069236275,3.3662738417075464,0.3148175715640784,10.503696246829083,6
10.119620772390881,0.29293984138421636,0.09813949170503032,2.7182678781410297,0.043066720079379714,6.582131458434872,30.037460356873183,0.9954412888225515,3.3596051324141953,0.3,9.35579723928409,5
10.462217117295717,0.24273458109462992,0.06395073676300274,5.81362871624091,0.09217486736476824,21.090368944740778,73.06381978294405,0.995988265484056,3.084771929716899,0.759723769435548,11.055373451432892,6
8.111618647525551,0.3864164556354332,0.07575398926168057,4.579490500009992,0.07922737738542043,6.615057640560289,47.78533471850851,0.9938920971367524,3.2279011997238607,0.3,11.222940099227158,5
7.639986809013385,0.31789225011805533,0.1855910368555939,0.5,0.021834125650175576,18.9650481958817,6.0,0.9967350499749669,3.178085209632911,0.3,10.123952185304944,6
8.204935237512238,0.21300736421479488,0.032486033657348236,5.652197047751331,0.027200021242360328,23.255553362836594,6.0,0.9952556074935782,3.217263250366056,0.832312872792722,10.984173834368208,8
8.874527797994602,0.6377096909733323,0.10843010639679831,1.5792286393138038,0.0294514227487577,17.508658852150475,18.73075073271894,0.9963268729757531,3.4559192082081776,0.3,12.138897795680721,7
9.815216267678585,0.6880768570823892,0.27693345165442207,3.4927764651727697,0.0696316286901513,32.963464245847575,56.41576733595687,0.9956541721289673,3.2267375933869507,0.3,10.803714676588955,5
8.307190760290059,0.4451231568619412,0.22063374671933186,2.399658785117287,0.1004314419200421,14.941741971830842,16.795349809030917,0.9976654522672606,3.2230653594600858,0.3,10.783270598792981,4
9.352106706639361,0.23253781880676144,0.051397608570717186,1.4724389864573058,0.05720976652597232,6.453337349104608,48.130627442725185,0.9969651067626419,3.3068873536185395,0.3,8.736126397941725,4
11.0852115448606,0.7614438513033721,0.37844850167963257,3.2069890315017675,0.043966309005142444,15.177242926046617,41.18432727613643,0.9948960471537659,3.2573273811577375,0.6245566070996363,11.220719188712279,6
8.948226340850134,0.13580904830287147,0.14854216059093708,1.5228358732450014,0.01,7.068474405713413,22.023765693800883,0.9961548733072727,3.166513211703902,0.358142276950552,10.07120336773811,6
8.829809855208124,0.3413439986374069,0.4579692166415387,4.063917468531151,0.03399941173178611,16.08687853846864,18.110135424910855,0.9920901729226717,3.3204760145601275,0.8117356453025603,11.23335883895436,7
5.717851597346885,1.3840712725040831,0.09504204489818235,1.501958289225923,0.07650781217060279,1.0,18.580514861231386,0.9951978276566678,3.298008434628534,0.30411830939797835,10.628349387538533,3
4.0,0.4529572031619412,0.10043635806380552,1.3568235584168755,0.03495131415782369,8.406449626912458,115.25363363236607,0.9964887701316686,3.202296594126255,0.5600795933660031,9.141834246049266,6
8.960238739691286,0.3072048654326995,0.3690319265074408,4.133534722807874,0.03389334588110674,15.272607518866314,55.0776121846933,0.9942717641320513,3.3310383708093037,0.5924086154822223,10.131662933271514,6
8.138798806822518,0.5551497763980717,0.03732468368024847,9.618739117853417,0.01,8.251901062957973,48.998954868874634,0.9973725946023101,3.2366556304521295,1.3858617983265074,11.528188416762237,8
7.4248694526449395,0.5546491231891285,0.2818292606362995,4.9050967906600205,0.105504051446467,11.613343418418667,38.05810590942287,0.9936646510274068,3.423443509206853,0.3,13.442730314908095,7
8.714001347116787,0.9017156696262257,0.01862199800600099,4.421686942239015,0.01,7.358614718879338,19.815725826842627,0.9965522755287616,3.023930231337718,0.3,9.50255063725621,4
8.197313660365257,0.20024750135565592,0.08437664808167436,2.477024615099781,0.10831643366636833,14.571219219527343,11.22222636262437,0.9957237933645826,3.2177677551325665,0.9097634171342656,8.887730544028456,5
10.217226426077628,0.5691392610491925,0.11327630575241306,3.890702545100425,0.043786855994414134,12.235889953814429,45.48618342213974,0.9979644561943892,3.3184881084151496,0.7185926529069565,10.362274486349197,5
8.446388476040264,0.38606962197747896,0.2697465512731305,1.8239916468021335,0.13197090310728724,6.4341497261400615,37.39774279756048,0.9949974505422922,3.248722091005822,0.3,10.648494893896759,4
7.030230415380716,0.4230391006575432,0.004401356675831511,6.452881357196178,0.07062986765861538,3.9524263849814973,9.574858598957524,0.9956779560773461,3.085143536698048,0.8238398167555089,10.977072784364687,6
9.983282606230793,0.375165548128373,0.30361353908553157,0.5,0.07793945991371562,5.558463189803185,22.931975767994945,0.9983922465380625,3.5915782541121466,0.3,11.405745547560658,6
7.930877172591456,0.3702858634260075,0.10476726328658029,2.389505143156286,0.030943018297290372,9.2768102739049,10.6069703453218,0.9984168165866986,3.302025699220623,0.7630853695239095,10.8512627060283,6
9.195112362242924,0.1,0.49584456824012485,1.9707850850395061,0.03596497117492159,1.8736864914705391,31.868479691376407,0.9925740971989073,3.1149775090310303,0.3,9.63298734043626,5
7.48840179947224,0.2817475985873273,0.08887183466102119,2.4899645895530607,0.031188320954329867,20.581005822075127,58.08694891947933,0.993341413866353,3.416711676852522,0.38087344794873823,10.757511908210708,6
7.195294294654358,0.3776557737954531,0.08767433093844579,1.4171078548231248,0.016321380825711412,35.85482500238594,14.351721082623834,0.9985249825638028,3.2435789457141984,0.9582993126999634,9.22937472967841,6
8.443085991315684,0.5181831584305308,0.030261327259637094,2.8102255282752115,0.044115220469896084,33.239208667359605,18.14649367771171,0.9980982144002601,3.4596043014992808,0.30700120449275353,8.913469879943891,5
8.321808694024265,0.4253859843621839,0.19133811997452538,1.3797880130873799,0.012916421754024321,10.506143911599027,49.71526519945059,0.997460958402355,3.2399302495059525,0.3,11.610556156580483,7
9.115705960123616,0.4129952389052339,0.6234803262448391,1.72543999950897,0.020933956858114836,17.656612945626595,56.32859890001028,0.9958092219162309,3.4241440659282003,0.3,11.415758448283274,6
7.843302219373438,0.6042117782812563,0.13449628931388727,3.5843362622457744,0.0203381126111934,5.781682124848677,152.9109766151301,0.9959577959545352,3.3035437086104205,0.3,8.287625339549544,3
5.178188367590325,1.014533547622741,0.1966892512471576,11.740698672522285,0.022241763931951094,2.256981359773289,15.998435789210353,0.9933609429261432,3.302822558608585,0.3,11.590711194132128,4
7.5642843978997405,0.33974842358171764,0.02042757530837194,1.7044893304517246,0.017301251173951742,5.853376820195446,42.260676657693196,0.9952197201818748,3.201422686066059,0.3,10.551155515775566,6
9.649491394144487,0.1976666009327235,0.2990513909951295,3.2069311184874447,0.01,8.461405555271776,24.220083194010908,0.997609578619345,3.235282892409171,0.4605720223383165,11.435534462146133,7
7.79446066528672,0.7554642968220181,0.12177336879219477,5.407782066419165,0.012353655145259575,13.59833084512756,21.59858133010654,0.9957949296547547,3.3501132253514685,0.7331435253408539,8.713814133717046,5
7.881148215725269,0.5648180541899357,0.10394517628792015,3.3545954057427783,0.05348269034639026,15.216897826707218,37.916848827245516,0.9976619845144669,3.258597612855282,0.3,9.778303437612081,5
9.976840060040093,0.31956361456019283,0.06881262623676612,2.142199191142015,0.02591581135840446,3.705998781432814,32.2771278799828,0.9978953390689738,3.1560797075012803,0.8907584251444219,9.694971563285572,7
7.089645513659832,0.7703882257762286,0.08681693024429513,2.1130593319432998,0.028991418773575153,15.885186314684821,12.01862369414495,0.9977257201911085,3.1854649265754014,0.3045754979482384,10.18375335453313,5
5.677234528987071,0.1919711272792798,0.2796982188787487,5.683191502381168,0.10108403739499204,12.569016335823662,52.47027992376147,0.99681247310241,3.377765338767665,0.3,10.493179833512478,4
8.026927096806661,0.34188086216317815,0.34621342550041306,0.5,0.14292488989611396,12.41567005721726,25.314284686804115,0.9955149659091276,3.4045744224558625,0.31569688773453486,8.205880817520532,3
7.476904282877148,0.31093144814639617,0.015236905563867514,2.7916481758055394,0.11551945643198784,12.341856868118867,25.542272281011652,0.9964271838236592,3.4455996618113125,0.31990865724856,9.85393132865066,5
6.657381256419469,0.7965356786335951,0.043005151296137696,1.9121719651585343,0.1083955262330183,20.755997547143796,40.799996442870146,0.9942196286885736,3.249431424179577,0.4026544413878957,9.90114603680881,3
8.001856624972227,0.49222986249791806,0.18011059764868245,0.5632173471557992,0.06766304940541766,33.739755168912644,123.2176960229149,0.9930722142345927,3.5642567766573547,0.8966736834676425,9.745656926291375,6
9.135559600319533,0.14465120777600804,0.04426530082459591,2.5895149498531183,0.08789074249234527,20.801336770528756,39.756681449577435,0.9963608441997717,3.4480290813287486,0.4809900604096849,10.10012156241068,5
8.284209445334714,1.5,0.057936769023924514,1.5057912722929814,0.09313822509236099,52.612202045777465,21.771238660978348,0.9949296559102272,3.2937711532263507,0.6448974410156738,12.681366194570453,4
8.821867823566604,0.587830113785587,0.07306839044494227,0.9774593691037405,0.09650801059694188,16.602893272834496,21.817526706628062,0.9947635775464391,3.3062769290889493,0.3441332298514723,10.284110165865515,4
11.38279308747622,0.22983048142066265,0.23651876806127856,6.13942841170485,0.011863707660762121,13.665473428833568,15.259755892663165,0.9957074473853559,3.3978101149319375,0.6564649762992505,8.79611452890172,6
7.717105935352142,0.9639809774755552,0.4623589582827435,1.1433879508408689,0.03150193286315414,10.090306234012541,61.73976991953766,0.9975816412125382,3.1834846746724876,0.41343514709321555,11.044868201966064,3
8.773192678895938,0.39893239223838817,0.14011115752470985,0.8951282279844446,0.04249746041881329,31.519642718712166,28.39866179422387,0.9981032873783827,3.084700827511686,0.4261629092034667,11.285198980355151,7
7.434337283581472,0.3574406963695902,0.18618257869017865,0.6736181853663007,0.01,5.945693202761172,27.840169005211127,0.9943210463585873,3.3237257750939406,0.3,11.08678008858493,7
6.861188476192147,0.374652772313643,0.27757715373097397,3.0989921300380163,0.01,30.00088392916364,6.473590818204188,0.9995341271945198,3.3160490812026193,0.3,9.662194989294319,6
7.305656989189792,0.39574378185599546,0.07435617107648147,3.358863337876801,0.047373799162723,6.021494080170784,25.123977897398525,0.9967332455513255,3.1796308477162722,0.6063497333600786,11.518909617455835,6
7.48611042841313,0.3862577119432209,0.2561635618640647,9.512792055841649,0.014597730640322687,14.150272976168328,47.11223724260431,0.9969941443445993,3.1997888301830173,0.7419787323868394,10.967541834857114,7
8.911108855830115,0.36072870657845335,0.6746162169061432,1.942013654046379,0.0539073461685702,16.93410612392575,12.528410852258652,0.9942329567685709,3.4402546589790624,0.3,11.166427421253568,6
12.29342883739129,0.2621885501261958,0.059671511825451246,1.688749452301621,0.05630785939422345,6.324574962125922,26.3347513700625,0.9959098839302805,3.3165757936172184,0.3,10.849496531378442,4
7.082726158331072,0.21562522666855918,0.24212935087450052,0.8649051946793065,0.032059493791829374,14.010149855274081,6.140892794541833,0.9958215566968384,3.057707931625241,0.4548887970582205,11.368401078261346,6
7.591736980453715,0.44923940915607247,0.18738245374134732,3.5012009554917514,0.0327593733759364,18.611097875308378,23.382465138957116,0.9928393340885149,2.915253244014654,0.6208443013700069,10.503282884038189,6
8.192690877710879,0.21916201612193068,0.05629148423119551,0.6453039967845812,0.021197678631610973,5.510423907478307,53.05309546414377,0.9959299054505794,2.962399934419282,0.3,10.768586316585012,6
8.972858042806571,0.5044996397868113,0.3617162234347574,1.4877039200821935,0.01,5.659780102825564,35.51190895614997,0.9974399869263904,3.533162700213044,0.3,10.009855835654273,5
8.748036380323136,0.9327873541801359,0.09401010074703557,2.9695668448019807,0.04914202327524865,47.277326335922616,50.62576982089024,0.9950480610425233,3.2027300717570424,0.3,9.988369894621947,4
10.4829628497118,0.39457290336397305,0.048643748502267825,1.5377972237288642,0.03216917408786816,20.493339484374367,62.7439260762838,0.9946444664607317,3.261616001300438,0.30085575895139843,12.079724658286239,6
4.175133480090147,0.46427595402860755,0.10119002762713822,1.5007910148656234,0.011975977848069806,20.601613594754745,19.84319677157049,0.9979129741724149,3.6612960046737975,0.8308749438518407,9.869121877105043,7
4.242219220667357,0.7981597598589484,0.26146125154590777,1.2795837843899789,0.02855178943170967,8.06581939568117,47.405999477167214,0.9963554286256481,3.1554344042918667,0.8062305625889524,10.087545365798295,5
7.457007107582747,0.33707972252735524,0.09926164919083993,6.38469951516418,0.08029487284353551,15.584615039339962,51.16742517785105,0.9958826174808685,3.4338865930847007,0.8454416799512693,10.031899832600931,6
10.165410318824305,0.24999561877368723,0.007034478905528106,1.4322893382423176,0.01,12.802846972160035,6.0,0.9963004160615656,3.261788543015176,0.8288035197090987,10.706111653006175,6
5.6383983462704865,0.1,0.6527604731388897,3.535081404921419,0.037324047971530765,5.0215978245005015,17.46133635544114,0.997030101347182,3.429261441016632,0.48359351457358557,8.936562185890626,6
4.0,0.43473809868260227,0.39159190489457063,1.3515390439033426,0.010914377572047641,61.8878183038862,85.021491126179,0.9975683023128361,3.372703730277226,0.3,9.601479043961605,5
9.271004990572656,0.25241279873997047,0.20630349284871544,1.6708088922036046,0.02851822355103386,17.024537526326952,11.321221813024282,0.9978026954032563,3.0034968741378916,0.581517269604976,10.180683119032407,7
8.714217280294616,0.3187888913929041,0.11224377173672001,2.5087042157874944,0.01,16.2810746699963,36.848005969791274,0.9967726298073236,3.160701307502054,1.147570366976562,10.471656844659137,7
6.44664570844097,0.1,0.12189993379986086,5.989928228759575,0.01,17.30317455513478,28.244059032136427,0.9983352690705062,3.1617067644379264,0.6251284244451552,9.170296994238871,6
6.62458267877442,0.31810635809109333,0.06105781900984741,0.5,0.01,5.360432768204215,69.71731951636244,0.9927211574418005,3.3334500960079607,1.017737570094269,10.799072636988088,7
6.6514356766210545,0.15044810576465736,0.18621325365358346,5.509322873156835,0.13068305225260762,8.318903064143312,35.22945097829779,0.9979686973030653,3.20706711910835,0.3,9.758211235614606,3
8.4879100397057,0.1248992506810317,0.846233451192478,1.130390464242049,0.04678298189588292,8.346539190221424,72.21683977273157,0.9956342387209505,3.3388560101464995,0.5844462945609943,10.494289521027437,7
7.235264030488889,0.16934988083337865,0.154178840423437,2.7608531837163865,0.014513361727725844,17.556282817084742,31.00320404906121,0.9939219321191487,3.386563465377885,0.6805494925381963,11.456019363382062,7
9.139908662258383,0.15162285249862612,0.3155231201337574,2.298870452342826,0.015288522297183686,8.020147753160126,55.36712701949877,0.9979000730315642,3.5572179989085884,0.509181351370344,10.584448707689376,7
4.0,0.7104763747522256,0.08210932520118415,0.7841460055868976,0.06498966421676304,11.787160926310476,60.95366125854159,0.9960873809774594,3.382267358957979,0.4873133156578235,10.96069016208272,4
6.843351829282742,0.8276871475418539,0.20397533268347542,1.5124396321841644,0.055239148213259065,14.972860931735521,12.65472224076298,0.997688719353514,3.289353081471973,1.0461043279138131,9.290093927945556,3
6.385708266451215,0.4403638203093378,0.09454687928317547,2.3052565038920485,0.0338909984720554,14.558512521436988,45.79265864570437,0.9955661592882998,3.3303735416674325,0.5535763424314902,8.839850712229708,5
7.864220846766764,1.1788007672984357,0.17752045855555432,0.7164912034667612,0.10721483119280704,10.720786991303742,10.032619043992998,0.9966614168112428,3.0448022588708272,0.4110831649597543,11.283289112113659,4
7.3853188105667655,0.3051664319472366,0.48166028838903213,4.726318471316979,0.015378354477821017,5.581214186149251,47.912531714904986,0.9957285744051678,3.2172631558975344,0.8365114787196976,11.915511934094775,7
9.656334425822804,0.19049315594476018,0.22797752728288936,2.519790488948601,0.01,22.28672200025764,50.64575610512331,0.9960557082273727,3.151716652862452,0.3,11.770743500137883,7
5.139127488177904,0.378362988373167,0.4675463473674815,1.5665687551532819,0.10204480838479597,29.215639490017246,63.76557197864004,0.9949860812389066,3.463144781529422,0.3,9.359947868873618,3
8.377335509762279,0.17250848517524073,0.4807140591275287,1.8627693451900509,0.021526035562624887,5.8786074605603895,89.918405360553,0.9938798211977152,3.4119979573756782,0.47582935012397826,9.789341560599413,6
9.2491719194599,0.40876173771717245,0.12912374845062716,4.706081323835145,0.01,26.730381080619093,14.90435749702539,0.9941601077148,3.02314741059225,0.7018970620879457,8.381319767842541,6
11.456300642155323,0.6154045208331634,0.5700934685618854,5.4796973546688115,0.035424207650846334,6.755953400650154,31.55401332421206,0.9964220063437161,3.397537568250011,0.37795109744132593,9.540834860631831,6
7.480997849141093,0.16962408940924528,0.2418282914594256,1.2050380251497799,0.0419520119164938,17.778343809122518,8.734016639546079,0.9950209026544651,3.4329142146928406,0.3,10.257771325156906,6
8.85157962739928,1.0277766577744134,0.22700233189981067,0.8555141415889254,0.034130998975793116,15.674565042818259,61.82899441444815,0.9969879743794126,3.187011997143476,0.6064496910825555,10.788387431403223,4
5.23343325264398,1.4392630001879865,0.09268604963116574,3.870031058444119,0.09715464602893496,22.051031866923108,137.6465012468433,0.995763593541527,3.422904084375415,0.3,10.450903441258935,3
4.23367445266786,1.2711884749969167,0.4049793362884789,0.9667843687529977,0.13760617806442266,3.8997519227293234,24.951345195207434,0.995153051064102,3.3258445921675874,0.6938563333528671,11.350464082041794,3
9.73611643882889,0.1,0.25735091625657275,3.3644859331084938,0.021855909691125237,15.571025482698742,13.83139490478823,0.9991503271770779,3.1078044739623727,0.3,11.308257719289074,7
8.290547500798281,0.2635448747148228,0.08710436347511356,1.0908709639781082,0.07211520585840513,9.273941911740385,27.576410839163195,0.9949059615549265,3.088781421359146,0.3,10.374005328163342,5
10.303471572657319,0.4823802823746932,0.2799787456981588,1.0840273062492007,0.024966031047816004,22.903963352093598,47.88157901331757,0.9963208964442346,3.6820081864987375,0.3341482933874021,11.086553448838664,5
5.965215088751427,0.10946843347269831,0.04833536044004818,0.55853844712573,0.10105147340463523,17.954880564575642,30.93674943982323,0.9991327818138293,3.2653495122113605,0.7280828540881855,10.428793374604345,6
9.18383363719888,0.12055932130010902,0.045315773429842963,7.9542062011919485,0.01,15.304879678353608,20.417075625416345,0.997680715999403,3.353883575659232,0.5886055220447757,11.461926374410783,7
11.47699032892455,0.1,0.1714429098243558,5.502460759817955,0.039786616122818676,6.885408331342518,16.127945108075078,0.9965691435311306,3.0743450116204856,0.6755780577448206,11.662966133631226,8
9.013499534207353,0.4063664939770725,0.1188663230782176,1.9282140720119174,0.05943287888532893,18.587591680935677,13.251281859570588,0.994771314790179,3.5567268944301538,0.3,10.650421536978792,5
8.770188559504783,0.5063242713064047,0.12759325426701204,2.867065639207751,0.060687183132270624,6.717113103360979,27.497752404619096,0.9923381917888477,3.423866817589126,0.6643918571244765,10.791550466465074,5
8.314545337401395,0.8018744043317887,0.46330820492607905,2.8058737222930854,0.023500127463242787,3.5772875694823867,11.770162845882572,0.9913303724876107,3.3232143629516746,0.3,10.799125980507927,5
5.62950152288595,0.564329156548536,0.20153913163314402,8.04173276567088,0.03139267078014226,7.438448317876432,10.618576503623395,0.9953034348321352,3.554860290925984,0.9438575747289657,10.12664998768558,5
10.604473990707593,0.631379290897962,0.1185627792434896,3.244595618418292,0.05562678273523533,8.078150883025245,10.431134203513068,0.9991027436956729,3.075715561268633,0.738415802234395,11.62889812342062,6
7.261542012331389,0.1,0.052177663606952265,4.40340016901728,0.040751971844013406,9.2927967471231,18.655567943340266,0.9946148776284582,3.1975365679529646,0.5555242233651565,8.743258939275814,5
9.15762153585113,0.4692180942470561,0.24084371302986235,6.115518275208349,0.038643509203459984,12.848198170102503,49.9040103361211,0.9941758448223853,3.3053523409483683,0.3,10.60424266029163,6
5.642841678828869,0.36997165216266054,0.2880029324855949,1.1800101398567977,0.022698871382528893,12.852101946624,17.228291723289022,0.9955704626648575,3.2099706492346005,0.49135777562510374,10.959267074385814,5
6.294918570336774,0.2274280562850579,0.30446486222334995,1.3497387096858988,0.013009130929638197,15.583725892049726,31.075628480547586,0.9962386473348316,3.4197242465643747,0.3440030402931409,10.355617923960045,6
10.739648578677802,0.2920327917495198,0.13724507693285307,5.487845945618306,0.08478656275928731,12.733896638926979,6.0,0.9965028934998381,3.3771074352910966,0.5630789691434622,9.915311958411555,5
7.709586108771668,0.508580606572082,0.022756876724911255,1.8748531560881125,0.011766677899746232,6.557758316607156,71.23241996603043,0.9980850554829317,3.480630872939222,1.0301948402391987,11.517356823137838,7
10.770568309272326,0.6580208985074294,0.4771917421662015,1.0397671635482029,0.09770928130577654,20.10362731545363,6.0,0.9944240354097331,3.3260146734574656,0.44151602004737234,9.059983942312893,3
8.16700787960052,1.321211820725893,0.04909126072069771,2.687284314613316,0.11271189174017496,6.886229634891216,58.98920051540975,0.9982883563842845,3.1498172448603303,0.45963208638318037,11.122301793128239,4
5.168773785971643,0.5298660105160171,0.13914143663785009,5.371291576996052,0.06961778534067607,13.760126614439967,53.92943314227704,0.9971722498562521,3.2539367497111193,0.3,10.01810299960769,4
9.816514919543925,0.7059457324845246,0.3093273939587227,8.603425801190005,0.024371535810771658,24.24688821725322,50.44155585742772,0.9949328904456263,3.3870005494033135,0.3,9.043039945301517,4
7.297183059815468,0.6890896066005153,0.261904698883566,6.990614368590423,0.01,9.364178682857771,171.64876497296927,0.9943512719785403,3.250975208444014,0.3681399842169444,10.609989284146623,6
9.487770982978974,0.8341967029602364,0.07701693853318033,0.5,0.05998832299412276,4.999533830723441,116.91108028445461,0.9936165259900446,3.317014861990622,0.3,9.141032424809246,4
8.34285847481814,0.14937678378431346,0.7507108250838588,1.9224386661510113,0.01,4.402625948519916,11.099355503539423,0.9980977763649771,3.232458706718365,0.3,9.323261171211922,4
5.676699012497121,0.41493059588265846,0.13588639005763162,0.8115444703727255,0.01789343996638463,6.297371778887389,19.942418775891152,0.9954449623093379,3.3767636905648764,0.3,10.176188308356927,6
8.579301101129968,0.17862724970659563,0.2078277478309128,1.231399118291309,0.02214843860377008,4.840256945247523,49.078854954292666,0.9954391744701495,3.379943255820228,0.3,11.464335961577428,6
12.03357934165976,0.18932943276759998,0.21912168409927293,2.7597418319034173,0.013226491887638732,25.49085673454292,32.403433200903045,0.9964379978010378,3.6589342553589885,0.33433940696872233,11.365463884686354,5
9.138076979474581,0.5413822142709248,0.26631859155068044,2.747227739670116,0.016202098289425714,10.699799441566647,48.562416413277305,0.9940009051797382,3.055523565509939,0.6807411919667921,10.72799992323411,6
8.202219819890713,0.5476667014583562,0.27219876156507566,0.5,0.04023980069104288,43.477208632617895,64.31705271045948,0.9987368948449142,3.3477811004873574,0.5591284766952938,11.0037264323139,6
10.128083783326726,0.5259172720888364,0.10873080655343227,1.2371618116164433,0.08741970197727555,11.31121719596236,45.65579901128987,0.9965933255260605,3.6119760107492995,0.7696306272184185,11.052227727953253,6
8.65813639084529,0.24764488543430052,0.001007426493418495,7.315381274315592,0.05447709242624743,2.146640560938845,40.8572184017861,0.9965426066714966,3.4794772162812877,0.45761944214543654,9.268439862766265,5
8.656208191446751,0.4241807640086356,0.2331288863703273,0.6454570696947359,0.07566658248259234,13.453874245262465,75.21603322918237,0.9958304616462503,3.585155530480285,0.624409159544187,12.180105142011458,6
6.444237207329526,0.3175993593936013,0.03915950477109411,5.385815294183504,0.01,10.635457467061453,43.665633152690305,0.9935309296567205,3.1404806843934416,0.7066359063942375,9.799679721872389,6
8.697541643842317,0.5251813834293865,0.18385962862294503,1.5845563266286264,0.03178258459661223,20.95331458267746,35.20007314964683,0.9979073397512431,3.3085010105362658,0.6032085114483978,8.882943226377165,6
10.060253807908808,0.8174507899355516,0.2832674758539953,2.3960105496619444,0.07897680027503907,10.321551210058455,64.38820940319968,1.000085202673588,3.091831671865994,0.5108369086920294,8.684244682039708,3
6.878694341429959,0.17020464598536164,0.20506265859579131,5.868016174477334,0.04117374067330605,10.40317384709517,8.996269827101818,0.9944705454471049,3.171538753433625,1.0014985895399728,8.182319160433622,6
10.721642896119812,0.3907481857982363,0.11794266758646646,2.0034285613851557,0.01,18.229727241033398,57.66190367956086,0.9943312511829488,3.510982879768897,1.1333852612457944,9.487016246783499,6
8.144099758953287,0.7055814954459636,0.14622233568612594,7.623994707911885,0.03453219804400286,7.64231840299144,27.642654295845396,0.9944667722972785,3.124960485443128,0.7276344292644495,10.038680343420772,6
6.790791830384482,0.1,0.6869570668061705,0.6220213015625677,0.01,9.165542658185865,32.20607661660023,0.994684296670666,3.253683487307832,0.3906505352996781,9.899139763672611,7
9.995974530764416,0.7509301362269932,0.17419902714528857,4.650290210221982,0.020038344090415574,20.812497998905584,67.89456745847946,0.9986297034913422,3.1601632529286734,0.3,10.01215427749173,4
7.812449799244943,0.1,0.03936810100137226,4.2452381183353385,0.024696839375649305,3.2074060827061652,8.317409447092585,0.994172486519616,3.3432528447458627,0.8152024595732781,9.490194291837453,7
9.591175308726385,0.1488281622257753,0.06105181558860771,7.052300114479264,0.028597529854896102,10.331496889312232,9.341457846714231,1.0002437178466275,3.0782896786777973,0.6204109656925106,10.789698942489608,7
7.804010325160488,0.3765082717997089,0.378360165370967,3.73735941415726,0.08153768027914672,1.0,63.123196473517645,0.9993695815153746,3.300618781779467,0.3,11.050187121528236,5
8.198295555999165,0.3103393693719617,0.03118319300625997,2.17150343780611,0.06011305684062459,32.00325472069459,26.717056627961703,0.9974528986630674,3.4364300063278748,0.7718229612716409,10.835323199597138,7
9.139052347368297,0.28160282142371756,0.09147736123395273,1.1583664695092741,0.08618316006242184,11.345062812314813,55.129739678539174,0.9970764891565334,3.247047779601,0.3,8.145439649291816,4
8.794524997903011,1.2480653997668412,0.2562095918527123,1.8667727543666528,0.07953854023828291,6.704766160135262,12.406590207223992,0.9975878136317018,3.501900386846061,0.3,10.632540445944743,3
4.907595973232045,0.1314315078485148,0.16854653733600986,0.5459639481115112,0.044599923272453,20.938389520040236,21.102125747638677,0.9950364088512728,3.375891320030909,0.5392114893966158,10.074046079624408,5
6.3938856418395345,0.5565928119841583,0.16993712998419572,4.477859157245079,0.01,14.191430663593053,55.7478157976268,0.9939471802100112,3.2485345164575103,0.6728430976941487,9.845082598355726,4
9.879996974144387,1.2799402897324852,0.4513337123675214,2.383097927227221,0.03784150696873073,5.279363927523953,19.339763367332612,0.9962399165542247,3.1937449421683652,0.7386586147700566,11.682555927614697,6
8.07536779886737,0.7199935615318483,0.26339548942693963,2.125187070814996,0.07961053562289715,22.36016722568851,59.36365186027309,0.9935807789102322,3.4524005950961034,0.6201864767968771,10.949046431601626,6
7.4096567852885835,0.5116521301574308,0.5885784932486557,1.7546780249597527,0.014552583614727265,17.984714056233326,36.114605701683686,0.9946849007399322,3.252847641803711,0.8496415332637723,8.847601459644181,5
5.990424174062294,0.46716038564291906,0.13148676104687693,4.076834877566588,0.01534166600971491,21.77746800383976,8.080792909274866,0.9974171204899458,3.2817193953263044,0.3,11.584131923035976,7
6.464448253831058,0.27895697675154335,0.12282201462981919,2.113304125315194,0.014529641315895375,10.09706446273602,8.957620371366847,0.9967609899517323,3.6156320096775554,0.43979819716714713,9.371716694189981,5
4.862942312064691,0.2625255224504052,0.22847135907524155,2.573965941701141,0.037255769849401314,17.985858754643143,52.64748678830276,0.9985506588716381,3.4546960351582565,0.8439801310707401,9.911155133984494,7
8.127822778207396,0.10788716664310888,0.16593491501085814,2.5384786167680047,0.041367648483352254,39.050498197071136,56.31604815396909,0.995495444096417,3.181266891370973,0.5908135846983712,10.237905123597708,6
7.282656113012221,0.7847762412948177,0.30134746065640244,3.7011979259374304,0.05925972679120006,31.920720748453064,20.824160534452414,0.9992031392956527,3.314107977646187,0.5225119094265382,8.764879416185286,3
6.656800585324965,0.11908663876104555,0.14718359951482352,3.503575576535626,0.07961121460319162,18.793339461450323,23.924099987717902,0.9948292941981015,3.4488206095790757,0.3,10.046421810678392,4
8.18419017721448,0.3701160837874864,0.1904531128823468,5.858980235532857,0.07646167938344813,3.8206043213276986,30.848933167554407,0.997656899215532,3.202154813392131,0.3,9.191726518523257,6
8.918750072449656,0.30322554459277695,0.03401291997770212,5.354189012502671,0.014150571883442247,17.131832880114647,54.44759842319349,0.9963142770261358,3.5139812022046018,0.3,10.067194070471295,6
11.858436484756908,0.450735840432106,0.18545355116080528,1.7321502589132667,0.04583798594861321,25.397093086118378,24.80082870386373,0.9980045490446472,3.3668855363293497,0.9246028934907835,11.063923604433175,8
5.729798186742538,0.6115794322752677,0.15847575554042265,8.382994936809926,0.013641570813952461,24.279358385276034,16.81636048487585,0.9947031505446053,3.6434524548598355,0.3,12.280376049900342,5
10.270947773610889,0.2719140875068338,0.5780217268615041,3.4692039246787862,0.09415807336521,13.866038210153361,19.324881512626995,0.9976132101843465,3.2588177215084992,0.3251224677210681,12.097957012769491,6
9.954272653725623,0.14810130048302383,0.33416940628448394,9.605060340872306,0.04602408068627842,19.264639456270558,21.36363659746185,0.9968757637844191,3.3869992967648384,0.3,9.41040922226605,5
6.97554234305961,0.2191557917154213,0.21820914327482852,3.1342689135598008,0.03912457543154447,4.3849695159022835,58.58023285723381,0.9944817602589023,3.1921877842038673,1.0493377346567798,12.593665491396447,8
8.645501122796253,0.17568524741604957,0.256005890177025,1.8724450891214428,0.1445605690117961,14.611889068278822,13.261925385623993,1.0000959576835076,3.2866376579636962,0.31573077969372837,9.534080858440301,4
7.522023476126055,1.3023222716351102,0.16994916025971882,1.5488571803680786,0.01,2.830279658878396,14.05064128006416,0.9958081476980278,3.2115681186523535,0.8620932776105783,9.069545485844964,4
8.615670586711857,0.9361316185162185,0.16043854997317902,0.5,0.05557611142862769,24.119140458978904,20.340942020412406,0.9975621050214745,3.4548323229469786,0.4653358610899471,10.19379458495075,3
10.865522722787738,0.10455846695515095,0.3010233953153611,2.935582383592446,0.03644413853123601,21.35023633612619,35.250134435957946,0.9971483575604639,3.054456924940478,0.5675037231141082,9.904685825279536,6
9.329530595473233,0.3063447294142613,0.08662099232890871,3.054817028123043,0.029569044041607415,20.115874732956478,73.2046632988917,0.9938326193533663,2.8759905129976393,0.3,9.640271184398513,6
9.164634234496852,0.1688483916724309,0.10210581175000659,2.41555157793092,0.014326479820313636,15.767360647896501,61.019312136355154,0.9978035307045581,3.3431511174828397,0.3,9.667185022500787,6
7.568474156077109,0.22332973809701825,0.021624843134595433,3.2752992981390348,0.03639463277747844,30.246226011177868,32.06825376020664,0.9938959257418143,3.310568687481575,0.5856053809568205,11.440559659536472,6
5.777103669628631,0.24953750320735904,0.13249890195669387,0.7339952574523769,0.0379359823855929,10.76839550704113,82.72208391891039,0.9952875684801306,3.1847129555214924,0.3,10.295632542550248,4
7.945604042081308,0.18627475149239886,0.16794614310737144,2.258947021538395,0.05736216957143689,9.797607332076726,30.95019118783297,0.996652342820164,3.315847818808831,0.3,9.577184534485825,5
10.351233863268657,0.7368326422231586,0.2354194730077586,0.9231191631522537,0.03862141024470052,20.820657755135766,71.87459083982617,0.996136646643545,3.0071044743180955,0.3,8.924107044009391,4
5.7038146437976,0.5001352401285051,0.040297579475739774,3.348726692193138,0.0809839244998554,3.9051320898321196,83.1085807617278,0.9971706792387726,3.5357905398271434,0.3,9.385693996838453,3
6.506348074099619,0.4717263417712998,0.1815108705426942,2.777713700579387,0.025796458910767314,14.454676253879411,50.78668801573478,0.9918481603417054,3.1821805157383074,0.3,9.941563217844049,5
8.514655151597916,1.006264210422396,0.2970400339511614,5.319589259582943,0.14528475509126187,9.900357556139179,24.95796922660411,0.9934782981633208,3.4562803021903683,0.864111772367761,10.349742012928896,5
6.626086865759655,0.7018637904953515,0.06447473927097228,1.9185398052643032,0.031843625867958435,13.627079071440066,6.135084540509124,0.9972637595561652,3.127427704667741,0.3,10.71417659904107,4
6.9527101399041396,0.3972613410018052,0.46791527967031,5.296713432814482,0.01631267821353571,17.733375798962474,112.60328393344301,0.9957409415286227,3.0977852536487096,0.8227490956911652,10.419986100094114,5
7.5798824110620995,0.47925379452312505,0.10423164959074496,2.2453828242597087,0.016517779620063913,8.657563747516765,38.50330943821769,0.9966969156906578,3.1590635337534003,0.43669807266184385,10.92495831754631,4
5.978450412876747,0.7828819738094508,0.8556484710408859,4.031140648170167,0.01,47.72373351254058,27.951618038398962,0.9968274861028361,3.3062712705274016,0.42792246592984057,10.210769389905787,4
6.643992861432174,0.7481247524067851,0.5480353301105493,1.2861816244711493,0.05592295147038374,17.47206848770427,54.566175906169924,0.9942888550821023,3.4356283943479364,0.3,10.632263242880148,3
9.495827458538425,0.1,0.09766876154829987,2.543913359598069,0.04154665050704459,12.426868715209713,24.163047234646736,0.9937262834024397,3.536246482768747,0.3,9.423805430175259,6
6.077471370207363,0.5412784655433184,0.3796780659855327,2.342899136793301,0.054526782202600106,35.705712308838095,61.35674024992496,0.9974612812362144,3.461111360221466,0.6110927865620694,11.027770533786477,5
5.583617371358777,0.4229487546188634,0.3975887119768526,5.536205647591222,0.01,14.614707017792155,21.0956623366109,0.9948015460734116,3.088414420377184,0.7893720936426403,10.776419378533696,7
7.2289575347923805,0.6344592923369058,0.12723456903717723,2.337955069966762,0.1097611998174696,5.53029783933027,94.85600282604756,0.9964855810501655,3.270570019935351,0.3,11.484618486753533,4
9.544324354266738,0.1,0.22893048149656975,2.357744485507871,0.059783723595345555,15.562252029487158,86.63738146528885,0.9958912829857417,3.2255436137164346,0.3,11.610076404136775,6
7.965232926405289,0.8304137410319495,0.1080008252458496,9.13515817320469,0.01,5.2513761225507665,33.89879742850447,0.9940673545102686,3.28766201947693,0.3006996472588126,12.930078135068888,5
7.510212167203449,0.6607820071032511,0.05666745153240639,4.503699156091561,0.01,8.022150432124477,20.011156786647348,0.995205883555306,3.357114648260033,0.8436399390106241,11.98611945118717,7
8.375409955776533,0.29244999163574864,0.48324248370668804,1.9835660693665658,0.021169461794476017,8.513802911102479,86.40578343456716,0.9979416712467019,3.1842038271154616,0.3,10.765050362253378,6
5.332297364138592,1.1798144934752253,0.15297495592033644,3.7466066735847123,0.08919158808426149,2.8497360344530995,50.563379202660286,0.9964508978438091,3.595798030486556,1.1752348201363614,11.819736295141002,5
9.140999611417556,0.14633570026998266,0.2386507878626492,4.8143034797544395,0.10312476542424,14.236262129111681,19.366125591435573,0.9955206565915232,3.235993034052519,0.5196283543865703,12.132879243517165,6
8.951839553386195,0.45795096310067696,0.4583530144845769,2.7097747849176574,0.054040321488797,8.515257273959012,23.36804914327221,0.9968476229936987,3.412274966804212,1.3478175645104393,9.839386908494145,5
7.604175594037274,0.24608843382256904,0.40712463956565426,4.38423892824709,0.01742154203512109,16.85322514921113,10.279030881237887,0.9986090906273835,3.0810151989918055,0.3,9.381815857478712,5
10.01007167005391,0.2034166100219285,0.12046041317506707,2.54002630069889,0.01222129743318992,3.1952004348156473,41.9267530940126,0.9960958573892668,3.596758052166445,0.3739332590928143,8.828091660953747,7
6.383256631779835,0.3672726392115071,0.08764582755600626,5.564067322590345,0.0322619807422559,12.44013052248753,28.950620849912703,0.9999483362770074,3.4007499410534545,0.7627384279588117,10.331613542216367,6
10.217445288531067,0.1,0.010921317404586578,0.5,0.016628719618081964,6.825865627868575,42.07674806207891,0.9967243053452954,3.255359330152363,0.49043688171309074,9.319333044294083,6
8.562639231511927,0.6610238179461092,0.3696261455141035,1.1201290128079449,0.0868358600108673,11.662641857324033,6.0,0.995608320147748,3.353207392325043,0.3,12.243907547495605,6
7.727860597207106,1.5,0.16793844732535873,1.7917152272492407,0.05745795825551929,4.254206945140226,21.553389470036628,0.996809259708888,3.3647371393585903,0.5383734816871182,8.316259358102702,3
8.266214819873872,0.1412039737490646,0.047862449222212396,4.376729024181497,0.01973190283419088,15.766331049897412,13.862078391416672,1.0002173475244032,3.3289135824123104,0.9819324268862484,9.866457072705654,7
8.1176498981214,0.9955819960859891,0.16105547181118515,3.251930647565662,0.01,13.323537739845307,47.75120609376066,0.9986155457999736,3.258917856232549,0.3,11.556575523301634,5
10.37448092391012,0.7983186951421871,0.5641501053427903,1.3350710869076439,0.013296548116992761,13.466781648394596,20.08411216645314,0.993594480170286,3.11112667194202,0.3,10.534094994450157,6
6.469645483299278,0.1,0.5775147766393075,2.785428800756224,0.031828902866851805,6.505684835324017,95.41380966188743,0.9934349511520765,3.536772794100681,0.3,11.211480634380822,5
7.003717293450784,0.13251097422846375,0.03655239507564361,0.5,0.02664389926101533,4.894874499438172,34.68343480878477,0.9956293865068508,3.3282311264902247,0.54442501235055,9.359400589090338,5
10.061714916523217,0.4516318904591082,0.08548139841044497,0.6507819099739922,0.01,20.191690311183155,63.290193155658876,1.0001111079573493,3.1853133854003266,0.3040904139654837,8.94736766650256,4
7.28759061018744,0.6334297635130343,0.590462395724966,0.5611994195315017,0.06795362151624988,3.6932158440392944,17.093068376810884,0.996422306106121,3.259077598252526,0.9454000943813323,11.031931910028925,6
9.830906231463706,0.8450536500425773,0.11224660797568041,0.9486761572795102,0.025744598344715673,31.444201800187052,32.26123076075554,0.9948365807507148,3.475309121299862,1.1161293638019594,10.895290112912889,7
11.189041171114807,0.37752725527989034,0.1158507808814623,4.2428531677203924,0.021632325724736907,36.49571911025572,22.710051953243635,0.9997917780503202,3.484740055499378,0.43552879969823444,11.135129370468732,7
7.616948454199224,0.41093326310196543,0.02122046172729755,3.3386598100425573,0.05859402131578351,9.864156246226274,120.45110034297666,0.997929759721222,3.257241023413131,0.870217494504151,10.274598120409408,6
9.45831595517802,0.10512671863767163,0.14983864704784922,2.0337684856315925,0.03364788955040199,20.812824627019147,8.95114494955417,0.9955459997686873,3.2175496133563546,0.5381546766880296,12.13205859696413,7
6.338723121722241,1.0013418315490261,0.3928944758275184,4.340409043171116,0.03603042219888663,12.23920980536992,56.176797726759425,0.9950223212275434,3.2271468476450247,0.5364848897235658,10.582082787517892,5
9.583046606715277,0.8097332040468868,0.02092270401897896,5.808730028236938,0.04852941540309452,12.354130032930694,19.7173193947337,0.9978932935450896,3.4558189028351025,0.3,11.163082916440898,5
8.639020776177505,0.5690209107639554,0.05829751420960193,0.987418738701598,0.08983991837144778,16.429264762729975,16.159967813975694,0.9943618210507639,3.494772583764625,0.7124119671909965,10.849296335258545,5
9.104165079672367,0.38873570651770656,0.4455070680360422,5.4272039869141775,0.060883201734241964,31.840499460172097,35.470301734928114,0.9951719020734108,3.2614961931523117,0.3,8.387173460375829,4
7.202527477539829,0.9939842848581242,0.29736820626038896,1.3260779094062425,0.01,6.075390627131866,23.68192852770473,0.9963229768915639,3.3957390541554013,0.3,10.883991738096475,5
5.476158193535808,0.13888885944182827,0.10200655753078308,1.5346934476589316,0.2,20.188403332764516,50.36979186393981,0.995194262805702,3.2512289820232207,0.8543265891318335,11.080741445738388,8
9.15552851007416,0.47813146085938185,0.9921350815029283,7.952277963330227,0.03407846859787664,15.205964979021172,13.528578327262903,0.9944425005146764,3.095789834482008,0.3,11.368391046278347,7
4.792214640784929,1.3263759975432856,0.2911016953172649,2.861716335851445,0.01,9.90823012785888,47.08127447336351,0.9967319188874723,3.390855732109129,0.36552664829746556,9.703802689205313,3
7.760504163187692,0.13658029598227248,0.5886525295162028,1.7218295923439695,0.014534532726419988,6.95122657142569,9.515852295208258,0.9963480319437682,3.27589947477977,0.7754414904201483,11.387475856231864,8
9.900009172913949,1.5,0.17403705221770713,3.8102416121044236,0.014377904497669063,9.043975920325188,101.0500613470623,0.9964910654744193,3.2793069475471843,1.5,9.133508903084495,5
8.626226150984163,0.7702889255216349,0.09330794546173286,4.7201216155872,0.09349731030718753,4.365462427158705,47.779671933585334,0.9924567893301192,3.4202714746852765,0.41294167407154014,10.734466230601308,3
11.612182496142683,0.6505156405277057,0.1363958723790756,2.8873634368487577,0.04083725653944746,5.332543937002548,6.087243894055719,0.998055763045886,3.0995385371783226,0.4656349681791209,9.814642487034277,5
10.042685559389016,0.9770240137640729,0.03264707187481695,1.722908406454865,0.038325354847577806,1.0,59.45983349976008,0.9926146281160034,2.981108192384565,0.3,9.144529326369774,3
7.188372739846521,0.8548997919051959,0.35854934199835914,3.235088521039822,0.04255101672814395,28.984605144044114,13.56286068688389,0.9965925287228047,3.3550376040003393,0.9183503447225763,9.386913338501213,5
8.346432745747446,0.1,0.13020934922012115,3.9889160639879657,0.05510501840149303,4.696772580413057,29.668757497741716,1.0001448042245018,3.5538536234263294,1.5,11.490889656417675,8
8.219469805674459,0.1,0.21365537897482742,2.277693172770796,0.051710377149865025,9.999772879473033,24.213696848233496,0.9976716837113851,3.4449465012756755,0.4995826247672716,11.457742071483606,8
5.610299502311585,0.25466204578754476,0.10880609322137448,7.634854682661258,0.01344301647725918,22.143676226440753,57.14473121806059,0.9955115118780073,3.1856113453941326,0.324740544252678,9.793593188327806,6
6.7013218419766005,0.5127991067581161,0.20875471981242685,3.135303714211451,0.11433209758488122,2.8984049741062954,33.94960633784357,0.9951117941037019,3.341755415535655,0.3,10.221184287043243,4
7.346706458134238,0.8902096184693065,0.017737725353857873,4.539843918862598,0.01,2.8941845447931542,22.236087623590812,0.9958318794420778,3.3774349107005506,0.9641894221017951,9.066533537774017,5
4.8384251451449085,0.32880063418846794,0.2354785810237878,4.635363068174087,0.09740390211964366,6.832912468495725,20.482714062142854,0.9981116054718674,3.385152558317552,0.3,11.453413439650486,6
8.380738896027793,0.20503218912484558,0.05931587534502787,0.6765634173925231,0.01,11.59383515283443,63.82879400581401,0.9971277512031942,3.2108859130687257,1.1936701393671492,11.408764454699654,7
7.876577864089832,0.7379598110976456,0.12448214960596289,3.824152559669738,0.01544926387158662,9.195403405219052,58.682825469245245,0.9960831005701114,3.2095196441732052,1.233152329547372,8.984318408016547,5
5.4560803677703245,0.31830933866915445,0.10715031096509037,4.097214057417758,0.035853586429600716,64.74613396080822,6.0,0.9978845347983754,2.951478157504691,0.3,8.562239803283132,5
8.987161870971466,0.5363051042748372,0.22604100406453814,1.6992825039896842,0.02851334007778605,10.378938905221785,16.10882359465431,0.9936916285599547,3.333476347694017,1.5,12.184573835729712,8
9.516983665974632,0.40617730506364125,0.030996411180090177,1.4884142217045826,0.012598261806995031,14.249640469048355,148.13079554856995,0.994960786331392,3.4145869409698286,0.3,11.175263890133033,7
8.685958614070312,0.21546390530598666,0.10602478745360365,0.6654002141126967,0.05478418449007706,8.574075358541794,45.25413983434298,0.9951184826632543,3.4458042228014385,0.6990802171876593,10.607646952368029,6
7.749084102144751,0.22458130612664237,0.4500313900451882,6.170380125122476,0.02462482699308424,8.869006735753747,56.233050948670716,0.9980321912190165,3.1339294489835083,0.6014778583654569,9.787982164692156,6
9.305451657978153,0.1367785782856729,0.04702059079531944,1.2708563328951012,0.06389195162293493,7.281301649699408,26.152568994121033,0.9964984150923005,3.290323972338618,1.2354260276233786,9.839193783985614,7
9.456374612810375,0.9174481208908747,0.026811825384352686,0.6955538355489467,0.018355167292930564,41.30729630505532,70.48035867045596,1.0004667882892528,3.286230232358564,0.6714765811621382,10.414870836394437,6
8.82258606852347,0.2875000577103177,0.08748278654668622,1.9614695418479573,0.01635440420685083,27.931293428031932,33.05147264379869,0.9975066766477646,3.1710009666181795,0.3,11.658232582055266,7
6.898159174260908,0.20843946673186953,0.07272134661042647,1.084745981279036,0.04128380552358163,1.2718550569542701,21.90521183559096,0.9947600033147205,3.4555409125618586,1.5,9.703201558016413,7
8.770221301369007,0.1,0.6746611710724826,0.6840524514835685,0.07336800100795836,28.30050856497617,36.719988209868205,0.9977514339625425,3.299475694103749,0.8951927788159973,11.485155056750108,8
10.332317106403314,0.1,0.3190066969884866,10.178224228197992,0.0658421959920527,8.268031487750353,47.57081126631174,0.9947696966237481,3.223939357252007,0.44744425593772424,9.636836922441757,5
7.2857306003600595,0.1457760708761378,0.024260636444754635,1.0260970881474918,0.01,18.72807624167503,123.17247772829262,0.9952596217774313,3.4700327409006584,0.3,8.9271507803446,5
11.866496876525133,0.5304954122662247,0.1369393781386394,1.340338748917169,0.03235154869942548,2.564690226844812,47.339464407415775,0.9958574767491114,3.39298198726098,0.8338040067075901,10.388923129398487,6
7.406427412224847,0.41890390133682787,0.21080990570144936,2.7786695530657477,0.07158032387799172,4.811744033213524,13.63693926865486,0.9965956453445697,3.1982094074170235,0.6631952089558538,11.132107927313374,5
8.355091922678232,0.31175928910796163,0.13031376198900033,0.6734886843707413,0.025841697976975695,43.282982181525426,23.454619816977534,0.9963989534630714,3.03822812447551,0.3,11.312624517598163,6
7.15677448678923,0.14675061035127024,0.007310290034267445,2.359592718788841,0.07716409911141882,15.324765843852731,8.195814871644796,0.9963932417847039,3.183685657636312,0.3,9.29193726801695,4
8.679560421064444,0.1,0.25275007180056247,3.9179320198058374,0.09794606363494848,1.0598051880925843,50.6738021746681,0.9942458411082863,3.315467789832227,0.677383148710774,11.900159132818658,6
5.3382231225200325,0.21091762216004206,0.04490898973654008,2.9965121514561153,0.08674814820427365,61.41606512582833,16.12343967644264,0.9959942384594538,3.2230822515348554,0.3,9.378967540613415,4
7.371728942011575,0.3155980067723584,0.013938356107810902,3.479118183365567,0.06700875263233733,8.448771756466332,10.13970799182814,0.9965614333875913,3.1221238996642158,0.45121148469427247,10.779119185769419,5
6.4433939594074365,0.6719088853300087,0.017569006212657973,2.294747414836442,0.02884380791541926,15.250678933363545,17.102417117195422,0.9975555005647265,3.262179942680159,1.4105925734796314,9.195261792799043,7
8.530075191416895,0.1,0.11874865613151368,1.7482101718663092,0.029725404566448684,14.497438786745333,32.993922414983615,0.9951604901504525,3.0423174342089228,0.4941670479978077,10.722862104446392,8
9.990560538365143,0.29508975390402475,0.1870689716519964,3.525357918559946,0.01838688396030553,24.037281439615743,14.93743460993002,0.9910481652772168,3.3824645088145013,0.3,10.220177461942852,6
9.398210518094738,0.1406617155192469,0.016746898782662945,3.352038146177269,0.0426436703014371,6.687669887073671,25.56274280343331,0.9980185621123601,3.6132128951580174,0.3,10.167316882595166,6
4.268179086539884,0.2478587297615374,0.11690678290835455,0.9854885610455673,0.05616336124599923,8.399825071381478,148.22036857011997,0.9970224200732434,3.389170275343634,0.36571846065412705,11.257277201148199,5
11.771518409977396,1.4860184715034308,0.06423359810932726,2.7482696112263896,0.06638193365042441,39.650917422942655,42.956215026982754,0.9936012735757827,3.4935181361892864,0.3,11.11089781630528,3
8.801975899055478,0.1746423622636484,0.33645479442360654,2.414775653309823,0.03761482857316315,13.764381918881233,10.66523562062799,0.9933428049980443,3.2004094616353114,0.5503048499105061,11.064394823722719,6
6.9799514611619005,0.145372544255128,0.0911783336029459,3.989036729376839,0.029595988917176318,7.230801156421512,75.14536618625833,0.9971911783866702,3.245468665102129,0.41798865625435466,8.287159392803517,6
8.5671174622846,1.5,0.35621509649753796,3.216023776039424,0.036854188662229725,9.634885477179782,53.4608802873187,0.9954556304574185,3.1197559896904106,0.3,10.353047551803655,3
8.599522698254578,0.6140816796518815,0.23680597746430304,5.761128450569667,0.012133309968360642,15.7427098217276,73.5401948720877,0.9934427934909402,3.387410750798489,1.0088677907803953,11.759096192757076,7
7.1663571811823426,0.5822337320251312,0.055018394385184445,4.7658669036046,0.06805215691031227,7.053209191422972,24.200970860149624,0.9940842883509328,3.4548318378243135,0.4249186941414515,9.886470413253925,5
8.63645833448153,0.18251878938703292,0.14792465479065064,5.160921244208591,0.06598584839658812,31.872518161369634,58.66120552672776,0.9957464343253428,3.2048910279003175,0.39387074220928286,11.988863111856418,5
7.267297111045479,1.4668157706715033,0.11421769132107848,4.068648642546439,0.01316101968033783,7.356656790691765,24.80700057828694,0.9946351742073638,3.3303330829317095,0.9689518606241314,11.36049465447839,4
7.6125846124269625,0.10183254096601095,0.37353654498303795,5.001620039312641,0.05076452039063481,11.161371752107442,17.10949165207493,0.9951001241432749,3.0754511983128907,0.3023084390535853,9.974246393553704,7
7.1333254692163575,0.8487650402286078,0.2612102121502047,1.8764975157011836,0.01,9.567882994187698,52.5052963281368,0.9961386101039723,3.2736517361053865,0.3,10.099604909413086,4
5.864458807442591,0.9300056080541396,0.1703354386555137,4.63633811683796,0.0839062925051819,10.170747084180034,37.69367444495782,0.9978827808809991,3.172087147584606,0.8659677050160779,8.339442940539598,3
8.547921999366153,1.0733352248301866,0.15014763848750662,2.4246720701148257,0.14310700663222467,6.172998574814889,30.031998174937073,0.9970370747997169,3.318834943098055,0.3385591464688403,10.424907861231862,3
9.295009042077776,1.1588058443615057,0.133506353288439,0.6979913644246509,0.053591044072174646,16.232919882166144,15.158821029944193,0.9964050815531026,3.3883926314358095,0.34926500289458656,9.413666307678229,3
9.175302113329833,0.32700680453625963,0.12394618238625434,4.591416923672137,0.05683981431269232,11.804709557837269,43.69859830384862,0.998545209850093,3.1564520559038014,0.3,8.831303496968061,5
9.693872929479898,0.5031612976858063,0.22824079275037454,3.0137563904346583,0.025305506958839753,13.92663391037449,47.26664429274656,0.9943090410760015,3.0968171275521525,0.32264346076566847,11.916527376180449,5
8.851378357025277,0.41942288622814794,0.9341202983148631,6.439855279598424,0.02941102921838353,35.318192082310624,39.59570052362044,0.9958934221863817,3.2860070474713345,0.534395656475824,9.602929516966785,5
7.394366653031264,0.15827527405765482,0.21767111129568764,2.7243826277375454,0.09949189070470124,2.859935938015324,16.07633031700224,0.9949143427430949,3.2897781176047642,0.47027637933923894,12.393196137951174,6
9.727428569533021,0.31023622368863046,0.1732082222691181,1.3082834405302326,0.030009747128687436,6.936861797741419,6.0,0.9957613222091294,3.2811661254941247,0.3789480036100522,8.601352423065695,5
5.992220182268712,0.9313222910369914,0.23981556842231808,1.6053696097387187,0.033080966304033586,22.54543938122959,26.945045157275697,0.9959185592550099,3.1094970495665124,0.42530937830631077,8.686027591762723,4
6.768858649728784,0.10891616937479569,0.01420864286873083,2.1262284777099216,0.04077738616933912,10.585859913052955,14.157578044869734,0.9948464945057598,3.111530268966311,0.3,10.829475130671756,6
6.660859878580485,0.7232013150727229,0.12689447430362685,3.07939844980062,0.04124222028106926,13.190636377052176,171.52685468442445,0.9953266331301897,3.335573644252112,0.6631811626639549,11.078250255467301,6
10.136095300536828,0.7475624189161675,0.40669636316315394,5.050397322037064,0.11468765048773097,7.889714298722846,20.73486274298416,0.9972093777787471,3.0268231035796895,0.3,12.522051613228237,3
9.90274047403813,0.433789682959607,0.08623556112191287,3.0320629045900773,0.0822833735639808,6.631718862723647,57.72003637951564,0.9958031470460531,3.1152678347099214,0.9825815085180702,9.737069771720718,5
9.128418902976492,0.7769788487386332,0.3442531255924622,0.9656791517632609,0.10580195555412941,6.463295090006286,6.0,0.9907777831856197,3.5561036744514314,0.4298670186471479,10.22417492200924,3
10.122280770860057,0.16285021636262734,0.16827613270709374,3.1076149916692235,0.14524699762227722,15.053076721258256,50.4561898819475,0.9972552575328856,3.2150045934369977,0.3,11.692827569778522,7
6.805219269899621,0.1378284524927592,0.17222062727516305,5.601720678178973,0.06774132475829571,51.71593855933574,53.08380636846161,0.9969808648061015,3.0800261203559773,0.5210372296498406,10.071698484934412,6
8.892611703763666,0.2839644322806322,0.047262137987327216,2.770414991260207,0.014110012777401282,29.25970264680713,42.988515821197296,0.9937041164371363,3.1041173493479395,1.0439977243846996,10.750091138466574,7
8.087203471748621,0.5167353185520835,0.18517033579947126,3.4619367443120947,0.01899213187349838,9.871306740753095,57.70850492954889,0.9987357644226026,3.479083846545422,0.49816965805862307,8.659980683379446,5
9.739699576604355,1.3949370928680886,0.15226135426655985,2.362806456392922,0.04628153658058888,1.5445447634466196,30.791685048347375,0.9955523299588032,3.1909396972613338,0.5111211648837863,11.555725302130703,3
8.104118804661265,0.43234567721875394,0.09091039963223536,2.3472490042382654,0.01,26.338182638084252,29.959875476421246,0.9978213482001077,3.2689306072530484,0.553807922635143,13.452001477745725,8
7.6455970897028624,0.28677915405747245,0.5378322615055313,5.184496558358157,0.030236238262400097,14.137770522829417,43.85491582103889,0.9960759584725165,3.2263389605066726,0.6100522849735087,9.61839410087197,7
9.219544481553683,0.9073534935317001,0.6340440300712712,4.326602992086262,0.06854588557473686,47.65623501900286,32.103312160770685,0.9951251264017756,3.074489378417111,0.34706200294157497,13.25536296859656,6
9.789487584225096,0.117061482460828,0.06434149558159706,10.7031924473014,0.043789322510218186,17.18031698371438,24.584843401291778,0.9966975980695062,3.0648626602567965,0.3,11.571887394317363,8
7.163813168760438,0.1,0.08649981712379706,1.74965548283677,0.026158769596152785,10.45832931103254,10.855994996660602,0.9950592355568412,3.3608883796321933,0.3,11.41419726584524,7
8.196171358700962,1.4129238740178471,0.42007770935790484,1.458106577242309,0.07306914816134356,8.826903935560546,54.586007829175855,0.995723314062422,3.1156532085788355,0.3396633352415824,10.634514348795253,3
6.500650922809191,0.20623040272214938,0.08922610515458362,0.7231890454318041,0.015527450917404557,3.816895379114174,60.18596218369695,0.9931707532306886,3.632478282033378,0.5149794816019704,10.542088380607325,8
4.0532962702620035,1.090126622587266,0.22532477762392739,2.109418298369656,0.08525060713656651,11.297723026524835,17.54425045677573,0.9954525363980935,3.0715624870665694,0.7954455573879992,10.932908174210763,3
8.64078137340334,1.0011719640497914,0.11786569564809884,2.448045594862004,0.054970414166114055,23.17096350022111,46.92599454691097,0.9937788888151339,3.11834870031171,0.5970197536116666,10.683111783994114,6
9.335139105632875,0.801744201597708,0.14530175350886876,1.4023421973385166,0.058716949654780214,1.9607854958384854,26.9054254448057,0.9959885483516292,3.3676283415222428,0.4101215397718445,8.061950155435353,3
8.745513575447434,0.9047069315780447,0.08815827843234433,3.524300681111872,0.025712590860974965,38.31268163537179,34.98267683737441,0.996905447060737,3.318558373599871,0.7790671158743706,10.668681288773401,5
4.985745079817576,0.8824218873378048,0.29220893919719576,4.3868621366126295,0.06919000873217787,3.147121351709976,18.680242106264625,0.9960954886659489,3.4925410196247064,0.3,12.269337900674723,5
7.703555968869994,0.1,0.8324757218007276,3.412103062503558,0.04700371698804722,6.738443496032684,19.43025374447346,0.9976705399138039,3.36775383809919,0.8452838219697905,11.055414384302594,6
4.528808807913163,0.5296837637223496,0.17095827840991887,1.0723805380177551,0.07761803949698068,15.938724210890769,78.89541952077174,0.9995603886117994,3.4700975027846788,0.3,8.932971251771821,3
10.628491883012115,0.447621330352497,0.2206347308220867,1.4938024079032137,0.1595608138118886,2.971791416733489,11.832704088042398,0.9958009582751716,3.539996967350658,0.3,10.024245811054254,3
6.453707210399255,0.2552452961236005,0.18871384138878916,2.6793366199706488,0.014980467480113358,10.451272193564101,80.4210780649295,0.9961372918890571,3.2529959487033486,0.4686340361504093,11.703201581016616,7
10.434186136081824,0.31704677770784295,0.01699034554353051,5.414013553699099,0.14628911821250898,13.563438176607571,42.74259792179794,0.9948203933953321,3.0135883289570824,0.3849692573905764,10.86916180649254,5
9.907978394263049,0.3755882388903542,0.10669924221469172,2.2754891197090164,0.06319379189288413,15.477641605113991,18.40103765307292,0.9925958888946524,3.5184013605604987,0.3528106331648816,11.684798735367313,6
6.768996400688696,0.3237126003421195,0.061938484672075855,0.5,0.07414408573703114,8.499077358023372,76.28858165418583,0.9962435349859831,3.4401081375644287,0.8518050708175234,10.939002501857026,6
6.374265582844834,0.9811585513284843,0.2975056464273782,2.0941891180945906,0.10644343266789581,4.11810892729586,6.0,0.997227984735578,3.3778577035785635,0.3,11.626427216086281,3
8.895629367856776,0.325919162951259,0.08086459404101196,2.5575454218234968,0.12671711004493597,31.648658152877726,44.11581031085689,0.9960316166166518,3.519579304314073,0.3,11.055099213846836,6
6.86464913678878,1.5,0.39840844411849924,6.894854100617711,0.01,17.3455816261694,22.16525444516582,0.9945268033559498,3.287915636697716,0.44778948622435616,10.681352581500466,4
8.474223891668954,0.23043073403859426,0.05140120859273062,0.5,0.029574682232016647,15.454132610700778,9.01416292457225,0.9942573755154148,3.210150973892722,0.3,11.138479488265498,5
7.47919309562824,0.28837025465760985,0.3346952205443592,4.409700062708284,0.11528731658829985,7.997603196767889,27.773763669519887,0.9937245978459085,3.4634036938780217,0.3959529007628531,8.0,3
5.272030695408424,0.3517075916677021,0.04967350417352377,0.7339162555415392,0.018204881257905182,20.09288171794528,52.247051929442264,0.9958071826851336,3.3395373130404034,0.4904930049949961,9.683864147711374,5
4.508204367488421,0.20340368890162216,0.21540141181216269,1.7899967033782325,0.044949475410318324,3.4955990729455904,10.484512348214475,0.9941967061237739,3.2661830573504242,0.3,11.278603670670789,4
8.685363222440817,0.3501591605889781,0.07620776379330825,3.333518784954201,0.03082247311001308,38.377246527124456,86.88541132979441,0.9980841628757834,3.528300390241876,0.8321507699755253,8.730448150252501,6
7.345351831237938,0.24910572674514142,0.08200286481799891,4.810782972238716,0.016958671190500946,7.614558144254311,84.97056375929151,0.9973609430630477,3.500439197198841,1.4293135827777788,11.52871744230237,8
7.359747311245976,0.7262872267960385,0.7480857674096507,1.5057978717344085,0.01638681696943907,21.81730035369771,123.60049312825778,0.9978868574686248,3.215563218023513,0.6459763644857442,10.525331098805152,6
9.482968526459436,0.28031920556709494,0.06603031394147055,1.839199710366075,0.07990737064272097,27.032894457532898,15.337267246028006,0.9982968004192506,3.0808435113088453,0.8346282512474161,9.408984342802801,6
10.294851870275156,0.1799488582975172,0.1721990769076273,2.252575669086811,0.04573162272054373,13.815474038318232,59.80722881618544,0.9953187882949616,3.1543764517247843,0.5147557071735813,10.515497624723832,7
7.836673973684925,0.307731486076252,0.3681190309713209,1.4354877062680722,0.010017136918736454,14.85454192268463,16.884643015662462,0.9975004273368572,3.211630203412723,0.864478661265384,9.371262247394787,7
7.720982198253236,0.3979006420971906,0.01988427519354762,6.4506253176088215,0.0254607742428775,11.898579454072724,28.07553260210493,0.9955366764960989,3.22659833219034,0.43955147913559073,11.175105451207273,5
9.150243156293604,0.33523181972985616,0.24847474298429564,3.003353567302417,0.0160131206403539,25.486611065596296,97.08404725595298,0.9955582360444595,3.340774134887403,0.3,11.77266033511885,7
5.993209531510723,1.5,0.6281832854902628,4.157017110448759,0.012890297019482655,7.510637782523156,18.614410879834036,0.9956368332485142,3.757144535390613,0.3,10.34259126983813,3
8.679360193071085,0.5962249309106653,0.05597768699075154,2.2737563845056665,0.07068655039635344,19.36771017714843,67.18111580240873,0.9945216108598378,3.4519259691027147,0.3,12.067767441518004,6
9.238206152097662,0.1312689882828413,0.12575289917962498,2.259079609881139,0.042981632479943244,12.896401946817525,7.71643358787019,0.9957482276571752,3.48320329675361,0.3,11.225164877774123,6
9.45639135430997,0.666084895495943,0.10657329445455634,5.108446291540975,0.03694322279216219,32.289603285784004,67.54437546033927,0.9957748356967516,3.295576042403175,0.3,11.074062952973794,7
5.00752040574581,0.5170017488940792,0.385469199295661,2.539304361992655,0.01,30.486832411698025,66.09177503693115,0.9972079539550478,3.334266732489159,0.45042233828815126,11.012066465539338,6
7.005696041324802,0.6122626367608557,0.14300323789649808,3.709653313624571,0.1014131172189408,7.910396798264061,7.863367711636364,0.9956036958117257,3.3769818602263926,1.4022593576781641,9.972146884441337,7
6.806952470200107,0.6627856134377942,0.369275718566587,1.9429954211133262,0.01,25.238358759015945,22.518949433839573,0.9950234899241198,3.4811307756965015,0.3185877558198795,10.504588752849301,5
8.469807822495662,1.0574651914144066,0.5767291967684703,1.5388567541769556,0.04166470590292585,17.03312307244135,73.46070860793789,0.9972427598937421,3.4458949121018443,0.30616871207079194,10.597296578723833,4
9.117265785605573,0.3713136464342171,0.620582589246883,2.917273620755638,0.04850890317889451,12.293075780244177,28.85210796155651,0.994372210143951,3.405761673007084,0.6709264753469858,10.479515196708945,6
10.84440769265817,0.40103060709711535,0.6659592483453778,1.3044748761954046,0.026076267035586062,24.123323435339366,6.0,0.9957611448564335,3.2037243203991155,0.4315067045845935,9.97636016355562,6
7.458558683374276,0.22579742807503084,0.08051048076987889,0.6187340814589947,0.04985984452933245,20.95791114878093,28.953707936704202,0.9971892122948587,3.044529597879124,0.36104105548639237,10.06909374234791,6
7.454126752874338,0.4907639707930355,0.3060425986397897,1.9547609130648633,0.08466611029574159,8.543657535567396,82.89106239618037,0.9974844933955312,3.479216365802469,0.6643398660313796,8.69672997141188,4
10.254442432093871,0.20619103630216098,0.27614848150937915,7.456563821712189,0.04467271682439144,4.496082164334901,14.924507464060682,0.9983684064491174,3.4098039482115636,0.4756769122297198,9.196893856607403,4
8.80418079550152,0.16614772238995024,0.20001396776811806,3.625457712977071,0.01934016808884349,5.4616147091760725,15.11478896089805,0.996719862774544,3.205339501332836,0.3,9.961265369005252,7
10.455007569019557,1.3249249973740074,0.1938363213928729,1.7166201378215145,0.011066962881394552,6.9136197267232875,71.02416055708153,0.9962071670314298,3.635909160448995,0.3,9.069478594875969,3
8.790837605116723,0.39388122022361466,0.1558860245740262,3.7313672899211774,0.01,10.334232080340229,25.53283122603604,0.998865340079295,3.1733526016110227,0.7618868707497938,10.783827042678814,7
6.332901748187441,0.6031425879222924,0.13786621133016091,5.6123714155339,0.08378256811350748,15.667287143498298,74.61043678002848,0.9945030486625652,3.2947309698580476,0.3,11.81420261766155,5
6.03368179687773,0.2552201865140823,0.1433984649729065,1.4181432287749673,0.05653995462713306,12.970570864176562,94.7267259900166,0.9974129657355665,3.263345906425336,0.8187719394118651,9.914626587218702,6
5.662429176599821,1.5,0.051008715506365286,3.7269389804798645,0.06639130530079734,3.1481938561668574,11.774872451768816,0.996231427426644,3.197740724949651,1.5,11.579696340081945,5
9.425488119089405,0.3469540276908977,0.4182091545054725,1.9160454833712688,0.01154484456336212,9.143150225544924,27.885443957551615,0.992124729280299,3.2229706080477336,0.41038977603070736,11.736024735373842,5
10.320614599247914,1.1623140432324628,0.03687351491335653,6.036726490263918,0.03308575460104592,39.84194752916262,43.787063925611804,0.998876470609522,3.2068044656739354,0.5688945139032344,9.02317870239285,4
11.443915640356849,0.6024348861243912,0.6906785832885484,1.6976177606293135,0.01,8.55544057718479,23.028559320300097,0.9945436205403133,3.191483427963855,0.515774807498143,10.400983965443322,7
9.733279064949508,0.4414748819567518,0.027168053759155045,1.8678633645317144,0.03732473647643156,2.828894162943175,57.819329043145004,1.0011277344176421,3.3835980431199344,0.3,9.003300495521813,5
10.276825581809476,0.5351691826846886,0.09020334038103583,3.452753852570975,0.06398699938503859,20.797276371017112,34.121760567270215,0.9962764438374722,3.428452398708251,0.6627111643232372,8.0,5
7.313972234488737,0.391047828360434,0.2506965949460756,1.2604104189978607,0.029293604876436067,17.783690569871496,9.324096549740428,0.9942835882612354,3.2050865578147856,1.0823730004904695,10.841149171535273,7
6.334093111535444,0.3709862306527028,0.15019286556905614,1.1927708874586893,0.08883151515581354,17.039294863410845,10.575277563086624,0.9974434986059084,3.2248811890966755,1.0068624272200872,9.10904209230142,5
9.745134865109842,0.5079455577594569,0.2701492982639297,5.870463537497103,0.01,15.655118051253046,6.0,0.9953038005016774,3.3568929187640935,0.3,8.347546402584376,5
9.010057278806983,0.1,0.11189880655983758,5.117519306272655,0.04213955438856931,5.625681976149012,29.660958230137553,0.996117255980002,3.3362450846546015,0.4309108106994118,10.556072131575688,6
8.482655436379519,0.25502287857472183,0.11445593134366297,4.251777216731188,0.01932811257104222,11.873408108602836,6.0,0.9970011161868084,3.319706889350397,0.3,9.96561329214633,5
8.958531517076084,0.7267228979648431,0.11968011702059575,1.5082575605594677,0.029559533899561983,6.1414783323897755,37.18878828926546,0.9961936518673822,3.329925824401688,0.48572776129918505,10.04452038263954,5
8.84941532017895,0.7697888410665495,0.2554573107309783,2.6129408694957155,0.031950668626612874,5.775743078179277,12.560844923307311,0.9960243534803668,3.391292480573998,0.3,10.761237118004615,4
10.482488661751056,1.5,0.19728908246321686,2.863496204385682,0.03680123061540563,47.112927486261704,58.07513772622848,0.9951018793609401,3.4655081557504337,0.3,11.62529184051158,4
10.501475494188826,0.8496723407694223,0.20965780125585404,7.158485708626655,0.03912000339146008,21.079628047790674,23.02071111139844,0.9921219154129152,3.217542632259826,0.3,10.36072027095975,4
9.22517459897859,0.8069296995952936,0.9911641299042825,2.4579564088114942,0.018651785704989925,15.333977033816115,38.71780357268274,0.9966975489121913,3.350646307823883,0.971046794854406,10.954545997196622,7
9.737864883356979,0.5469637694741493,0.01584629616900576,1.3965350892885733,0.01,10.881649286730758,22.332642785641315,0.9970187333359026,3.2269311290552416,0.5178820450122894,10.27274789371228,5
9.17390633912212,0.9635857440593073,0.12000327635721839,3.996292083328659,0.04132757994132766,19.92826293205401,21.81773322614035,0.9997020484189753,3.0021658323992217,0.3,9.9417285373024,4
7.516011455541149,0.474152075680449,0.044610773825066875,2.910868582098616,0.02946431737318135,12.78826719032015,40.54071162553953,0.9975009681493182,3.165576157170181,1.2595316586151877,10.952958644635654,7
9.58615994735234,0.4399572469570128,0.19557374161043836,4.364782976994362,0.010852459617066249,20.514831935055437,6.0,0.994166033710465,3.5683356779235518,0.560829172220983,9.473520966344674,6
5.929358382939256,0.44944304094388066,0.3171592559580081,6.369215564611207,0.02846800238426388,32.443698070016374,40.96204476860336,0.9923152824028084,3.453376398916153,0.3,10.121481522497845,6
10.091615638903003,0.9492110601246764,0.07739853669006964,6.628424905063543,0.04759585287905591,16.692488830164603,94.26787991929898,0.9918015392058065,2.998533580706029,0.5588328212504164,8.538957990847285,3
6.269311002397741,0.44539970417619307,0.009170845952682603,1.659687282485271,0.01,5.768144087331701,80.11592461640296,0.9960871479495061,3.1961480013208075,0.438758478302842,8.645509069027833,5
8.785865587551047,0.5952796742434479,0.3084253953973997,1.9539365305313259,0.09661724683047494,26.52223136992727,31.490496389889472,0.9971242184682813,3.2743512926212857,0.3,10.67315542570902,4
6.863238270675531,0.27444745318662445,0.05620643755249465,0.5,0.021557429729586273,10.770039254379764,49.312813250558506,0.9967693236974219,3.3053356482506073,0.686700294696009,11.433415554163027,8
9.240761271226527,1.437628620040198,0.08047240801222472,1.3784748861413678,0.018079117654015733,14.50353861212107,64.53128549294522,0.9965960842573284,3.215725898285073,0.7946864971963186,10.233299786214406,4
8.242327115922556,0.3299184303901847,0.07569581407186987,2.411668806871006,0.0816415280913345,9.439406851405387,31.094108678202947,0.998496387107237,3.418095612456667,0.7195236037098639,10.5254025314248,6
5.588914871122336,0.43154497835907296,0.10471817744622504,5.95628287282448,0.09809617078490024,3.6409148710455437,24.986307347024628,0.9967037393845474,3.5287185902806666,0.48963476596471667,11.733255285404734,4
9.015189372731415,0.8019149278237752,0.13734185224930404,2.3464312939834966,0.050710874973188935,22.60146130358543,40.312510640975184,0.9943107751106625,3.469741893054204,0.40285296877558124,10.707724752572139,4
7.3175346793843925,1.051860249261328,0.15332232314106448,4.813169503521609,0.027894144089178344,29.002065349204152,16.769263424312495,0.9949885200607378,3.2179411135543052,1.079355262462519,11.059041536357089,7
9.797949425382729,0.4603144592862411,0.06535858653076869,1.5781150130192576,0.04406121069654637,14.300530624668832,44.40339232827629,0.9968290582112683,3.0941999167287184,0.6240171873181374,10.128203444287788,5
8.302253670848494,0.7257955847752996,0.08808129157699744,1.005603212515274,0.06810314856285499,24.25253272574033,23.418789244583706,0.9963803751933344,3.3904546817121015,0.6599619706394442,10.17484768496517,4
8.972215675159665,0.21101070046898304,0.25909327454961767,2.559182893868943,0.11150685145723649,7.231797486197403,83.02125685035173,0.9959264169414427,3.0768677266148967,0.3,8.57210643115635,4
6.6721327764741405,0.5179017533804142,0.2519108705617799,3.1661063651788153,0.01858254640106511,13.326078824167803,16.31006921877067,0.9951617435951018,3.410148450063683,1.5,12.32251699497215,8
7.298135206573486,0.7190454141108468,0.05083404801260618,1.39952616514886,0.018721239967940957,6.33287646125358,34.73345325274989,0.9943797557821622,3.513985760306924,1.5,11.145432856480332,7
7.520314318628157,1.1502076385378959,0.3731888747684742,0.8736100941141612,0.04309427122674335,16.48781401613134,77.8790012412132,0.9990317197614568,3.377597707038448,0.5050883654117279,8.732715085917054,3
9.756394216412346,0.13434090377859179,0.11014782880898795,1.7221242257021292,0.030274536406790033,15.728762850493794,6.0,0.9943408406920023,3.1380121853519634,0.33164725734758604,10.353643601655234,6
11.151541049269332,0.18047783196884087,0.07692161334931179,3.96924216294979,0.01,12.905608818743621,22.230822955734475,0.9949454243927887,3.152925709625021,0.3356901277495083,12.096693592533217,7
6.9312080220371115,0.1,0.031637533992512866,2.553324180104814,0.019531916427926427,14.20317189146341,105.84070004975362,0.9960974212813541,3.3098398851054864,0.3,10.010555465276806,7
10.130641845918056,0.15064378367166736,0.03973951731064261,1.1595216207385461,0.013950468164402926,7.536564939844981,162.68698574969707,0.9966620803212013,3.5665129391681574,0.5547210837009943,11.778319692434977,7
4.611548389866307,0.989238044785779,0.07511541708117096,1.3103678809943253,0.16262234107524887,5.659010165995918,38.817298257265904,0.9964339481597196,3.321207632211099,0.7044747338103631,13.510751750075702,6
6.269878018143109,0.26792891999678947,0.4371919791541648,4.290214203774981,0.04272537740561713,17.329447022436543,43.08141518135325,0.9931170277596953,3.1323642912475314,0.38101505379093453,10.319100223398884,5
6.670076624482483,0.44872928009088847,0.07494851533861277,2.21436128224654,0.01763942097266781,13.106345019637729,8.992197783599448,0.9966773970714983,3.2831442154721655,0.6984198742383827,9.350424697478813,5
6.000735227950773,0.18691794356774066,0.27238029154201104,0.6757415587510456,0.0442268659239173,1.3048472607181199,76.50550413944224,0.9980203414323571,3.616781488975994,0.7489312564058305,8.98153666929679,6
5.607899737361115,0.2947166631946679,0.20553682127229456,5.513702294101924,0.0515651155098492,5.189522924530949,76.27963671468345,0.9964941761407807,3.0788291106960535,0.3,11.429482547636312,5
9.002098150634257,1.3479819591552904,0.37785568079826126,0.7199961254140512,0.044026861670607056,1.0,8.244182833633012,0.9997276852769553,3.503194504053217,0.9296936264385938,10.430955836368167,5
7.936084913862636,0.5510480028797977,0.04659512408477272,4.997414369920462,0.03191948075959262,37.277556576469756,45.75390675681447,0.9985719384325317,3.2500292669005066,0.8283005781923692,9.434674886718213,6
8.944989175928686,0.6473159723708797,0.2614550241804455,1.612779644003945,0.03350453360285061,5.5565721201574,29.279869774577435,0.9954090011958654,3.3726040702007913,1.286026104665317,10.52418055022882,6
9.473803566406573,0.39048344442445393,0.3732969055109272,1.1005735301426536,0.06072389430524833,18.329013504249144,75.10294948047759,0.9950672133168225,3.4398140836737623,1.5,10.52382739155507,8
8.751548888393307,0.9126425823410993,0.42527578335885025,2.828431559167207,0.045483224965298275,10.0427223039195,58.103374461046904,0.9941877338822178,3.188288285092264,0.3,12.150429189475997,5
9.418197399455636,0.8961052402370175,0.11909919992628284,2.1081262869633184,0.04170422919280458,3.4987755023247367,22.28689768158272,0.9960961275454103,3.476092724468725,0.887397096444829,12.021238038583718,6
8.181795113388143,0.35696716083197677,0.07802669564454683,1.6997351550444537,0.035452867262090314,7.422435869943944,14.983010822993279,0.9966414944896825,3.3738950107584205,0.3641603394994156,9.548230914814129,4
6.282111239880235,0.42769421935559576,0.5222552107093663,2.943091649964881,0.02787958564312803,17.985106788951818,24.62062161516767,0.9981431574724396,3.506842826924731,0.3,10.870571955958896,5
10.098284107395354,1.0168180915643614,0.14547207814511387,0.8185360422307287,0.0524720875447799,8.37875391643573,51.32842451966433,0.995990896506612,3.360640473774535,0.44680341065909523,9.85046538881127,3
7.298509374272085,0.4472129313619308,0.03280903148674978,2.7072315400269638,0.04028167848188502,20.508761559421202,54.92320955439123,0.9946442360745049,3.5879524984737365,0.5846389665513686,9.544307934578375,6
6.709486292103877,0.32461583369354186,0.18928889910236682,2.852696724745495,0.040698354639428606,4.862637414604924,6.0,0.9980420829157165,3.053104337733755,0.6497590690791573,10.988447238142903,5
7.997539611132524,0.34353456966409057,0.12052172649466086,1.6026796288345808,0.1354064627319911,11.790798837194142,15.837549689017123,0.9939157109156834,3.405276143693789,1.5,10.032060215240328,7
6.748221437195928,0.2929314722279419,0.07550986321013235,0.5,0.0118863083326922,16.297096071607914,6.0,0.9968344984108956,3.3424124738127574,0.3,10.814832383548003,5
7.590368350617966,0.44302216758960594,0.14734002030410773,2.184886998769884,0.021109925255324173,6.565305462562241,103.50846903933933,0.9964064968720511,3.1402708162621367,0.4423698512928661,9.321465192326002,5
8.884891666657893,0.3007785802140843,0.12138341347956669,2.1340792065844916,0.2,11.272165816697694,56.4368386558931,0.9962238480353821,3.495658089496359,0.5735319902303436,11.848590887811902,6
8.892180956718416,0.4421413296716152,0.03101867728108431,1.966223868805472,0.028099832579541684,6.551128179937276,7.720972403590619,0.9955257482506706,3.13520104275228,0.9746952154962856,10.206043478056513,7
6.773688887076431,0.23746102058796567,0.17849245359714896,0.5,0.036985150421315824,14.381913141131207,29.983127323695335,0.998188345283197,3.407579554362558,1.010901293279278,8.755453013493703,8
7.470900865987135,0.5591675679578434,0.05896567486433187,2.728830170737428,0.030919405723677885,5.552115075384178,20.1903250903893,0.9966346311664994,3.241453595167929,0.3,11.202874897065827,6
10.126366108109416,0.6195394493650553,0.13656560732891052,4.618890590364089,0.050685846045314245,9.246170611144294,59.33797397508222,0.9968000773789177,3.643119404104101,0.3,11.893133980197828,5
9.1438802001477,0.6974631594041623,0.5747087308238259,2.037038413561609,0.02348907997903744,12.291191401950993,33.55295314903146,0.9972767799345548,3.395223349731027,0.38860701029682443,10.476506483307746,4
11.82761056689252,0.6276616247084116,0.445830729289762,0.8277409636853506,0.01,11.62142912999687,13.993917176298163,0.9934907842945211,3.3989916676065484,1.074959902723364,10.988533710615792,8
10.306217895360598,0.8654886466862085,0.5884147548607052,3.4107134004769435,0.08533355610685624,13.781296665447234,31.87597625516293,0.9941269826268518,3.5490015739544507,1.2610990814990943,9.80718170372474,6
10.245298216551896,0.469454511607439,0.39067185019685513,6.459125824218568,0.01,2.866170029521042,23.852346659925367,0.9946268633986489,3.304586215268153,0.7843454454239615,8.628625410245375,5
5.940623464225137,0.4392286806190004,0.07812328672611439,1.1538532649981241,0.1609771746604108,22.614769859851343,58.00531619929136,0.9961537813069228,3.379286436537572,0.46017867465601187,10.843123115928105,3
9.59856259777682,0.2646195580058652,0.9609654183267485,1.1903317061308676,0.059039449143478216,12.358775557615134,75.93745071856054,0.9945097188558454,3.105158709092311,0.3,10.416375998023392,6
8.209718437115253,0.744085319956616,0.04519189914642287,5.614528829602056,0.015880982449845153,10.519601028354796,29.49610774376248,0.9946036207226051,3.3085441028371956,0.8349062584167493,11.181641657633335,6
7.363330933984977,0.27892841942791713,0.37687023188755175,2.1810439900423595,0.016768677688203837,3.1085404151452716,11.522243190262937,0.9956353641647269,3.3145080439178236,0.3,9.679625793016827,6
8.5856260789053,0.1,0.039948553061415065,0.5,0.01,18.84018273448009,22.13043975761942,0.9977657970135401,3.0183575946113024,0.7766905291074233,10.085978413395331,8
9.906859608839522,0.25416544532786384,0.07103363371463789,7.808302358957279,0.01380533059171394,22.747296982630523,63.28956768268951,0.9977285501506258,3.3705886568642147,0.3,10.31052781103766,5
9.15141370470716,0.7837869823014655,0.32353797234511666,0.5,0.015961685311813974,55.737877044431784,32.33405901089581,0.9971654015612932,3.508133687799538,1.1717303621145354,10.794149625734635,6
6.806594537718499,0.678035094897895,0.18419310412500992,0.5,0.06876794122866024,1.5935688084582358,69.36522168726701,0.9970606550440797,3.4325454496505,0.5059686231183911,9.310452330592483,4
9.562180153107455,0.5173666581953755,0.06149004533071293,0.8920959303260275,0.04451878510792814,32.21788118580085,11.930856071460624,0.9960074013581438,3.494748820948055,0.3,10.947064978002116,5
7.216101178470862,1.5,0.17095894049531382,4.068785057016508,0.01,14.037112607829915,35.68506979097723,0.9965025764456622,3.405045424275323,0.3,9.97819034376444,3
8.668361302239287,0.5611079168042388,0.18127802828285458,4.315697686657364,0.01,28.388587472060454,18.63152250297205,0.9960537089415714,3.309588520374865,0.8637091744564409,9.134679542135846,6
7.784304885288872,0.21966470659600887,0.17152973231092997,0.7054349388427822,0.011341910129315829,16.249835790951373,19.86355034589548,0.9962322949690816,3.0290155497618025,0.6177161431419567,9.786312686395313,6
7.927927372049437,0.20293681582302445,0.5270753090560285,1.2282768117007985,0.012503877881478536,17.719322146724732,41.576689251194495,0.996443974387559,3.169742577879897,0.3,9.84951910506812,6
9.602613057568867,0.6270200405577737,0.051728227227783107,3.0871826513710747,0.10775553489941757,30.94301094814537,27.638274033894668,0.9954828639119726,3.315458679455781,0.31379132955275774,10.850046132404604,4
6.531670676312975,1.1213692714657812,0.11551022552129606,6.398655054624963,0.014665859582454213,22.591110779449718,33.97495630548867,0.9924726899848875,3.21814260292034,0.3,10.47228901865229,4
11.606831626270786,0.4348028971778818,0.0132233763611099,0.5,0.12205247423521948,25.057375442124382,69.98571309231848,0.9972991141722383,3.163079992481096,0.5737023315069681,11.754215221135004,5
5.204153682199356,0.5734407426438813,0.17317681911722563,0.5,0.048443796478782476,10.56181168534899,18.278641635505334,0.9962052466366691,3.706990469000744,0.3,9.771521852244945,4
7.2839649384667435,0.5951930440679143,0.32128912510889573,1.6082635013462647,0.060895769976396015,1.0,13.557696772757058,0.99313457864963,3.5160155204737236,0.5942603159721239,10.815082828229617,6
8.92936021290096,1.5,0.3811135038420882,0.5864951780715637,0.03394699794973991,12.627814617870923,13.36954633521011,0.9973125119700084,3.6281345634831714,0.4167755249702356,9.798212880495479,3
9.293334082940028,0.8316148319294379,0.03223498115776972,5.3914663405280265,0.013188378158866249,6.6332480023324925,39.68431082370309,0.9966675594388622,3.221517480267774,0.49851939639507564,9.818331078281247,4
8.129191275028102,0.9731113577090278,0.20888188888051418,2.314264531709689,0.01889103530490515,20.866098238178147,14.3021627309301,0.9932780009054373,3.2873877433337535,1.030057971245044,9.99554933119857,5
8.202435804897378,0.21205352384968643,0.4348356318308328,5.066731502647581,0.12066504154909823,13.454793493946367,49.0605117504105,0.9991696928249355,3.241248601243567,0.3,9.770628751096794,3
8.99793514505695,0.2781096878099383,0.07691945167570703,3.114824588367135,0.05930500589200863,11.411321582139859,24.023052100976745,0.9959044708365143,3.013937402088815,1.3092451984516478,10.89003908484925,6
7.9071818883219445,0.2607178321544969,1.0,3.9702103239970996,0.05721203319306945,8.90876825101952,13.781844063703133,1.0001514444327382,3.3641592742182227,0.6912729504236367,11.07270524129688,6
10.66840813848934,0.36259392505904586,0.24884197761070176,1.38437994352645,0.08253281661044642,19.064501097396363,21.322369058472376,0.9980801273551085,3.230565309085511,0.5578587137053967,9.410970268016534,4
9.726893494193725,0.4606517416637501,0.004512794310891868,0.5,0.059065042968959605,10.936672729608494,7.599102428031141,0.9989013506429789,3.2236475919015195,1.338894299370529,8.97494206596475,6
9.78380139670958,0.5449362409407382,0.1326023036514665,2.0898643409744926,0.011604937483139972,12.684746851061854,62.61404232794899,0.9960974924213765,3.184101238930029,0.5026083004110005,11.165858484100212,5
6.657533570270292,0.4118680634729348,0.11373634352948414,4.643297310598284,0.016851190321930904,11.547423806943371,39.02557002361044,0.9963817530253154,3.2909628272918074,0.3,10.955011268336419,7
8.165039678510306,0.25576987077940827,0.1472624480633193,7.660659460971443,0.0404424045071654,10.588494228291486,47.631592447862474,0.9971936832464493,3.416652645795976,0.31881448438382964,11.976973573135202,6
7.789207887174804,0.17501898926521936,0.5142725546771575,1.9768996885782886,0.14595653732961572,1.5958921889583602,74.21195926958077,0.996581163834502,3.1589050421004856,1.4837910715478633,9.902003809156636,8
6.590477661327909,0.5859166803290117,0.2554405296416793,4.088562684910469,0.0732138894876185,10.69938273156261,55.902176914569594,0.99722026542298,3.2484997494831456,0.3,10.553792403646119,4
8.912279112707804,0.7118309323495485,0.038253718708771214,1.3619437729660602,0.020995614046284975,5.307629187533564,61.42381393100141,0.995872687312923,3.2616489355569107,0.3,10.421593523677325,5
7.386002211774313,0.3750401065742932,0.20980414420071578,1.732279259844058,0.05358727426150493,10.993448938440869,91.5778885511066,0.992911703899317,3.279883136232646,0.9710044519503066,11.498238167535588,7
9.414186510745404,0.1,0.3613754990449966,2.2788777199059265,0.01315133115548473,13.271405464570545,56.11465273974555,0.9952145578234227,3.175025046514954,0.3,11.279414354359302,8
6.480674343079637,0.825765553863952,0.00895373180481102,6.750587000478438,0.028876885727100468,8.057456583620844,8.714568363238595,0.9968358192430438,3.3811429793694177,0.3,10.259245909198059,5
11.222369041831097,0.3627843355054774,0.06977097669287906,3.9836764759066847,0.06172142741755187,1.0,53.578924443764045,0.9966900213913871,3.3019338705002745,0.5385031759409509,10.535037264563089,6
6.776234480393496,0.12997356908617894,0.2953752245535036,3.5853448248676525,0.08032920554151445,8.37114929609358,50.17661721430963,0.9996005401782705,3.259098091399012,0.3,10.252435224658466,5
8.672813973240743,0.43070758956855326,0.6516674298862385,6.509185502314769,0.01762139234400775,7.937262970265472,19.258964790802985,0.995369623486249,3.360981360430614,1.5,8.101885988472578,8
9.646160827659715,0.8648717478055289,0.0358691274483762,1.2234652418637544,0.02339882977690557,9.41512481636812,15.315427415503544,0.9967142692380284,3.2814714773759337,0.5387352095390515,10.001280870431664,5
7.329911268659809,0.314142677385413,0.32488510711259805,1.960604051342979,0.0814571442085145,3.316289211605926,27.46396434065636,0.9972612486920367,3.1760349178076956,0.8503479984083873,9.397292001657453,5
9.749196693836016,0.1,0.5189415188707658,3.605539967973267,0.028846215217412666,13.354414637002874,41.97105162399011,0.996874302984696,3.34188914522176,0.9762639855810689,9.29431301183178,6
6.210387883739293,0.3482081245877859,0.09129132121121564,1.526774999940395,0.017097843960369976,14.271645196741346,42.26511332033481,0.9945830269266142,3.319234380646457,0.5727425899193671,11.222778522553215,6
10.768600088610354,0.2451916148680335,0.35056598677419465,1.8863410759151589,0.07088601917803238,9.721274197264332,64.34173683908048,0.9967968253910924,3.0089086945043064,0.7813994947810438,9.274416309299713,6
8.32405375044179,0.4908585411622076,0.11526076192070657,2.9085328986012575,0.04576769715169368,21.484108357993357,39.142186133775155,0.9942324059067298,3.4491195140312407,0.691191417483754,10.342514849198881,7
7.286100606452905,0.438380248946221,0.15677285035404095,2.3480851760428383,0.04679221920133188,11.4563105032858,39.5361544279993,0.9952175270652558,3.1131437188396385,0.3485471468887003,10.106891934399195,5
7.791390986873362,0.2927654995992704,0.22805137257705607,0.9393680835823415,0.01,9.668967656526933,72.99187893128976,0.9957063385142354,3.3003567179002773,0.3,9.54757207253682,6
9.675162757967623,0.278525999997895,0.47199085456581075,1.3463657707645798,0.012737391482571128,10.872494700157269,63.897317876706,0.9956806934941568,3.2407209336851226,0.7402117625337735,10.60243865820101,8
7.306426003854256,1.0396819886293631,0.8044767956306061,0.9302056735381163,0.03770516809315203,23.37605397361971,51.60044103312746,0.9932377520999038,3.325804172760476,0.5205378115624439,12.158524598599564,4
7.026091927981279,0.6245262621984115,0.1055823671764758,4.0804399326374305,0.02962769111232757,17.003133804246303,41.08748207679948,0.9959327803360789,3.2233037415097177,0.34739307446369433,9.116017541724474,5
7.923387784107645,0.6105093091949892,0.055576245125767115,1.306136616194618,0.067422237442873,5.993436186829839,33.08170414576593,0.9962370260351774,3.3433412045555335,0.3,12.099305140660837,4
6.299164408291055,0.7938673541479745,0.4572596614498923,3.618270226997251,0.039232116582276357,4.822771058218996,20.471771024810476,0.9964202423453833,3.496097483702601,0.3,9.920638533322029,3
11.394924643501087,0.3604329542603294,0.3273038760107872,2.7254754311273133,0.010709219517650413,9.746705285832766,14.171430935188535,0.9955434719407642,3.225085398648135,0.3,12.995037380637955,7
7.337129194934971,1.226556315641177,0.25041623467851587,2.3898221561876825,0.023503291202646857,22.018687117226502,37.11207625016894,0.999554812787254,3.241451991658876,0.35447684527738893,10.080808703776542,3
9.713748536506687,0.5489383401964807,0.3721070085305506,0.7842295565640462,0.010855680961542439,20.21923082198886,9.280659746891992,0.9963305117485263,3.1949389536178976,0.3,10.331136931356605,4
8.656099142201214,0.4731624848634857,0.11730041299572311,2.7022159273398567,0.08052392867211332,13.648943328173088,6.0,0.9952307833953368,3.3474893277157483,0.3,8.0,3
6.6262921141806554,0.5439971407998807,0.2528559970630119,3.3574704345466735,0.02702139210120198,7.032321706751945,42.23396233641043,0.9965655959231672,3.260897174365043,0.9876544158731354,11.823172615825875,7
8.28987699433836,0.34728371176171996,0.5481003081107629,4.100731405515739,0.028726767733736773,17.53888762724288,23.28486623352667,0.9948550327367089,3.3178334475293747,0.5089932545385515,9.975880196937284,5
9.632804724828272,0.25492690001931595,0.09239619349002329,0.9195457034759229,0.014950806657932351,2.21701950380821,12.965451515372965,0.9977358194634691,3.124540407826152,0.5124844855207429,9.710735765126657,7
7.9799557303532795,0.9219485837079887,0.3517811724152866,2.0154415500174685,0.01,7.760718216407639,69.41890178762435,0.9969220201578873,3.308659629043173,0.5064478746719077,11.374670407822395,6
10.328292007946748,0.16108770045762918,0.13235440811817764,4.856166942757004,0.024067625065032218,18.458405909373823,37.08724275542015,0.9989086756677644,3.0319145300347317,0.3075944759680559,12.7369797080053,7
10.03657616772917,0.17406065188790992,0.4424297876452108,4.503321500648307,0.013031933124007947,2.54972468772476,87.81469567596355,0.9977979644557707,3.376325204536911,0.85579472057271,11.319021299549647,8
9.86215525291916,0.4002396220266142,0.5111350746092215,2.2800180541334454,0.025243114092416977,27.347075402347475,42.101917881787585,0.9987020287723879,3.2014331340013706,0.3402848791286383,9.06799744718791,5
7.518583487135906,0.21389283144036764,0.16110384478568354,0.7603888094239111,0.02807780761005116,26.499065599895726,9.08621517001449,0.9921021925069983,3.2399525690630515,0.3,9.922439367684989,4
6.464267838771473,0.1,0.2217594150330468,4.260418779161994,0.02078030977846752,11.641209121971189,7.766135220542161,0.9941601405845983,3.318821655931971,0.39459197463635926,8.433525510142587,6
7.25690107088325,0.16866903068841776,0.07663205423685224,2.4312345470541463,0.01,19.59901461050618,22.095850113078548,0.997268299893108,3.1412941276198274,1.0855116126680626,11.159352407189694,8
8.633609599133425,0.21917641951839212,0.27222904277974463,1.10390722280348,0.027661436318655277,8.05775787870491,15.906261684979022,0.9949581283189639,3.145791230088163,0.3,10.17952081070182,5
9.227837413005005,0.5667449510984585,0.034189744479457315,2.0706721067645306,0.030522092199094592,4.945652300641927,39.342285852182265,0.9987619506287396,3.659298328926718,0.3,10.214854407942314,7
4.60832861190724,0.37695987700424166,0.2689619713773859,0.7805032542352954,0.012591114653759884,30.17675679366635,54.87627305272752,0.9955692892839229,3.2975199354579456,0.9805385989465234,11.03272881115655,6
8.286207557260026,0.8179705528693677,0.30835982864426514,4.242116083314137,0.03349886594062502,24.503480528897537,46.8413463941635,0.9980277705684305,3.43929706986424,0.3,11.227556651479766,4
8.568751683049415,0.16027367191936556,0.21102716031326804,0.5,0.010335777323741314,19.644053214064,45.56097318815276,0.9968756725831334,3.201446388749499,0.3,9.514804440287362,6
7.828174764263563,0.1862325361347158,0.0842206856982299,5.089269416542032,0.11785200308365557,1.850231377327808,92.94940571567805,0.9958441123387762,3.2733484945187312,0.3956596531028713,10.19559614618823,5
10.495165526326995,0.5061275531569691,0.5031826713802807,2.978318055103208,0.01,10.727675053308031,6.0,0.9947458267448115,3.1900421129511995,0.3,8.421150470446976,5
9.017026126226481,0.24601318641292813,0.08339526612339586,0.793586444746162,0.01,35.12776000224812,84.41720322475705,0.9965868235662471,3.5074676325014913,0.3897933695672352,10.698416503360482,4
10.527326243737527,0.33351832861084335,0.5743936556960421,1.921202041083976,0.019925519790696625,17.231899334832605,35.06820060527589,0.9956926934572031,3.3386362490144608,0.3,10.426823709630607,6
7.932867115404606,0.17060181232531682,0.20634770437415448,1.7554381008881395,0.03429823042161626,11.217501741113223,40.98936246603975,0.9945631328865423,3.2455352297303475,0.3,9.052171660495004,5
9.893711737261773,0.16011269427465244,0.8132359324817258,1.1761741647134953,0.1028564104185909,11.012498317416233,36.45243760124395,0.9934492215356657,3.3792312223451773,0.5189243489100679,8.650453421975243,6
11.079612870696783,0.23835770197776399,0.3896193255234902,2.7738628876687734,0.027008942362971206,11.036950906548771,39.0656301227263,0.9961719289618893,3.1997644398597656,0.3,10.599822835053612,5
10.529878863763525,0.8508599956025925,0.08829375595670938,6.5755577739743565,0.013632342265275816,1.0,96.52480964344853,0.9977849182722279,3.1029797430363333,0.6697882930580855,9.870445726893614,6
6.443359291171155,0.12699812925534568,0.3083167977710462,1.272737134034962,0.04911454588405323,15.089894723478913,76.67846054873809,0.9965259650513946,3.471286447053647,1.5,10.846163469150065,8
7.868750668177953,0.9183628875760446,0.36268299158374556,2.581626256344255,0.0259422922079782,16.7376017589101,94.29252835468239,0.9973011203683806,3.264383945781799,0.3,9.186343835083676,4
7.713220000735347,0.7968089669561353,0.22525064516592622,2.4579856645050295,0.023496831969119503,2.268793586718572,56.590853023763984,0.9957790848309277,3.3560290533617074,0.3,11.109878958494466,5
9.131732709629757,0.29211083667971616,0.17795726349639426,2.7524730933437684,0.04618316665116377,13.039514503509343,12.017629957671339,0.9945744790156965,3.2589833728696704,0.3,10.482411509479238,5
9.466801043524708,0.4371429673595248,0.52587533264892,0.5,0.04330950520438765,8.81786974131646,33.385690439929135,0.9973616154267014,3.3600057339893437,0.3,9.785906922867104,5
6.873882454156249,0.5361364867666393,0.07512013125825816,5.336399020798574,0.026921032378470645,3.7931274918374434,52.87154745147809,0.9955793392420235,3.008164398641177,0.6019825788901122,10.39074515982112,5
8.415325473658795,0.6863932093538372,0.20080750208422793,10.398651426414748,0.0290871369665816,1.0,28.657935552140113,0.9960918687637133,3.180718952969237,1.3026730382210248,9.844979032257022,5
4.8661235353345695,0.18603974173539778,1.0,2.4185226108915936,0.0738887003516493,7.051780661863857,155.770231089251,0.9973277013073724,3.027071830841925,0.6420790757451249,9.271487707544388,5
10.751306509863213,0.7423091234887325,0.2062036683913014,4.027552270980079,0.021648887885496553,11.066152039124884,51.86234370770929,0.9973589822692679,3.549818593863381,0.3,9.173559452621108,4
7.428963790849622,0.4636663138348176,0.20076129194818104,3.2690562975723827,0.07861210897027568,16.66475412572585,23.803418495383603,0.9961858070163605,3.3224358086800514,0.3,12.465077925049423,6
8.394968697735646,0.19824862125746862,0.038181192674425664,0.8994014980189494,0.011560278535044044,20.207722532899638,60.10301974966871,0.9975830900378965,3.2505940876446813,0.8621648288777195,12.407320695626899,8
7.773595486220296,0.4674018207762143,0.5045015287448171,2.276672048381403,0.0237855548308669,12.341576182237503,16.670105082007634,0.9969696712344411,3.173205101716967,0.8446015062151874,9.701023791712878,7
10.248246877522806,0.19635456017141398,0.4541087805756027,1.3618500859145901,0.04644958936784907,4.375196667983234,42.381251901414515,0.9970066559650954,3.4692837063054416,0.3,10.215863543263412,6
4.0,0.4256013753097677,0.13377687452400344,2.1073209954918855,0.055483747509145566,29.050696370389915,50.35473431675012,0.9984342939273154,3.5661967120143623,0.7880440486113592,12.195523756537586,5
8.271762418045956,0.3028124631827619,0.5210955866563176,2.5170269159486507,0.02889930721588203,12.5110490063711,94.08116768626579,0.9970627884673593,3.3493507238492444,0.5482319656064016,10.517070286674514,5
8.120108112253915,0.48577746376914505,0.1202445009519516,2.6549506380971613,0.04061954414266014,7.827852720474162,90.5216717803622,0.9992984856512915,3.3356209218969086,0.47798768598959923,11.828235549081853,6
7.52881814109414,0.5065818966738526,0.13171028705692575,1.2650659980098435,0.03592753204068229,11.637806337321985,53.3790465741463,0.9935771595660192,3.3409990313730864,0.46731604008745525,12.588730443671526,7
11.234585127580576,1.002964408099731,0.2038930406087504,2.6623260108751423,0.022640254751297207,25.07439350955202,8.401740772251658,0.9943677918521481,3.222173294555917,0.6550613152779778,10.618500099369722,5
6.79153991994519,0.6591242333888301,0.08464047010894307,2.169392148893031,0.09041471324255318,31.2158465515984,30.412762553452204,0.9951360996462157,3.276454518491015,0.4360875781141957,10.833419488828445,6
9.612053501300625,0.5804365271771252,0.10178252884333155,5.05546104697086,0.015627481603405043,8.910580754046014,28.35347629276249,0.9940824965736769,3.02676949735933,0.3,11.714208818036422,6
8.905629740800343,0.1,0.32790574950238216,3.8956699556979384,0.10977836265408324,41.51608886065842,20.36416358661947,0.9992642291674139,3.1467996306837014,0.3,10.184104513532766,6
10.444582729310378,0.8323906158390452,0.0374708546863446,4.441439332895019,0.01,23.881658129774532,21.323803578170164,0.9988674298267789,3.356026215840325,0.3,11.943048271758054,6
7.165778555878242,0.3130584336072256,0.20580074996585787,4.667326912018981,0.03490656035015925,6.442025444855277,61.85951076589565,0.9973400759399624,3.2629737131769367,0.3,10.543354691177667,6
7.05395287148961,0.17075687886568663,0.31632517226804824,1.0750771719614691,0.02921975256122372,15.74512620774086,75.02141243501396,0.9966478109962105,3.4797799211062705,0.3,12.834769758757526,6
10.163318842711579,1.5,0.2849750816553659,3.7753871487392217,0.010850054185631152,6.330942275667401,46.08788742234803,0.994145935516625,3.1203598249565005,0.6396525928443596,10.438964676124112,3
9.023046224161188,0.24579270067853887,0.5026183690268983,1.032843676470776,0.10499866715811833,16.241477374315895,36.88788310576756,0.9968554377333716,3.46163229543684,0.3717532433157132,11.256683349779998,6
5.6736065106495115,1.0757076014267104,0.04468902786556643,6.03939316348091,0.11041424597519416,14.751972591878104,108.54114785610588,0.9962563228923467,3.2116072456394544,0.3011527305850253,10.243749990819907,4
7.383181475412441,0.5410747706885574,0.01815408871212524,3.724155602844198,0.01,8.888026974496604,42.573618557113505,0.9975461762301935,3.2072901765452406,0.32355933010107024,9.129631832688347,4
8.956850511541704,0.6272283259476523,0.09792982842828289,0.9703836572091951,0.01,33.527190725716615,10.582900004156496,0.9952081469369793,3.207315952851572,1.5,11.589929887072321,8
9.724199176629202,0.4283424324286825,0.6663719411911356,2.7292431994961532,0.041894132547590154,12.22100943907419,27.984483865251654,0.9970389695842317,3.188494472342109,0.6541622214318584,11.722128219454884,6
7.145307889571977,0.2029332136288745,0.15482493344605958,1.2009765314240024,0.13188637163189823,62.83521267760753,39.95298052215226,0.9978284175631515,3.393844739095307,0.3578053036275062,8.400016053204695,4
4.0,0.7129797679060069,0.3322115291276254,1.657143441430622,0.03021343717060382,7.193486204857332,9.89884601406353,0.9976564183721888,3.2166012471924814,0.33990733588360866,9.177147542655987,3
9.189479415752958,0.5136608520670768,0.31663552271471845,3.0633701534314346,0.07600915680986368,16.491227908142235,39.96788826994424,0.996282217167577,3.021362433533984,0.4566897712895812,10.804110548219061,6
6.225454827095242,0.5082868452197277,0.09388755487336885,1.48935827517861,0.024580899167380058,20.410170883176622,9.808649559150046,0.998459755828835,3.3455871157498893,1.0886183249658616,10.179229930064515,7
4.870524043191901,0.4570145609522277,0.0453664569250205,1.967072890608915,0.13935870163619446,5.30050421749065,41.26831817311142,0.994436143760442,3.352361763573154,0.6067179282438117,11.263109840609308,4
4.0,0.35462327788941245,0.11243271595525858,4.739049200172117,0.06694472249426227,7.787662244801393,29.05921600148727,0.9965029555467236,3.282277913696474,0.7861473474604346,8.329906655251234,6
9.68376746233616,0.7165041956448915,0.26347029748028905,2.1109988373521245,0.01,9.314838319990542,56.62536936012377,0.9970409748982695,3.3072223157647946,0.688976776013879,12.42766637449536,7
8.518649665688443,0.6155357777346958,0.19410822922808482,1.0897233915926712,0.05376476549327932,13.776717411198025,29.530568492089362,0.9959990765222645,3.2940965287697233,0.5837493165168205,9.861555250643518,6
7.916384152789173,0.7718695826763708,0.21401609647022077,0.5,0.027580141082926158,9.680581933128213,54.72780493297597,0.9973726156116687,3.404025072700757,0.3,10.450310542147303,3
10.661341417036695,0.3669866347580138,0.08137318183687149,3.917841594998475,0.01,21.96250684221143,30.55532667978083,0.9978651098634154,3.517126566948264,0.3,10.703257328283177,7
9.383451961139224,0.3445547911819569,0.2010846727444151,3.8722474630384776,0.06660069916975989,5.278485679872351,12.495496726709252,0.9927808540847064,3.124440824815539,0.3,12.096329386230174,7
11.04771007262726,0.2818649517777596,0.03493253496668816,2.7395469820274734,0.027839979254256395,10.229398110092774,52.99607708927851,0.9987887194605738,3.582708962390815,0.3,8.921727821422387,5
5.932349697316107,0.4665905509850286,0.1129028828393782,9.495762915689934,0.030065278778956823,12.091813315569837,35.20442243194749,0.9950697856387026,3.508388362431015,0.7604497001925808,10.552887249116056,6
8.241263939278262,0.1,0.04576906178787279,1.8990724482384471,0.021627514280771528,4.348281547242225,6.0,0.9981232089173314,3.2569618135233513,0.501102145907784,9.139567985420895,5
5.551587262588376,1.5,0.09290074014672345,5.110307868298135,0.017858456971051748,16.93564478331684,15.27340259411535,0.9948073746898013,3.344890635253108,0.4701280990226493,11.434515156337554,4
7.910050035845707,0.2585967004381038,0.30151013533289006,1.3659412356821385,0.11744013777032343,15.674997315335052,78.61951032930509,0.9968980558504345,3.496111470422489,0.9817203332335336,10.045036676543885,5
7.87735304859665,0.9801466817643333,0.05672827384983715,4.074089978660788,0.11884784325993737,15.203449896695165,128.30729908621527,0.9969495558740544,3.4008794470822123,0.3859673797008508,10.864646245433814,3
9.365243183347221,0.3075624148217849,0.10240816374450644,0.9427116403553799,0.0538864032146187,17.837398211407667,23.901590069461264,0.9957303471330267,3.3873894792076706,0.8102598835671304,10.010045876860241,7
8.377458597941228,0.6527357800984442,0.09535729832750038,4.012277132886783,0.029287508007789863,11.680147233354916,34.727278985379655,0.9952021063368196,3.4662043694142763,0.5391883278281441,12.530598003791873,6
9.359792135075857,1.2966045775885728,0.1873521187849495,1.973102375355619,0.14594145588147078,18.276282333714718,36.92574491702692,1.001224017392858,3.073798851624958,0.44243684902046215,9.66136474736825,3
9.49584822633612,0.6275969281275472,0.09765188067242929,3.454687135480113,0.05347841112014779,14.739619344963698,27.285364699095503,0.9951045881861005,3.1656009693683966,0.6539928105566885,10.991587928030745,5
11.963378751551343,1.2479084589687168,0.12764514030570995,2.8230712564956217,0.030552032759029873,2.9373115966234207,9.267090210172906,0.9987215132405173,3.2785285928226977,0.6405781908131133,8.178565845812136,5
7.7639956860135895,0.9418478470072486,0.035636802420557,3.827711662010087,0.015375075581764961,4.036882643021161,15.682081199302111,1.0011871453449197,3.4571907232530346,0.3881595067009042,11.00027711957414,4
6.700261408867156,0.19115191698012785,0.2830839837148875,0.5,0.1232500918726211,31.623888628489965,10.112146279205025,0.9954029951044415,3.5667620864035094,0.3,8.84640958929649,4
8.718342146037896,0.7207889458371377,0.2972419383762448,2.1562132376243053,0.03917232765305527,12.038601888134036,13.367106624775335,0.9931687466673587,3.402240689773955,0.5756837353752475,12.228399472966533,6
6.936123953862777,0.5601203060821771,0.25990021410498154,4.905177403795352,0.1054042980640326,16.037799610522395,11.586682746670329,0.9960312794631099,3.2232262360771577,0.8522547565596617,9.724208151078876,4
10.819333306342111,0.24149098730721788,0.03845581329837674,5.378450529671256,0.0818557110394861,15.283565979919944,32.00101835339434,0.9951896707883269,3.2901360688060004,0.5695419233029829,9.404389166661078,5
7.818529333793105,0.8880135198297664,0.0961465748118803,3.3430792364014543,0.10461425012006534,13.330858992775791,12.339113130477699,0.997248335289639,3.1914034945651073,0.3,10.693914178426786,4
7.338520174614217,0.15566038296871612,0.3287593209602858,5.032566983755169,0.01,43.14277306806709,65.48282733247578,0.9952075643093169,3.2159660863500847,0.3696501860314152,9.059558421504036,5
7.4987632740431005,0.8496883533944838,0.20396970859517893,2.0796264105126685,0.0971554140281027,17.706482677362814,28.838724691108556,0.9956743467113327,3.190557301242339,0.5317423978906759,9.56257554930793,3
9.52130961990179,0.7273458674567587,0.4950572329833468,1.4201796674900269,0.010740331209843742,8.838710630053969,17.5238956000293,0.9959367055724957,3.3831070921508504,0.7281105896157875,10.643428379060326,5
8.031830128506476,0.4738360163973483,0.441543629954807,2.5810511419496445,0.015015338986641539,31.3262304549145,18.012931845409994,0.9938686415272504,3.3639826085371736,0.609125090127976,9.829084921170477,6
7.209166405778351,0.2692344478783147,0.16811894569555286,2.853814995175567,0.059042907330709694,11.44288582276349,8.298449638142287,0.9956691488342762,3.4592860166853674,0.793295489914573,11.342805919494323,6
11.131098259960003,0.7137881961708961,0.09397161856744886,3.2017087918898604,0.05267000097647694,16.794560431136055,16.990310448761747,0.9958844916601955,3.3352073008001097,0.3,11.654511699065734,6
6.844511270875026,0.1,0.31662466926719013,2.429263782606602,0.04758990099673916,14.2312792174568,76.61485300964598,0.9947681011359585,3.2417995962111217,0.37276230026549007,11.026963939325789,7
8.360462325856089,0.22832475922762424,0.3427467471431027,2.458896896138385,0.013533712763246691,31.425684343874764,78.59930723065597,0.9966433785804082,3.3745837899045874,1.096854681985404,9.095568303968543,7
9.408920457737393,0.4333159548511857,0.3771696495496206,4.182623957406073,0.01,12.576845705511113,9.119344251324051,0.9980798095623473,3.481563853886568,0.5941164763975102,9.622368283209214,6
5.526730312290976,0.47411854616100835,0.20126923306068015,1.1773777374654624,0.10477320072787327,11.096859866861651,35.180917863085654,0.9955884835341425,3.394600272219001,0.3,9.333576637682366,4
9.116442852390072,0.23317940819667626,0.08211836237605653,2.8240267669378447,0.05628440583910614,19.03951751757018,51.595626699501906,0.9959824428733984,3.5021601232765662,0.3756694362343227,10.128133413604198,6
6.506316951683237,0.238099530124575,0.256626665733264,3.347192213556665,0.03681744576623375,23.403319992747885,42.026544260878744,0.9955524696157162,3.340364958024171,0.34541430953008134,10.841679371673479,6
9.698730727417805,0.6416836459615444,0.26635226427256836,1.4964859661764847,0.12368080997437124,30.902383869102696,34.284273293356456,0.9992442517299214,3.0862969058021017,0.46647148949102263,10.801861987128397,4
6.663493279737741,0.1960751992979626,0.30847596366849545,1.941359605672573,0.08462604666614028,17.10320717853743,10.45134683297446,0.9948907724308563,3.4277318464183644,0.37575811150668076,12.260158866487565,6
9.477707354143064,0.32876536525725614,0.10470141222706873,6.717274984964287,0.09186450377938526,23.773334611559246,57.5014109607777,0.9948181536984797,3.421228796196895,0.7253705759543809,12.261664725746744,7
10.179916212701013,0.15495146053472833,0.2544911620921605,2.7258741077099042,0.04774072379854279,25.090778419157303,25.79023567635547,0.9950519898843964,3.55567775096806,0.3,10.938292891919087,7
9.764442093575768,0.4513264826831198,0.02826575277746798,11.378279120952643,0.01,11.5959346301488,33.924102199503835,0.9983148391661257,3.1832174376265736,0.9605212758789343,11.071261090536224,7
8.727238302004775,0.37169231215871923,0.3328811622133135,2.5778819315769197,0.01008137980009845,11.08438677210912,67.56524911566454,0.9984695926960909,3.3360582523453965,0.3,9.153717098675484,5
7.906788397019512,0.1,0.19481416410622618,4.337198368670835,0.01,7.199913330114626,31.650305516804966,0.9945187072627016,3.3288486452608197,0.33586690101169975,11.392766882592365,7
7.3200867202307665,0.12723946683071982,0.09064207941186558,0.6286000741071012,0.021737561923529124,5.7427373474593875,87.2377223747897,0.9974736675412446,3.2656859708122212,0.3,10.92869465349269,6
10.800758974389078,1.0216322998194696,0.47989776165897297,0.5,0.07043062348979466,5.466768807225006,12.953813477438572,0.9953188344653829,3.086740331183538,0.8753888092825862,10.8587868778569,5
7.110858125715007,0.2497841575140089,0.11987146186159328,1.0418576785569884,0.02378497821456995,5.330591905070872,88.72102377083941,0.993561519109853,3.2485212598992006,1.0156502286244193,10.605855470435014,7
6.536987674931007,0.57050208251148,0.1966277167377286,4.718525883123636,0.052290111329116776,15.657219250622596,19.650973719043467,0.9935589985978507,3.263309417366065,0.5566012975883549,11.984439571554113,6
9.431127189555811,0.18457697017930866,0.10153047669810568,1.9733081838156104,0.019262986619561863,1.4059030466204745,36.55701509166771,0.9957540810566299,3.236966679811737,0.3,12.31673720334673,7
6.946567434582959,1.1226441829524525,0.17882395790477726,0.5997157155081113,0.03500398758497793,25.429528915266925,102.10664731553842,0.9975538787889603,3.3610704451187696,0.3,10.545018732887726,4
6.684892054307585,0.1,0.27030978182001636,2.5410587785365943,0.018542420469781315,9.582366868812722,24.59795504545938,0.9960781254908037,3.5373360568208274,0.3,10.999808610664775,6
5.845872754311401,0.9543491587389299,0.1100669542001405,4.407823826806583,0.038918591229220686,10.335217650449533,19.128589027131557,0.9962814485550212,3.4122661271910197,1.174354228430947,9.816289544222036,4
7.47905327291712,0.4729241984984667,0.1450593487576545,1.1537962063053075,0.02286208222235841,10.889806567753661,23.886461051855257,0.9928361356383149,3.1763754257493413,0.6791003577675533,10.69101657849517,5
8.159384459375962,0.7009989961020523,0.32796338145615017,4.597239640730825,0.019848650501514364,18.183036694898522,24.609009590435083,0.9954129188862291,3.4533384304910033,1.5,11.089572633726856,7
8.713255937023188,1.0317598322849926,0.013962215277211821,0.7809749560582444,0.0487060092157789,20.683691273150558,50.25422902243318,0.9955801278364501,3.4702544639004684,0.5948170631687093,8.720773146014725,3
9.917220615309123,0.526124920707311,0.34456101402860256,4.327232139304938,0.01,2.7242777718759865,39.7155001670655,0.9953465766732821,3.3891987109317974,0.5332637107050552,9.435983147280943,6
9.19572647023185,1.3211055295709773,0.39946551559328125,1.4145990456932527,0.05969469421234209,19.27877073905545,119.54411478509643,0.9942435447019876,3.545744086350533,0.5188841283149662,11.038549219022366,3
7.975517226759595,1.020536302381519,0.05634646811535864,5.681944881169046,0.04573103656504131,9.294926995853297,10.153677240835677,0.999507821813085,3.2759747026581088,0.6090165121193645,10.65640497849478,6
7.963067350154477,0.6856366835752896,0.02031182157536723,6.448220171050134,0.07830775920677657,6.923387863662704,46.130427213319436,0.9971034623621412,3.6281771745035516,0.3,10.610905708882658,5
9.167267697155813,0.9137049445253014,0.04017301869748984,3.231241971169151,0.044311145114281504,2.2493324322228507,6.0,0.9975820266048258,3.342377749849402,0.4474078757481928,10.524499214997528,4
10.463369276978568,0.43933659751293874,0.06646380746982222,1.5036181006386395,0.07850621535495439,2.763799975608539,56.53661712971366,0.9962434779552058,2.954176272235744,0.499022541417406,11.569984970161533,6
8.51473413912144,0.20457701751580762,0.04640000981735618,11.804947141253486,0.036525231897275315,5.969495095834684,13.924570291573708,0.9984737407293106,3.634115493537982,0.6042986000285154,11.359778058170553,7
7.502477547842306,1.5,0.28795991274318816,1.321803339865354,0.011047259419999666,9.99793781555535,6.661316043387732,0.994372355581165,3.1269144314039097,0.4289864112527786,9.950373988788733,3
6.612127798154574,0.462162954043557,0.15369522685605083,7.042315309461921,0.02330774570156253,4.630146666227321,9.430161711034376,0.9976156684367509,3.2853196902056703,0.3,11.721742670693754,7
5.843151050499218,0.5447266661905765,0.22621100755718943,8.772261666466086,0.05915437712072107,31.962799664086518,140.2743865727753,0.9939393565321952,3.235450907486623,0.3,10.404751174271585,6
9.43265844247399,0.13356557756435336,0.3738386311614705,3.3244372098282295,0.04707976783356616,2.614715155814027,21.40944198704142,0.9961741941087001,3.2587097326467296,1.2225478362043276,8.767366593152666,8
9.282563490187247,1.0745451500114704,0.3137299357784755,0.9419494256330125,0.015492069096405896,7.961297725539488,34.686654057810415,0.996090432058282,3.299443937411574,0.6105629417593061,10.887482145060897,4
9.281517992681325,0.5341331788404938,0.5635670412558849,3.1224235411309857,0.027978206000077093,22.682924781321432,91.71165240854756,0.9962558919095383,3.4452745418991166,0.4898679329165453,8.974570994722965,6
8.081278941201505,0.6412604117405328,0.4318985065876574,9.676301604741646,0.06040964520897574,17.9186522724302,54.064527083621016,0.9960996805543352,3.368954533824323,0.7761056438719,11.045731233544618,6
10.691789068015977,0.7033839615379571,0.13877206489758112,1.4948217830086459,0.023443371519890125,3.751467729463134,68.35120401638537,0.9921560404252382,3.298939034559527,0.3,9.738534810921841,5
7.476998559205811,0.24398187839553878,0.2566371998569023,2.3084890979322346,0.06285134407572439,25.199475463159533,47.670890927662725,0.9953479551880764,3.232453742669924,0.34197580664584276,8.141407794730688,4
9.923957703252249,1.0552614954021118,0.578859241334259,0.5,0.020402887252433596,20.839995788886743,17.11020831761865,0.9959421141311794,3.2738607362199734,0.3,10.653890233947772,4
8.234137078517778,0.5763422695980033,0.11983875126062199,2.318694174971694,0.013937445681318866,9.483354997422353,172.2931511132325,0.9951727021996714,3.4684911397082723,0.3,11.985838828276377,6
7.265803700045127,0.1,0.2749713855030223,3.94545933486382,0.01,3.6470473210775705,54.19428681526804,0.9932585332145036,3.339763578475582,0.44776356373764065,9.879574796831228,6
9.307301522440195,0.9161734778876087,0.7077206773649232,1.0610348397365625,0.05609218130699086,2.3043647087927033,41.41508669347018,0.9954367605351176,3.19123783622465,0.3,10.814373014011826,5
8.99638140176279,0.40873422213943933,0.3017729793734758,6.856677050520714,0.017781801100222313,7.553787334071703,15.964639048508861,0.997186970015075,3.386529579061249,0.3638994311286267,10.654050900651018,5
8.906853690753776,0.2662314370639281,0.05909017007005678,0.6866294615615071,0.04581157875935205,5.939874280769567,60.06282872359535,0.998771100658095,3.560342900553361,0.3,8.224568982553965,6
8.438173317495538,0.1,0.021977286171190727,1.5153091031541521,0.01,29.243360506283352,26.070453270627524,0.9958066890666823,3.176973504415162,0.3,10.626292690287455,7
8.235581761081388,0.32895604884494634,0.07358070475558097,6.015982016081141,0.020810912829502523,10.393467099392875,46.929723647899976,0.9956413109259568,3.026506151569866,0.3492962042258852,10.982955007178084,6
12.360232387879746,0.3005908430876958,0.14806402639851482,2.178503415706266,0.031939387328845624,20.36064205787529,34.307627239897045,0.9946635447903275,3.3068478976113926,0.3198121871064305,9.957809747079015,5
10.313236296833495,0.9841712101304212,0.6636959677802413,7.873302201481487,0.06589957412656235,11.450147786835899,26.46925151227127,0.9988501099671747,3.3906446939901267,1.5,10.050061671915959,7
9.528805721475372,0.28167212932526975,0.3896157560284809,0.5,0.01,6.22100022671705,6.0,0.994748853768164,3.5354856900754585,0.4404817369175004,10.064306205969688,7
8.490058568945761,0.11961045909963382,0.11777183862696394,1.848438694764897,0.01954898288737311,16.47006367929115,41.96245355182449,0.9954482898518944,3.183563764440292,0.3,11.013931462302232,7
10.012167241014339,0.6460985375396139,0.06289688830836856,3.186441337255762,0.04445063554783561,4.95233085487916,19.019578917820773,0.996856785155919,3.2685949159520855,0.3,9.027877060334038,3
9.180591119865468,1.0177697768756842,0.062119636917746,9.44225337119412,0.05590265813804031,32.78354028149688,38.418912879227406,0.9977584757145713,3.2365463189270627,0.6028980678924882,8.776867379933435,3
8.344548079715862,0.3465525740790825,0.8091829342800656,2.755081965810249,0.015637398899817384,5.685173994314132,33.19133833646709,0.9951141676695606,3.407317828962303,1.5,11.093748291130485,8
7.783940647047945,1.4939325665099534,0.05348856770984074,3.731008313225827,0.07613965808595147,36.133674478178875,9.307612419178918,0.9956790347292634,3.1370140037755285,0.9067084174090378,9.513879776529178,3
8.16244052597343,0.908409122608434,0.34095745872278577,2.438431891816755,0.021987227439229137,32.37452870323699,45.7642107729133,0.9956123088058819,3.5124041213097073,0.46376337558685227,11.348702572810147,5
4.0,1.0785893036522822,0.325831776230686,2.2482864001664624,0.013026586455575986,21.519457808453485,19.443590519417583,0.993589248754955,3.3850747938453782,0.3,10.583097390669616,3
8.658021426805991,0.6331134797590098,0.13585962045418545,1.4968473871818808,0.01,17.426106609078538,34.641584226927634,0.9968110886463787,3.1141970680385436,0.3,9.744054849072326,4
7.469590663812389,0.5839587932584576,0.04813824341428251,3.4002116822495996,0.06250075471171304,20.568945925382685,11.341258466786705,0.9949289011861542,3.258271337885934,0.3,9.25335856926865,4
11.007538997080903,0.27146806474755036,0.260530156184411,1.9876371424839632,0.0948508164452339,9.958690268870926,28.823145527379967,0.9952281575608662,3.3241207543981464,0.3,8.0,4
8.332884920379984,1.2794674653864941,0.6264513883380228,3.8866320442191977,0.04628550180089913,15.241726544457476,78.10062138994213,0.9966135033377197,3.191055176045657,0.47231815864414395,9.761396829753581,3
6.278762186790566,1.1415663834925651,0.04081542075813582,2.720693809501144,0.1359730362204793,17.897862060322772,47.07913828395416,0.9961722338251647,3.1921027581485864,0.6082526259628276,10.452374627436548,3
8.2152037379822,1.2977845982560983,0.18688884187398955,1.823635022018391,0.021511231762060892,10.062297786605372,14.759546138197251,0.999192619914636,3.1986717727811915,0.5920722911938017,10.662314270678516,3
6.5215941553937435,0.4411456340275616,0.31216990495444874,6.91952218340731,0.038403978456482364,11.848570136192311,16.098978273096627,0.9991874726276077,3.1951150069716707,0.3,8.786303967001588,4
9.104792606711193,0.3511944596486295,0.5964754663169457,1.3747176770268439,0.031104143760069234,17.895569779128955,40.878532043503,0.9986239272555771,2.980066500988973,0.6683220927419227,9.725981106070833,8
8.794610519377127,0.763259797275761,0.01471145119877388,1.5549106300337914,0.01,7.625410540513544,112.11264172863565,0.9996248671920909,3.4357452644379487,0.3,11.750277147498945,5
9.928327372884056,0.3125942481281032,0.2821345982087985,0.5,0.01,20.62255788374717,33.24005252788035,0.9988984331633145,3.4918089013696245,0.3,12.641033554200916,7
6.955500954119239,0.4448213249670188,0.5870958384152641,2.068797173855613,0.016374391679244166,10.134994321831922,6.0,0.9930451763444952,3.0397512347418254,0.5790691663183133,11.09016837994103,5
8.35781376358785,0.1,0.34270837489228434,6.558803429947993,0.086963931505574,14.946498626149793,46.505684047600596,0.9969959048894952,3.319462296483345,0.46764179567730296,10.412540755823757,4
5.979462947774721,0.5468175710634048,0.09365168028244979,6.675932227568683,0.02451208243534039,8.82844670891011,37.715627242579814,0.9965757018343102,3.2503789443017017,0.3,8.839635137745192,3
9.492541129272015,0.6841710489287204,0.19437693884318813,1.6878382500824625,0.11194369832879751,30.619767427436354,7.333537491366514,0.9964958640687154,3.2473287956675154,0.9523289497817922,10.42412058765672,5
9.182081006748207,1.0948251380679188,0.38383372752755796,3.656136812510413,0.016545753907634752,3.6899891171561428,29.520529398063932,0.9951364034256303,3.1653497366781087,0.5200526480518586,9.834916872302461,3
9.14286853574687,0.7835669357430514,0.40565456929287913,4.253187343111556,0.1257120007130815,2.0195360342756015,29.762057217741685,0.9928541596345984,3.242854313172624,0.3335361969910026,12.014259051594998,3
8.3027523533068,0.8768886547243797,0.3378463102837523,0.6395663716377992,0.010963661472536758,23.813444481700152,61.052686491258115,0.9950113056497868,3.6370764832182054,0.3,10.016997768571942,4
9.005113914340946,1.429586485297297,0.21184289309533105,5.522908852982139,0.01,25.44322918508228,27.536415324087635,0.9947867181495034,3.412854222963056,0.3,11.303941020029114,4
11.027376484124614,0.23158342969123522,0.16118379691168797,0.7652351984716568,0.058041554576707816,19.17691696359978,132.9822041975328,0.9972524644264589,3.2873622629463934,0.3,10.101040007594255,6
7.815339763028577,0.1977467089838611,0.4292069458117958,1.7949555866900877,0.01,10.740258067779921,28.59883309400216,0.9954889773316064,3.0892939890952187,0.46829024662243923,11.629496812131215,7
8.535696812307144,0.5197625580601534,0.2635037855496126,0.9649493557996882,0.01,9.410950549651798,51.43340687629952,0.9982354599924719,3.226949705819991,0.3424030250128002,10.32132067790788,5
6.4535852913916045,0.17696091793481913,0.20056680902004814,3.169254017987619,0.054736540235287234,10.125379497704692,89.62846999061446,0.9992066867711593,3.29577944016311,0.5502105810707415,10.84677273620313,7
6.823956365282836,0.5732377978603,0.08457037633770331,1.239447283606094,0.1317009146944736,22.378976775324027,33.83378182986625,0.9945213936017198,3.1718596079370758,1.0831039118566552,10.355844496680797,7
8.466282598258623,0.18305205421245357,0.07891762537504445,1.500097015145411,0.08735922676765018,19.744283214707625,17.16228454006733,0.9940978478898176,3.3317475519081143,1.0836245375434228,11.068496557792118,7
10.176687029393243,0.21826555044412527,0.16597937175801583,4.803301761491124,0.04313956713222199,4.672296321859745,43.032332747278815,0.9968822050594449,3.279010216500645,0.3,9.435125564347466,6
7.864322598772327,0.1,0.29799077327486273,1.6590154681737501,0.04926311990991738,16.841939050561304,23.624430803189046,0.9970918933222946,3.4210737682582275,0.4039465560985429,11.434549566596898,7
7.89894190016939,0.5408973704056934,0.28043990193102886,2.4681193267168497,0.02866060836943733,3.447574001782846,23.27444269495679,0.9961997484971292,3.1825257791260344,0.3,8.459562572546659,6
7.608295084342564,0.14058835008463672,0.2663574651088082,0.753750104940761,0.01,6.274982099885502,65.2342569729288,0.9939128883216772,3.372554977449649,0.4143443746838891,10.94379558411939,7
7.390913659564651,0.6544677327543287,0.19042397677283907,0.5301739751675967,0.0358318049348983,1.9463584321134126,13.717082826794151,0.9966082924038392,3.3864746872610523,0.5769772877402115,9.297944813506811,5
8.801451474704997,0.7317134347304953,0.39936926989788685,2.84677799514496,0.015574337664336831,25.993891153392088,67.67715387104073,0.9956130589932831,3.341460856864858,0.3,11.116305896553932,6
5.754662003196305,0.2544946342935619,0.4619073927786388,1.6010978545848635,0.056391723910242685,4.69430774255254,18.29206379214052,0.9972576226023856,3.263528290045707,0.3,11.730248685685101,6
10.477597280333438,0.8029106272010726,0.05345675738651039,7.704099115992843,0.10152584962412221,2.6025125566535388,52.29068736367908,0.9955938814034094,3.3990097625414006,0.3,8.988836418660993,4
7.168782093179917,0.7417389949198444,0.10083744487612094,10.08301115430876,0.01,5.901581234836633,126.73593389777162,0.9974939530077964,3.210073410649437,0.44555813249285753,9.315950580351284,4
9.527235925244842,0.9415561538729155,0.7950661971728157,0.824676865427465,0.01,38.810112753158066,17.582733590412545,0.997501948419506,3.019301212205596,0.7593086651516407,9.436325988748386,4
6.141002384430411,0.23650208549966298,0.15623909264369343,0.55277780491745,0.16522994175002612,7.9707469066248695,26.032637949943613,0.9949502431107929,3.241923221233123,0.3,11.878746764849007,4
9.437028221928571,0.22832906734076297,0.16048686733597956,7.816459843019955,0.09272722099866827,7.241794504196678,16.569745904238264,0.9973348803923026,3.304185400491518,0.3,8.946078459874366,5
9.442305833284646,0.7050526650998337,0.07719930100588773,3.471256104412154,0.01,22.311447689376084,49.04974133694529,0.9969456242646662,3.176127743239116,0.4905833692227229,9.659751794720197,6
8.953143522410025,0.5144698187396823,0.40759216750961047,2.7936361682047854,0.07043106505665653,11.86471222895605,46.97451248594135,0.9956996911015096,3.285372748776441,0.7722353219966783,8.514258803458224,5
6.609471512940354,0.5503336865246282,0.9452051853322505,0.6226550252115528,0.031007667627068518,19.37612987194088,55.85703557818847,0.9981536259490409,3.0246200315137743,0.6754714318037784,10.860530062160786,5
8.724231922316731,1.1195190946824183,0.07742688760299606,9.575790285408253,0.10423490114147461,5.712334736036235,24.32649466906524,0.9937044334281486,3.392250503259398,1.1329265482645805,10.838960933889938,5
6.288804485951539,0.8409327814400164,0.42808939825093184,1.1949980506709394,0.055025487426073716,6.840611020214094,12.039374821717816,0.9952228842882621,3.388569556510437,0.4985954754375221,8.213883765239812,3
7.870302466336486,0.7424189084804619,0.06574816139684245,4.363186861916376,0.06320861366532263,26.988665342178063,60.623604370304,0.9980980042197332,3.2959196487985576,1.5,11.843129615706815,6
10.050002271624056,0.6851640135055838,0.37913422147366016,4.2023415752151365,0.07070873269102619,28.756382831858566,22.733917283164434,0.996327175045178,3.4901321403965757,1.0108149783287381,10.930197119140516,7
9.654393276020262,0.8911355859965616,0.06740087001980269,0.5,0.01,25.67800423136572,41.95379022571516,0.9957546456167936,3.162110397721487,0.35798111264766264,9.332607318784932,4
8.325811002318737,0.39376712034399597,0.013013758556905028,1.4056695274110538,0.061138690992417186,13.57622351896305,18.906066133006078,0.995512583577234,3.418244869081725,0.3,8.708014502656095,4
6.64282882093117,0.17164788862880256,0.7882486576737372,0.6763830320021158,0.10132223293397875,12.501701606061848,61.91038285304653,0.9945679126167001,3.358747755122116,0.6290804315956914,12.249245162402303,6
9.39749911069613,0.2808123552111948,0.1142334345170562,0.5,0.03893547414619552,8.996231548397905,29.985038312586028,0.9984885940065362,3.234790531029664,0.8155408335689515,10.894447461901976,6
8.332948104086643,0.2522473293146579,0.0324259885529907,2.06774853003964,0.01,13.192668331832563,19.332207636515946,0.9963313173964164,3.275676073373823,0.3,10.52483886212812,4
4.355463483008281,0.1,0.21201840072038802,0.7698293674582384,0.0281635091662614,15.222369688200505,19.46078149458742,0.9960625447704583,3.2882411494505557,0.3,11.618152293044414,6
9.630470704738082,0.6859839458638062,0.301555537784978,1.1999527073808485,0.025309640756988095,20.772817831238648,11.944724996864519,0.9979830504781257,3.3402061006058554,0.7128358413325627,10.657718558777628,5
8.258804182421525,0.35454482128492515,0.44206171574433345,0.6024087306297862,0.04049467220653169,13.37647046539918,56.72640784358392,0.9980087279356161,3.3191489581536535,0.7908748096126551,9.448337761678122,6
10.344167121571223,0.39924593058389335,0.1484512741361208,1.8592876424716964,0.11934421267747362,4.291169826556424,47.64452476087418,0.996416685808158,3.09397347933913,0.6351525086304127,8.124630626017005,4
6.438040117967233,0.29502802978121906,0.14013333449416476,7.658179869339085,0.026279651163542386,9.39978864841151,15.889882618937444,1.0004452973419442,3.422822700377412,0.3,12.030612030679913,6
4.0,0.44640832257895774,0.11580970845941706,3.1214402480087418,0.015616026407371215,1.39793787221306,11.186797563317795,0.9935188940247235,3.4358411362724643,0.3,11.651170077423425,5
8.774442559186815,1.2300096038894708,0.19403975333596468,1.5640153167492468,0.08611919751979695,30.108355608127177,53.28319916516197,0.99898323543284,3.320059007624264,0.3,10.238579890761685,3
8.795658250359354,0.1,0.32921534341917774,2.325265127461388,0.01650258730860689,1.0,61.50434612367296,0.9968753851976309,3.446533571313271,1.5,10.543179088522054,8
5.425858233069032,1.380512996146369,0.242175892130283,2.950667945400278,0.034061549067311014,27.145990817532358,55.20612337061701,0.9973720010087712,3.171140677734681,0.34657947446965714,11.37811799066332,4
6.63655077202677,0.5366466844166206,0.11136900059862735,2.9865058311174604,0.0872800718282441,13.718143301380849,11.485218450503766,0.9937912569692953,3.546909702133107,0.6848761405248149,9.990933572230558,4
12.983870164323832,0.31096762458192506,0.1854178525681705,1.9201142367926494,0.019718230496854335,16.260792042061038,38.27363238485985,0.9942112087949432,3.1708807164534907,0.38608192359590005,9.69716548178676,8
7.780461955938535,0.34172373980243664,0.045486205518627726,1.3285273444951242,0.0709146884482649,16.275009361475938,58.71854597824468,0.9958154833888094,3.450117257564116,0.5937432200601743,9.90501572697508,7
9.542630259839568,0.2149334292530776,0.15252298824877072,4.341843257432938,0.027826543730624015,8.697767927189082,120.11541244638202,0.9966026302662705,3.328948608054074,0.37749558189753657,10.595334715255616,7
7.193878293473748,0.1,0.13335571955281347,0.8805725656337078,0.01,2.7798835969991322,57.22452856015706,0.9965863408254133,3.3575140470873213,1.0861875323220638,11.531166364930158,8
4.7464850719496345,0.1841283940734675,0.44482472823065644,4.391092205657333,0.0541179767022049,16.32186801478388,22.48193334343224,0.9957151777041712,3.4894352719521,0.85524413523554,9.277784217975329,7
8.01056098044696,0.4477156615844824,0.21229437141578378,1.6940331626567866,0.04384806594728643,19.17265536688059,40.41972727705544,0.9948640754731212,3.394078029598008,0.3367665180805876,10.005099571119283,5
7.848472247513622,0.37393217302497694,0.15451510916276773,5.558548426127908,0.04484172367364083,9.646445967291227,28.169979155326615,0.9962441838457984,3.1858908632202216,0.448549143206013,8.053493982259825,4
7.62020699426377,0.6262417117040541,0.174866662039807,1.0049850555772504,0.01,10.716825826670869,21.46062825849508,0.9927397400042337,3.3810318853881407,0.3,12.53612496839413,5
8.105110579639133,0.29729645729601456,0.1524398021362742,0.9854004415051195,0.049601419301241435,7.50636224055804,33.0841925440081,0.9998665069158532,3.6180325356329837,0.5321589466206431,10.30155633172528,6
8.749256061797583,0.2653706366505789,0.0573953472651392,2.5396007672591736,0.051022279631757955,1.0,24.668210161970187,0.9957230654526615,3.5821464742990505,0.3,11.80620111451596,5
8.044801182868529,1.5,0.32429011178640366,1.186737998699194,0.10893451984685279,8.751203970513098,20.50627240837315,0.9945752055031748,3.453081029737769,0.3,9.194776733280367,3
6.151189514489483,0.21977919121264247,0.00613614549500996,7.868956616267454,0.04773209264016835,41.04103043768273,11.879149172468743,0.9947072315569234,3.3707168760088804,0.37231140316371086,11.754839910543396,6
9.126514145655296,0.2318661881881516,0.11322960661549411,1.3639663192654428,0.01636318906425511,34.05976330744973,16.58823737535934,0.9939830544134325,3.1829050760102695,0.3,11.55276177962798,7
4.986068015951881,0.8811312341858073,0.08255074024201654,1.0892747591951737,0.0789743218613361,13.63368438254287,10.4295647434219,0.9978727565729296,3.364712003017096,0.9804667089442308,9.173070758752992,4
4.814392322616861,0.7405095741698882,0.11586376071402417,3.37124518183396,0.12551264858229924,32.57262570517255,74.92194381480486,0.996930287791819,3.288833835783719,0.3,10.272216672200205,3
9.556606840992666,0.32877332213654004,0.3184000629175225,0.5,0.060732686637670036,9.731191669172176,10.726883817275306,0.9957818722155455,3.2188113482756533,0.48887453014843646,9.215035817578682,6
9.161934462630107,0.7829823875457026,0.15583568993927446,8.214013267710435,0.03244244391983855,18.48043968881564,28.14102993449639,0.9957411683265833,3.272809139222103,0.3334353434968109,10.746569117448212,4
8.20242787937414,0.48841326497090887,0.17729111446593984,3.853808663094166,0.01,3.104958924302082,11.435095759202058,0.9952817548101676,3.188611225511655,0.5490506462542227,12.01956873524716,5
5.927737541916379,0.2999100048121545,0.30365302052435816,2.9664535383097697,0.029515405765492796,16.84579490371011,57.29792587378575,0.992354394063861,3.651003492174608,0.5026504261139704,10.967494941544864,7
7.096551400854072,0.7064178771224933,0.2857856616468883,1.250464133258024,0.07963114144822493,15.636318876507833,32.99444641399048,0.9974063311930081,3.242750483167077,0.3,10.537677875030406,5
7.853330528932944,0.4535513649425171,0.26884353788311394,2.1762530088516376,0.02570573184148738,2.444878802504976,56.75212249412042,0.9960103086297727,3.421323435148513,0.6066934986949892,11.737984422096131,7
5.586980253424008,0.1,0.1799681955123279,1.403006133271703,0.01,19.93787732988803,74.14152899160098,0.9970771593019959,3.3017059892084255,0.3,10.217927172717244,6
7.043651281360505,0.7069624312197562,0.4238818759240993,1.6508567569668,0.05715374890518146,9.78222236518642,35.991486823204475,0.9976326356783075,3.1089413113230018,0.693025057767016,11.577909860842798,6
9.408961574900356,0.40537182335808997,0.07963913359330069,4.66330744323124,0.03450897999322844,3.2583451329911615,19.159491376984555,0.997889359097716,3.287619516289941,0.3,8.87195576500095,5
10.726419119291668,1.16656946511376,0.15465403070803938,3.19977421520504,0.021068913949021592,5.50456537482809,56.3946003328848,0.9962735878464418,3.3112235830251784,0.5646911523379898,11.032142628310652,5
7.586960920480465,0.8076111027953412,0.11886791947808871,1.7942583695485521,0.014678612891909658,7.732162405764946,49.16564797638229,0.9962519198550829,3.5280263037685056,0.3,10.918464887716626,4
9.586030202337367,0.516671652182658,0.12510709687984825,0.5,0.024256571978591344,5.4095514974367624,37.76093521838608,0.9980147599805491,3.2846825100013346,0.3,9.676167395876696,5
5.046097880001307,0.33624342668162727,0.06891798551256204,10.455569745863293,0.010423518920276844,23.3865082826087,102.8785172925509,0.9958130505235413,3.1472822273939713,0.3437603946593089,9.578686609144683,6
9.42106710989314,0.4443732344123097,0.3579391456905246,4.690405812640104,0.04467796518523936,10.281409525971624,42.4808252604748,0.9983714485662208,3.1302169883818465,0.3,9.027393982777838,5
6.933287694963283,0.21032154317508336,0.29257849066184627,1.3653436661939897,0.014538393892954643,8.248980238652335,35.16612830589136,0.9979558014400788,3.45583922252286,1.469237827071426,9.723993686161053,8
8.822487548403549,0.5165831551029544,0.15056797357837118,2.7825567890845466,0.01,8.17528760776195,34.492826161626255,0.9950406532328611,3.2045177230953414,0.45748139032057555,11.772997232417728,6
7.878820888992495,1.224863887306416,0.2555818237628947,1.0960115790708889,0.06683774324296955,13.463988145431278,6.0,0.9947701893073077,3.3145474785382083,0.3,10.578814249169053,5
10.544703816632518,1.49143867253588,0.3754825437740439,1.3233988506853107,0.05073640987741686,14.347051883347735,10.684114577672181,0.9939931362044476,3.0437996322768477,0.48819916958357135,10.1022372601445,3
6.81345939782214,0.996645340772661,0.576725771879808,1.2334944118624225,0.0282139402418045,28.279484925212792,8.150053683465101,0.9976069604005546,3.5527675821430664,0.3,9.286442917685463,3
9.366930705855113,0.49526516362876416,0.04001623214698765,2.6333483271245273,0.01,27.224227507413264,84.16932805011874,0.9911752289604251,3.157190866152705,0.3,11.340499745713062,5
7.824837312395894,0.11958458240189047,0.16003221140063684,1.2520134215648926,0.10997316103332755,8.141956778818763,9.508553139693332,0.9912111428992209,3.437353302714351,1.0179658881302676,11.447147365014844,5
8.030880687383572,0.4242598470845811,0.4620580155828533,2.5459407183848857,0.07167774482607132,9.656650751260889,15.060123888405863,0.9966768797724309,3.4645168919524814,1.01175493639012,11.13203654409913,7
7.987448381629345,0.8438931737936813,0.8276771281040775,6.062126247708318,0.01,13.343577881729432,46.98284355560957,0.9932926125947632,3.6196324642516284,0.5056273153433825,9.207887724881125,4
6.862355722360009,0.7807342745102788,0.23673277158398212,0.8327475111808538,0.04499459625715356,10.600227689152696,10.282115147102244,0.9941095669467039,3.1470216237331052,0.3,10.495945108631522,4
8.276031757958659,0.3942828835076655,0.3499558676023768,0.8375705076081756,0.019609774354902926,14.246206738813765,36.73746031291278,0.9963248834938601,3.310694290666377,0.3,10.754585902233245,5
8.193498022392903,0.3704841764943926,0.2474635524046433,7.003159703935694,0.013575609084595201,5.283074113461452,43.14118498454852,0.993271083123547,3.743297530890066,0.3859473515004794,10.577703741564608,6
8.710108422291441,0.5918284186392807,0.14546159284182195,3.921982745482474,0.09052940497848197,11.289964739401384,18.762427174122553,0.9935820313144624,3.2114274411911694,1.0243778747819248,8.350230277700001,5
8.443658747677867,0.4649026119582783,0.32302235570072835,2.41954576745348,0.07872172317565966,16.198777896955374,6.0,0.9988503057696008,3.289337068484345,0.6243184207238626,10.805003856106671,6
9.656590734340803,0.4225417794375459,0.60342318973971,0.582941988843861,0.01350736194352626,9.39958277162609,116.7246471282577,0.9967097847986418,3.416518936405872,0.3,8.33422163893758,4
9.869964647280527,0.40721550409199636,0.17826093962848585,0.5,0.029672860699380244,15.63562506502198,58.48336169055521,0.9976789745354451,3.443627260154229,0.3,12.191344091946261,7
6.513940352892739,1.089937600726925,0.17039818859982192,1.0780160443942133,0.022142749844942168,12.86175201278392,15.536484141589245,0.9949290228994454,3.590103016866972,0.3,9.2361491728494,4
9.776913251004311,0.18632730940906592,0.10151034704045767,2.691879350947998,0.016955536655784805,10.36029868364099,12.207108146311745,0.9990965152367962,3.221965646462545,1.5,11.893970131358572,8
6.283228073913248,0.353858820961465,0.11014185473716316,4.953859953252727,0.04036586923684351,20.2212344066602,22.17534012117227,0.990458588366372,3.224645005050685,0.895136843867697,10.2147076521811,6
9.29935500983415,0.36971788767287483,0.03629669390038695,2.6307637626652935,0.01035001614495518,11.708431652896966,38.92227189540592,0.9930996628016886,3.3246117219808555,0.45314252847128944,10.367918618270878,7
9.353555933994878,0.5051233759285603,0.04176127503916196,2.7593508486349436,0.01,17.507910740336065,73.66153536594726,0.9928967577961832,3.5554637473757404,0.7825857241016669,10.509515276855431,7
5.050761284173744,0.45408750048207985,0.25106543675678417,5.406520820322147,0.027444672985656275,4.4564930836745615,45.10433709750857,0.9943481827972291,3.210664101150775,0.30226418760688073,10.284632577723846,5
8.458064719099998,0.4319154598872296,0.049910653493374785,3.3515151243215735,0.024263953656868453,32.41627321577513,45.442826720804746,0.9981208415086428,3.254505292070898,0.3,8.204548306484831,4
7.503556607287464,0.19694001009612747,0.1923974474498232,1.5227098200743483,0.01,6.185283714470837,12.360876715787171,0.999532857149209,3.218688582166697,0.36540256041029173,10.056952892219757,6
7.010099061509863,0.45362003069046153,0.7585315798024047,2.2970594404226277,0.07768934756066584,14.98739795333173,6.0,0.9962552854076303,3.270717865069311,0.4204313748822269,9.910040699488883,4
10.59644896218831,0.6942376404648007,0.12450922977664029,5.052148180604389,0.16583856448978973,3.461555917517743,45.1984872696342,0.9970070426699692,3.2253821834941876,0.7222158474696397,8.63489244074143,3
7.1887454609163886,0.5177876945257032,0.04205394617157891,2.950987791283421,0.09542488653582713,13.116123818815936,20.69804208808381,0.9916618624973936,3.359314658003009,0.3,9.62393250289207,3
6.929159220499316,0.1832427465036365,0.6277581291337598,7.413121932089906,0.01,5.090949596426325,30.6439282560848,0.9969185913028472,3.2639371377404744,0.3,10.35097535150361,6
8.42868139800866,0.48204122411023825,0.06616280000263747,1.2760304536888558,0.08777219143552206,16.219525242435598,18.43819034169023,0.9948046241430576,3.4560356169396083,0.34398536369536203,9.23830285527841,4
9.465502568707308,0.4598573172819514,0.11468440628696833,0.9173914026702791,0.01,15.376252017279107,55.73150497488149,0.9940509609016218,3.301857420137735,0.33326108009722843,10.260195260709125,6
8.059197403782784,0.3431937048788437,0.4032609997657319,3.1225392794106304,0.05152623459202116,22.040663692827415,34.14672333939211,0.9952258947766116,3.0292356966638194,1.101030054575841,10.266624158769009,8
10.28282992763773,0.5218565975648447,0.055056013134481996,2.581527169045782,0.022394080940778573,13.74605511594169,37.67047057585029,0.9956912924269039,3.535889344582572,0.7039801228316374,10.131028650832373,7
9.202658625338955,0.2721821714576873,0.10494775807056485,0.8302686918089202,0.06033101136836491,12.773004941299316,6.0,0.9983159863965071,3.4234437077003625,0.3,9.67445039070217,4
4.597040756456569,0.7151731360303475,0.05137887497090494,1.4189201643182725,0.03200836555661529,4.540679636350733,23.976628926241496,0.9931456397697266,3.479130307615414,0.3,10.230962979075974,4
7.399906162038087,1.4325793078346003,0.39876894738275054,6.099868881700106,0.0719748779692186,18.144853014644553,37.88910103926399,0.9941332059601781,3.2583795973030134,0.3,10.237246230363786,3
7.344868431102112,0.7578390476551637,0.0487642187886528,3.459374842800244,0.09757295519533893,22.94030937132556,68.53065328863401,0.9981685978722649,3.6100140850949805,0.3,8.965328069382604,3
9.114913620830018,0.23718886662133812,0.27958272762633174,1.507204701342189,0.03829111744855012,7.55639004507982,15.324796505398808,0.9937511746135389,3.41398731841392,1.5,10.51826198724568,6
4.0,0.6886175885343356,0.16226091122084088,1.0431148694737282,0.01614531780915999,7.010153764586365,11.369828754725225,0.9926261888639163,3.4142570011065776,0.3,11.58639279994669,6
12.63331650482013,0.8092756514579512,0.0989771020328248,1.7968036921564567,0.050253708030129844,22.612625955264992,41.99631098884383,1.0002381348562415,2.976086214481386,0.3,9.542013404367104,3
9.202744361320157,0.5851865860939613,0.1588625148887117,4.863813663210927,0.18233075051233508,6.702346349843381,119.14288550008942,0.9939752369166489,3.274395035090988,0.45752179079417027,10.928448655030161,3
8.553090566660076,0.6281852017011063,0.11635654266116432,2.511295207998646,0.011455018295660478,20.540699538702782,22.079557664037267,0.9957004783789233,3.3971101780350534,0.3,9.41348452882736,4
10.30866511791255,0.4231639449356124,0.07927448204378779,2.261400509100357,0.011175624470419606,13.541037322296585,38.98031398126762,0.9955985433313361,3.34667084458045,0.3,10.331274391899038,6
12.284211889781464,0.1582819560436102,0.01641471688561661,5.036317793701394,0.025167669509652605,15.721782658854254,21.356930214433895,0.998489541449768,3.2165615572939776,0.6328319425895147,9.606195251608526,7
9.780269295800286,0.4017597384592517,0.053671932562234265,0.8715623278497904,0.027015401792828714,10.126577986133322,89.27181974472339,0.996143103642174,2.8881081545400367,0.4304460324090256,9.038193822649653,5
9.912982264001755,0.20818119414355474,0.21171072613369138,1.220103187452517,0.029404094437968726,33.46185593289659,6.299294974623965,0.996569539129225,3.328337986525181,0.44175495574733237,10.063903097286904,5
8.52217304158945,0.37574628298604357,0.13308894891420986,2.679892743161461,0.09592958882036251,22.20006299343815,23.356288718808788,0.9973336001287655,3.3491709829016454,0.34302864354953644,10.541020880443442,5
8.05940621927619,0.29246758916442234,0.27500736799438363,2.258061845059302,0.05792492546837803,4.3765905782940795,45.48130961112257,0.9975152636094099,3.5197056095112345,0.3,10.493833326618374,4
7.491147745191669,0.19628403699987068,0.19184629163498376,1.8914189486617772,0.05113951465189366,15.70328453267353,42.721165274120814,0.9976826080136125,3.397039038751473,0.3,9.534891641735083,4
6.895609614085279,1.0616318006840713,0.2509814218614838,5.209884062040186,0.03616535882478595,5.623869338111181,13.02959254432732,0.9984626891051831,3.3299220249711867,0.3,9.565206709227652,4
7.132076030510856,0.447199503505043,0.044035928687069285,0.5,0.01660949710634369,6.207951719229881,13.294559133924382,0.9947728820034963,3.319131800649385,0.3,11.007075907983761,6
6.004054860616929,0.3005203098554318,0.17545780924136564,0.9490332994527216,0.025927451459927645,6.370414031226409,26.39690964159678,0.994278314582291,3.326026532325907,0.4354280151593527,9.411583919968335,4
8.171018533835461,0.10270260840314975,0.02522574325612764,3.7022909244801863,0.02158463300550331,14.837205604017441,50.05049918407139,0.9951523547654073,3.2324194156339496,0.3,10.579855126217645,7
5.436065118715144,0.7811824459388919,0.3853962475777264,1.6588837721234415,0.03594307831887532,37.854113636160534,7.242949837121677,0.9946331815789369,3.236398155475108,0.3953997299888489,9.119210537586017,4
8.624558091044308,0.5300898757780115,0.3292364900920167,9.678586285111024,0.01,20.13470967769731,46.20797335576209,0.9974339106224133,3.3311014760814364,0.3,9.723576678833169,6
8.23823796632802,1.5,0.13949128996836163,5.383315820215253,0.01026818595531202,6.361462325098778,31.153722098071043,0.9922888324793965,3.491288210790349,0.3,8.025911014219957,3
8.54979000725737,0.25451320474708894,0.3188958272202675,1.6682775546284256,0.01,31.852836119733496,34.727506037110565,0.9983456116072958,3.420029253246386,0.5739626916188946,10.569278894057897,6
7.412376330966014,1.0054824659801878,0.05843880755548933,3.6245019860108787,0.01,22.972818170317144,26.73643534451225,0.9968516507509286,3.377685593142421,0.3,10.04200780783827,4
13.530662629306857,0.4016623827043069,0.09117247624362483,3.489639186781355,0.07420402395979915,7.200610304854658,9.218707598251646,0.992996879685166,3.082972213377337,0.6977118295794165,9.76443140152412,7
10.612197030306532,0.21778592366067465,0.37672106995390675,6.504481402252637,0.06943686349891061,11.021303822960913,7.749644118097113,0.996062209501331,3.445177472427625,0.43087332815920376,11.506444304723251,8
6.184277749855973,0.3283913576992194,0.00047839085611881536,1.9424964981809585,0.029830330218900816,24.847270193988304,27.50023370549941,0.9966011295400287,3.3598595416185804,1.238637952649977,9.494879871864342,7
8.695875748625728,0.487410340844081,0.14469079762616952,1.4772103930313936,0.03405210313215124,29.339620085119385,74.46435216766703,0.997601742410409,3.6750305540936172,0.3,11.150995099066778,5
7.26638955700655,0.30080708356684377,0.2353449534927966,3.3082033401508957,0.01,8.756699952532914,15.259947455877246,0.995905004979288,3.3140784050379737,0.6850795602361527,10.599845708212841,7
6.575384464597397,0.16353587178026965,0.10854600574961804,1.9628817103231273,0.19661971871375508,2.271357536762835,91.78046190000187,0.9959981428730585,3.410537568944674,0.46654784736650107,11.810514069303562,7
6.021877479089311,0.21128049224354237,0.46161416908707725,3.9339250692069014,0.03745536608791344,20.980310948319232,39.545172647166666,0.995776889989569,3.37687220466934,0.585835958651884,11.939391047859901,7
9.034768374290733,0.6471127032893493,0.5654351595355263,6.001400641056558,0.040655868344227734,22.62853693339279,32.64503702826033,0.9980444246168879,3.2977977878943836,0.39586014327623065,9.681559313701728,5
7.141653600381725,0.18867864463596518,0.25033007586931155,1.0707444411164302,0.05015408498248792,1.3573994992269718,29.256348873206676,0.9993966858421385,3.304669893848561,0.5348622870947753,11.052187494016339,7
9.945304240842848,0.26961201728277806,0.044515996533980834,1.364020898939955,0.08041843954130419,13.088924477537551,57.245511052787855,0.9965380871636712,3.2325976480884986,0.3,12.705532072001585,7
9.989429764701747,0.1948936555267474,0.3237732320789814,5.628713957372144,0.05321275328800897,41.62280243989089,23.051684148433296,0.9949400141879376,3.3955156482240216,0.4310207125977924,10.881748010622966,6
10.635654454859464,0.5397656005754393,0.731824667945728,2.4094290797441036,0.03723492732275984,18.579917522214984,42.357067122920014,0.9966882896308489,3.1141868232663503,0.3,10.00161626929658,5
6.8509424976740245,1.5,0.18343438476483456,2.478603983892766,0.03326492667341502,8.779434866930723,24.285139916495027,0.9993853420010383,3.726508577734702,1.5,8.74986847005661,3
9.108121538176418,0.6285142011399968,0.15171817871025975,4.988579364388448,0.01,13.901292653450053,93.80324817381278,0.9960160829550015,3.288456436741978,1.074876665865008,8.335864807152344,5
9.375172168291911,0.24464240008901406,0.06328521043123213,2.201872422179373,0.08120747965082933,10.14989320247361,11.384170590389607,0.9947307870396769,3.2286693483838906,0.3,8.797884593722817,4
7.493897102323261,0.5393452787391068,0.22482245843616291,4.364591300751869,0.053042150676282936,1.917398844193064,18.595871997625377,0.9988835845183744,3.2776746484692896,0.3,12.75163175008062,7
6.987987672432113,0.2571958512776445,0.1564374059965987,1.154768591518364,0.03809690316880659,6.712826200157779,60.45930686203916,0.996421115875566,3.450449466786809,0.3,10.35062838003578,4
11.036185131819154,0.5038395866952634,0.00485308728714466,1.7255041267687359,0.025355926491267524,15.389797840697007,53.44716583898872,0.9961858613905745,3.4132414536376414,0.3,10.57587545870461,7
8.686742988744491,1.1459677779231512,0.307447092552205,6.725165542771466,0.02905486820477623,7.385908084484126,15.683903555890204,0.9933369311021816,3.3025025172472335,0.3,9.735608345127163,4
9.381145176209955,0.42964433711132616,0.03799507860432073,2.439704221606355,0.03150105474029165,4.063119703262839,43.467100484850036,0.9962095725195218,3.2446224476770755,0.5657306806513949,10.876282938687407,7
6.902470779892524,0.5664454471598142,0.8273587473534534,1.0962086188134603,0.017675132103380144,16.285270209330026,37.8488455027424,0.9975737590953773,3.149963882453669,0.3,10.245834927999278,4
6.227216406912271,0.44340825117477023,0.19455355253229842,1.061633618285561,0.06544368424575556,37.456889085094375,20.886960563348886,0.9951024346030589,3.3003457099907982,0.3,9.20101508290938,4
7.331935383363413,0.8278557626920084,0.14005007187958515,2.2565050953412342,0.015223957010708389,7.866457221824261,28.558336266784963,0.9955848831721223,3.3625229019506837,0.3,8.528158661086351,4
8.089163641437006,0.7023144106969882,0.18657227668621446,4.4817968231540535,0.07213831010442077,11.407011204488553,26.297174438801378,0.9960743050713833,2.9826187104062343,0.48096486868390625,8.19779485119777,3
6.490825988410508,0.339841820255006,0.17606122833451232,0.5,0.05814041971815084,5.469746500564296,35.52581840599868,0.9961314101789914,3.451846246831588,0.41448251377665535,9.827289479067602,6
8.28326382529435,0.7025931414593539,0.11666075954544787,1.554422498888925,0.03345157149624056,11.316812037454676,17.85351334512878,0.9963679843961666,3.386119193375341,0.5493090308274211,9.915167331638239,4
5.42954118028355,0.5068990423816959,0.021600050213661785,3.501010439679547,0.01,7.124827156354529,8.377927564843255,0.9991495079366914,3.2608502547926808,0.3,10.934449817927101,6
6.395919381801218,0.31875801303096957,0.46963325496725633,2.8745421776325437,0.04091911579399468,12.849709835638052,6.0,0.9951492292204115,3.311777470533558,0.3,11.783926177264203,7
9.440549122070689,0.3229696629376743,0.18418934697578482,3.261353084599688,0.02487286225105898,7.984107454104679,59.048747049979575,0.9948141737100734,3.178199121399004,0.3,9.37873678804913,5
9.32644388447242,0.4959447783899626,0.4019040027571802,1.2645095234414725,0.06634498671508504,33.592716159861105,9.37490970298759,0.9945374444281818,3.3254465508088806,0.7579498178131784,9.797031960041616,5
7.633809498842328,0.560602930623299,0.026527141367210145,2.6433014343100827,0.03630372150092836,32.98553705473685,43.525379990471855,0.9954214910281195,3.0000948553231916,0.7579761502624411,12.20336769565234,5
6.569800674569181,0.39433690228303353,0.07556081297325458,5.124719696957135,0.06322293542711857,7.738815563623257,40.44115800853597,0.9940447489755808,3.4569750182026513,0.3,11.772103519587723,6
6.5534139624057826,0.5702263034934129,0.10689224224545428,1.684573674486872,0.01,13.61335929316935,31.25372201904842,0.9956003597608856,3.276465387817239,0.7966577155699233,8.497654499596758,6
7.665443981899767,0.23909989147258726,0.04612226776461454,2.5395099147688445,0.03162179599768707,6.204216333502765,49.49106437144394,0.9974517106592349,3.024978622045126,0.3,11.992982803443908,6
9.395681435796996,0.18151375244670134,0.30696338427932696,3.453883661237998,0.01,21.008297425489772,83.52514668428485,0.9978182525695486,3.4680332359875408,0.9017483221899086,9.542619991757718,6
9.878017675285353,0.1180285778231284,0.1346165255500244,1.3036904527662785,0.014210271764664837,19.53654714013334,27.080263042508513,0.9941071602100323,3.2396991291731525,0.33098340911330476,9.95228922966869,6
7.4558960496806534,0.6398538323706757,0.21956347459757355,0.7456514180163256,0.04510487196421043,8.943759217457163,25.196392958308525,0.9953313659095976,3.2261727701131493,0.41457149676291416,10.95843823837604,5
6.339062875825868,0.10770221240445808,0.08937631399626768,1.5452212350881154,0.01,11.746991642040305,36.818478409330794,0.9969662313365982,3.244418375920534,1.491999700773055,9.774447655008876,8
8.755334184372767,0.5661286579096491,0.4156314566491463,3.5901733325165077,0.010222443988215228,11.380516529332859,33.89890169802743,0.9949167356403563,3.2259658239153404,0.3,9.623675424622583,5
6.8999905499360565,0.3042049401239972,0.3377682548814453,1.3331746960323554,0.03955383913857173,6.530080271373743,45.79277502242881,0.997708857114464,3.3972285454718207,0.5554404077105504,9.691299893047537,5
7.418970513935957,0.3484026715948613,0.2989664770759432,0.8968125449467166,0.010385539192213676,6.722176730094902,47.956653351905445,0.9956848392321153,3.28621569247876,0.8253134395671261,11.515691843167426,5
10.552969353742965,0.3522571101711149,0.1941735838633793,4.027900390142824,0.08419556439478033,17.49714195405316,27.99770909079596,0.9930552294391453,3.242948262425807,0.5863500912193069,9.61275229142604,6
9.706096228561806,1.5,0.46986427143227305,1.0668195032833392,0.01,17.887501435433837,97.33242015705095,0.9966686823030511,3.2590618674632363,0.3292869000112551,9.98406011259259,3
8.56855633082747,0.2759732476365987,0.3411205386240353,9.321338232176245,0.09013227992161665,31.743506427381796,78.74917517654823,0.9974112054264244,3.491708926974323,0.41848484288013255,10.329733641427893,5
6.137737698108372,0.2061911543777332,0.16097269374649947,4.977882104887474,0.058846088328901175,1.0,67.82227690965018,0.9944333538360804,3.206781244643612,0.3,8.602400148081458,4
8.659374164700122,1.3812887785190602,0.09928020150937564,6.74853537897628,0.01,5.050948619564921,62.30275723094504,0.9950734563368783,3.293841465365431,0.3560507732014149,10.505668008015016,3
10.106517394338795,0.1304161544414807,0.1339909029982768,2.7186249554123085,0.018980424003499387,36.80764219238378,8.11983249522296,0.9948897626560187,3.1567352737501304,0.6285523169217122,11.413415683856686,6
7.66142276819859,0.16075880901801157,0.2604050936548372,1.2860486619934663,0.12092762803443483,17.741276761730468,22.23265754329496,0.9965560953865876,3.493458226202179,0.3,10.289411151666142,3
10.596893952977416,0.7912406345589668,0.026215929565450057,5.231578683068825,0.04042645951833659,3.8440188221328655,18.204099703998715,0.9945376666115654,3.2081436354250044,0.691176383071271,9.823927324730018,6
10.497666992180953,0.5797419524574242,0.07181360121582366,0.8219632670794934,0.0311344610460464,9.613354961709618,147.23246217065798,0.9956838712978809,3.535878139500388,0.3,9.31823929649752,4
11.128345814643906,0.3219400212640468,0.46436515383718374,0.5,0.13466117714776946,13.752322661526037,28.11999139520895,0.99408805393223,3.6720914526556534,0.3,9.85961965772895,4
8.8189133151033,0.18569129771016843,0.38510188925006505,3.2687007163871233,0.06396650399141127,3.8962199058589952,77.12774047590582,0.9956152982229121,3.4118234026134973,0.32564706626400153,10.09015817851086,5
9.298565889670222,0.1,0.13503988809097558,0.6648883825524795,0.02791505405569541,20.842743830723492,114.93269394881844,0.9959051719899029,3.206014051402254,0.6678222222309277,8.971688293939346,5
10.704118390162854,1.1869982375520447,0.32586965229605575,2.2479291064470557,0.05061065633227545,8.416424723240246,44.46583664579974,0.9951174477390048,3.161698983309568,0.3,9.251064404100239,3
9.060569693017259,0.7039301106218653,0.18588940307077353,2.1403106298379257,0.019702035013376213,7.936822547787471,98.11229547675842,0.9928630720302122,3.4841427438725785,0.3,9.548432639869286,5
7.447902016756639,1.1033380938278925,0.3907468296930178,4.36283017149036,0.038613519190804454,27.247530059841058,33.39410964438094,0.9995007404034514,3.3487918858170085,0.3,8.99374807245856,3
7.537477177902637,0.8914854884897015,0.09489909085860045,0.7734257268715282,0.08979587939813827,8.803000235428412,43.272201256348026,0.996684799378568,3.3044072175472063,0.6842528889586267,10.438251092001343,3
8.705543421415356,0.6005331990493017,0.07961763333472201,0.5610147980453621,0.030012946994061804,22.122327875995392,13.924335034703283,0.9948734127007932,3.384140796429155,0.3,10.893251269303587,5
6.106045582691429,0.26991968784725445,0.15523015213882665,2.006743041272924,0.03744010542842321,13.581405032908698,16.7232010515595,0.996632071945926,3.165211954156878,0.37879422235942517,9.770764542878768,5
8.056459843880873,0.1863480706213255,0.17775565967069823,0.5,0.014811960619656842,21.163922916100535,25.25231227309785,0.9974290883859511,3.2731349523614646,0.614070439121661,9.911991112459605,7
10.164130100991432,0.9500681843138802,0.07981301119490461,3.0877550367261213,0.08855537502037217,10.628965863131134,37.85306254747753,0.9968483699391854,3.162391265456825,0.9873390048267985,11.110349389489333,6
4.574868453019024,0.3047498262981044,0.5147249571824024,2.8766127640028647,0.030586337224524147,13.956780044198233,71.09620100863575,0.997279684005263,3.360644698897452,0.3,10.187452429346662,5
10.908619573050675,0.19572401170078804,0.12300568096009466,2.9166413996517457,0.019336527976184764,28.28699362177012,23.208639720390867,0.9978659477726805,3.4063894381611504,0.3719656152148802,11.147877908191852,7
10.208036171795372,0.25448636202045294,0.017996626549607878,1.9744489961690435,0.018641193135798706,15.147660845260965,50.96100380311177,0.9945381254568839,3.474006541741249,0.3667769264918232,8.788177221902066,6
7.518400153088191,0.9892751133825105,0.19462745654487082,7.986186740922427,0.08351441052852304,6.218821966386475,43.25047530732804,0.9954201560805548,3.2113711280321566,0.3,10.40548571608991,4
9.223764407382077,0.21315037853218094,0.14378211465548238,3.341607779444086,0.034470457789410006,8.745027748253825,20.37043246051377,0.9961418303825582,3.460194286841456,0.41390050690862845,11.260178311178802,6
8.305351135740755,0.3233309218649745,0.355983705644392,4.029913331445118,0.06976889247247778,20.39886254662712,6.5098563361999275,0.9967264879477051,3.046730199111553,0.3173255082336821,12.982225563171273,5
10.390983626345761,0.40194483489233546,0.09611649418409353,1.4412863560622584,0.019476782908976864,8.663573097396084,50.41811819089466,0.9965609954175472,3.1426895150621608,0.3,11.762158360907279,6
9.970561342708901,0.5160586227316398,0.3093804906074263,2.035841524508634,0.04626984579584695,3.4619141725601787,6.42327679428071,0.9922004979446593,3.4023692794046236,0.454158332746874,9.793751582156624,4
5.919879770588885,0.1991706310975793,0.22154308040455936,1.1167908643504156,0.08187308584986479,13.641649709489025,22.235643148372503,1.0011172257900804,3.3882649545274135,0.5459162101707435,8.768037978013218,7
9.2983461028891,0.3920243665876151,0.4095580783829468,2.645637856268662,0.10049797385993198,6.876317682679419,141.28817459289866,0.9990053546368441,3.367433776802763,1.5,10.08436911386027,6
7.95043264880648,0.8014872179251717,0.19305452212912388,1.1354541183237088,0.03593691041950708,12.736057643212648,35.317991148862205,0.9950011714261734,3.067744264385797,0.3517714346238267,11.49380333370124,6
8.44081536988077,1.5,0.07533988291258888,4.112456729353664,0.0369054970631168,8.485484318646698,14.702374517588598,0.9972123609232458,3.4652757011609645,0.3,9.43706500184309,3
7.062107768351314,0.16924498774860341,0.23159866114523678,2.3383550521003773,0.0688217069913536,15.56828340206334,28.126597108909554,0.9947406735845186,3.3534756333967013,0.6114444448723676,10.196590113006819,5
11.27183301750542,0.19404837338391445,0.05374801805227956,0.5,0.029530046803907445,36.76740082542251,56.26640345227926,0.9941622968925601,3.3345809642883784,0.495517895691982,9.559105143994437,7
10.06810509383438,0.21955671740473434,0.008487199475359,1.0383184689185612,0.05304024341607069,41.756880198161035,11.451260310575693,0.9943999706952964,3.4168066353626685,0.40923704537622324,10.326443586835726,5
7.042389021245956,0.6724151007174657,0.08213543228596935,6.313236366666827,0.058167707351876735,9.24399637303176,40.83495005298986,0.9951439191837863,3.2412861325797646,0.5026256018405167,10.635180145351292,7
6.031161968252605,0.18022259646686115,0.43068631929460727,6.616712766904094,0.01,12.769245309293748,12.915029820197937,0.9968128464989258,3.4892668955096298,1.066914115423772,11.185031863644843,8
7.644356527337659,0.3817506015813908,0.680198766584644,3.663473135107825,0.06946242502025533,14.362863032505597,51.349962887721865,0.9969038071763533,3.347638807956675,1.4520233703474508,9.42746084984739,6
9.038654498355221,0.35245311581211797,0.02559977218973944,2.029312446933355,0.08856573522793025,6.530191920945818,98.49471754518783,0.9956195151600336,3.3650872795240727,0.6435298483327047,11.18877637613893,5
8.708349934708579,1.5,0.3743494658886139,5.736474174435462,0.027296459260665328,2.8118793716075006,40.215753239092955,0.993107945478062,3.4248614553193337,0.3,10.562772470832961,3
10.430325802106015,0.27407646422532583,0.597558912911425,2.1554149890238956,0.07778031461496729,28.793181253633144,10.463157800680598,0.9967981129901746,3.054080435770364,0.3151862040346056,9.263413697660866,5
9.64286352770745,0.2610808734562801,0.05184255529218749,5.533763276829504,0.03551718310008027,24.15638443929013,12.709872298157475,0.9985102627838551,3.2398800933579994,0.3,10.636408313197752,7
9.948267343779943,0.6720139579514907,0.5188544372783478,2.630549832984363,0.06950693294309335,3.393274351259524,77.42507146131936,0.9956037327207871,3.2506037349438612,0.3,10.443485014245853,6
8.855654181037744,0.5381420659860731,0.03925871629256815,1.8708276571846116,0.023536113447113722,27.255570805030285,44.21313882933067,0.9958819280423535,3.2055656107675294,0.4933247237528756,11.20856663271936,5
5.938192158641318,0.24688130126593905,0.1559790427040941,4.0964721281058845,0.02614573209225683,13.544434769423042,35.79422161745165,0.9997709434950233,3.3476041818547007,0.3,9.636425025467602,6
7.967312497050268,1.0353100228010073,0.24507601316307467,0.915687437755588,0.010468841948492128,14.218310660914115,26.213639807861647,0.9975721843135023,3.2493338666612654,0.5776771269759219,9.623994657277317,4
10.102152557844732,0.126675040652109,0.05729521222316589,1.1369937950287747,0.04022826610292246,27.228624168293365,7.754021414271267,0.9943102184454731,3.433423627163905,0.3,9.041184293199148,6
8.212411021508103,0.41162387883444856,0.4949196577904855,0.6113183470880048,0.027569743366680267,9.870179369058778,37.92428290020661,0.993998899835414,3.3446909462984116,0.4490435637456093,8.395213867551828,4
9.15525362666037,0.33514851037832677,0.1713297212725399,3.366806598996024,0.01,9.415288065818043,26.12900681179581,0.9937901982960632,3.1998162244078823,0.49199912723995304,10.134661653293941,7
7.758127864081574,0.38535560742276914,0.3469904912113478,2.2646560733936445,0.08505997919068868,27.639650904204117,72.76354373232641,0.9966829551442451,3.340462913680903,0.5147378985053113,10.167717208628739,5
6.5493198574788645,0.2450473466977502,0.06151267930009216,13.355791963818302,0.1265231401823868,1.7233172274584565,49.06523743968204,0.998885515635261,3.1506520158533124,0.645269191292182,8.634938225752581,3
8.090315091121614,0.391876053222413,0.710353856605351,3.457100013691174,0.05096637903100587,4.390715007760721,59.808975851481165,0.9970304200854475,3.1245356871840153,0.3,10.952293099589694,4
8.825380653155513,0.495590644432966,0.27092472603689005,1.822731169795583,0.08116838945307735,23.42149708819668,28.895881140871644,0.9942698928274347,3.2644986780529526,0.3,11.038510950613826,5
7.185330876915547,0.1,0.2613103455776921,2.1307418968331184,0.015100269424974702,25.573959566561847,21.429972865200796,0.9975403741141307,3.3859894208812635,1.086838932444961,8.540674452886195,6
7.899290883743665,0.2949980568456745,0.24129606501620315,2.8703523228300973,0.025831317676097833,6.068951980408453,23.077848326725693,0.9945692835942723,3.393822246692473,1.039872286801244,9.846572231787535,5
6.702912488623831,0.22113851632494294,0.26468422811300035,1.446786217971809,0.05307317957399691,23.242964804381312,48.43428123334752,1.0004937508493432,3.3986755224736815,0.3382243530611254,10.901034414162272,4
10.202716359858965,1.3226970973398096,0.32025852644483394,0.5,0.039445734940677143,22.663068324545797,41.11439418634064,0.9949930968213546,3.221341371614039,0.3,10.724527958277744,3
7.799425212100343,0.5865278503233703,0.1233988746660262,0.6186120472538714,0.025667377454577582,14.80888828004319,6.0,0.9940780537782058,3.216536486509369,0.5010627558098417,9.559899916067984,5
10.769684426714512,0.21066858007541445,0.03626766411181614,1.615059047150016,0.1838371472922677,12.741272064124008,131.3518394892732,0.9965494834588126,2.9373207095262437,0.3,11.638335329487122,5
10.898871345919545,0.28264901064705855,0.03864400593157763,0.5,0.01286610612677474,8.484237852944911,62.52074984096696,0.9976018701198935,3.087804258560273,0.5197131853426546,8.653401708415586,5
8.162221859973036,0.3450507185704121,0.18499431171219524,2.3925222847025203,0.1738479609472623,7.87277983576068,36.320915558132214,0.9966565627690529,3.5585070308234297,1.1932944460945578,9.777685033495459,5
6.585637154669506,0.2776981638414796,0.6111973716582305,4.934267634998382,0.0534743733769985,2.3947771833658593,74.58983820247377,0.9965868016200827,3.3145020963071516,0.38385664483378523,11.379563959166994,7
4.753973607853327,0.6179127106335236,0.15484538968049297,1.1457564407502472,0.039389135243222455,7.72808441758185,47.19573377139775,0.9972174756285476,3.235204880685182,0.7156172358448868,10.507320461652174,6
5.797536975854455,1.1769992668450056,0.16144222910505698,1.6575522138893648,0.029301216511431714,14.559369460172594,70.25832980760953,0.9961523386545523,3.4303984274926975,0.5023294119675548,9.917525762419649,3
5.9644807976722785,0.1,0.5581199751456756,2.1100671559086384,0.014122538062350976,3.231891178244508,72.29657552212919,0.9967269635207056,3.3728544304745967,0.435246803752765,12.383717372244613,7
10.643398366684558,0.32891871156930225,0.2591206778235183,1.8543075016090005,0.016386957686314083,18.88320360774789,47.88709678451714,0.9974404325155354,3.351501136195064,0.3,9.924181983423955,6
8.496901798285808,1.5,0.22766494792944966,2.4136877831792116,0.1077463281559482,9.889693398945303,17.50504341320289,0.99379557663895,3.241261803708007,0.4650688617900429,8.725639810379631,3
8.96232769095638,0.33921661186300484,0.414881743306257,0.5,0.16127148417466608,12.225391552244762,31.329309492369028,0.9955541320634955,3.2898204786634113,0.3,9.102441082406408,5
4.5252842848102866,0.5164112024124635,0.2565065804263475,5.300807409856253,0.023567658971838632,18.781876940736126,80.14400386351056,0.9972925337849876,3.3993426083380682,0.3287053603857334,11.928408803756385,5
6.263457070330656,0.1,0.30900676944698835,1.9777181034275069,0.02941758730143428,8.168356526114493,19.023777209019123,0.9932671101378704,3.4559637927371845,0.4990748984720758,8.806472954592245,5
9.808035619958689,1.027361999423584,0.18180959814419378,1.0434085635523553,0.09729722357684256,14.45018881478238,35.84861615661439,0.996629614037368,3.2846099101323256,0.3,11.59534064715619,4
8.787515991050398,0.1665573738487387,0.2411063567099404,2.99280100538214,0.020794084074169137,16.645451570294334,16.83935092050584,0.99512901479991,3.3984601122601563,0.3,10.01515379229101,6
8.049751026234485,0.5763340486665582,0.04345536772867252,4.755495185970561,0.01,17.25868434036798,50.32319183783074,0.9955497726189284,3.051798393861062,0.3,12.353101857914968,6
9.260232009620209,0.19514099586421083,0.4899422016206595,0.8825553853309227,0.011238242300571983,17.12947208543823,28.404555114721802,0.9960550552330466,3.1852877813290754,0.5156007127786728,10.999628195405867,7
11.080856270430886,0.1,0.502670292229602,3.0880518212662693,0.022120009180100007,4.824936201144502,105.38160758899076,0.9931665964521348,3.250780887873792,0.9961140942655297,10.447096543278818,8
7.924227811987015,0.5389789733676708,0.12964950811172601,5.9228327731789046,0.029798933648203532,6.353993586251535,31.82564529252412,0.9949817231679728,3.1396822233507997,0.3,8.571594008588567,4
8.417928664518719,0.7150610568939926,0.16685788291865677,5.954681360879705,0.021548184305006785,18.683230497194977,91.56191094034385,0.9983641867407257,3.2306586537536357,0.7007914103882968,9.777663403212468,5
8.62741476184322,0.40233644507665034,0.6982819624216298,4.179948191365834,0.037389166928261004,6.436115980828684,18.022692067112324,0.9924684395597038,3.696958907649207,0.48759614737764995,11.389776128058983,5
12.366586379965788,0.14818823503955242,0.13338264698307947,1.4716325711706593,0.017876568133113682,12.958331959107293,49.98425244257123,0.9989025916325035,3.5795170257484616,0.5375702928420466,12.35128175681153,7
4.731094350487657,1.5,0.3365407058503311,0.9281562015265992,0.058946125348587786,15.349558820415453,53.74856086373016,0.9949667315516982,3.1115888464498225,0.6918719461322346,8.803061149353457,3
9.461479125140974,0.6961838211459397,0.21477257502591765,1.1349292678065355,0.09348369456932609,3.614298042530664,44.50841859959535,0.9949507951554137,3.2637875655763184,0.4644668152157341,9.568831329481899,4
8.104836177109593,0.48055371362790145,0.028845896613957377,5.860370406389009,0.013183581338145506,5.2240042794104244,25.95093674041604,0.9961740651095449,3.249292229808808,0.43214136278532733,9.149553121265031,5
9.263511934513106,0.9183111055244125,0.2679594027870431,3.6492746947834522,0.03030025074693844,16.96140951667142,41.49052042047985,0.9985933921664514,3.204123959106064,1.0244942899996172,10.49360071534413,6
7.18246665820897,0.2775377044214223,0.4808401639292089,4.27759785211964,0.018439331165350993,19.919705476086307,69.78372507390007,0.9935810934250285,3.099529579684633,0.39385263255730435,11.093811067912485,5
8.216759447540635,1.4089131151179575,0.14698856587290945,2.2738595824488557,0.06706704449706999,17.06432109282168,31.987129508530174,0.9950434152719098,3.2813272864472514,0.3,9.94068041848847,3
9.509397985091342,0.7050886632091571,0.04648097677827736,0.5,0.012390883647583681,2.3922830426514667,19.3602195283006,0.9973239239992449,3.1790484616875494,0.3,10.193326494928451,4
13.59194734177453,0.8599801770542225,0.360393127948841,3.055794355628774,0.06401001396665884,3.4626669663881757,17.950669309668747,0.9973930157143794,3.1048801490269033,0.3,11.192476712786622,7
9.673661521983522,0.32370574968649113,0.030768185710948658,1.0394609471758836,0.028200265416065143,9.876272984273404,19.431116940775397,0.9992518820089958,3.1998055653886306,0.7335310903075539,10.861147201224895,8
6.858288483348137,0.16259495480184166,0.03364658358457622,5.031888329421806,0.1396525994019168,3.183995673597705,19.31981538550331,0.9940462881283079,3.4742427442992603,0.9750734265053096,9.04561442488618,5
