Name,Year,Selling_Price,Present_Price,Kms_Driven,Fuel_Type,Seller_Type,Transmission,Owner,Mileage,Engine,Power,Seats
Hyundai XUV300,2011,2.76,12.81,92498,Diesel,Individual,Automatic,First,27.5,1498,50.1,8
Maruti Kwid,2021,7.05,14.55,89478,Petrol,Dealer,Manual,First,24.6,1197,107.4,8
Hyundai EcoSport,2011,1.53,6.75,92313,CNG,Individual,Automatic,First,13.6,1199,86.2,5
Maruti Swift,2008,1.76,7.01,24457,Petrol,Dealer,Manual,First,25.5,998,109.3,7
Toyota XUV300,2018,4.45,7.31,6016,LPG,Individual,Automatic,First,21.4,2179,92.1,5
Maruti Nexon,2013,1.71,19.99,138767,Petrol,Individual,Automatic,Second,24.3,1396,188.9,5
Mahindra Kwid,2012,1.53,12.89,57256,Petrol,Dealer,Manual,Second,22.2,2993,134.2,5
Maruti Kwid,2019,3.92,12.41,127409,Petrol,Dealer,Automatic,First,21.0,1199,186.1,5
Hyundai Innova,2017,1.15,4.69,80450,Diesel,Individual,Manual,First,13.7,1199,183.9,5
Maruti Kwid,2017,9.52,21.94,26959,Petrol,Individual,Manual,First,15.9,2993,98.5,5
Toyota Swift,2021,3.75,8.59,57733,Diesel,Individual,Manual,Fourth & Above,16.3,998,125.4,4
Maruti i20,2016,2.88,12.85,75467,Petrol,Dealer,Manual,Second,19.5,998,145.0,5
Maruti Swift,2013,1.77,10.06,56663,Petrol,Individual,Manual,First,20.2,1197,102.3,4
Hyundai XUV300,2005,3.85,17.87,44384,Petrol,Individual,Manual,First,14.8,2179,127.5,5
Nissan EcoSport,2009,4.46,22.42,12400,Petrol,Individual,Automatic,Third,24.5,1997,177.6,7
Honda Kwid,2007,5.96,24.42,26357,Petrol,Individual,Manual,First,23.4,799,124.1,5
Hyundai XUV300,2011,3.08,18.86,75271,Diesel,Dealer,Manual,First,15.9,1498,196.8,5
Hyundai Swift,2019,4.5,13.84,98179,Diesel,Dealer,Manual,Second,14.8,1396,182.5,6
Renault Swift,2018,6.49,24.27,129019,Petrol,Dealer,Automatic,First,14.7,2179,109.2,6
Hyundai Magnite,2006,0.5,10.1,110864,Diesel,Dealer,Manual,Second,25.0,2179,141.7,4
Maruti Innova,2017,2.06,7.27,82575,Diesel,Individual,Automatic,First,18.0,998,115.8,5
Nissan Polo,2021,0.79,3.82,132813,Petrol,Individual,Manual,Second,16.3,1396,118.6,6
Maruti City,2012,1.92,18.97,99476,LPG,Individual,Manual,First,18.9,2184,61.8,4
Maruti Swift,2019,2.89,8.51,143877,Petrol,Dealer,Automatic,Second,20.3,1396,141.8,5
Maruti City,2009,0.5,5.64,98468,Petrol,Dealer,Manual,Third,23.3,2184,164.5,6
Honda Magnite,2014,2.52,23.88,102379,Petrol,Dealer,Manual,First,25.7,1396,152.6,5
Renault i20,2021,11.17,22.08,16938,Diesel,Individual,Manual,Third,18.2,799,147.7,5
Hyundai City,2007,0.79,10.4,99297,Petrol,Individual,Manual,Second,16.5,1199,153.9,5
Renault XUV300,2008,2.77,12.19,49425,Petrol,Individual,Manual,Second,14.0,799,166.5,5
Ford Kwid,2021,4.4,14.76,136800,Petrol,Individual,Manual,First,26.5,2179,97.9,8
Renault City,2019,1.97,4.83,131020,Petrol,Dealer,Manual,Second,24.7,2179,67.0,7
Nissan Kwid,2014,4.64,21.41,6542,Petrol,Dealer,Manual,Third,14.3,1396,85.0,5
Tata Polo,2021,5.86,23.84,137396,Diesel,Dealer,Manual,Second,20.9,2993,87.3,5
Hyundai Magnite,2012,1.04,5.59,47918,Diesel,Individual,Automatic,First,16.6,1997,129.3,5
Volkswagen EcoSport,2020,8.98,14.61,26732,Petrol,Individual,Manual,First,15.5,799,144.1,5
Honda XUV300,2008,2.35,13.2,89665,Petrol,Dealer,Manual,First,19.3,799,92.0,5
Honda City,2010,3.41,23.9,54407,Diesel,Individual,Manual,Third,20.8,1396,54.0,5
Hyundai Polo,2021,14.29,21.44,23017,Petrol,Dealer,Manual,First,23.1,1396,200.0,8
Honda EcoSport,2009,1.59,19.66,149528,Petrol,Dealer,Manual,First,15.3,799,150.8,5
Toyota i20,2007,2.44,14.44,42131,Diesel,Individual,Manual,Second,21.4,1598,163.3,5
Toyota City,2011,0.6,6.0,83587,Electric,Individual,Manual,First,13.5,998,102.2,5
Honda City,2021,14.35,23.89,60479,Diesel,Individual,Manual,First,21.9,998,99.3,5
Maruti City,2019,0.83,5.84,142162,Petrol,Individual,Manual,First,26.3,1197,127.3,8
Volkswagen i20,2014,1.11,6.89,84252,Petrol,Individual,Manual,Third,14.1,2184,153.6,4
Volkswagen Kwid,2019,3.13,14.26,123831,Petrol,Dealer,Automatic,Second,15.0,1997,122.7,5
Ford XUV300,2011,1.49,18.12,87838,Petrol,Individual,Manual,First,20.5,2179,160.6,5
Honda Swift,2011,1.69,4.96,52915,Petrol,Dealer,Manual,First,22.4,998,63.0,5
Hyundai City,2014,2.3,9.24,53447,Diesel,Dealer,Automatic,Second,15.8,1498,83.8,5
Hyundai XUV300,2013,1.18,4.77,9324,Electric,Dealer,Manual,Fourth & Above,25.8,1498,196.3,5
Toyota XUV300,2017,3.57,19.93,142541,LPG,Individual,Manual,Second,20.5,799,141.6,5
Honda Innova,2017,7.12,14.72,25128,Petrol,Individual,Manual,First,15.2,1997,171.5,5
Honda XUV300,2010,2.84,12.06,47078,CNG,Individual,Automatic,First,23.7,2179,80.8,5
Renault Polo,2012,3.99,21.21,63596,Petrol,Dealer,Manual,Second,22.6,2184,186.2,5
Hyundai XUV300,2018,8.43,22.79,78340,Petrol,Individual,Manual,First,26.4,1598,129.8,4
Maruti Nexon,2010,2.6,23.68,101646,Diesel,Individual,Manual,Third,19.9,1598,136.0,8
Ford Swift,2008,3.73,15.54,37265,Petrol,Individual,Manual,First,18.1,1997,140.6,5
Hyundai Innova,2016,5.68,19.98,80683,Petrol,Dealer,Manual,First,26.5,1498,84.1,5
Mahindra XUV300,2005,0.5,3.4,32306,CNG,Individual,Manual,Third,23.3,2184,165.7,5
Maruti City,2018,6.44,23.56,139869,CNG,Dealer,Manual,First,15.0,1598,188.1,7
Hyundai Kwid,2013,1.76,7.52,44224,Petrol,Dealer,Manual,First,26.7,998,119.9,5
Mahindra City,2011,2.34,6.64,24956,CNG,Dealer,Manual,Second,12.2,1396,127.3,8
Tata XUV300,2021,4.26,9.59,6759,Petrol,Individual,Manual,Third,15.3,799,55.5,5
Honda i20,2005,2.46,20.06,142717,Petrol,Individual,Manual,First,14.9,1598,191.9,5
Hyundai Nexon,2011,1.21,17.5,115904,Petrol,Dealer,Manual,First,13.7,1396,76.8,5
Maruti i20,2007,1.07,8.35,118453,Diesel,Dealer,Manual,First,16.7,998,52.0,4
Hyundai i20,2005,2.24,20.98,92955,Petrol,Individual,Manual,First,25.3,1396,111.4,5
Hyundai City,2016,1.94,6.08,24063,Electric,Individual,Manual,First,20.2,2179,131.2,5
Tata Innova,2017,5.38,18.21,79532,Petrol,Individual,Manual,First,16.4,799,110.8,5
Toyota EcoSport,2014,1.78,6.08,56226,CNG,Individual,Manual,Second,22.6,1598,136.0,6
Hyundai i20,2015,2.16,7.06,26172,Diesel,Dealer,Manual,First,17.7,799,158.2,5
Renault Nexon,2019,6.77,23.99,125900,Petrol,Dealer,Manual,First,25.5,799,124.5,5
Maruti Kwid,2012,3.75,19.02,39008,Diesel,Individual,Manual,First,13.2,1197,90.8,5
Hyundai Swift,2021,8.6,23.91,99006,Petrol,Dealer,Automatic,Second,22.2,799,148.8,5
Hyundai Magnite,2013,5.32,23.77,42641,Diesel,Individual,Manual,First,17.0,1396,159.7,5
Maruti Nexon,2011,2.86,13.01,71150,Petrol,Individual,Manual,First,13.2,1396,129.5,5
Volkswagen Innova,2017,2.69,16.77,84273,Diesel,Individual,Manual,Fourth & Above,12.0,998,190.9,6
Nissan Innova,2021,5.6,11.84,78972,Petrol,Individual,Manual,First,13.5,1598,128.4,6
Maruti i20,2008,1.27,18.74,140566,Petrol,Individual,Manual,Third,24.6,2993,138.3,8
Mahindra XUV300,2015,6.72,22.88,29262,Electric,Dealer,Automatic,Second,21.7,2184,57.0,5
Honda Nexon,2021,8.92,14.4,35448,Petrol,Dealer,Automatic,Second,14.5,1197,83.7,5
Hyundai Kwid,2008,1.81,15.76,88560,Petrol,Dealer,Manual,First,25.6,2184,171.4,5
Hyundai Polo,2012,2.52,18.31,75831,Petrol,Dealer,Manual,Second,13.2,799,59.2,7
Hyundai City,2007,1.06,10.65,76719,Diesel,Dealer,Automatic,Second,22.5,799,73.6,5
Renault Innova,2010,1.02,7.16,53874,LPG,Individual,Automatic,First,25.1,1396,161.5,5
Volkswagen Nexon,2006,1.12,9.31,80418,Electric,Individual,Manual,Second,20.6,1197,69.3,5
Tata EcoSport,2008,0.5,6.82,120953,CNG,Dealer,Automatic,Second,19.6,1498,143.1,4
Tata Innova,2007,3.78,16.08,32083,Petrol,Dealer,Manual,First,24.3,2184,50.2,5
Maruti Kwid,2011,2.41,14.59,80932,Petrol,Individual,Automatic,First,14.1,1197,192.6,5
Hyundai EcoSport,2019,5.44,12.23,53901,Diesel,Individual,Manual,First,23.6,998,82.0,4
Tata XUV300,2018,2.42,7.48,144783,Diesel,Individual,Automatic,Second,14.1,1396,186.8,8
Maruti Kwid,2018,8.31,16.16,33541,Diesel,Individual,Manual,First,13.0,1498,98.9,5
Maruti EcoSport,2018,5.81,24.44,111661,Petrol,Individual,Automatic,Second,12.6,1498,162.4,5
Maruti Polo,2005,2.7,15.31,27431,CNG,Dealer,Manual,Third,13.3,1199,103.7,5
Maruti Swift,2012,2.1,17.0,137997,Diesel,Individual,Manual,First,27.0,1997,157.1,6
Maruti Nexon,2015,8.02,22.69,16653,Diesel,Individual,Manual,First,23.7,2993,158.7,5
Honda City,2018,6.35,10.41,33380,Diesel,Individual,Manual,First,23.5,1498,99.8,5
Hyundai Magnite,2007,0.5,7.85,21309,Petrol,Dealer,Manual,Third,23.6,1997,113.8,5
Toyota Innova,2006,2.73,16.15,129677,Diesel,Individual,Manual,First,18.1,998,144.7,6
Maruti XUV300,2008,0.52,23.0,147633,Petrol,Individual,Manual,Third,19.9,1498,180.6,5
Honda Polo,2021,6.18,11.6,72649,Diesel,Dealer,Manual,First,18.3,1598,118.1,5
Maruti Magnite,2014,4.29,17.73,24816,Petrol,Dealer,Manual,Second,14.7,1199,106.9,5
Volkswagen XUV300,2016,2.25,12.82,88310,Diesel,Dealer,Manual,First,12.9,1396,190.5,4
Maruti Polo,2009,1.75,23.55,145272,Diesel,Individual,Manual,First,23.0,998,98.5,8
Hyundai Nexon,2016,5.83,14.71,44062,Petrol,Dealer,Automatic,First,22.8,998,78.3,6
Maruti Polo,2009,4.85,24.19,53320,Diesel,Individual,Manual,First,21.9,1997,179.7,6
Mahindra Swift,2020,6.29,21.19,115169,Petrol,Dealer,Manual,First,25.9,2179,180.6,6
Honda Kwid,2015,2.54,22.33,119044,Diesel,Individual,Manual,Third,26.0,1598,115.3,6
Maruti Swift,2016,3.09,16.42,105494,Diesel,Dealer,Manual,First,18.0,1498,61.0,5
Toyota Magnite,2006,1.64,13.2,112522,Petrol,Individual,Automatic,Third,25.0,2179,107.0,5
Honda Nexon,2010,3.24,19.43,83714,Petrol,Individual,Manual,Third,13.1,2179,148.2,5
Maruti Polo,2006,1.45,6.66,12151,Petrol,Individual,Automatic,First,21.3,2184,141.6,6
Maruti Nexon,2016,1.29,6.99,77588,Petrol,Dealer,Automatic,First,26.7,1199,122.5,6
Honda XUV300,2017,5.41,16.93,93204,Diesel,Individual,Automatic,First,15.4,2184,76.2,5
Honda EcoSport,2008,1.2,9.05,143299,Diesel,Individual,Automatic,First,18.8,1396,75.2,6
Tata Nexon,2021,3.81,6.93,73388,Diesel,Individual,Manual,First,18.3,2179,124.5,8
Hyundai Polo,2011,2.33,18.94,60754,Electric,Dealer,Manual,Second,21.3,1598,165.9,5
Honda Innova,2007,2.43,11.83,59624,Petrol,Dealer,Manual,First,13.1,1396,60.5,5
Toyota Magnite,2007,0.5,7.19,141321,Electric,Individual,Manual,Second,19.4,1997,137.1,4
Nissan Kwid,2020,4.48,12.01,93733,Petrol,Individual,Manual,Second,24.7,1598,109.9,5
Hyundai Polo,2012,2.17,19.62,124968,Diesel,Individual,Manual,First,13.9,1598,89.5,5
Maruti Kwid,2013,1.46,14.21,132810,Petrol,Individual,Manual,First,26.7,2993,136.2,5
Hyundai Polo,2017,3.79,11.37,50033,Diesel,Individual,Automatic,First,13.3,1396,53.4,5
Maruti Innova,2014,3.7,21.09,79520,Petrol,Dealer,Manual,First,26.4,1199,125.4,5
Maruti i20,2008,0.68,5.97,45108,Petrol,Individual,Manual,First,20.1,998,91.7,7
Maruti i20,2009,2.17,20.18,102033,Petrol,Individual,Automatic,Second,16.8,1598,85.9,5
Maruti Swift,2008,2.35,16.93,59823,Diesel,Individual,Manual,Second,20.4,1598,158.6,6
Hyundai City,2011,4.46,14.56,32605,Diesel,Individual,Automatic,First,18.7,2993,112.8,6
Maruti EcoSport,2005,1.74,10.12,64353,Petrol,Individual,Automatic,Fourth & Above,19.8,1197,89.9,5
Hyundai Nexon,2008,4.79,22.02,42487,Diesel,Individual,Manual,First,19.4,1396,193.4,5
Renault i20,2020,2.37,8.6,95353,Petrol,Individual,Manual,Second,22.5,2993,117.5,5
Mahindra Nexon,2017,2.12,6.3,35111,Electric,Individual,Manual,First,23.9,799,60.8,4
Maruti Innova,2019,5.86,23.73,130426,Petrol,Dealer,Manual,Second,24.2,2184,53.1,4
Nissan XUV300,2012,2.31,16.74,102661,Petrol,Dealer,Automatic,First,26.3,2184,169.8,5
Honda i20,2015,0.7,3.96,130200,CNG,Dealer,Manual,First,19.0,2179,74.6,5
Renault City,2018,1.53,3.28,82794,Diesel,Dealer,Automatic,First,20.7,1396,163.3,5
Ford Polo,2015,2.8,8.93,28387,Petrol,Dealer,Manual,Second,25.1,1197,72.6,5
Hyundai EcoSport,2005,3.26,14.18,13894,Petrol,Dealer,Manual,First,26.0,1396,74.0,5
Volkswagen Kwid,2014,3.14,19.33,85102,Diesel,Individual,Manual,First,20.4,2184,164.1,4
Ford Kwid,2006,1.26,19.69,122322,Diesel,Individual,Manual,First,14.0,1199,158.3,7
Hyundai XUV300,2011,1.13,3.07,97197,Petrol,Dealer,Manual,First,26.0,1197,59.7,5
Honda Innova,2006,0.61,16.19,114458,Petrol,Dealer,Manual,First,24.6,1498,81.5,6
Maruti Swift,2005,0.66,4.95,137723,Petrol,Individual,Automatic,Second,16.8,799,113.2,5
Volkswagen Polo,2019,14.78,21.48,8471,Petrol,Individual,Automatic,First,23.2,1498,91.0,5
Maruti Magnite,2009,4.35,21.52,27436,Petrol,Individual,Automatic,Second,22.1,1598,185.6,7
Volkswagen Innova,2010,0.51,4.26,22069,Diesel,Dealer,Automatic,Second,27.3,1997,58.6,5
Mahindra XUV300,2014,0.5,8.98,145905,Diesel,Dealer,Manual,Third,12.7,998,186.0,5
Hyundai Swift,2011,0.5,4.9,129302,Petrol,Individual,Automatic,First,27.0,2184,174.2,6
Nissan EcoSport,2007,3.08,18.95,127788,Diesel,Individual,Automatic,Second,17.6,2179,53.3,6
Hyundai Kwid,2011,4.42,18.04,7336,Petrol,Dealer,Automatic,Second,13.1,1498,132.3,5
Hyundai EcoSport,2006,1.45,17.61,116672,Diesel,Individual,Manual,Second,20.7,1997,168.0,5
Hyundai City,2021,3.56,7.43,68878,Diesel,Individual,Automatic,Second,12.3,1997,181.7,7
Hyundai Magnite,2021,1.85,3.6,86816,Petrol,Dealer,Manual,First,24.8,1598,148.5,6
Hyundai City,2009,2.13,24.22,138623,Petrol,Dealer,Manual,Second,16.4,1997,169.7,5
Maruti Innova,2010,3.44,20.45,42711,Diesel,Individual,Manual,Fourth & Above,14.3,799,55.0,5
Ford EcoSport,2008,2.62,20.57,129661,Diesel,Dealer,Automatic,First,27.8,1598,68.4,6
Maruti Innova,2006,1.34,7.61,37994,Petrol,Individual,Automatic,First,23.4,2179,120.7,6
Hyundai EcoSport,2006,4.48,21.02,5587,Petrol,Dealer,Automatic,Second,13.6,1396,113.0,7
Honda Nexon,2020,4.71,15.7,142488,Diesel,Individual,Automatic,Second,14.0,998,98.8,5
Maruti Nexon,2010,4.14,21.83,33795,Electric,Dealer,Manual,First,25.9,1498,104.1,4
Ford Innova,2016,1.99,8.12,103696,Diesel,Individual,Manual,Third,22.7,1598,75.4,5
Hyundai Innova,2012,1.46,5.83,17109,Petrol,Dealer,Manual,First,27.5,1498,178.8,5
Volkswagen Innova,2017,12.07,24.18,16002,Diesel,Individual,Manual,First,15.5,1396,131.1,4
Maruti Swift,2018,3.24,16.16,147312,Petrol,Individual,Manual,Third,25.6,2179,99.6,5
Maruti City,2015,4.9,24.9,100998,Diesel,Dealer,Manual,First,23.8,2179,186.4,5
Volkswagen XUV300,2005,1.35,3.55,37174,Petrol,Individual,Manual,First,17.5,1199,116.5,5
Toyota Innova,2011,2.03,5.9,35795,Petrol,Individual,Automatic,Second,23.9,799,90.3,5
Mahindra i20,2021,1.12,3.87,33933,Petrol,Dealer,Manual,Fourth & Above,17.3,799,143.4,5
Honda Polo,2021,0.5,3.17,63557,Diesel,Individual,Manual,First,19.0,2184,94.0,7
Hyundai EcoSport,2021,10.27,16.58,38623,Petrol,Individual,Manual,First,22.8,1197,117.6,7
Toyota XUV300,2012,1.06,17.76,139393,Diesel,Individual,Manual,Second,25.3,799,140.6,5
Maruti Swift,2008,2.68,11.12,39542,Petrol,Individual,Manual,First,17.7,1598,111.9,5
Honda i20,2013,2.44,16.48,65058,Diesel,Individual,Automatic,Fourth & Above,25.1,2179,113.3,5
Hyundai Magnite,2009,1.08,5.71,124006,Petrol,Individual,Manual,First,25.6,1199,150.9,5
Hyundai i20,2007,2.61,12.9,44758,Diesel,Dealer,Automatic,First,17.9,1498,155.8,5
Hyundai XUV300,2009,1.54,17.21,96703,Diesel,Individual,Manual,First,18.1,1197,101.1,4
Toyota EcoSport,2012,0.98,11.02,96575,Electric,Individual,Manual,First,19.8,1997,196.6,5
Maruti Magnite,2018,0.7,3.68,119650,Petrol,Dealer,Automatic,First,16.6,1396,175.3,5
Hyundai i20,2013,1.94,24.65,66516,Diesel,Dealer,Manual,Fourth & Above,24.4,1396,73.1,5
Hyundai Polo,2007,1.15,9.65,131060,Petrol,Dealer,Manual,First,27.5,1598,131.7,5
Maruti Swift,2007,3.42,22.37,79965,Diesel,Individual,Manual,First,12.6,799,156.6,7
Maruti EcoSport,2006,5.31,18.89,6708,Petrol,Dealer,Automatic,First,12.9,1997,91.4,7
Hyundai Polo,2008,0.98,9.29,127813,Diesel,Dealer,Manual,First,21.2,1197,184.2,5
Hyundai Innova,2011,2.45,24.03,130438,Petrol,Individual,Manual,Second,26.3,1197,96.8,5
Ford Polo,2015,5.76,22.19,24337,Petrol,Dealer,Manual,Second,16.5,1997,129.3,6
Nissan i20,2012,2.61,24.88,131439,Petrol,Dealer,Automatic,Second,23.8,1396,50.8,7
Mahindra City,2006,1.08,5.3,82064,Diesel,Dealer,Manual,First,16.9,1997,66.6,6
Renault i20,2017,11.73,24.01,27031,Diesel,Dealer,Automatic,First,19.7,998,60.9,5
Maruti XUV300,2018,1.43,6.35,106084,Diesel,Individual,Manual,First,12.5,1197,103.7,5
Maruti Swift,2014,1.46,15.89,125263,Diesel,Individual,Manual,First,15.8,1396,170.6,5
Ford i20,2016,2.88,13.93,148309,Diesel,Individual,Automatic,First,18.4,2179,50.0,5
Maruti Polo,2010,3.96,22.71,67551,Diesel,Dealer,Manual,Second,17.1,2993,174.0,5
Honda i20,2019,8.41,23.75,96218,CNG,Dealer,Automatic,First,23.0,2184,134.7,7
Tata Nexon,2014,1.3,6.06,90716,Diesel,Individual,Automatic,Second,27.2,2179,94.7,5
Maruti EcoSport,2020,5.85,11.47,71914,Petrol,Dealer,Manual,First,12.8,2179,77.9,5
Hyundai i20,2020,5.02,11.17,57389,Petrol,Individual,Manual,Second,21.7,998,109.2,7
Nissan EcoSport,2012,2.21,13.3,59336,Diesel,Dealer,Manual,First,13.8,2184,131.6,4
Toyota EcoSport,2010,1.77,10.42,144088,Petrol,Individual,Manual,First,20.5,1498,90.0,6
Hyundai Swift,2012,0.71,5.89,60243,Petrol,Dealer,Automatic,Second,13.9,1498,115.3,5
Maruti Nexon,2011,0.5,10.66,142227,Petrol,Dealer,Manual,Fourth & Above,25.6,2179,132.0,6
Maruti Innova,2012,0.87,4.45,111984,CNG,Individual,Manual,First,22.7,1199,193.7,7
Volkswagen Innova,2015,6.59,24.18,54429,Petrol,Dealer,Manual,First,22.0,2184,97.3,5
Mahindra Swift,2021,17.73,23.84,28989,Petrol,Individual,Automatic,First,14.4,1396,124.6,5
Maruti Swift,2010,3.73,14.65,52118,Petrol,Individual,Automatic,Second,26.9,998,132.0,5
Tata XUV300,2016,2.47,22.75,144883,Diesel,Individual,Automatic,Third,15.9,1498,66.3,5
Hyundai XUV300,2016,1.44,8.71,68761,Diesel,Dealer,Manual,Fourth & Above,15.0,1197,159.8,5
Renault i20,2012,1.49,6.56,144271,Diesel,Dealer,Manual,First,24.5,1199,134.8,6
Hyundai Kwid,2009,0.5,3.2,144227,CNG,Dealer,Manual,First,17.1,998,127.2,6
Hyundai Magnite,2008,1.34,9.36,45695,Electric,Individual,Manual,First,19.7,1197,108.9,6
Mahindra Swift,2011,2.93,15.7,24149,Diesel,Individual,Manual,First,18.6,799,86.1,5
Maruti Magnite,2005,1.2,6.85,48361,Diesel,Dealer,Manual,Second,21.0,1396,127.5,6
Maruti Nexon,2019,8.09,22.88,109601,Diesel,Individual,Automatic,First,20.0,1199,80.7,5
Maruti Kwid,2008,0.5,9.5,105772,Petrol,Dealer,Automatic,First,23.6,1997,102.9,6
Hyundai Swift,2017,1.6,3.83,42044,Diesel,Dealer,Manual,First,12.9,2184,80.1,5
Mahindra Polo,2019,1.71,7.2,116435,Petrol,Individual,Automatic,Second,18.8,998,184.4,6
Maruti City,2018,2.15,5.76,106754,Electric,Individual,Manual,Second,20.7,1997,149.2,4
Maruti Kwid,2021,16.19,23.95,17297,Petrol,Dealer,Automatic,Second,14.1,1396,65.4,5
Hyundai Innova,2021,5.22,23.52,127049,Diesel,Individual,Manual,Third,23.1,1598,177.6,5
Toyota EcoSport,2007,1.04,5.62,46520,Diesel,Individual,Automatic,First,18.1,1199,167.9,6
Hyundai City,2015,6.99,21.46,23919,Diesel,Individual,Automatic,First,20.9,1197,155.9,5
Maruti Polo,2012,1.51,6.94,72391,Diesel,Individual,Manual,Third,24.9,1199,143.8,5
Volkswagen Kwid,2009,0.5,4.56,132426,Diesel,Individual,Manual,First,14.6,799,132.3,5
Honda Swift,2009,3.55,19.12,5887,Diesel,Dealer,Manual,Second,17.3,998,80.8,5
Nissan Innova,2011,2.1,16.91,80277,Diesel,Individual,Manual,Fourth & Above,17.2,2184,187.2,4
Maruti Magnite,2009,4.34,24.54,67120,Diesel,Individual,Manual,First,18.4,2993,140.8,5
Ford i20,2014,2.2,18.18,95265,Diesel,Dealer,Manual,Fourth & Above,16.8,1498,154.4,5
Honda Polo,2007,2.47,11.21,6306,Diesel,Individual,Manual,First,16.3,998,179.9,7
Maruti Magnite,2019,1.61,7.69,139066,Diesel,Dealer,Manual,Second,22.9,799,52.3,5
Renault Innova,2013,4.42,21.48,17905,Diesel,Dealer,Manual,First,23.9,998,63.9,6
Mahindra Innova,2013,2.31,12.64,49816,Petrol,Individual,Automatic,First,22.5,1396,181.6,6
Maruti XUV300,2015,3.66,13.1,32586,Petrol,Individual,Manual,First,17.3,998,170.8,6
Renault XUV300,2018,7.34,11.74,5869,Diesel,Individual,Manual,First,17.9,2179,80.9,6
Mahindra EcoSport,2013,0.5,3.77,90178,Petrol,Individual,Manual,Second,18.8,1199,130.3,5
Volkswagen i20,2006,3.78,14.0,15751,Petrol,Dealer,Manual,First,12.9,1498,54.2,5
Maruti Kwid,2005,4.08,23.33,18652,Petrol,Dealer,Manual,Second,26.1,1199,116.9,6
Maruti XUV300,2014,3.09,14.78,62620,Diesel,Dealer,Automatic,Second,15.5,1598,192.9,5
Renault Swift,2021,0.53,5.26,136208,Petrol,Individual,Manual,First,24.7,1598,175.7,7
Ford Kwid,2013,1.66,6.53,6700,Petrol,Individual,Manual,First,18.9,1598,50.3,6
Maruti Swift,2021,8.14,12.11,46458,Petrol,Dealer,Manual,First,20.3,2993,86.8,4
Hyundai City,2019,8.95,19.49,59935,Diesel,Individual,Manual,First,20.7,2184,111.8,6
Hyundai Swift,2006,0.5,3.49,146871,Diesel,Dealer,Manual,First,23.1,1598,67.1,6
Toyota Magnite,2021,18.4,23.93,5192,Petrol,Individual,Manual,First,21.0,1396,83.3,6
Toyota XUV300,2005,1.6,13.23,113117,Diesel,Individual,Manual,Second,19.2,1197,173.1,5
Hyundai EcoSport,2018,5.27,11.53,47215,Petrol,Dealer,Manual,First,19.7,2179,161.5,6
Hyundai Polo,2019,2.58,8.09,84698,Petrol,Individual,Manual,Second,18.0,1199,56.8,5
Renault i20,2021,4.35,11.21,136742,Diesel,Individual,Manual,First,24.3,2184,132.2,5
Ford City,2009,1.12,7.56,24996,Petrol,Individual,Manual,First,14.5,1598,140.8,5
Ford Magnite,2009,2.14,14.92,123333,Petrol,Individual,Automatic,First,15.2,2993,77.8,5
Honda Magnite,2006,1.7,5.94,54522,Diesel,Individual,Automatic,First,23.1,1197,190.9,5
Maruti EcoSport,2018,1.3,7.81,122603,Diesel,Dealer,Automatic,Second,19.4,1598,78.2,4
Hyundai Swift,2009,2.05,8.71,85764,Diesel,Dealer,Manual,First,22.7,1498,114.3,5
Hyundai Nexon,2012,2.19,17.67,125721,Diesel,Dealer,Manual,First,13.5,1199,185.5,7
Maruti City,2019,4.83,9.69,68344,LPG,Individual,Automatic,First,12.2,1396,84.8,4
Ford i20,2021,9.63,19.77,70206,Diesel,Individual,Manual,Second,25.8,2184,108.6,4
Toyota Kwid,2020,5.64,16.13,92959,Petrol,Dealer,Manual,Second,19.5,1396,197.2,5
Volkswagen Innova,2010,3.02,16.05,19026,CNG,Individual,Manual,Third,13.8,2993,75.1,5
Honda Magnite,2005,3.41,16.99,44104,Petrol,Individual,Manual,Second,25.4,998,52.9,6
Honda XUV300,2010,0.99,14.79,139327,LPG,Individual,Manual,Second,22.3,1498,137.5,5
Maruti XUV300,2021,7.24,16.35,44350,Diesel,Individual,Manual,Third,26.2,2993,160.6,5
Volkswagen City,2009,4.58,22.74,51830,Diesel,Individual,Automatic,Second,14.0,1598,115.3,5
Maruti i20,2011,1.66,7.64,37101,CNG,Dealer,Manual,First,27.8,2179,195.2,5
Maruti XUV300,2015,3.34,10.18,30479,Petrol,Dealer,Automatic,First,17.7,1199,81.6,6
Tata XUV300,2006,3.8,21.24,50066,Diesel,Individual,Manual,First,20.1,1997,143.6,5
Hyundai Swift,2005,3.07,13.11,30566,Petrol,Individual,Manual,First,15.1,2179,136.1,5
Maruti Nexon,2011,2.11,15.38,106407,Diesel,Dealer,Manual,First,23.9,1498,175.7,5
Tata i20,2020,5.33,10.22,49739,Petrol,Individual,Automatic,Third,25.1,1498,135.2,5
Maruti Nexon,2012,2.79,11.19,8262,Diesel,Dealer,Manual,First,14.9,998,185.5,5
Honda Nexon,2012,1.76,11.17,16874,CNG,Individual,Manual,Second,21.2,1396,76.3,5
Tata Nexon,2008,0.5,3.01,15878,Diesel,Dealer,Manual,First,16.2,799,102.7,4
Hyundai i20,2017,8.11,23.78,79055,Petrol,Dealer,Automatic,First,19.5,2179,155.4,5
Toyota i20,2018,6.91,21.21,100402,Petrol,Dealer,Manual,First,21.8,2179,120.2,6
Maruti Innova,2005,5.1,21.77,39485,Electric,Individual,Automatic,First,17.4,799,166.0,7
Maruti City,2015,3.26,15.51,118502,Diesel,Dealer,Manual,First,26.9,1498,104.9,5
Ford City,2012,4.77,20.06,18682,Petrol,Dealer,Automatic,Second,26.9,2993,141.7,5
Renault City,2008,0.7,10.71,126008,Petrol,Individual,Manual,Second,23.3,1598,115.3,6
Maruti XUV300,2005,1.06,4.96,18255,CNG,Individual,Manual,First,15.8,1997,139.3,5
Hyundai Magnite,2014,3.63,22.9,103239,Petrol,Dealer,Manual,First,27.1,799,51.0,5
Toyota Magnite,2019,6.33,11.85,23782,Petrol,Individual,Manual,First,13.7,1498,78.6,5
Tata Polo,2005,0.5,5.57,109188,Petrol,Dealer,Manual,First,14.6,2179,108.5,5
Maruti Nexon,2008,2.13,15.79,83484,Diesel,Individual,Manual,Third,18.4,2179,191.4,4
Maruti EcoSport,2009,0.57,5.61,81996,Petrol,Individual,Automatic,First,22.5,1598,75.9,5
Maruti Polo,2013,0.5,3.7,36417,Petrol,Dealer,Manual,First,23.1,1598,82.7,8
Toyota Magnite,2019,11.44,21.06,48618,Petrol,Dealer,Automatic,First,15.3,799,175.2,5
Mahindra City,2018,3.03,7.02,54223,Diesel,Individual,Manual,First,16.9,1197,52.5,5
Honda EcoSport,2010,0.6,6.55,93209,Petrol,Individual,Automatic,First,15.8,1197,166.0,4
Toyota City,2008,1.93,17.99,116023,Petrol,Dealer,Manual,Third,27.4,1197,103.2,5
Maruti Innova,2012,1.27,6.45,140899,CNG,Dealer,Manual,First,23.4,1197,84.7,5
Ford Kwid,2011,1.18,7.85,57999,Petrol,Individual,Manual,First,16.6,2184,97.2,4
Hyundai Nexon,2009,1.54,3.18,6657,Petrol,Dealer,Automatic,First,18.9,1997,132.1,5
Mahindra Polo,2020,7.09,22.46,83270,Petrol,Dealer,Automatic,Fourth & Above,18.3,2179,81.6,7
Maruti Polo,2020,8.55,16.63,59786,Electric,Dealer,Manual,First,16.9,2179,77.2,5
Maruti Innova,2006,0.75,6.76,90016,Diesel,Individual,Manual,First,24.9,2179,149.3,5
Maruti EcoSport,2017,1.08,9.7,133447,Petrol,Dealer,Manual,Third,15.4,799,51.5,7
Ford Polo,2016,2.08,9.9,46198,Petrol,Individual,Manual,Fourth & Above,20.7,2993,130.3,5
Hyundai XUV300,2016,4.15,12.03,33202,Diesel,Dealer,Manual,Second,26.9,1199,117.5,5
Tata Nexon,2020,5.03,10.3,71630,Petrol,Individual,Manual,First,18.3,1199,74.2,5
Maruti Innova,2010,2.94,10.62,8969,Petrol,Individual,Manual,First,18.3,1598,170.4,5
Nissan Innova,2019,4.21,9.54,62062,Petrol,Individual,Automatic,Second,14.3,1199,65.8,4
Maruti Innova,2016,1.89,4.79,125617,Petrol,Individual,Manual,First,17.6,1197,136.7,7
Maruti EcoSport,2006,1.17,12.56,137233,Petrol,Dealer,Manual,Third,15.2,1396,114.4,5
Maruti Swift,2005,4.86,13.83,12135,Petrol,Dealer,Automatic,First,25.8,1197,68.9,8
Toyota City,2016,2.31,6.34,20216,CNG,Individual,Manual,First,18.0,2179,52.8,5
Toyota Polo,2014,1.84,8.52,91483,Diesel,Dealer,Automatic,First,21.5,1997,69.0,4
Honda Kwid,2006,2.63,21.52,123843,Diesel,Individual,Automatic,First,22.1,2179,194.8,4
Honda XUV300,2014,3.13,15.03,94745,Petrol,Individual,Automatic,First,25.6,1199,159.0,6
Nissan XUV300,2005,6.49,21.43,12697,Diesel,Dealer,Automatic,First,26.8,1396,145.1,5
Honda Nexon,2018,2.41,5.96,11638,Petrol,Dealer,Automatic,Second,16.6,2993,50.0,6
Hyundai City,2018,0.74,3.28,74590,Diesel,Individual,Automatic,Third,20.8,2179,107.6,5
Maruti Nexon,2019,15.41,24.49,9042,Petrol,Individual,Automatic,First,25.0,2184,121.5,5
Hyundai Innova,2010,3.75,16.03,59383,Petrol,Individual,Manual,First,23.1,1199,163.0,7
Honda Kwid,2019,6.37,16.58,80986,Petrol,Individual,Manual,First,16.8,2179,62.9,4
Maruti Nexon,2018,1.58,4.06,51121,Diesel,Dealer,Manual,Second,16.0,1498,147.9,5
Maruti XUV300,2011,3.27,17.1,78369,Diesel,Dealer,Automatic,First,23.7,2179,196.3,6
Maruti Innova,2008,0.96,11.71,126136,Diesel,Dealer,Manual,First,24.6,998,137.7,8
Maruti Innova,2018,1.3,6.56,95909,Petrol,Dealer,Manual,Third,26.0,1997,197.9,4
Honda EcoSport,2010,2.27,13.02,61809,Diesel,Dealer,Manual,First,16.2,998,110.2,5
Maruti Swift,2008,0.5,7.59,144993,Petrol,Dealer,Manual,First,13.9,1997,170.5,5
Maruti Kwid,2020,7.35,15.28,21122,Petrol,Individual,Manual,Third,24.1,1598,125.4,5
Mahindra Innova,2011,2.36,17.93,54593,Electric,Dealer,Manual,Second,24.8,1197,127.4,5
Renault Kwid,2014,1.29,13.59,143869,Diesel,Dealer,Automatic,First,15.6,2993,69.8,5
Maruti City,2011,3.29,22.85,108844,CNG,Individual,Manual,First,15.2,1199,103.0,6
Honda Polo,2014,3.78,20.26,80318,Petrol,Individual,Manual,First,12.2,799,135.7,5
Ford Magnite,2011,0.96,11.22,111438,Petrol,Dealer,Manual,First,18.2,1498,107.8,7
Renault City,2012,1.82,8.95,48129,Petrol,Individual,Manual,First,21.2,1197,181.7,5
Honda Swift,2014,4.53,23.81,14837,Petrol,Individual,Automatic,Fourth & Above,24.7,2179,74.9,4
Toyota EcoSport,2015,1.97,4.03,57413,Petrol,Individual,Manual,First,22.7,1197,99.7,6
Honda Innova,2018,5.51,24.75,130849,Diesel,Individual,Manual,First,15.8,2179,57.6,5
Maruti Magnite,2017,4.41,13.45,47814,Diesel,Individual,Manual,Second,25.5,1598,86.1,7
Hyundai City,2015,7.62,24.52,61759,Diesel,Dealer,Automatic,First,21.3,1197,128.3,4
Maruti EcoSport,2007,2.12,6.08,24023,Diesel,Individual,Manual,First,22.1,1197,109.4,5
Hyundai Nexon,2017,2.69,16.06,142046,Petrol,Individual,Manual,First,15.6,1997,161.3,4
Hyundai i20,2020,10.47,15.41,34320,Diesel,Individual,Manual,First,14.1,799,70.0,5
Hyundai Kwid,2013,0.5,13.92,110468,Diesel,Dealer,Manual,Third,14.8,1197,59.1,4
Toyota Innova,2017,3.26,8.58,27499,Petrol,Individual,Manual,First,17.1,1197,171.3,5
Maruti Swift,2006,0.5,6.99,137534,Petrol,Individual,Manual,First,13.1,2179,62.2,4
Maruti Kwid,2013,3.8,16.31,5515,Diesel,Individual,Automatic,Third,12.3,1197,133.6,6
Mahindra Innova,2014,2.78,19.19,114756,Petrol,Individual,Manual,First,26.4,1396,50.1,7
Maruti Innova,2017,8.57,17.85,29648,Diesel,Dealer,Manual,First,27.6,1598,62.6,5
Maruti i20,2016,0.76,4.2,107892,Diesel,Individual,Manual,First,20.1,2184,72.1,5
Maruti EcoSport,2019,9.44,23.27,25863,CNG,Dealer,Automatic,Third,25.5,799,148.7,5
Volkswagen i20,2020,13.66,20.79,6577,Petrol,Individual,Automatic,Second,16.4,1498,153.5,7
Toyota Kwid,2021,7.61,17.73,81106,Petrol,Dealer,Manual,Second,25.8,1197,192.9,5
Volkswagen Innova,2020,3.67,9.88,100558,Petrol,Individual,Automatic,Second,16.0,2993,145.8,5
Tata Swift,2020,9.39,21.68,73694,Petrol,Individual,Manual,First,23.5,2179,96.2,5
Toyota Swift,2018,4.35,10.17,20386,Diesel,Individual,Manual,First,27.1,2179,69.8,8
Honda Innova,2021,4.63,7.87,46505,Petrol,Dealer,Manual,First,19.1,1598,125.8,5
Toyota XUV300,2007,2.38,22.69,142521,Diesel,Individual,Manual,First,24.0,1396,149.1,6
Maruti Kwid,2009,1.91,8.71,52922,Petrol,Dealer,Manual,First,12.0,1199,126.9,5
Ford Swift,2011,5.3,23.43,5215,Petrol,Dealer,Manual,Second,23.4,2184,66.6,4
Nissan i20,2014,1.06,9.04,134648,Petrol,Individual,Manual,First,22.8,2184,181.6,6
Hyundai Innova,2007,2.49,20.78,84465,Diesel,Dealer,Automatic,Third,18.4,998,64.6,6
Maruti Magnite,2010,1.95,10.42,43871,Petrol,Individual,Automatic,First,20.6,1598,78.1,5
Hyundai Polo,2015,3.64,22.92,77104,Petrol,Individual,Manual,Second,27.9,1498,98.1,5
Volkswagen Polo,2007,4.35,16.97,29466,Petrol,Dealer,Automatic,First,25.8,1498,61.7,8
Maruti Polo,2012,0.89,7.67,85859,Diesel,Individual,Automatic,Second,26.2,1396,92.6,5
Hyundai Innova,2018,3.72,14.98,128206,Diesel,Individual,Manual,First,25.3,1498,160.9,5
Maruti i20,2010,0.67,12.1,75934,LPG,Dealer,Manual,Fourth & Above,23.8,1199,76.9,5
Renault i20,2005,3.22,14.18,13997,Petrol,Individual,Manual,Second,15.1,998,117.5,5
Toyota Nexon,2013,1.82,10.37,88123,Diesel,Dealer,Manual,First,25.0,799,113.9,8
Toyota City,2016,3.17,16.22,93095,Petrol,Individual,Manual,First,24.8,998,106.7,5
Hyundai Magnite,2005,4.7,21.78,32160,Diesel,Dealer,Manual,First,14.4,1997,131.6,5
Tata Kwid,2013,1.74,10.54,58364,Diesel,Individual,Automatic,First,19.1,1997,62.1,7
Honda Swift,2013,4.01,22.59,79462,Petrol,Individual,Manual,First,12.9,2993,119.8,5
Ford Innova,2018,6.7,24.15,126169,Diesel,Dealer,Automatic,First,16.8,799,96.8,6
Nissan Innova,2011,2.48,10.46,38980,Diesel,Individual,Manual,First,18.2,1997,162.3,5
Honda Nexon,2013,0.53,7.82,107489,Diesel,Individual,Manual,First,13.7,1199,157.3,8
Mahindra Swift,2017,5.45,16.6,40709,Petrol,Dealer,Manual,First,12.6,2179,103.7,5
Hyundai i20,2018,2.94,16.21,143561,Diesel,Individual,Manual,Third,20.3,1199,67.9,5
Hyundai Nexon,2020,5.87,15.85,105435,Diesel,Dealer,Automatic,Second,14.9,1197,74.8,6
Hyundai City,2010,0.5,7.66,134863,Petrol,Individual,Automatic,Second,19.0,1598,157.9,7
Maruti Magnite,2021,3.75,5.67,5882,Petrol,Dealer,Manual,Second,23.4,2179,195.5,6
Renault Swift,2014,4.34,16.02,34063,Petrol,Individual,Manual,First,18.5,2184,100.2,5
Maruti Magnite,2016,2.35,14.15,149821,Diesel,Individual,Manual,First,26.3,1598,125.4,5
Ford Polo,2016,3.26,9.95,20734,Petrol,Dealer,Manual,First,17.2,1997,195.9,5
Hyundai i20,2016,2.13,8.28,56482,Petrol,Individual,Manual,Fourth & Above,19.5,1598,55.5,4
Tata Nexon,2012,2.34,23.76,83353,Petrol,Dealer,Manual,Third,17.5,998,99.9,5
Maruti Innova,2021,19.25,24.26,20577,Diesel,Individual,Automatic,First,22.1,1396,93.5,5
Maruti Swift,2016,7.99,23.34,51900,Petrol,Dealer,Manual,First,13.0,1197,101.5,7
Maruti i20,2017,6.33,21.93,147283,Petrol,Individual,Automatic,First,14.0,1997,161.9,6
Maruti EcoSport,2015,3.67,22.78,138964,Petrol,Dealer,Automatic,First,22.7,1197,95.1,5
Maruti Magnite,2009,4.55,24.9,92892,Petrol,Dealer,Automatic,First,14.1,1199,175.8,6
Maruti Magnite,2009,0.5,9.64,146835,Petrol,Individual,Manual,First,27.6,998,162.7,7
Renault Innova,2005,1.43,7.73,118768,Diesel,Individual,Manual,Second,23.8,1396,109.9,5
Maruti Polo,2008,1.89,23.21,111471,Petrol,Individual,Manual,Second,22.2,1396,77.1,7
Ford Innova,2013,0.72,5.93,32675,Petrol,Dealer,Manual,First,14.7,2184,67.7,8
Tata Magnite,2011,0.63,3.37,76101,Diesel,Individual,Automatic,First,20.1,998,190.1,5
Ford City,2015,3.34,14.04,82527,Petrol,Dealer,Manual,Second,19.1,1199,163.5,5
Tata i20,2021,1.81,5.45,92508,Petrol,Individual,Manual,Second,20.9,1598,195.8,5
Tata i20,2018,1.94,5.84,38635,Diesel,Individual,Manual,First,13.2,2993,191.0,5
Nissan Magnite,2013,0.55,6.94,120140,Petrol,Dealer,Manual,Second,20.3,799,158.1,5
Honda Polo,2015,0.5,3.6,70184,Petrol,Individual,Manual,Second,27.8,2184,126.4,7
Volkswagen EcoSport,2020,7.94,24.17,139515,Petrol,Dealer,Automatic,First,21.3,1498,192.8,6
Volkswagen City,2013,2.52,12.85,96288,Petrol,Individual,Manual,First,13.4,1396,120.8,6
Hyundai EcoSport,2017,3.03,10.64,87768,Diesel,Individual,Manual,First,21.8,2993,130.6,4
Toyota Swift,2009,1.72,24.9,145021,Petrol,Individual,Manual,First,27.6,1396,58.7,6
Maruti Innova,2018,4.31,9.5,63123,Petrol,Individual,Automatic,First,26.3,2179,167.3,5
Maruti Innova,2005,1.57,7.13,100377,Diesel,Dealer,Automatic,Second,26.0,998,180.2,5
Toyota Nexon,2008,0.5,5.03,67501,Petrol,Individual,Automatic,First,21.6,998,87.1,5
Hyundai Polo,2020,5.65,19.2,97837,Petrol,Individual,Manual,Second,12.8,2184,98.1,5
Maruti Nexon,2006,2.9,12.78,34661,Diesel,Individual,Manual,First,25.6,2993,63.3,5
Ford i20,2016,6.68,18.12,12857,Petrol,Dealer,Automatic,Second,13.9,799,143.0,5
Maruti Nexon,2021,3.93,8.97,62042,Petrol,Individual,Manual,First,18.3,1199,180.7,5
Toyota City,2016,2.76,12.51,95925,Diesel,Dealer,Manual,First,13.0,2179,198.9,6
Maruti Magnite,2019,0.5,6.02,128714,Petrol,Individual,Automatic,Second,27.8,2179,65.7,5
Hyundai Polo,2020,8.25,15.52,10666,Petrol,Dealer,Manual,Third,21.1,2184,157.2,5
Maruti Nexon,2017,4.49,9.83,8880,Petrol,Individual,Manual,First,20.9,1598,189.2,7
Ford i20,2019,6.64,17.17,98860,Diesel,Dealer,Automatic,First,25.2,1498,62.2,5
Maruti Magnite,2019,1.15,5.94,116915,Diesel,Dealer,Manual,First,26.0,2179,90.1,7
Ford Magnite,2017,0.74,4.08,146439,Petrol,Individual,Manual,First,25.1,1396,175.2,6
Maruti Kwid,2011,4.64,24.95,12170,Diesel,Individual,Manual,Fourth & Above,13.2,799,175.5,8
Honda City,2007,3.62,17.3,66720,Diesel,Individual,Manual,First,13.0,2184,58.3,5
Hyundai Magnite,2016,2.22,11.76,97244,Petrol,Individual,Manual,First,17.7,1396,149.3,6
Maruti Swift,2020,10.72,16.15,30523,Diesel,Individual,Automatic,First,25.9,2993,173.2,5
Hyundai Kwid,2015,0.5,10.74,148988,Diesel,Dealer,Manual,Second,12.4,1997,57.3,6
Hyundai Magnite,2014,2.66,15.81,29143,Diesel,Dealer,Manual,Third,18.3,1498,57.4,5
Volkswagen Swift,2013,0.5,9.25,108002,Petrol,Dealer,Automatic,Second,21.3,1598,153.0,7
Toyota i20,2013,2.93,21.89,112648,Petrol,Individual,Manual,First,21.6,2184,142.7,6
Toyota Nexon,2006,0.78,4.24,104108,Petrol,Individual,Manual,First,18.9,1396,55.0,5
Maruti Polo,2016,0.74,4.06,64902,CNG,Individual,Manual,First,24.1,1197,84.9,5
Toyota Swift,2019,6.27,13.85,55755,Petrol,Individual,Automatic,First,16.7,2184,58.3,6
Tata Swift,2009,4.78,23.84,18288,Diesel,Dealer,Manual,Second,15.0,799,120.4,4
Volkswagen Innova,2020,4.07,12.3,117255,Petrol,Individual,Automatic,Second,20.7,1199,188.6,6
Hyundai EcoSport,2008,2.78,18.02,51694,Petrol,Dealer,Manual,First,20.2,1197,174.9,8
Maruti Innova,2020,11.62,17.83,26602,Petrol,Dealer,Automatic,First,15.6,2993,186.5,5
Hyundai City,2009,4.08,19.77,88049,Petrol,Individual,Automatic,First,22.0,1199,60.1,5
Mahindra i20,2018,3.41,10.69,124415,Diesel,Individual,Manual,First,13.5,1598,85.3,5
Maruti Magnite,2020,14.49,24.99,28525,Petrol,Individual,Manual,First,13.3,998,169.3,5
Nissan Kwid,2014,2.86,6.6,26058,Petrol,Dealer,Automatic,First,13.4,2184,109.9,5
Mahindra City,2013,0.58,3.41,29309,Petrol,Dealer,Manual,Third,19.9,1396,116.9,6
Ford Kwid,2006,3.03,17.02,81870,Petrol,Individual,Manual,First,22.2,1997,114.8,6
Hyundai i20,2015,2.51,16.86,110433,Petrol,Individual,Manual,Second,16.4,998,101.8,5
Honda i20,2019,9.88,24.11,86171,Diesel,Individual,Manual,First,23.0,2993,53.0,5
Maruti Nexon,2013,0.5,6.2,111080,Petrol,Individual,Manual,First,15.8,1396,174.5,5
Maruti Swift,2015,1.74,12.86,148377,Petrol,Individual,Manual,Fourth & Above,19.7,799,69.6,5
Maruti Magnite,2010,5.36,21.3,20605,LPG,Individual,Manual,First,14.1,1598,72.4,7
Hyundai Magnite,2013,1.34,6.62,96009,Diesel,Individual,Automatic,First,18.1,2184,197.7,5
Maruti Nexon,2013,0.5,6.85,91148,LPG,Dealer,Manual,Fourth & Above,12.1,998,65.1,5
Maruti XUV300,2007,2.14,14.73,99346,Diesel,Dealer,Manual,First,18.6,2184,188.8,5
Maruti XUV300,2006,3.46,17.97,6906,Petrol,Individual,Manual,Second,12.5,1396,143.4,5
Hyundai Nexon,2005,2.57,11.81,45297,Petrol,Individual,Manual,First,22.8,2993,63.1,7
Maruti Polo,2009,1.23,9.36,141260,Petrol,Dealer,Manual,First,22.3,1396,197.4,5
Hyundai Kwid,2006,1.98,18.43,132514,CNG,Individual,Automatic,First,20.7,1199,124.8,4
Ford Polo,2013,2.25,6.29,15976,Petrol,Individual,Manual,Second,13.3,1197,127.8,4
Honda Kwid,2019,2.89,5.63,24252,CNG,Dealer,Automatic,Third,20.3,1199,131.9,4
Tata XUV300,2020,7.51,22.24,108399,Diesel,Dealer,Manual,First,24.6,1199,64.5,5
Maruti Magnite,2021,7.46,11.47,40929,Petrol,Dealer,Manual,First,19.3,1396,65.9,5
Hyundai Innova,2011,1.64,10.5,78366,Petrol,Dealer,Manual,First,27.0,1498,135.9,5
Volkswagen EcoSport,2006,2.72,10.35,45643,LPG,Individual,Manual,Second,14.7,799,55.3,5
Hyundai Swift,2015,2.96,11.3,86029,Petrol,Individual,Manual,Second,12.3,1197,123.4,5
Toyota EcoSport,2010,2.44,23.18,146774,Petrol,Individual,Manual,First,25.1,1997,78.3,5
Maruti Magnite,2020,1.07,5.72,109126,LPG,Dealer,Automatic,First,16.3,2184,124.0,5
Maruti Polo,2014,1.14,14.62,122595,Petrol,Individual,Automatic,Second,20.2,1598,67.3,5
Mahindra Magnite,2016,0.91,3.4,118457,Petrol,Individual,Manual,First,27.7,1997,181.4,6
Maruti i20,2018,3.45,13.72,136042,Electric,Dealer,Manual,First,23.6,1997,78.1,4
Maruti Polo,2016,1.79,3.35,22558,Petrol,Dealer,Manual,First,27.8,1396,147.4,5
Hyundai Swift,2021,16.06,21.4,6541,Petrol,Individual,Manual,First,17.1,1598,126.2,5
Maruti Polo,2010,0.5,8.65,137385,Electric,Dealer,Manual,First,26.7,2179,193.3,5
Maruti EcoSport,2006,0.78,14.48,116266,Diesel,Individual,Manual,First,24.6,1997,124.5,5
Ford Swift,2006,0.69,6.38,35782,Petrol,Dealer,Automatic,Second,15.0,1598,65.9,5
Maruti Innova,2014,4.66,20.18,27936,Diesel,Individual,Manual,First,18.1,1199,73.9,5
Toyota Nexon,2018,1.52,7.86,107802,Diesel,Individual,Manual,First,24.8,1199,63.7,5
Mahindra XUV300,2014,2.05,11.81,53114,Petrol,Individual,Manual,Fourth & Above,26.1,1197,177.7,5
Maruti XUV300,2016,2.69,17.04,139365,Diesel,Individual,Manual,Second,27.4,1997,88.3,5
Tata XUV300,2017,4.43,15.38,27784,Diesel,Dealer,Manual,Third,18.9,2179,62.8,5
Toyota XUV300,2006,1.64,9.85,115218,Diesel,Dealer,Manual,First,21.0,1396,106.4,5
Hyundai Swift,2005,2.89,14.53,56507,Diesel,Dealer,Manual,First,21.0,2184,147.2,4
Hyundai Kwid,2019,2.37,4.79,137040,LPG,Individual,Manual,First,12.6,2993,108.0,5
Hyundai Nexon,2012,2.22,12.12,85771,CNG,Individual,Manual,Second,22.2,1598,112.7,4
Maruti Nexon,2011,2.8,23.26,113775,LPG,Individual,Manual,First,25.6,799,131.2,5
Maruti XUV300,2019,2.21,4.32,51219,Diesel,Dealer,Manual,Second,20.4,1598,161.2,6
Maruti City,2019,4.37,13.11,111917,Petrol,Individual,Manual,Second,18.8,1997,112.0,6
Toyota Magnite,2016,2.34,9.11,92421,Diesel,Individual,Automatic,First,20.8,998,181.0,4
Maruti EcoSport,2013,2.47,19.46,115494,Petrol,Individual,Manual,First,18.8,2179,160.3,6
Maruti Innova,2007,1.47,10.4,78719,Petrol,Dealer,Automatic,Second,16.3,2184,77.1,6
Maruti Polo,2009,0.98,11.33,73921,Petrol,Individual,Manual,First,23.6,1197,79.7,5
Nissan Polo,2012,1.95,12.48,80386,Diesel,Individual,Automatic,First,17.1,1997,78.7,5
Maruti Swift,2014,2.89,13.71,8985,Diesel,Dealer,Manual,Third,23.6,2184,117.4,6
Hyundai i20,2008,1.61,14.38,107951,Diesel,Individual,Manual,First,15.1,1997,90.3,5
Maruti Magnite,2011,2.82,12.04,17336,LPG,Dealer,Manual,First,15.5,799,194.4,5
Nissan XUV300,2015,0.97,3.79,62378,Diesel,Individual,Automatic,Third,22.9,1598,81.0,7
Ford Nexon,2019,6.11,14.82,80622,Diesel,Individual,Automatic,Second,26.5,1396,53.7,6
Hyundai EcoSport,2006,1.05,8.12,122450,CNG,Dealer,Manual,First,22.7,2993,119.0,5
Nissan Nexon,2013,0.5,4.89,90765,Petrol,Individual,Manual,First,21.4,1199,88.8,4
Maruti Swift,2018,10.01,19.61,12065,Petrol,Dealer,Manual,First,14.5,1199,172.8,5
Ford Nexon,2005,1.19,4.73,144491,Diesel,Individual,Automatic,First,18.0,1997,135.3,7
Renault Polo,2014,1.12,17.72,114101,Petrol,Individual,Manual,First,17.7,1997,154.3,5
Mahindra Swift,2012,1.83,14.74,86976,CNG,Dealer,Manual,First,16.1,1498,184.9,6
Maruti Magnite,2017,1.57,4.26,128313,Diesel,Dealer,Manual,First,23.6,1498,111.0,5
Maruti Polo,2015,2.9,10.6,40825,Diesel,Individual,Manual,Second,20.4,2184,60.4,5
Honda Kwid,2014,3.05,12.9,41069,Petrol,Individual,Manual,First,20.0,1199,158.7,5
Maruti i20,2013,1.25,6.92,143905,Petrol,Dealer,Automatic,First,17.7,1197,102.0,6
Mahindra XUV300,2008,1.48,10.3,90395,Petrol,Dealer,Manual,Second,15.9,1997,174.6,5
Tata i20,2020,3.33,8.74,134344,Petrol,Individual,Manual,Second,12.3,1598,94.6,5
Maruti Magnite,2014,2.79,7.79,20775,Diesel,Individual,Manual,First,24.9,998,95.7,4
Volkswagen Innova,2008,1.55,8.0,21940,Petrol,Dealer,Automatic,Second,25.7,2179,73.1,6
Maruti EcoSport,2020,5.96,19.99,119212,Diesel,Individual,Manual,First,24.6,1997,63.5,8
Maruti Kwid,2014,2.4,10.58,99244,Diesel,Individual,Manual,First,27.0,799,164.6,6
Honda Nexon,2014,2.49,24.88,148956,Petrol,Individual,Automatic,Second,13.8,2179,138.1,5
Honda Polo,2009,0.71,9.27,106437,CNG,Individual,Manual,Third,17.3,1396,180.5,5
Maruti City,2012,2.01,6.45,38892,Petrol,Individual,Manual,First,19.7,799,139.8,5
Renault Swift,2006,2.1,12.03,47249,Petrol,Dealer,Manual,First,16.6,1598,96.9,4
Hyundai Magnite,2007,3.67,14.78,41159,Diesel,Individual,Manual,First,17.1,1396,65.0,4
Hyundai Swift,2008,2.5,14.78,87809,Diesel,Individual,Manual,First,27.6,1498,82.3,6
Maruti Magnite,2020,4.57,17.87,146044,Petrol,Individual,Manual,First,27.0,1396,73.5,5
Nissan EcoSport,2014,3.45,19.4,90192,Petrol,Individual,Manual,First,18.4,1199,84.0,7
Mahindra City,2021,0.81,5.36,129746,Diesel,Individual,Manual,First,15.6,2179,193.7,4
Hyundai i20,2006,1.92,15.72,144931,Petrol,Individual,Automatic,First,17.3,2993,115.2,5
Maruti XUV300,2009,4.02,19.88,72560,Petrol,Individual,Automatic,First,27.0,799,72.4,5
Renault i20,2021,14.93,22.72,31425,Petrol,Individual,Manual,First,22.9,1997,55.7,5
Maruti Polo,2021,3.6,9.03,76309,Diesel,Individual,Manual,Fourth & Above,15.2,1197,147.3,5
Hyundai Polo,2019,14.3,20.87,14967,Petrol,Individual,Automatic,First,22.5,1199,147.4,5
Honda Polo,2014,0.54,5.06,139418,Petrol,Individual,Manual,First,18.1,1498,95.8,5
Maruti Swift,2021,8.1,22.41,146964,Diesel,Individual,Automatic,First,26.5,1199,51.1,6
Hyundai EcoSport,2021,5.21,18.46,136632,Petrol,Dealer,Automatic,Second,16.8,1598,176.4,5
Maruti Polo,2018,6.08,12.09,55762,Petrol,Dealer,Manual,First,22.8,1498,130.5,7
Tata i20,2009,3.75,12.45,17120,Diesel,Dealer,Automatic,Second,17.6,1197,62.5,7
Mahindra Swift,2011,4.12,16.67,26274,Petrol,Dealer,Manual,First,17.5,1396,65.2,5
Maruti Kwid,2013,1.64,9.15,94110,Petrol,Individual,Manual,First,17.7,1199,84.2,6
Toyota Nexon,2017,1.5,4.68,39413,Diesel,Dealer,Manual,Second,16.2,2179,118.1,7
Mahindra EcoSport,2016,2.8,16.0,142521,CNG,Dealer,Automatic,First,15.3,2179,117.1,6
Maruti i20,2020,8.45,20.66,78741,Diesel,Individual,Manual,First,16.5,1997,117.5,5
Hyundai i20,2014,2.24,7.02,18275,Petrol,Individual,Manual,Second,12.9,799,133.5,6
Hyundai i20,2017,2.65,17.39,145302,Petrol,Individual,Manual,Second,19.2,2184,138.9,6
Maruti Polo,2011,4.67,22.57,49135,Petrol,Individual,Automatic,First,17.0,1598,54.2,5
Toyota Nexon,2007,3.39,11.98,27228,Petrol,Individual,Automatic,First,23.1,1598,186.1,5
Hyundai XUV300,2005,1.08,4.55,32632,Petrol,Dealer,Automatic,Third,20.9,1598,164.6,4
Hyundai Innova,2006,3.11,23.54,131839,Diesel,Individual,Manual,First,22.5,1396,183.5,5
Volkswagen Polo,2013,1.17,15.78,136937,Petrol,Individual,Manual,First,21.8,1396,179.0,5
Hyundai City,2017,7.72,24.82,83315,Petrol,Dealer,Automatic,First,17.0,1199,84.2,7
Honda Kwid,2021,3.63,8.6,69610,Petrol,Individual,Automatic,Second,26.2,1199,69.7,6
Hyundai Swift,2013,0.65,9.45,145548,Petrol,Individual,Manual,Second,19.3,2179,180.8,4
Tata Kwid,2008,0.51,5.28,127640,CNG,Individual,Automatic,First,14.1,2184,184.3,8
Maruti Nexon,2014,4.8,14.97,12928,Diesel,Individual,Manual,First,25.1,1598,140.0,5
Volkswagen Nexon,2019,2.76,6.58,9611,Diesel,Individual,Manual,Third,17.1,799,57.6,4
Maruti Polo,2005,2.75,17.74,116573,Petrol,Dealer,Manual,First,26.3,2184,194.6,5
Maruti Magnite,2021,5.56,9.63,60355,Diesel,Individual,Manual,First,13.7,799,129.1,6
Maruti XUV300,2010,1.19,5.33,70792,Petrol,Individual,Manual,First,17.8,998,170.2,5
Maruti Swift,2021,0.92,3.89,139035,Petrol,Individual,Manual,First,14.4,2184,129.0,5
Nissan Polo,2020,11.89,17.41,16351,Diesel,Dealer,Manual,First,15.3,1197,79.1,5
Ford Kwid,2017,1.13,4.24,90820,Petrol,Dealer,Manual,First,22.5,2993,191.6,5
Hyundai City,2013,2.75,16.63,121850,Diesel,Individual,Manual,First,27.8,2179,164.1,8
Renault Polo,2005,3.62,17.4,49458,Diesel,Individual,Manual,First,21.3,2993,151.1,5
Maruti Nexon,2007,1.77,10.98,50708,Diesel,Dealer,Manual,First,27.8,1598,137.0,5
Maruti Swift,2011,4.68,17.3,17975,Diesel,Individual,Manual,First,14.6,2993,52.8,5
Maruti Polo,2009,1.01,15.87,109194,LPG,Dealer,Manual,First,19.1,799,173.8,5
Hyundai Innova,2007,0.92,7.0,136743,Diesel,Dealer,Manual,First,18.7,1197,133.1,5
Maruti EcoSport,2016,7.7,21.54,45002,Petrol,Dealer,Manual,First,22.2,1199,117.6,6
Renault City,2013,1.19,8.63,48284,Diesel,Dealer,Automatic,First,22.8,2993,180.7,8
Maruti City,2018,4.45,13.55,130261,Diesel,Dealer,Automatic,First,25.9,1598,175.0,5
Maruti EcoSport,2010,0.67,9.79,118694,Petrol,Dealer,Manual,Second,12.2,1197,64.3,4
Toyota Swift,2006,2.92,12.26,28671,Diesel,Individual,Manual,First,17.4,998,81.9,5
Hyundai Swift,2012,2.25,11.91,17419,Diesel,Dealer,Manual,First,27.1,1199,88.0,7
Maruti Nexon,2014,1.12,8.26,107395,Petrol,Individual,Manual,Second,17.7,1197,158.5,5
Tata i20,2011,1.41,8.99,28572,Petrol,Dealer,Manual,Second,23.2,1598,79.4,6
Tata City,2018,2.92,12.19,93553,LPG,Individual,Manual,Third,21.7,1598,191.9,5
Toyota XUV300,2021,8.96,16.87,64884,Diesel,Individual,Manual,First,25.1,1197,144.6,5
Maruti XUV300,2010,2.85,19.13,24937,Petrol,Individual,Manual,Second,12.1,1199,137.1,6
Mahindra Innova,2005,3.35,17.78,43165,Petrol,Dealer,Manual,Second,18.7,998,173.7,5
Maruti i20,2021,3.43,5.59,55613,Petrol,Dealer,Automatic,First,22.7,998,168.0,5
Mahindra Kwid,2011,0.68,7.13,99702,Petrol,Dealer,Manual,First,26.4,1498,120.9,4
Renault Kwid,2017,8.09,21.94,31372,Petrol,Individual,Manual,Second,18.0,2179,116.1,7
Ford Innova,2017,3.12,16.27,89193,Diesel,Individual,Automatic,Third,13.7,1598,133.6,7
Ford Swift,2008,2.03,13.64,72507,Diesel,Dealer,Manual,First,25.0,2993,171.2,5
Maruti Kwid,2011,1.71,18.98,127366,Diesel,Individual,Manual,First,22.3,998,175.4,5
Maruti XUV300,2015,4.53,24.7,141611,Diesel,Individual,Automatic,First,12.9,1197,75.9,5
Honda City,2011,1.11,8.99,107826,Petrol,Dealer,Automatic,First,26.1,1197,182.4,5
Tata Innova,2005,1.34,9.1,46476,Diesel,Individual,Manual,First,12.5,1498,164.3,5
Tata EcoSport,2017,4.68,11.07,47299,Petrol,Individual,Manual,First,23.1,998,113.9,8
Maruti Polo,2020,13.28,22.87,52655,Petrol,Individual,Automatic,First,24.9,1498,71.2,4
Volkswagen Polo,2012,1.75,4.73,19123,Petrol,Individual,Manual,First,21.6,2179,57.0,4
Mahindra Polo,2005,3.53,15.43,31797,Petrol,Individual,Automatic,First,21.8,1997,136.6,7
Tata Nexon,2021,5.4,14.61,125725,Petrol,Dealer,Automatic,First,23.3,799,94.8,7
Honda City,2017,1.74,14.4,116301,Petrol,Individual,Manual,Third,19.8,1197,177.9,5
Toyota City,2005,2.02,12.44,88251,Petrol,Dealer,Automatic,Second,15.0,799,55.7,5
Maruti City,2011,1.25,4.24,10947,Petrol,Individual,Manual,First,22.0,1598,185.9,5
Hyundai Swift,2006,2.39,12.06,136637,Petrol,Individual,Automatic,First,21.0,2179,110.8,5
Maruti Polo,2021,7.08,13.36,74224,Diesel,Individual,Manual,First,25.1,1197,180.0,4
Mahindra Kwid,2014,3.99,18.36,24515,Petrol,Individual,Manual,First,15.7,2179,182.3,5
Hyundai Magnite,2008,2.0,10.87,128014,Diesel,Individual,Automatic,First,21.8,998,115.4,5
Hyundai Polo,2010,3.75,19.43,51553,Petrol,Individual,Manual,Second,15.4,2993,191.7,5
Maruti City,2017,5.32,13.79,59555,Diesel,Individual,Manual,First,18.5,799,83.2,5
Volkswagen Swift,2020,7.65,20.51,128182,Diesel,Individual,Automatic,First,22.9,799,86.7,5
Toyota Polo,2021,4.08,8.73,65032,Petrol,Individual,Manual,First,23.7,1598,139.5,5
Maruti Nexon,2017,3.87,15.88,112461,Diesel,Dealer,Manual,Second,15.4,799,107.2,5
Renault i20,2008,2.28,6.77,9761,Diesel,Dealer,Automatic,First,22.7,1598,72.5,4
Tata XUV300,2011,0.5,13.31,115724,Petrol,Individual,Manual,Third,15.7,1197,88.9,4
Maruti Polo,2009,0.54,7.64,44322,Petrol,Individual,Automatic,Second,19.3,1498,149.0,5
Toyota EcoSport,2016,2.65,16.39,122217,Diesel,Dealer,Manual,Second,23.8,998,153.1,4
Hyundai Innova,2017,1.52,5.03,116233,Diesel,Individual,Manual,First,22.8,1598,95.1,6
Maruti EcoSport,2014,2.35,13.95,55818,Petrol,Individual,Manual,Second,15.4,1199,84.1,5
Honda Magnite,2018,7.85,20.1,44767,Diesel,Dealer,Automatic,Fourth & Above,16.3,998,183.2,5
Ford EcoSport,2019,2.3,8.97,84303,Diesel,Individual,Manual,Second,26.6,799,103.8,5
Tata Innova,2008,3.76,23.87,89730,CNG,Dealer,Manual,First,25.1,1199,135.6,5
Hyundai Magnite,2006,2.71,18.09,88030,Petrol,Individual,Automatic,First,26.9,2179,97.1,5
Toyota City,2005,1.21,12.15,121047,Diesel,Individual,Manual,First,27.6,2993,98.0,7
Hyundai Swift,2015,2.59,20.76,108235,CNG,Individual,Manual,First,22.0,998,124.9,5
Ford City,2020,7.28,16.09,44023,Petrol,Individual,Manual,Second,16.5,2993,190.0,7
Maruti Kwid,2016,3.31,16.39,84364,Petrol,Individual,Manual,First,21.9,1498,110.6,7
Maruti Swift,2009,0.5,3.49,60486,Petrol,Individual,Manual,First,22.8,1199,65.5,7
Volkswagen Innova,2007,3.37,18.66,47915,Petrol,Individual,Manual,First,19.9,799,122.1,5
Toyota City,2005,2.81,20.95,45721,Petrol,Dealer,Manual,Third,27.7,799,159.6,4
Maruti Nexon,2015,0.79,4.52,64252,Petrol,Individual,Manual,First,17.4,2184,53.0,5
Maruti Polo,2020,12.82,19.67,20052,Petrol,Individual,Manual,First,18.5,998,66.6,5
Ford Swift,2005,1.32,4.29,6894,Petrol,Dealer,Automatic,First,20.9,799,105.0,5
Volkswagen i20,2011,1.83,8.48,38038,Petrol,Individual,Manual,First,21.4,1498,50.7,5
Hyundai EcoSport,2009,0.61,5.24,88029,Petrol,Individual,Manual,First,18.6,1498,152.6,5
Hyundai Nexon,2008,2.3,12.08,54063,Petrol,Dealer,Manual,First,19.6,1197,52.1,5
Hyundai Kwid,2011,0.67,4.38,19026,Petrol,Individual,Manual,Second,20.2,799,109.7,4
Honda Magnite,2014,1.36,4.64,76934,Petrol,Individual,Automatic,First,20.3,2184,142.7,5
Maruti Kwid,2017,8.06,20.34,13328,Petrol,Dealer,Manual,First,24.2,1197,100.7,5
Maruti Magnite,2007,1.79,11.71,121566,Petrol,Dealer,Manual,First,13.7,2179,154.4,5
Hyundai EcoSport,2020,5.17,18.49,127772,Diesel,Individual,Automatic,Second,24.8,2184,167.9,5
Hyundai Kwid,2015,2.39,6.6,23895,Petrol,Individual,Automatic,Second,12.5,1598,64.7,5
Nissan Innova,2013,3.68,13.77,20487,Petrol,Dealer,Manual,First,14.5,1997,69.9,5
Ford Polo,2013,2.73,20.38,11869,Petrol,Individual,Manual,Second,20.6,998,108.2,5
Maruti City,2011,2.66,12.32,25044,Petrol,Individual,Automatic,First,19.9,2179,120.6,8
Maruti Innova,2010,1.99,10.87,31844,Diesel,Individual,Manual,Third,21.3,2184,103.5,6
Tata EcoSport,2016,2.69,11.36,92235,Electric,Dealer,Manual,First,12.8,1997,135.6,6
Maruti Magnite,2019,4.47,12.22,17771,Petrol,Individual,Manual,Third,12.5,1498,138.2,4
Tata XUV300,2018,2.07,7.22,63595,Petrol,Individual,Manual,First,15.3,2179,131.4,5
Nissan Swift,2020,3.08,9.13,93919,Diesel,Individual,Automatic,Third,23.8,2184,107.3,8
Maruti Nexon,2017,4.67,22.83,141885,Diesel,Individual,Manual,First,20.3,1197,52.3,5
Maruti XUV300,2005,1.86,20.2,40814,LPG,Dealer,Manual,Third,26.9,2993,164.9,4
Hyundai Magnite,2016,0.64,4.9,126831,Diesel,Individual,Automatic,First,17.3,1997,133.3,5
Maruti Polo,2020,10.88,24.39,71320,Diesel,Individual,Manual,First,22.4,1997,178.6,4
Maruti Kwid,2007,3.21,13.06,15564,Petrol,Individual,Automatic,Second,13.7,2184,53.4,5
Honda Nexon,2019,1.97,3.4,13484,Petrol,Dealer,Manual,Third,19.5,799,137.9,5
Volkswagen XUV300,2011,2.49,10.38,30651,Diesel,Individual,Manual,Fourth & Above,27.4,2993,147.2,5
Maruti Innova,2013,0.57,6.75,87238,LPG,Individual,Automatic,First,13.3,1199,185.0,5
Maruti Kwid,2008,1.21,7.37,43893,Diesel,Dealer,Manual,First,17.5,1199,82.4,5
Maruti Swift,2006,2.58,19.78,72396,Petrol,Dealer,Manual,Second,21.6,2993,51.3,7
Maruti Swift,2005,1.8,17.42,125601,Petrol,Individual,Automatic,Third,19.8,1498,153.1,5
Hyundai EcoSport,2005,2.45,15.58,95045,Petrol,Individual,Automatic,First,22.3,799,176.7,5
Nissan i20,2006,4.47,20.59,14304,Diesel,Dealer,Manual,Second,15.5,799,131.4,8
Renault Magnite,2017,3.14,12.2,92052,Diesel,Individual,Manual,Third,21.4,2184,82.1,5
Hyundai i20,2006,0.86,12.7,123915,Petrol,Dealer,Manual,Third,18.9,1498,51.2,7
Maruti Magnite,2014,3.89,14.27,22718,Petrol,Dealer,Manual,First,23.4,1197,71.6,4
Volkswagen Swift,2008,3.63,17.27,9646,Petrol,Individual,Manual,First,12.2,2184,50.9,5
Maruti Polo,2010,0.5,8.22,118828,CNG,Individual,Manual,First,22.2,998,149.6,5
Mahindra XUV300,2011,2.8,14.56,76643,Diesel,Individual,Manual,Second,15.5,799,191.4,6
Maruti Magnite,2015,2.07,6.87,32209,Petrol,Individual,Manual,Fourth & Above,18.3,2179,68.1,5
Maruti City,2018,6.12,12.5,20932,Petrol,Individual,Manual,First,14.0,1197,141.5,5
Renault Magnite,2007,0.56,8.07,84782,Petrol,Individual,Manual,Third,14.6,1498,60.5,4
Maruti Kwid,2021,13.93,22.97,11630,Petrol,Dealer,Manual,Second,17.4,1396,84.6,6
Tata Magnite,2017,6.08,12.59,22198,Petrol,Individual,Automatic,First,22.7,1396,194.7,5
Honda Innova,2020,0.71,3.51,127323,Petrol,Dealer,Manual,Second,16.1,1598,198.8,5
Ford XUV300,2006,1.66,5.7,33460,Diesel,Dealer,Manual,Second,16.7,1199,137.9,5
Honda City,2011,1.24,4.85,31325,Petrol,Individual,Automatic,First,18.7,1498,176.3,5
Maruti i20,2017,1.11,3.92,76158,Petrol,Individual,Automatic,First,16.8,1199,86.3,7
Maruti i20,2009,2.13,23.53,143001,Electric,Individual,Manual,First,19.9,799,153.5,5
Maruti Kwid,2011,0.94,8.25,107261,Diesel,Individual,Automatic,First,19.2,1598,145.6,6
Maruti i20,2009,3.01,23.17,75202,Petrol,Individual,Automatic,First,25.1,2184,190.8,7
Maruti Polo,2016,3.44,12.43,97479,Petrol,Individual,Automatic,First,12.2,2179,125.4,4
Renault EcoSport,2016,1.18,11.03,115205,Diesel,Individual,Manual,Second,22.2,1997,66.7,5
Maruti Polo,2014,0.94,3.43,9861,Petrol,Individual,Automatic,First,21.1,2179,55.7,5
Volkswagen Polo,2015,2.83,16.08,149013,Petrol,Dealer,Automatic,First,15.6,998,66.1,5
Maruti XUV300,2012,1.02,11.06,91478,LPG,Dealer,Manual,Second,16.3,1197,167.2,7
Maruti Innova,2005,0.69,9.04,113886,Petrol,Individual,Manual,First,22.3,1396,82.1,5
Honda Magnite,2021,7.74,16.02,60030,Petrol,Individual,Manual,Second,21.7,1498,61.9,5
Honda Innova,2017,4.71,17.16,80948,Diesel,Individual,Manual,First,12.2,1197,191.4,6
Maruti Innova,2020,1.85,5.12,117468,Diesel,Dealer,Manual,First,12.7,799,115.4,5
Maruti Swift,2013,1.79,13.96,37470,Diesel,Individual,Manual,Second,26.6,2993,165.6,5
Toyota City,2008,1.5,9.72,71266,Petrol,Individual,Manual,Fourth & Above,18.8,998,92.2,5
Honda Innova,2014,1.46,18.83,139607,Diesel,Individual,Manual,Fourth & Above,14.2,1396,196.4,5
Hyundai Innova,2006,5.18,23.41,41534,Petrol,Individual,Automatic,First,17.7,1498,156.7,5
Honda EcoSport,2020,5.44,14.1,104468,CNG,Dealer,Automatic,First,20.2,2993,127.6,5
Ford Swift,2017,5.21,10.44,17204,Petrol,Individual,Manual,First,18.4,1396,170.4,4
Hyundai i20,2014,2.81,18.45,59740,Diesel,Dealer,Manual,Third,18.1,1997,128.4,5
Hyundai XUV300,2021,16.67,20.59,10445,Petrol,Individual,Automatic,First,20.6,1197,56.3,5
Honda City,2012,1.2,15.11,143542,Diesel,Individual,Manual,Third,18.3,2993,112.4,5
Maruti EcoSport,2018,5.24,8.91,7459,Diesel,Individual,Manual,First,21.9,2184,79.8,8
Hyundai XUV300,2010,1.12,12.04,130534,Petrol,Dealer,Automatic,Second,15.0,998,70.2,5
Renault EcoSport,2021,3.46,8.28,53581,Diesel,Individual,Manual,Fourth & Above,25.1,799,130.2,5
Maruti Innova,2011,1.58,12.65,90015,Petrol,Dealer,Manual,First,15.7,1197,190.2,4
Toyota Kwid,2017,1.14,3.0,15060,Electric,Individual,Manual,First,25.5,2179,175.6,4
Ford Innova,2020,8.33,17.93,25448,Petrol,Individual,Manual,Third,20.2,799,61.4,5
Honda EcoSport,2014,3.38,23.72,120042,Diesel,Individual,Manual,First,16.0,1498,69.1,4
Honda Swift,2017,1.73,8.86,106131,Petrol,Individual,Manual,First,13.6,1199,189.2,5
Maruti EcoSport,2016,2.52,10.36,121770,Petrol,Dealer,Manual,First,15.0,1396,79.9,5
Maruti Nexon,2019,4.85,9.69,11574,Diesel,Individual,Manual,Fourth & Above,16.2,1199,118.1,5
Volkswagen City,2015,3.31,15.46,94407,Petrol,Dealer,Manual,Second,15.6,1396,171.6,8
Honda Swift,2019,11.88,24.93,78551,Petrol,Individual,Automatic,First,25.5,1199,146.6,5
Volkswagen i20,2005,0.86,15.43,140669,CNG,Individual,Automatic,Third,13.6,1199,168.7,5
Maruti XUV300,2009,0.62,6.95,148641,Petrol,Individual,Manual,First,17.6,2993,133.3,7
Volkswagen XUV300,2017,10.91,18.96,27161,Diesel,Individual,Automatic,First,13.2,1498,176.5,5
Mahindra Swift,2015,3.43,14.66,33287,Petrol,Dealer,Manual,Fourth & Above,17.0,2993,151.1,5
Maruti Innova,2005,1.37,10.14,103447,Petrol,Individual,Manual,Second,16.7,1396,168.2,6
Maruti XUV300,2021,5.26,7.15,44846,Diesel,Individual,Manual,First,20.1,998,170.8,6
Maruti XUV300,2017,9.22,20.12,32690,Diesel,Individual,Manual,First,14.9,2179,136.7,5
Hyundai Innova,2011,4.04,23.07,26996,Petrol,Individual,Automatic,Fourth & Above,15.8,2993,145.1,5
Maruti Nexon,2020,4.81,11.71,108170,Diesel,Dealer,Manual,First,15.7,1396,58.1,5
Maruti Polo,2021,0.5,4.3,125454,Petrol,Dealer,Manual,First,20.4,1598,188.7,5
Renault EcoSport,2020,7.83,12.51,62732,Diesel,Dealer,Automatic,First,16.8,1498,158.8,5
Maruti Polo,2006,2.45,18.71,81054,LPG,Dealer,Manual,First,14.2,1199,168.9,7
Hyundai Magnite,2021,6.89,24.78,133404,Petrol,Individual,Manual,First,23.4,1199,92.4,6
Maruti EcoSport,2012,0.61,5.66,7016,Petrol,Individual,Automatic,Fourth & Above,26.1,2179,106.0,5
Maruti City,2019,1.04,3.12,129724,Petrol,Individual,Manual,First,14.9,2993,135.8,5
Maruti Nexon,2012,2.9,14.37,93815,Electric,Individual,Automatic,First,12.4,799,93.2,5
Maruti Swift,2021,5.6,7.81,62865,Diesel,Dealer,Manual,First,19.9,1598,174.8,5
Hyundai i20,2009,1.1,10.86,122718,LPG,Dealer,Manual,First,12.3,2993,145.1,6
Maruti Nexon,2016,1.05,6.51,111683,Petrol,Dealer,Manual,First,27.3,799,191.9,6
Honda i20,2009,5.7,21.19,16881,Diesel,Individual,Automatic,First,23.1,1396,149.2,6
Tata Swift,2019,2.83,11.85,109512,Petrol,Dealer,Manual,Second,23.9,2184,73.5,8
Hyundai City,2013,1.25,3.31,14745,Petrol,Dealer,Manual,First,24.3,2184,116.9,5
Maruti Magnite,2014,2.91,8.32,19988,CNG,Individual,Automatic,First,19.8,2179,166.1,6
Hyundai Magnite,2011,2.48,19.22,30968,Petrol,Individual,Manual,Fourth & Above,25.6,1396,153.2,7
Hyundai City,2020,7.26,23.19,132874,Diesel,Individual,Manual,First,27.9,1997,73.7,5
Maruti Nexon,2014,2.18,7.38,57482,CNG,Individual,Automatic,Second,15.1,1997,98.2,5
Volkswagen Swift,2011,1.59,10.0,33000,Petrol,Dealer,Manual,First,21.0,2184,185.3,7
Renault Polo,2013,0.53,8.61,137994,Petrol,Dealer,Automatic,First,15.5,1498,167.4,5
Maruti EcoSport,2008,2.32,15.76,113957,Diesel,Individual,Manual,Second,13.2,1199,53.1,8
Hyundai City,2005,1.98,21.38,112042,Petrol,Dealer,Automatic,First,20.8,1997,128.4,5
Maruti Innova,2015,3.41,23.06,115733,Petrol,Dealer,Manual,First,20.9,998,82.7,5
Hyundai Magnite,2017,4.86,13.54,42170,Petrol,Dealer,Automatic,Second,19.4,998,166.9,5
Honda Magnite,2010,0.5,5.88,55955,Petrol,Individual,Manual,Second,18.9,1598,126.5,5
Hyundai XUV300,2010,0.5,3.73,92211,Petrol,Individual,Manual,First,22.7,2179,189.9,5
Ford Innova,2010,0.83,8.93,26309,Electric,Dealer,Manual,Third,14.4,1598,192.1,7
Maruti Nexon,2010,3.69,19.62,21738,Petrol,Individual,Manual,First,22.9,1598,119.7,5
Hyundai Magnite,2017,1.69,4.15,107449,Diesel,Dealer,Manual,First,12.3,2179,164.4,5
Maruti Kwid,2010,2.67,22.12,71555,Diesel,Individual,Automatic,Second,15.2,1199,120.0,5
Maruti Innova,2015,1.96,8.71,27007,Diesel,Dealer,Automatic,Fourth & Above,23.1,2179,119.1,5
Hyundai Magnite,2020,13.92,24.88,29220,Diesel,Individual,Manual,Second,22.6,1997,87.4,6
Maruti Swift,2020,3.07,8.39,109533,Petrol,Individual,Automatic,First,25.2,799,172.3,4
Honda Kwid,2011,3.92,22.89,49788,Diesel,Individual,Automatic,Third,19.7,1598,73.2,6
Volkswagen Nexon,2013,3.4,17.16,45484,Petrol,Individual,Manual,First,20.3,1197,137.0,5
Maruti Nexon,2015,2.86,18.85,111960,Diesel,Individual,Automatic,First,23.4,2184,91.8,5
Maruti XUV300,2020,12.86,20.47,41744,Petrol,Individual,Automatic,First,19.6,1396,189.5,5
Nissan Kwid,2020,4.2,15.76,147303,Petrol,Individual,Manual,Second,19.2,998,89.6,7
Maruti EcoSport,2021,7.06,16.31,73860,Diesel,Dealer,Manual,Second,23.0,1199,173.5,5
Maruti Nexon,2019,4.59,20.31,111968,Diesel,Individual,Automatic,Third,12.9,1997,175.6,4
Maruti i20,2006,3.14,15.52,28645,Diesel,Dealer,Manual,First,17.6,2184,158.5,6
Volkswagen City,2017,5.72,20.31,61965,Diesel,Dealer,Manual,Second,21.6,998,162.4,5
Hyundai EcoSport,2008,1.65,15.75,145710,Petrol,Individual,Automatic,First,17.2,1598,117.6,5
Hyundai Polo,2021,7.57,21.87,121196,Petrol,Individual,Automatic,First,26.6,2993,121.5,7
Ford Kwid,2015,4.77,18.48,50520,CNG,Dealer,Manual,First,12.1,1498,114.4,8
Honda XUV300,2011,3.59,23.0,34583,CNG,Individual,Manual,Second,12.1,799,196.3,5
Ford XUV300,2010,2.3,23.28,105459,Petrol,Dealer,Manual,First,13.9,1197,53.8,5
Mahindra Innova,2009,2.46,13.25,38043,Petrol,Individual,Manual,Second,20.4,799,130.5,6
Toyota Polo,2017,5.65,19.34,73578,Diesel,Individual,Automatic,Second,16.9,1498,69.4,5
Honda Nexon,2007,1.35,8.7,50313,Diesel,Individual,Manual,First,12.5,1498,157.4,5
Maruti Innova,2016,4.0,21.63,138997,LPG,Individual,Manual,First,16.3,998,195.8,5
Nissan Kwid,2019,6.34,8.75,6128,Diesel,Individual,Manual,First,16.6,2993,143.8,5
Mahindra EcoSport,2012,0.94,3.23,81289,Petrol,Individual,Automatic,First,25.1,1997,175.6,4
Honda Nexon,2013,1.49,12.68,68528,Petrol,Dealer,Manual,Second,21.1,1997,96.1,5
Mahindra i20,2008,2.62,13.57,15534,Petrol,Dealer,Manual,Second,18.7,1498,84.8,7
Tata Innova,2011,4.86,21.22,20954,Petrol,Individual,Manual,First,17.5,1997,118.6,5
Maruti City,2019,8.39,19.78,59649,Petrol,Individual,Manual,First,20.6,799,106.4,5
Hyundai City,2019,6.22,22.24,125926,Petrol,Dealer,Manual,First,22.9,1199,84.0,7
Maruti City,2015,2.19,6.79,55547,Diesel,Individual,Automatic,Second,22.3,1997,121.7,5
Tata XUV300,2011,4.04,15.55,22878,Diesel,Individual,Manual,Second,16.7,2184,158.8,8
Volkswagen Swift,2016,3.1,11.35,99791,Diesel,Individual,Automatic,First,24.4,998,112.9,4
Hyundai Magnite,2016,3.72,10.4,26662,Petrol,Individual,Manual,Second,26.9,1396,87.9,4
Maruti XUV300,2018,6.5,22.21,79474,Petrol,Dealer,Manual,Second,26.8,1199,56.3,5
Hyundai Magnite,2016,3.72,12.93,23394,Petrol,Individual,Manual,Third,19.7,1199,57.3,5
Nissan Nexon,2021,6.64,19.47,134240,Diesel,Dealer,Automatic,Second,12.9,1498,182.5,5
Hyundai EcoSport,2007,3.76,20.22,9123,Petrol,Dealer,Automatic,Second,16.5,1498,61.6,6
Mahindra Swift,2012,1.39,14.71,146025,Diesel,Dealer,Automatic,First,24.8,799,168.0,8
Maruti Swift,2019,4.56,15.12,122213,Diesel,Dealer,Manual,First,14.4,2179,87.5,5
Maruti Kwid,2008,3.46,22.91,74918,Petrol,Individual,Manual,First,25.1,2179,60.9,6
Hyundai Polo,2010,5.19,16.94,23909,Diesel,Dealer,Automatic,First,17.3,2184,172.8,5
Hyundai Swift,2010,4.15,14.07,11414,Petrol,Individual,Manual,First,15.9,1197,166.5,6
Toyota Polo,2013,1.33,10.62,103318,Petrol,Dealer,Automatic,Third,26.3,1396,124.6,6
Tata City,2013,1.89,11.8,70687,Diesel,Dealer,Automatic,Second,18.4,799,195.9,5
Maruti Polo,2015,5.98,16.42,21040,Diesel,Individual,Manual,First,27.0,1199,133.1,5
Hyundai Nexon,2010,2.32,13.55,51281,Petrol,Individual,Automatic,First,25.4,998,106.5,5
Mahindra Kwid,2018,2.87,13.38,133909,Diesel,Dealer,Manual,First,25.2,2184,163.9,7
Toyota Kwid,2019,10.77,24.86,92185,Diesel,Dealer,Automatic,First,16.6,1498,105.5,4
Hyundai EcoSport,2018,1.46,3.45,102095,CNG,Dealer,Manual,First,17.8,1598,57.8,5
Toyota City,2021,5.04,10.19,56986,Petrol,Dealer,Manual,Second,24.3,2993,62.4,5
Maruti XUV300,2014,3.95,20.92,40481,Petrol,Dealer,Automatic,Second,23.4,2993,75.0,5
Maruti Swift,2008,0.78,3.58,108912,Petrol,Individual,Manual,First,20.2,1997,88.0,6
Maruti Kwid,2019,4.43,17.23,141772,Diesel,Individual,Automatic,Second,20.5,1498,198.8,4
Tata EcoSport,2010,3.77,19.46,26797,Diesel,Dealer,Manual,Second,17.4,2179,63.5,5
Hyundai Polo,2016,1.72,16.47,102904,Diesel,Individual,Manual,Fourth & Above,25.8,1498,81.7,5
Maruti Nexon,2008,2.85,14.22,113570,Diesel,Dealer,Manual,First,12.1,2184,191.1,5
Nissan Innova,2013,1.36,14.97,125591,Petrol,Dealer,Manual,First,15.6,1997,185.1,8
Nissan Kwid,2006,2.04,15.18,94001,Petrol,Dealer,Manual,Third,19.7,1199,143.9,5
Maruti Polo,2017,6.39,18.4,49763,Petrol,Individual,Manual,First,15.4,2179,149.2,7
Honda Polo,2019,5.09,9.74,39404,Diesel,Individual,Manual,First,26.6,998,75.9,5
Maruti XUV300,2020,2.79,3.52,6286,Diesel,Individual,Manual,First,20.4,1396,95.7,5
Renault Kwid,2008,1.32,8.84,139464,Petrol,Individual,Manual,First,16.7,1498,183.7,6
Nissan EcoSport,2006,2.23,10.97,8657,Diesel,Individual,Manual,Third,18.9,2184,91.2,6
Ford i20,2020,5.19,15.96,123728,Diesel,Dealer,Manual,First,19.4,2179,82.3,5
Maruti XUV300,2011,1.55,12.62,101190,Diesel,Dealer,Manual,First,27.3,1598,71.5,7
Maruti i20,2014,0.5,5.82,131298,Petrol,Individual,Automatic,Fourth & Above,19.6,2179,69.9,4
Maruti Swift,2011,0.74,4.43,53786,Diesel,Individual,Manual,First,20.9,2993,162.5,5
Hyundai Kwid,2008,1.87,15.73,74407,CNG,Dealer,Manual,Fourth & Above,16.3,1997,109.2,5
Hyundai Swift,2008,2.18,15.16,45324,Diesel,Dealer,Automatic,Third,19.7,1997,123.0,5
Ford Magnite,2012,0.5,4.74,95450,Petrol,Individual,Manual,First,16.2,2184,140.9,5
Toyota Swift,2021,8.47,17.22,72156,Diesel,Dealer,Manual,Second,15.6,1197,89.1,5
Maruti City,2020,0.89,3.13,90180,Diesel,Individual,Manual,Fourth & Above,20.0,1197,97.6,5
Toyota Magnite,2018,2.14,8.11,99266,Diesel,Dealer,Automatic,First,25.1,2993,150.7,5
Maruti EcoSport,2021,6.45,17.19,94157,Petrol,Individual,Manual,Second,13.0,1197,105.9,6
Honda EcoSport,2015,3.79,19.67,84637,Petrol,Individual,Manual,First,23.6,1199,150.0,5
Volkswagen Magnite,2010,3.44,14.16,21442,Petrol,Dealer,Automatic,First,13.0,1396,88.3,5
Nissan Nexon,2018,2.99,11.76,120123,Petrol,Individual,Automatic,First,20.8,1498,178.3,5
Hyundai EcoSport,2015,5.77,20.46,54855,Petrol,Dealer,Automatic,First,20.9,1498,192.4,5
Maruti Swift,2014,0.5,4.89,111924,Diesel,Individual,Manual,Second,28.0,1598,92.1,7
Hyundai Polo,2018,5.2,23.51,109946,Petrol,Individual,Manual,First,21.5,1197,58.3,5
Volkswagen Magnite,2017,1.97,5.02,64314,Petrol,Individual,Manual,First,15.5,1197,193.4,6
Volkswagen Innova,2010,3.26,9.6,16094,Petrol,Individual,Manual,First,22.4,1997,94.1,5
Honda i20,2014,2.52,13.89,137145,Diesel,Individual,Automatic,Second,12.2,1199,82.2,6
Tata Innova,2007,0.92,7.6,30727,Petrol,Dealer,Automatic,First,12.4,2184,86.4,5
Nissan Swift,2006,1.86,17.96,126649,Petrol,Individual,Automatic,First,16.2,2179,78.1,4
Tata i20,2017,3.53,14.52,94363,Diesel,Individual,Manual,First,26.6,1498,148.6,5
Hyundai Polo,2015,0.5,8.43,115551,CNG,Dealer,Automatic,Third,17.1,2184,87.9,6
Hyundai XUV300,2008,1.18,5.88,64577,Diesel,Individual,Manual,Second,25.6,1199,139.5,6
Ford City,2019,3.16,14.39,140162,Petrol,Dealer,Manual,First,12.8,2184,146.2,7
Hyundai Polo,2019,8.76,13.26,28798,Petrol,Dealer,Automatic,First,26.3,1598,56.3,7
Hyundai EcoSport,2006,5.24,21.53,11734,Petrol,Individual,Manual,First,12.0,2184,159.2,6
Maruti Innova,2016,2.91,20.06,119362,Diesel,Dealer,Manual,Third,19.4,2179,56.0,5
Hyundai XUV300,2005,0.98,3.51,88420,Petrol,Individual,Manual,First,19.2,799,190.6,5
Maruti Polo,2019,1.73,3.73,90745,Petrol,Dealer,Manual,First,20.8,1396,186.7,5
Maruti Innova,2006,3.11,11.98,61006,Petrol,Individual,Automatic,First,18.1,2179,107.1,5
Maruti Nexon,2012,2.29,18.15,102158,Diesel,Dealer,Manual,First,17.0,1199,138.3,4
Maruti Innova,2018,0.5,4.58,110879,Diesel,Dealer,Automatic,First,24.6,1197,53.6,7
Tata City,2009,2.53,12.32,76979,Diesel,Individual,Manual,Second,19.0,1199,193.5,5
Honda City,2015,2.61,18.89,113421,Diesel,Individual,Manual,First,25.9,2993,98.6,5
Maruti Magnite,2014,2.71,20.29,132813,CNG,Dealer,Automatic,First,22.7,998,74.0,4
Volkswagen Kwid,2020,6.28,16.41,58294,Petrol,Individual,Manual,Third,14.9,1199,150.8,5
Ford XUV300,2010,2.48,14.75,29276,Petrol,Individual,Manual,Second,15.4,2184,134.3,5
Hyundai Polo,2020,4.78,17.13,111734,Petrol,Dealer,Manual,First,18.1,1997,198.5,4
Honda Magnite,2016,3.73,10.74,46091,Diesel,Dealer,Manual,Second,17.2,998,95.3,5
Honda EcoSport,2005,2.29,19.62,125388,CNG,Individual,Manual,First,18.1,1396,77.1,4
Maruti Swift,2021,2.32,4.15,13573,Petrol,Dealer,Manual,Second,26.6,1997,90.7,5
Tata Polo,2019,5.44,11.67,62520,Diesel,Individual,Manual,First,19.4,2993,131.6,5
Honda City,2017,7.71,20.01,36786,LPG,Dealer,Manual,First,27.5,2179,184.6,7
Maruti EcoSport,2005,0.86,11.05,144770,Diesel,Dealer,Manual,First,21.8,1598,87.6,5
Honda Nexon,2019,5.35,19.7,130611,Diesel,Dealer,Automatic,First,12.7,1197,164.8,4
Maruti Innova,2010,4.38,16.94,9383,Petrol,Individual,Manual,First,23.3,1498,185.7,5
Maruti Kwid,2013,1.02,5.9,37309,Petrol,Individual,Manual,First,13.9,1199,94.3,7
Nissan EcoSport,2012,1.81,14.2,121751,Petrol,Dealer,Automatic,Second,22.6,1396,146.0,6
Maruti Swift,2018,3.1,4.5,32426,Petrol,Individual,Automatic,First,20.0,2184,96.9,5
Tata Magnite,2014,2.02,6.74,43805,Diesel,Individual,Manual,First,19.0,2179,76.6,7
Volkswagen Nexon,2019,9.75,20.2,60398,Diesel,Individual,Automatic,First,24.1,1498,162.9,7
Maruti Swift,2021,11.09,23.28,23383,Petrol,Individual,Manual,Third,19.2,1197,120.0,5
Ford i20,2005,1.28,13.59,102507,Diesel,Individual,Automatic,First,21.8,2184,147.9,5
Volkswagen Innova,2019,8.03,19.13,25860,Petrol,Dealer,Manual,Third,18.7,1199,177.1,5
Tata Magnite,2008,0.69,5.19,48085,Petrol,Individual,Manual,Third,18.0,2184,93.6,5
Ford Swift,2018,2.63,12.82,115853,Diesel,Dealer,Manual,Second,12.1,1396,117.3,5
Nissan Swift,2019,7.65,12.38,20791,Diesel,Individual,Manual,First,15.6,1197,145.0,5
Toyota Nexon,2007,3.64,11.65,40249,Petrol,Individual,Manual,First,27.8,1199,104.6,5
Maruti Nexon,2013,0.95,9.14,64486,Petrol,Dealer,Manual,First,25.7,2184,174.5,5
Volkswagen Magnite,2017,5.7,24.74,105965,Diesel,Dealer,Manual,First,13.1,1997,74.8,5
Ford Magnite,2020,0.79,6.01,138451,LPG,Individual,Manual,First,23.2,799,182.7,5
Maruti Polo,2018,9.73,23.88,82734,Diesel,Dealer,Automatic,First,18.4,1197,106.3,5
Toyota i20,2005,2.37,11.09,21829,Petrol,Individual,Manual,Second,27.5,1199,67.9,6
Hyundai City,2014,3.39,22.94,108153,Petrol,Individual,Manual,First,13.6,2184,122.2,5
Renault Polo,2021,4.9,15.46,84030,Diesel,Individual,Manual,Second,21.0,998,100.6,5
Maruti EcoSport,2013,1.09,8.58,80577,Petrol,Dealer,Manual,First,21.5,1598,65.0,6
Maruti Nexon,2007,4.1,22.9,21312,CNG,Individual,Manual,First,20.0,2184,184.2,6
Honda Innova,2018,0.96,3.98,81067,Petrol,Individual,Automatic,First,19.7,1396,180.9,6
Maruti Nexon,2020,2.09,5.84,77392,CNG,Individual,Manual,Second,17.6,1498,69.3,4
Tata Magnite,2009,1.65,20.58,71775,CNG,Dealer,Manual,Second,16.7,799,91.1,4
Hyundai i20,2012,4.01,23.04,43135,Diesel,Dealer,Manual,Second,22.0,2184,110.1,8
Volkswagen XUV300,2015,6.42,22.5,39889,Petrol,Dealer,Manual,First,25.0,2184,107.2,5
Maruti EcoSport,2013,1.49,9.57,85107,Petrol,Individual,Automatic,First,12.7,1498,136.1,6
Toyota Swift,2017,2.61,6.18,9352,Electric,Dealer,Manual,First,13.9,1197,130.1,5
Hyundai Innova,2010,0.5,4.29,83872,Petrol,Individual,Automatic,First,16.6,1997,189.2,5
Maruti City,2015,5.01,24.34,88796,Petrol,Individual,Manual,First,14.4,998,107.3,5
Maruti City,2021,6.81,14.81,80937,Petrol,Dealer,Manual,First,23.1,1396,96.7,5
Tata City,2014,0.5,3.41,141126,Petrol,Individual,Manual,First,14.1,1598,81.3,5
Toyota i20,2017,2.29,9.44,33570,Diesel,Individual,Manual,Fourth & Above,12.6,1396,50.8,4
Maruti Swift,2008,0.7,3.81,73340,Petrol,Dealer,Manual,Second,25.4,1498,191.6,5
Hyundai City,2021,6.94,18.55,110626,Petrol,Dealer,Manual,First,15.8,1197,198.0,5
Maruti EcoSport,2016,1.88,7.82,77204,Diesel,Individual,Automatic,Second,25.9,799,160.9,5
Tata Innova,2018,3.69,19.12,147138,Petrol,Individual,Manual,First,14.1,1199,167.0,5
Maruti XUV300,2008,1.18,15.71,76442,Petrol,Individual,Automatic,Fourth & Above,16.8,1199,86.1,5
Ford Innova,2020,4.59,12.46,109922,Petrol,Individual,Automatic,First,17.4,1598,86.5,7
Maruti i20,2014,5.4,24.98,82661,Petrol,Individual,Automatic,First,14.8,1997,142.4,5
Hyundai City,2019,3.85,20.91,144741,CNG,Individual,Manual,First,27.3,1199,134.5,5
Hyundai Polo,2005,0.5,3.33,96005,Petrol,Individual,Automatic,Second,24.6,998,155.2,6
Hyundai Kwid,2016,0.5,6.4,140008,Petrol,Individual,Automatic,First,15.5,1199,50.0,6
Maruti Swift,2008,2.89,12.72,39593,Diesel,Dealer,Manual,First,24.7,1396,94.4,4
Maruti XUV300,2015,4.13,24.45,91796,Petrol,Individual,Automatic,Fourth & Above,23.7,1396,65.3,5
Tata EcoSport,2020,7.17,16.55,83609,Electric,Individual,Automatic,First,25.5,1498,84.6,4
Maruti City,2021,7.01,20.94,136590,Petrol,Dealer,Automatic,First,23.3,2184,122.7,4
Maruti Swift,2011,1.0,6.81,101171,Petrol,Dealer,Manual,First,13.9,1396,174.8,6
Hyundai i20,2016,8.73,24.29,38434,Petrol,Dealer,Manual,First,26.0,1997,88.7,6
Maruti i20,2008,3.55,21.51,42739,Petrol,Dealer,Manual,Second,22.6,1598,50.6,5
Honda Polo,2007,0.94,6.85,15246,Petrol,Dealer,Manual,Second,23.3,1498,196.6,4
Tata Nexon,2011,3.27,17.96,84552,Diesel,Individual,Automatic,First,25.9,1396,168.7,5
Maruti Kwid,2015,5.25,23.02,20489,Petrol,Individual,Manual,Third,27.6,2993,126.5,5
Maruti Polo,2007,1.71,8.56,11304,Petrol,Individual,Manual,Third,20.7,1197,162.9,5
Hyundai City,2018,0.55,5.1,126315,Electric,Individual,Manual,First,22.3,1197,147.6,6
Ford Nexon,2018,9.44,20.84,27880,Petrol,Dealer,Manual,First,15.3,1197,147.0,7
Nissan Polo,2011,0.74,10.11,127668,Petrol,Dealer,Automatic,First,26.0,1997,149.3,5
Toyota Polo,2014,4.63,15.9,24728,Petrol,Dealer,Manual,First,22.0,1396,116.1,5
Ford Magnite,2007,2.58,16.56,109472,Petrol,Individual,Manual,First,13.9,998,196.9,6
Maruti i20,2008,2.21,21.69,122545,Petrol,Dealer,Automatic,First,25.1,2179,85.5,5
Tata Innova,2015,2.8,12.98,127080,LPG,Dealer,Automatic,First,27.8,1396,81.0,6
Honda Kwid,2014,1.68,8.11,120936,Petrol,Dealer,Automatic,Second,13.6,1197,65.1,5
Maruti City,2009,1.2,6.44,38087,Petrol,Dealer,Manual,First,19.8,1598,60.9,6
Maruti i20,2011,2.23,20.22,92409,Diesel,Individual,Manual,First,21.8,1498,163.0,5
Tata XUV300,2020,5.73,21.43,136130,Diesel,Dealer,Manual,First,13.7,1199,177.0,5
Honda EcoSport,2021,4.6,21.11,138148,Diesel,Individual,Manual,Third,15.0,1498,191.2,5
Volkswagen EcoSport,2017,8.58,17.95,20015,Diesel,Dealer,Automatic,First,12.2,2179,137.2,5
Maruti Nexon,2007,2.35,14.47,29119,Diesel,Individual,Manual,Second,13.6,2179,99.6,5
Maruti Swift,2020,4.55,10.38,76152,Petrol,Individual,Manual,First,14.8,1396,81.8,5
Nissan Polo,2021,5.32,19.77,121003,Petrol,Dealer,Automatic,Third,13.4,1997,55.0,5
Ford Swift,2020,4.67,10.1,64757,LPG,Dealer,Automatic,Second,15.9,1197,65.0,6
Hyundai Swift,2014,3.11,10.99,10397,CNG,Dealer,Automatic,Second,17.3,1997,182.7,6
Honda i20,2019,6.49,19.03,88443,Petrol,Dealer,Automatic,Second,16.7,1498,107.0,7
Hyundai EcoSport,2014,2.0,7.62,25343,Diesel,Individual,Manual,First,18.1,1997,96.8,5
Nissan Innova,2013,2.24,12.3,8449,Diesel,Individual,Manual,First,22.9,1396,112.9,5
Maruti i20,2012,5.61,24.33,20873,Petrol,Individual,Manual,First,21.3,1598,186.8,5
Mahindra Swift,2011,2.06,18.15,119688,Petrol,Individual,Automatic,First,22.6,1396,176.9,7
Tata i20,2005,0.8,6.43,139363,Petrol,Dealer,Automatic,Third,15.6,2179,99.1,5
Ford Kwid,2012,5.07,20.23,20624,Diesel,Dealer,Automatic,First,16.5,1997,193.2,6
Renault Innova,2021,2.57,6.64,143232,Diesel,Dealer,Automatic,First,26.4,1598,162.2,4
Hyundai Swift,2005,1.24,12.93,91675,Diesel,Individual,Automatic,First,23.8,2179,174.1,5
Honda Swift,2009,2.93,14.78,66217,Petrol,Individual,Manual,First,20.6,1197,56.5,5
Maruti i20,2021,1.88,5.22,129202,Diesel,Individual,Manual,First,23.2,1396,72.6,5
Toyota Swift,2014,1.07,13.09,143966,Petrol,Individual,Automatic,First,26.2,2184,52.3,5
Nissan Polo,2009,1.44,21.32,134401,Petrol,Dealer,Manual,First,21.2,1396,154.2,5
Tata Polo,2016,7.67,20.97,26818,Petrol,Dealer,Manual,First,16.6,2993,164.3,8
Maruti Polo,2005,1.56,6.01,66526,Diesel,Individual,Manual,First,22.9,1199,110.1,5
Maruti XUV300,2019,6.66,20.5,103837,Petrol,Dealer,Manual,First,21.1,998,59.6,5
Maruti i20,2006,1.09,5.95,69054,CNG,Dealer,Manual,Second,20.2,2993,171.0,4
Maruti i20,2020,11.65,24.61,77618,LPG,Dealer,Automatic,First,27.8,2179,94.5,5
Maruti City,2009,1.96,9.0,41523,Petrol,Dealer,Manual,First,15.1,2179,100.0,5
Hyundai Innova,2017,8.34,17.56,28550,Diesel,Dealer,Automatic,Second,21.9,1498,88.5,5
Honda Innova,2012,1.72,12.19,130332,Petrol,Individual,Manual,First,22.9,2179,167.8,5
Ford Polo,2005,3.6,22.85,16957,Petrol,Individual,Manual,Fourth & Above,25.0,1997,68.3,5
Hyundai City,2009,0.56,4.88,108166,Diesel,Individual,Manual,First,15.3,1997,130.1,5
Maruti City,2014,1.75,11.6,35609,Petrol,Dealer,Manual,First,20.8,799,91.6,5
Volkswagen XUV300,2021,9.8,16.17,47771,Diesel,Individual,Manual,First,16.2,2179,155.9,8
Hyundai Swift,2011,4.22,22.23,59715,Diesel,Individual,Automatic,First,17.0,1498,56.0,5
Maruti Magnite,2015,2.73,15.38,91755,Petrol,Dealer,Manual,Second,16.5,1396,162.0,5
Toyota XUV300,2018,0.98,10.6,134022,Diesel,Dealer,Manual,Third,21.3,2179,57.2,4
Hyundai City,2018,4.61,22.27,143876,Diesel,Individual,Manual,Second,24.1,2184,122.6,5
Honda Polo,2009,2.67,21.99,104969,Diesel,Dealer,Automatic,Second,15.9,1197,162.2,5
Renault Polo,2018,2.54,7.71,50013,Diesel,Individual,Automatic,Second,21.8,1199,108.5,5
Ford Magnite,2012,0.5,4.01,73625,Diesel,Individual,Manual,First,21.8,1498,97.5,5
Mahindra City,2021,7.09,14.55,20231,Petrol,Individual,Manual,Third,26.5,2179,126.1,6
Maruti Swift,2014,0.95,9.73,115282,Petrol,Individual,Manual,Fourth & Above,26.9,1197,85.0,5
Toyota Polo,2018,5.58,13.73,45880,Diesel,Dealer,Manual,Second,14.8,799,66.6,6
Volkswagen City,2009,2.56,17.45,145432,Diesel,Individual,Manual,First,17.8,1199,143.1,5
Hyundai Innova,2005,1.3,9.8,122886,Petrol,Individual,Manual,First,18.0,2993,79.0,5
Ford Nexon,2019,7.89,16.81,34379,Petrol,Dealer,Manual,Second,18.9,998,103.9,5
Renault Swift,2017,10.03,23.95,31240,Petrol,Dealer,Manual,First,18.9,799,154.4,4
Volkswagen Nexon,2010,0.97,5.39,63650,Diesel,Dealer,Manual,First,12.9,1396,199.4,5
Maruti Magnite,2020,3.76,6.18,40539,Diesel,Individual,Manual,First,24.7,1199,66.6,5
Maruti Polo,2017,5.74,12.19,29642,Petrol,Individual,Automatic,First,20.4,799,135.7,5
Maruti Swift,2011,2.63,22.45,39571,Petrol,Dealer,Manual,Third,20.4,1498,81.2,6
Honda Swift,2012,3.31,21.77,95388,Diesel,Individual,Automatic,First,13.0,2179,105.7,4
Honda Swift,2019,4.82,9.66,61143,Diesel,Individual,Manual,First,13.8,2184,90.2,4
Ford City,2021,11.46,17.52,43345,Petrol,Individual,Manual,First,18.8,799,181.1,7
Volkswagen XUV300,2020,8.95,24.29,127377,Diesel,Dealer,Automatic,First,20.5,1498,126.0,7
Maruti EcoSport,2006,0.58,8.47,95155,Petrol,Individual,Manual,Second,24.8,2179,182.2,6
Maruti XUV300,2009,0.56,4.25,99633,Petrol,Individual,Automatic,Second,22.9,2179,174.4,5
Honda XUV300,2017,5.42,12.78,20839,Diesel,Dealer,Manual,Second,27.6,2184,135.5,5
Maruti EcoSport,2018,1.46,6.0,114398,Petrol,Individual,Manual,First,20.1,1498,180.2,5
Honda Polo,2005,2.1,16.92,139403,Petrol,Individual,Manual,First,13.5,1997,177.6,4
Maruti Innova,2016,3.84,20.13,104341,Petrol,Dealer,Automatic,Second,25.9,2184,56.5,8
Maruti Innova,2014,2.29,7.27,19781,Diesel,Individual,Automatic,First,14.9,1396,177.0,5
Ford Nexon,2020,5.61,9.08,48199,Diesel,Individual,Automatic,First,22.1,2993,50.5,4
Maruti i20,2005,1.7,17.95,130812,Petrol,Individual,Manual,First,22.8,1396,116.6,5
Honda XUV300,2012,3.09,12.37,15686,Petrol,Individual,Manual,Second,14.4,1997,199.8,5
Maruti Nexon,2008,2.92,15.7,46150,Petrol,Individual,Automatic,First,24.4,1498,134.1,7
Tata XUV300,2008,2.33,8.98,39094,Diesel,Individual,Automatic,Third,16.4,1197,178.4,7
Maruti City,2010,1.91,11.83,48739,Petrol,Individual,Automatic,Second,14.0,998,74.6,4
Maruti i20,2019,3.65,11.25,41668,Diesel,Dealer,Automatic,Fourth & Above,14.8,799,56.8,5
Maruti Swift,2020,11.93,19.03,25195,Petrol,Individual,Automatic,First,22.5,2184,153.9,7
Maruti i20,2016,2.34,7.45,8143,Diesel,Individual,Manual,Fourth & Above,27.0,1197,182.8,4
Renault Swift,2010,1.08,11.4,109957,Diesel,Individual,Manual,First,18.0,799,188.7,6
Maruti Polo,2014,1.09,14.66,101307,Diesel,Individual,Manual,Second,15.3,799,97.8,4
Hyundai i20,2014,3.4,18.24,71013,Diesel,Individual,Automatic,Second,16.6,1498,163.6,5
Maruti Polo,2013,0.5,5.46,53281,CNG,Dealer,Manual,First,18.3,2993,95.9,5
Hyundai Polo,2005,3.66,21.7,88187,LPG,Dealer,Automatic,First,21.3,1199,133.3,6
Honda Nexon,2018,12.85,21.82,14754,Petrol,Dealer,Automatic,First,19.4,1199,79.9,7
Ford EcoSport,2012,0.88,5.61,91728,Petrol,Dealer,Manual,Second,13.8,1598,177.5,5
Maruti i20,2012,2.64,17.23,81944,Diesel,Individual,Automatic,First,13.6,799,109.8,5
Hyundai Swift,2011,2.62,19.03,68815,Electric,Individual,Automatic,Third,25.4,1598,102.0,4
Maruti XUV300,2006,3.41,18.77,41894,Petrol,Individual,Manual,First,27.8,998,99.0,5
Honda Magnite,2007,2.09,9.98,77265,Diesel,Dealer,Automatic,First,17.6,2179,143.2,5
Tata XUV300,2019,2.31,9.41,137053,Petrol,Individual,Automatic,Second,13.0,2179,83.0,8
Toyota Magnite,2014,3.92,14.37,39103,Diesel,Individual,Manual,First,23.3,998,119.6,4
Ford EcoSport,2008,0.5,8.01,123105,Petrol,Dealer,Manual,Third,21.1,2179,92.1,5
Renault Magnite,2008,0.62,10.24,123181,Petrol,Dealer,Manual,Fourth & Above,14.9,1598,147.8,4
Maruti Kwid,2010,0.67,4.22,117647,Electric,Individual,Manual,First,15.2,1199,125.3,7
Maruti EcoSport,2021,0.83,3.45,99328,Diesel,Dealer,Automatic,First,15.7,2184,107.2,5
Honda Polo,2012,1.91,16.82,38500,Petrol,Individual,Manual,Third,15.7,2179,184.9,8
Honda EcoSport,2021,2.93,4.84,48025,Diesel,Dealer,Manual,First,26.0,2184,144.0,5
Maruti Swift,2016,0.58,4.21,111888,Petrol,Individual,Manual,First,27.8,1199,153.0,5
Honda i20,2019,11.84,19.89,16301,Petrol,Individual,Manual,First,12.6,799,80.8,4
Toyota Kwid,2019,6.33,9.27,15052,Diesel,Individual,Automatic,Second,17.5,998,80.7,5
Honda XUV300,2019,2.99,9.4,79861,LPG,Dealer,Automatic,Third,19.0,1197,159.4,5
Volkswagen Magnite,2016,4.25,20.26,144291,Petrol,Individual,Manual,First,23.3,2993,66.8,8
Maruti City,2007,1.57,7.02,49898,Diesel,Dealer,Manual,First,19.1,1199,85.2,5
Maruti Nexon,2014,1.51,13.37,86560,Diesel,Individual,Manual,Second,12.5,1197,142.5,4
Volkswagen City,2013,5.3,21.83,20076,Diesel,Individual,Automatic,First,18.5,1498,64.2,5
Toyota XUV300,2008,2.22,17.23,121801,Diesel,Individual,Manual,First,19.9,1197,79.1,5
Maruti Kwid,2006,5.0,23.64,31408,Petrol,Dealer,Manual,First,14.1,2184,150.6,6
Nissan Kwid,2008,0.62,5.89,95153,Electric,Dealer,Automatic,First,18.1,1598,95.6,5
Tata i20,2005,1.63,17.56,116545,Diesel,Individual,Manual,Third,13.6,1997,66.7,6
Maruti EcoSport,2017,4.69,16.62,92753,Petrol,Dealer,Manual,First,18.5,1598,193.1,5
Maruti Polo,2015,2.71,11.71,114839,Petrol,Individual,Manual,First,24.5,2993,64.9,8
Mahindra i20,2018,1.62,9.5,118984,Petrol,Individual,Manual,First,26.5,1197,113.3,7
Tata Kwid,2010,2.11,15.21,96228,Petrol,Individual,Manual,First,19.6,799,79.8,6
Maruti City,2013,2.94,22.49,93890,Electric,Individual,Manual,Second,27.8,1396,52.7,4
Hyundai Magnite,2008,3.09,16.25,67278,Diesel,Individual,Manual,First,26.0,1997,77.2,5
Toyota Innova,2020,8.25,12.89,10849,Petrol,Individual,Manual,First,19.9,1199,146.6,5
Toyota City,2006,2.2,17.84,86947,Petrol,Individual,Manual,First,20.7,1997,104.2,5
Honda Magnite,2014,3.7,14.41,40297,Petrol,Dealer,Automatic,Second,28.0,2179,63.5,5
Nissan Magnite,2017,1.12,4.23,47113,CNG,Individual,Automatic,First,24.6,1598,108.4,4
Tata Swift,2021,13.69,19.79,21489,Petrol,Individual,Automatic,First,18.2,1199,60.9,7
Hyundai Polo,2012,0.5,5.42,119430,Diesel,Individual,Manual,Third,12.0,1199,96.7,5
Maruti Innova,2021,7.87,19.46,56500,Petrol,Individual,Automatic,Fourth & Above,24.9,2179,101.0,5
Renault City,2021,5.57,18.93,72957,CNG,Individual,Manual,Third,16.4,1396,152.0,7
Hyundai XUV300,2015,2.03,4.73,49261,Petrol,Dealer,Manual,First,25.1,2184,119.7,4
Hyundai Kwid,2006,5.72,24.51,21119,Petrol,Individual,Manual,First,23.3,799,172.1,6
Renault Swift,2012,3.1,15.51,48442,Petrol,Individual,Manual,First,16.8,1598,83.4,6
Maruti Swift,2021,2.77,8.52,117363,CNG,Individual,Manual,Second,15.2,1199,161.8,8
Maruti Kwid,2018,2.6,9.64,145842,Petrol,Dealer,Automatic,First,18.8,2179,138.4,5
Maruti Magnite,2017,5.34,23.92,92971,Petrol,Individual,Manual,First,15.9,2993,61.1,4
Maruti Kwid,2021,7.85,17.78,53534,LPG,Individual,Manual,Second,14.1,1197,197.1,5
Maruti Nexon,2009,4.09,18.38,14684,Petrol,Individual,Automatic,Second,15.2,2179,64.4,5
Hyundai EcoSport,2014,3.71,22.47,144066,Diesel,Individual,Automatic,First,22.3,1498,129.1,5
Maruti Magnite,2015,4.53,17.79,59203,Petrol,Individual,Manual,Second,23.4,799,52.0,5
Tata Kwid,2020,11.64,22.7,10839,Diesel,Individual,Manual,Fourth & Above,14.0,2993,128.1,6
Toyota Magnite,2012,2.06,14.49,143904,Petrol,Individual,Manual,Second,14.2,1598,57.4,5
Maruti EcoSport,2020,3.01,7.69,93202,Petrol,Individual,Manual,First,27.4,1396,59.3,6
Maruti Nexon,2020,1.52,7.63,138441,Electric,Individual,Manual,Second,24.2,2179,179.2,5
Maruti EcoSport,2018,0.9,3.5,90553,Petrol,Individual,Automatic,Second,27.5,1396,157.3,4
Mahindra City,2013,3.1,17.23,50097,Petrol,Dealer,Automatic,Fourth & Above,21.4,799,83.4,5
Maruti City,2006,3.27,19.37,71457,Petrol,Individual,Manual,Second,13.6,1197,176.4,5
Maruti i20,2011,0.5,3.21,145334,Petrol,Individual,Manual,First,15.2,1199,60.9,5
Maruti XUV300,2016,6.5,23.03,44673,Petrol,Individual,Manual,Second,26.7,1498,192.7,6
Volkswagen i20,2017,9.67,23.06,33288,Diesel,Dealer,Manual,First,21.2,1997,116.4,5
Honda Polo,2014,2.79,17.46,100856,Petrol,Individual,Manual,First,13.2,2184,98.1,5
Honda EcoSport,2018,4.28,14.53,83944,Petrol,Dealer,Manual,First,15.0,1199,61.7,5
Toyota Swift,2011,1.84,7.92,50805,Petrol,Individual,Manual,Fourth & Above,24.3,998,183.7,5
Hyundai i20,2015,2.27,10.14,62013,Petrol,Dealer,Automatic,Second,12.0,799,144.9,5
Honda XUV300,2005,2.95,20.61,50778,Petrol,Dealer,Manual,Second,16.5,799,76.7,4
Volkswagen Swift,2011,1.4,24.32,123251,Petrol,Individual,Automatic,Fourth & Above,19.0,998,154.9,6
Volkswagen Polo,2009,0.5,9.37,128273,Diesel,Dealer,Automatic,Second,15.0,1498,190.7,4
Ford Magnite,2015,4.14,24.69,96434,Petrol,Individual,Manual,First,27.7,1598,153.6,5
Maruti Swift,2018,6.07,12.54,52431,Diesel,Dealer,Manual,First,16.1,1997,135.2,5
Toyota Magnite,2009,0.5,13.32,146898,Petrol,Individual,Manual,Fourth & Above,19.4,1997,145.9,7
Ford Kwid,2019,8.08,16.35,51313,Diesel,Individual,Manual,First,22.9,998,124.5,5
Maruti Magnite,2009,0.5,6.75,146367,Diesel,Dealer,Manual,Second,26.9,2179,138.0,4
Maruti Polo,2014,1.4,15.36,139150,Diesel,Dealer,Automatic,Third,12.3,1598,59.2,5
Volkswagen City,2015,1.19,4.53,30888,Diesel,Dealer,Manual,First,14.4,1498,171.8,6
Tata Kwid,2015,1.69,4.02,123504,Diesel,Dealer,Manual,First,14.5,2179,178.7,5
Hyundai Swift,2007,3.38,17.19,29248,Diesel,Individual,Manual,Second,17.1,1396,155.7,5
Maruti Nexon,2008,1.53,22.55,140343,Diesel,Dealer,Manual,First,22.8,1598,127.0,5
Mahindra Magnite,2016,3.71,20.98,139395,Petrol,Individual,Manual,First,26.4,2184,174.4,6
Hyundai Nexon,2005,0.5,7.24,129790,Petrol,Individual,Automatic,First,15.7,1199,145.5,5
Toyota i20,2006,4.65,18.17,29061,Petrol,Individual,Automatic,Second,12.6,1598,106.1,5
Ford EcoSport,2020,6.48,12.55,7988,Diesel,Individual,Manual,Third,22.9,2179,109.3,5
Hyundai XUV300,2015,5.1,18.19,43418,Petrol,Individual,Manual,First,12.4,998,105.5,6
Honda Magnite,2016,1.57,5.51,148992,Diesel,Individual,Automatic,First,12.6,1997,118.6,5
Maruti City,2005,2.48,17.9,74939,Diesel,Individual,Automatic,Second,24.3,1498,63.8,4
Honda EcoSport,2013,2.95,20.38,78251,CNG,Dealer,Manual,Second,24.4,1396,166.9,7
Toyota XUV300,2009,2.52,14.51,54849,Diesel,Individual,Manual,First,12.6,799,149.1,5
Honda Nexon,2015,6.16,23.25,18213,Petrol,Dealer,Manual,Second,13.4,1598,164.3,5
Maruti XUV300,2017,10.32,24.64,33491,Petrol,Individual,Manual,First,16.2,2993,56.1,5
Honda Kwid,2020,3.95,4.28,14327,Diesel,Individual,Automatic,First,27.2,2184,64.9,5
Ford City,2010,2.96,15.03,96724,Petrol,Dealer,Manual,First,22.1,2179,103.0,6
Maruti i20,2017,0.93,8.47,118023,Diesel,Dealer,Manual,Third,19.9,1598,75.2,5
Hyundai Swift,2010,1.19,6.76,82614,Petrol,Dealer,Manual,First,23.8,1498,104.6,4
Honda EcoSport,2015,1.17,3.79,5973,Diesel,Individual,Manual,Third,18.2,998,61.6,6
Maruti EcoSport,2021,4.31,15.36,147003,Diesel,Individual,Automatic,Second,13.7,1396,99.2,7
Maruti Kwid,2009,1.41,11.6,124193,CNG,Individual,Automatic,Second,17.3,1396,57.5,5
Maruti XUV300,2005,2.6,22.48,82318,Petrol,Individual,Manual,Second,14.9,998,106.8,7
Mahindra Innova,2009,1.71,9.8,46003,Petrol,Individual,Manual,First,17.8,1498,155.2,6
Hyundai Swift,2020,10.32,17.09,37191,Diesel,Dealer,Manual,First,25.9,2179,187.9,5
Tata i20,2020,2.17,14.56,137141,Diesel,Dealer,Manual,Third,27.5,2179,177.6,5
Hyundai Polo,2020,1.17,5.55,138271,Diesel,Dealer,Manual,Second,19.2,998,102.2,5
Hyundai Innova,2010,1.21,10.52,50311,Petrol,Individual,Manual,First,15.5,1498,56.4,5
Hyundai Polo,2008,2.67,10.81,25703,Petrol,Individual,Manual,Second,21.5,1997,172.9,5
Renault EcoSport,2005,2.35,11.72,55333,Petrol,Dealer,Automatic,First,16.7,1598,144.7,5
Toyota XUV300,2014,6.85,21.51,26601,Diesel,Dealer,Manual,First,27.6,1997,184.7,5
Maruti City,2006,4.16,14.35,5189,Diesel,Dealer,Manual,First,15.1,1598,136.2,5
Hyundai Nexon,2018,8.57,18.38,16408,Petrol,Individual,Automatic,Second,24.6,1997,157.5,5
Maruti Kwid,2016,3.28,13.47,146583,Petrol,Individual,Manual,First,16.8,1197,99.5,5
Maruti Magnite,2020,1.34,6.21,128747,Diesel,Dealer,Manual,Third,13.7,799,62.2,7
Ford Swift,2011,1.15,11.9,86610,Petrol,Individual,Manual,Second,14.7,2993,57.3,5
Volkswagen Nexon,2018,2.91,7.2,109139,Diesel,Dealer,Manual,First,18.1,998,188.3,5
Hyundai EcoSport,2005,3.49,14.13,6085,Petrol,Dealer,Automatic,Fourth & Above,22.2,2993,129.9,5
Nissan Swift,2015,1.11,7.18,127046,Electric,Dealer,Manual,Second,16.4,1199,137.0,5
Hyundai EcoSport,2012,2.29,14.51,25325,Petrol,Individual,Manual,Second,18.8,2993,115.1,5
Honda XUV300,2012,2.34,8.37,26661,Petrol,Individual,Manual,First,14.3,2184,158.6,4
Maruti Innova,2009,2.21,24.51,98005,Electric,Dealer,Manual,Third,25.9,2184,111.5,5
Nissan Kwid,2006,0.5,3.37,111810,CNG,Individual,Automatic,Second,18.2,1997,116.7,6
Maruti EcoSport,2013,2.19,10.99,116411,Diesel,Dealer,Automatic,First,15.0,1598,186.4,5
Maruti City,2005,3.12,20.15,47129,Petrol,Dealer,Manual,First,17.5,1997,88.2,5
Honda Nexon,2016,4.43,12.83,25239,Diesel,Dealer,Manual,Second,25.1,1396,91.8,5
Maruti XUV300,2013,3.11,20.68,104846,Petrol,Individual,Manual,First,24.2,2993,134.7,7
Maruti EcoSport,2006,4.46,18.03,35268,Petrol,Individual,Manual,First,25.4,1197,155.5,5
Mahindra City,2009,2.19,14.09,50534,Petrol,Dealer,Manual,First,16.6,1197,56.4,5
Hyundai XUV300,2021,7.64,12.14,7808,Petrol,Individual,Manual,Second,18.6,2184,152.9,4
Volkswagen Kwid,2008,1.14,4.62,88086,Petrol,Individual,Manual,First,27.1,2179,134.7,4
Maruti Magnite,2006,1.47,6.52,21151,Petrol,Dealer,Manual,First,15.3,1997,54.4,5
Hyundai Polo,2018,3.72,8.67,65750,Petrol,Individual,Manual,Second,15.9,799,104.6,6
Mahindra EcoSport,2011,1.63,14.77,149973,Diesel,Dealer,Manual,First,16.0,2993,69.1,5
Honda i20,2017,8.57,17.34,12313,Diesel,Individual,Manual,Second,19.8,799,193.8,6
Hyundai Innova,2008,4.6,20.25,13727,Petrol,Dealer,Automatic,Second,15.9,1997,110.3,7
Honda EcoSport,2009,2.85,14.05,39370,Petrol,Individual,Manual,Fourth & Above,19.9,1997,74.4,4
Maruti Polo,2019,6.24,10.31,18397,Petrol,Individual,Manual,Second,19.2,2993,165.4,5
Tata Swift,2007,1.98,15.76,93672,Petrol,Individual,Manual,First,12.8,1498,109.5,5
Renault Nexon,2018,7.05,15.03,42077,Petrol,Dealer,Manual,First,27.8,1199,54.8,6
Tata Swift,2005,2.56,18.14,137508,Petrol,Individual,Manual,First,17.0,2184,148.2,5
Renault City,2008,1.27,18.02,86120,Diesel,Dealer,Manual,Third,18.6,998,95.4,5
Maruti City,2007,3.05,15.82,22985,Petrol,Dealer,Manual,Third,24.4,1396,57.8,6
Maruti Magnite,2005,0.78,5.42,55054,Petrol,Dealer,Manual,Second,12.5,2184,123.1,5
Hyundai Nexon,2016,0.5,3.62,116030,Petrol,Dealer,Manual,Third,14.7,2179,150.5,5
Maruti i20,2008,2.88,20.76,72394,Diesel,Dealer,Manual,Second,19.3,1396,138.9,5
Maruti EcoSport,2011,0.5,3.59,56150,Petrol,Dealer,Manual,Third,26.1,998,69.2,5
Maruti Swift,2007,2.11,13.32,106345,Petrol,Individual,Manual,Third,12.9,1396,135.4,4
Hyundai Swift,2006,1.83,23.92,95982,Diesel,Dealer,Manual,Fourth & Above,26.6,1997,104.3,5
Maruti i20,2006,1.61,5.52,52342,Diesel,Individual,Manual,Fourth & Above,23.4,1498,58.9,5
Maruti Kwid,2019,3.41,17.24,141537,Diesel,Individual,Manual,First,18.9,1396,100.0,5
Hyundai i20,2007,1.43,6.5,148954,Diesel,Individual,Manual,First,24.0,1598,189.0,4
Maruti EcoSport,2019,9.67,15.38,8159,Petrol,Dealer,Manual,First,15.4,1598,73.4,6
Maruti Kwid,2007,2.58,21.0,77575,Petrol,Individual,Manual,First,12.3,2993,78.8,5
Hyundai Kwid,2007,3.25,15.02,55908,CNG,Dealer,Automatic,First,24.9,1997,93.9,5
Honda Kwid,2019,9.08,24.37,81377,Petrol,Dealer,Manual,First,25.3,1197,113.5,5
Honda Innova,2012,0.59,5.28,66922,Petrol,Individual,Manual,First,27.9,998,167.7,7
Maruti Kwid,2020,6.33,20.58,120042,Petrol,Dealer,Automatic,Second,26.8,2993,104.4,7
Honda Innova,2019,6.16,13.98,52059,Diesel,Individual,Manual,First,14.9,1498,160.8,6
Renault Polo,2006,0.5,11.25,89752,Petrol,Individual,Manual,Fourth & Above,27.0,2993,109.1,5
Maruti Swift,2013,0.5,10.58,114844,Diesel,Individual,Manual,First,24.6,1199,82.8,5
Hyundai Kwid,2009,1.27,15.04,95351,CNG,Individual,Manual,Fourth & Above,23.2,2993,91.8,5
Ford Kwid,2005,2.07,11.38,16338,Diesel,Individual,Automatic,First,26.3,998,197.2,4
Maruti i20,2021,3.99,7.2,86238,Diesel,Individual,Automatic,First,16.3,1598,155.9,5
Maruti Magnite,2018,8.51,24.75,47926,Petrol,Individual,Manual,Second,12.2,1498,150.4,5
Honda Kwid,2018,4.25,14.73,84766,Petrol,Dealer,Manual,Second,12.2,998,158.9,5
Volkswagen XUV300,2007,2.02,16.74,101093,Petrol,Dealer,Manual,Second,23.5,1197,82.7,5
Toyota Kwid,2015,2.5,22.86,135864,Petrol,Dealer,Manual,Third,14.4,1997,97.9,5
Honda Innova,2017,1.3,8.13,144337,Diesel,Individual,Manual,Second,14.4,2993,169.2,5
Tata Polo,2011,0.5,5.73,81820,Diesel,Dealer,Manual,First,12.7,1498,122.4,5
Maruti City,2021,2.67,7.75,43795,Diesel,Individual,Manual,Third,16.6,799,56.1,7
Hyundai City,2020,1.51,3.5,7355,Diesel,Individual,Manual,Second,12.6,998,120.2,5
Hyundai i20,2014,3.1,13.84,71421,Petrol,Individual,Manual,First,15.6,1199,155.4,6
Volkswagen Magnite,2005,2.27,19.3,91390,Diesel,Individual,Manual,Second,20.4,799,62.4,6
Hyundai Kwid,2016,5.99,16.33,71741,Diesel,Individual,Automatic,First,17.5,1197,131.0,6
Honda XUV300,2019,3.3,11.97,117894,Diesel,Individual,Automatic,First,13.2,1197,190.8,5
Tata i20,2016,5.18,11.34,19909,Diesel,Individual,Manual,First,22.2,2993,153.6,5
Maruti Kwid,2013,4.33,24.77,36028,Diesel,Individual,Manual,Second,23.4,1197,197.7,7
Renault Kwid,2009,1.76,7.52,53575,CNG,Dealer,Manual,First,21.5,1997,95.0,4
Toyota Kwid,2006,2.37,8.33,17473,Petrol,Dealer,Manual,First,17.6,2993,187.8,7
Renault EcoSport,2010,1.24,13.89,129077,CNG,Individual,Manual,First,27.3,1498,181.1,5
Maruti Swift,2016,2.68,13.19,75408,Petrol,Individual,Manual,Third,18.4,2184,132.6,5
Maruti EcoSport,2006,1.85,11.72,50200,Petrol,Individual,Manual,First,12.1,2179,67.1,5
Maruti Magnite,2014,1.46,4.86,20615,Petrol,Individual,Manual,Second,19.6,1396,157.6,5
Honda Polo,2021,11.12,14.84,16780,Petrol,Individual,Manual,First,26.8,1197,159.7,5
Tata Polo,2017,3.5,12.42,6208,Petrol,Individual,Manual,Third,16.1,1498,74.8,5
Mahindra Innova,2013,0.59,7.5,127416,CNG,Individual,Automatic,First,14.3,1197,55.6,6
Maruti Kwid,2009,2.35,24.35,124645,Petrol,Dealer,Manual,Second,19.2,1199,172.6,5
Maruti Magnite,2011,0.5,4.22,105146,Petrol,Individual,Manual,First,18.0,1598,95.8,5
Volkswagen City,2015,3.97,19.71,104878,Diesel,Individual,Manual,First,26.5,2179,167.7,5
Toyota Magnite,2015,4.71,15.91,60569,Diesel,Individual,Manual,First,13.9,799,190.8,5
Maruti EcoSport,2018,9.26,16.11,27231,Diesel,Dealer,Automatic,First,23.8,2184,156.1,5
Mahindra Kwid,2011,1.94,13.55,56408,Diesel,Dealer,Manual,First,17.7,1598,106.4,5
Ford i20,2017,2.67,10.67,68305,Petrol,Individual,Manual,Second,14.3,2179,59.1,4
Maruti Kwid,2020,6.06,21.17,148751,Petrol,Individual,Automatic,Second,16.3,1197,183.2,5
Toyota Innova,2010,0.7,6.98,108434,Diesel,Individual,Manual,First,24.3,2184,84.0,7
Nissan Kwid,2007,2.66,23.17,115406,Petrol,Individual,Manual,Second,16.0,2179,109.0,6
Maruti City,2021,13.67,22.34,54409,Petrol,Dealer,Automatic,First,15.4,2993,180.6,5
Maruti Innova,2021,5.16,9.08,15133,Petrol,Individual,Manual,Second,27.4,2179,96.7,5
Toyota Swift,2005,4.39,17.95,35737,Petrol,Individual,Manual,First,17.8,1997,168.9,5
Maruti Innova,2008,2.79,19.73,103156,Petrol,Individual,Manual,First,23.0,1197,134.8,7
Mahindra Innova,2018,5.71,23.55,132422,Diesel,Dealer,Manual,First,12.5,799,72.5,5
Maruti i20,2006,0.5,6.47,121193,Petrol,Individual,Manual,First,19.9,2184,108.8,5
Maruti Polo,2018,4.74,17.33,105405,Petrol,Individual,Manual,First,13.2,1199,55.0,5
Maruti Innova,2018,1.4,7.5,144745,Petrol,Individual,Automatic,First,20.0,1396,160.8,6
Hyundai Kwid,2014,1.43,8.12,23823,Petrol,Dealer,Manual,Third,14.3,799,86.5,8
Hyundai EcoSport,2008,0.92,5.3,31469,Petrol,Dealer,Manual,First,21.9,1498,183.5,7
Maruti EcoSport,2017,0.71,6.4,110737,Petrol,Individual,Manual,First,19.9,2184,53.8,5
Maruti Kwid,2013,4.11,18.49,65399,Diesel,Dealer,Manual,First,15.4,1498,85.6,5
Renault EcoSport,2005,1.27,7.49,6745,Petrol,Dealer,Manual,Fourth & Above,26.7,998,136.1,5
Toyota EcoSport,2016,4.05,14.99,76035,Petrol,Individual,Manual,First,18.2,1498,126.7,6
Tata Polo,2021,6.9,17.46,115884,Petrol,Individual,Automatic,First,16.9,1598,98.0,6
Hyundai City,2013,1.05,11.66,121189,CNG,Dealer,Manual,First,26.2,1598,185.7,4
Maruti Polo,2014,1.32,11.36,80449,Petrol,Individual,Manual,First,25.3,1498,123.4,5
Maruti XUV300,2010,3.17,20.8,113497,Diesel,Individual,Manual,First,16.0,998,81.5,7
Hyundai Innova,2011,1.24,11.52,107769,Petrol,Dealer,Automatic,First,25.8,2179,55.6,5
Toyota Innova,2008,2.27,24.91,116033,Petrol,Individual,Automatic,Second,24.2,2179,198.1,5
Tata Magnite,2014,2.51,12.58,103856,Diesel,Dealer,Manual,First,13.0,1197,62.7,5
Mahindra EcoSport,2010,1.64,12.12,123292,Petrol,Individual,Manual,First,27.9,1396,71.5,5
Renault XUV300,2015,3.14,10.2,68642,LPG,Individual,Manual,First,25.6,1997,135.5,5
Toyota XUV300,2018,11.8,20.57,9570,Diesel,Individual,Manual,First,22.5,1199,173.8,7
Maruti Kwid,2021,1.58,3.31,107067,Petrol,Individual,Automatic,First,26.5,998,73.9,5
Maruti Magnite,2018,1.65,5.46,108722,Petrol,Individual,Automatic,First,19.2,799,102.1,5
Nissan i20,2009,0.5,9.55,148363,Petrol,Dealer,Manual,First,24.4,2179,131.3,5
Honda Magnite,2014,5.21,21.07,57204,Electric,Individual,Manual,First,22.5,799,82.6,6
Tata Magnite,2021,3.33,6.46,45533,Petrol,Dealer,Automatic,Third,23.0,1396,96.8,7
Toyota Magnite,2015,0.59,3.75,75490,Diesel,Individual,Manual,Second,12.9,799,102.3,5
Maruti Innova,2019,1.16,4.66,145329,Petrol,Individual,Manual,Fourth & Above,13.6,1997,183.7,5
Maruti Nexon,2008,0.74,5.71,39341,Electric,Individual,Automatic,First,17.2,1997,56.9,7
Toyota Innova,2008,2.44,12.95,53260,LPG,Individual,Manual,Second,24.6,1498,116.0,5
Toyota Magnite,2014,3.37,19.11,112089,Petrol,Individual,Automatic,First,12.3,1197,97.2,5
Honda Magnite,2007,3.34,24.03,138556,Petrol,Individual,Automatic,First,21.1,1197,144.3,6
Maruti XUV300,2009,2.24,14.7,58709,Diesel,Dealer,Automatic,Second,19.4,998,144.9,6
Volkswagen EcoSport,2016,1.83,8.69,100440,Petrol,Dealer,Manual,Second,17.0,998,108.2,4
Maruti City,2020,5.5,18.01,145089,Petrol,Individual,Automatic,First,15.9,1396,98.3,4
Renault Magnite,2005,1.6,7.22,34000,Electric,Dealer,Automatic,First,25.8,1396,190.6,5
Honda Swift,2008,4.91,23.41,46384,Diesel,Dealer,Automatic,Second,17.9,1997,50.2,6
Maruti Swift,2011,2.54,10.92,47876,Petrol,Individual,Manual,First,26.2,1997,96.7,7
Hyundai Magnite,2010,1.45,10.95,149413,Diesel,Dealer,Manual,First,22.5,998,109.1,5
Maruti EcoSport,2005,2.71,19.8,89612,Petrol,Individual,Manual,First,14.1,1997,181.0,5
Maruti Innova,2015,3.21,10.59,55650,Diesel,Dealer,Automatic,First,14.6,1498,194.8,5
Hyundai Innova,2012,3.46,22.35,46970,Petrol,Dealer,Manual,Third,17.2,2184,156.2,6
Honda EcoSport,2010,4.03,24.27,16290,Diesel,Individual,Automatic,Third,20.0,1199,157.2,5
Honda Swift,2016,2.34,11.95,139257,Diesel,Dealer,Manual,Second,23.1,1598,188.8,5
Maruti Nexon,2014,1.03,6.45,54240,Petrol,Dealer,Manual,First,14.6,1197,111.3,6
Toyota EcoSport,2007,2.64,15.94,95139,Diesel,Dealer,Manual,First,14.7,1197,172.5,6
Hyundai Nexon,2010,4.27,20.94,50635,Diesel,Individual,Automatic,First,26.8,1197,158.7,5
Hyundai Innova,2012,1.21,6.64,83872,Petrol,Individual,Manual,First,16.7,1598,105.1,5
Volkswagen EcoSport,2018,0.5,4.38,108427,Petrol,Individual,Manual,First,13.9,799,136.4,5
Honda Polo,2012,0.5,8.3,112532,Petrol,Individual,Automatic,First,20.9,1498,115.9,5
Maruti Magnite,2008,2.31,16.89,29821,Diesel,Individual,Manual,Fourth & Above,19.6,1598,109.2,5
Nissan Innova,2014,0.5,4.2,77964,Petrol,Individual,Manual,First,23.1,1598,192.0,5
Honda Kwid,2015,6.41,20.94,23069,Petrol,Individual,Manual,First,19.2,799,186.3,5
Maruti Magnite,2010,0.5,7.87,117024,Electric,Individual,Automatic,First,20.1,1498,174.4,4
Maruti Swift,2005,0.95,5.13,20565,Petrol,Dealer,Manual,First,18.1,1199,148.0,5
Maruti City,2005,1.73,11.87,90566,Petrol,Dealer,Manual,First,22.1,1598,199.8,5
Hyundai Polo,2005,0.88,12.1,137907,Petrol,Individual,Manual,First,17.2,2184,151.1,5
Maruti City,2012,2.14,16.15,149856,Diesel,Individual,Manual,First,15.7,2184,64.4,5
Hyundai Swift,2005,0.5,4.67,109302,Diesel,Individual,Manual,First,21.9,2993,196.5,7
Maruti Nexon,2019,4.24,11.7,88521,Diesel,Dealer,Manual,First,20.3,2993,164.7,6
Honda XUV300,2015,5.96,14.5,31657,Diesel,Individual,Automatic,First,21.4,799,155.3,6
Hyundai i20,2006,3.97,19.56,39173,Diesel,Individual,Automatic,Second,13.4,2993,175.9,6
Hyundai Swift,2006,2.1,15.69,69459,Diesel,Dealer,Automatic,Second,22.9,998,181.0,5
Hyundai City,2009,0.83,7.58,85096,Diesel,Dealer,Manual,First,15.1,2993,124.0,7
Renault i20,2011,0.92,8.85,140282,Petrol,Individual,Manual,First,21.9,1396,170.5,5
Hyundai Innova,2016,1.95,8.62,136024,CNG,Individual,Manual,Second,20.6,998,199.3,5
Maruti Polo,2015,2.69,12.63,54641,Petrol,Individual,Manual,Second,21.8,2993,161.7,5
Nissan City,2013,2.08,13.52,28461,CNG,Dealer,Manual,Second,15.4,998,152.0,5
Hyundai Innova,2015,1.81,17.27,100515,Petrol,Dealer,Manual,Third,18.7,1199,110.0,5
Hyundai Polo,2013,2.63,15.07,16344,LPG,Individual,Manual,Fourth & Above,23.3,1598,71.5,5
Maruti Kwid,2021,7.29,18.4,137963,Diesel,Individual,Automatic,First,27.2,1197,132.8,7
Ford Kwid,2013,0.5,3.27,101939,Petrol,Individual,Manual,First,15.3,998,126.6,4
Honda Magnite,2019,7.17,15.1,66407,Diesel,Individual,Automatic,First,21.5,1396,80.3,5
Ford XUV300,2012,0.92,10.21,107114,Petrol,Individual,Manual,Second,18.7,1598,153.1,4
Volkswagen Magnite,2010,1.97,12.81,87277,Diesel,Individual,Manual,Third,20.2,2184,94.6,5
Mahindra i20,2007,3.01,23.6,132899,Petrol,Individual,Manual,First,20.1,1598,164.5,5
Ford EcoSport,2006,4.32,17.4,45409,Petrol,Dealer,Manual,First,12.1,1498,102.1,5
Honda EcoSport,2017,4.23,9.28,71247,Diesel,Dealer,Automatic,First,19.5,1197,59.3,7
Maruti Innova,2015,1.06,4.57,49390,Diesel,Dealer,Manual,Second,26.2,998,159.1,5
Volkswagen i20,2007,2.18,9.93,23773,Petrol,Dealer,Manual,First,16.1,1396,143.7,5
Nissan i20,2016,1.95,5.96,22344,Petrol,Individual,Automatic,First,17.6,2184,62.5,5
Maruti Nexon,2009,4.02,16.37,13958,Diesel,Individual,Manual,First,23.2,1498,143.3,5
Nissan City,2010,2.72,18.33,102367,Petrol,Dealer,Automatic,First,17.5,2993,148.4,6
Tata EcoSport,2010,1.93,9.19,52201,Diesel,Dealer,Automatic,First,12.5,799,106.6,5
Hyundai Nexon,2020,6.54,18.48,110471,Diesel,Individual,Automatic,First,26.3,1199,149.6,5
Volkswagen City,2005,2.88,24.51,103557,LPG,Dealer,Manual,Second,23.7,1498,148.6,6
Maruti Polo,2005,3.3,9.98,19332,Diesel,Individual,Manual,First,25.4,2179,174.9,6
Mahindra Kwid,2009,1.79,14.51,117046,Diesel,Dealer,Manual,First,26.6,2179,92.7,5
Maruti Kwid,2006,2.12,15.47,102368,Electric,Individual,Manual,First,19.0,2184,171.9,5
Ford Innova,2017,2.34,10.79,123406,Diesel,Dealer,Manual,First,14.3,1197,160.9,7
Hyundai Kwid,2014,0.5,5.27,146615,Diesel,Individual,Automatic,First,20.5,2179,63.4,5
Maruti i20,2021,2.03,3.85,90406,Petrol,Dealer,Manual,First,12.6,1199,159.6,6
Ford City,2015,2.45,10.93,96818,Diesel,Dealer,Manual,First,20.7,1197,68.0,6
Toyota Nexon,2015,2.04,10.28,65051,Diesel,Individual,Manual,Second,15.9,1396,192.8,5
Toyota EcoSport,2009,1.35,21.26,93295,Petrol,Individual,Manual,First,16.9,1396,105.7,5
Nissan i20,2012,2.48,20.3,135119,Petrol,Dealer,Automatic,First,13.1,1396,145.1,5
Mahindra Kwid,2014,2.27,6.79,23277,LPG,Individual,Manual,First,15.8,1598,108.6,5
Honda City,2010,5.07,24.46,46541,Petrol,Dealer,Manual,First,18.5,1498,90.2,5
Hyundai EcoSport,2021,6.64,10.75,20161,Petrol,Individual,Manual,First,26.2,998,135.0,6
Maruti Nexon,2005,1.18,14.32,105628,Diesel,Individual,Manual,First,14.2,1598,162.7,5
Maruti Innova,2007,0.78,10.8,118819,Petrol,Dealer,Automatic,First,21.0,2184,135.2,6
Honda Swift,2019,1.19,5.04,124567,Diesel,Dealer,Manual,Second,27.3,799,87.9,5
Maruti Nexon,2014,5.3,19.28,5093,Petrol,Individual,Automatic,Fourth & Above,14.9,1498,64.5,5
Maruti Kwid,2012,2.83,16.89,54354,Diesel,Individual,Manual,Second,18.2,1598,170.5,5
Maruti Polo,2020,3.39,13.83,134282,Diesel,Individual,Manual,First,17.8,1598,68.2,5
Hyundai Nexon,2018,7.22,16.73,8514,Petrol,Individual,Manual,Second,15.8,998,182.5,5
Honda Innova,2014,3.74,16.23,64596,Petrol,Individual,Manual,Second,21.5,2993,75.4,6
Ford Nexon,2006,2.0,14.21,133061,Petrol,Individual,Manual,Second,14.3,2993,143.7,5
Ford XUV300,2010,2.84,17.62,92008,Diesel,Dealer,Automatic,Second,14.7,1997,80.1,8
Volkswagen Swift,2016,5.12,16.12,48819,Petrol,Individual,Manual,Second,14.9,2184,148.4,5
Maruti Polo,2009,0.99,8.01,77964,Diesel,Dealer,Automatic,First,24.7,998,74.3,4
Hyundai Magnite,2008,2.69,18.0,65049,Diesel,Dealer,Manual,Fourth & Above,15.9,1598,163.3,5
Hyundai Nexon,2021,4.15,7.8,17651,Petrol,Individual,Manual,Second,25.8,1396,124.3,5
Hyundai XUV300,2010,2.16,16.09,93534,Petrol,Individual,Manual,First,13.0,1197,182.5,5
Honda XUV300,2009,2.31,11.34,60258,Diesel,Dealer,Manual,First,27.8,1199,70.6,4
Maruti Polo,2018,2.4,5.99,34948,Electric,Dealer,Automatic,Fourth & Above,21.6,2993,62.2,5
Hyundai City,2021,11.14,18.26,8857,Petrol,Individual,Manual,Second,23.0,1598,98.2,5
Maruti Magnite,2005,2.54,23.83,118084,Petrol,Individual,Manual,First,14.2,1199,156.7,5
Nissan City,2018,5.53,11.08,59716,Petrol,Dealer,Automatic,First,14.2,1197,96.7,5
Honda Innova,2006,0.75,10.29,135306,Petrol,Individual,Automatic,First,18.2,998,51.2,7
Maruti City,2019,7.74,14.33,31878,Diesel,Individual,Manual,Second,26.1,2184,188.1,4
Hyundai XUV300,2020,11.37,21.76,52405,CNG,Individual,Manual,First,21.8,998,160.9,5
Renault i20,2018,4.13,15.35,130401,Petrol,Dealer,Manual,Second,15.0,2993,185.6,7
Hyundai Swift,2021,7.35,22.94,99547,Diesel,Dealer,Automatic,Third,17.8,1498,199.0,5
Toyota Swift,2009,2.77,13.87,56588,Petrol,Individual,Manual,First,19.2,1396,87.8,5
Nissan Swift,2020,3.34,16.58,104332,CNG,Individual,Manual,Third,12.7,1197,167.6,6
Renault Innova,2013,1.84,15.79,105770,Petrol,Individual,Manual,Second,27.5,1997,85.3,6
Honda Polo,2011,3.96,15.3,39261,Diesel,Dealer,Automatic,First,21.5,799,156.2,5
Maruti Polo,2008,3.12,20.09,118570,Diesel,Dealer,Manual,First,18.3,2179,118.3,8
Hyundai City,2021,11.62,13.89,5969,Diesel,Dealer,Manual,First,27.2,998,54.9,5
Renault Polo,2011,1.67,8.8,27635,LPG,Individual,Manual,First,19.4,2179,145.9,5
Maruti i20,2010,2.82,15.65,70997,Petrol,Individual,Automatic,First,23.5,1598,170.8,5
Toyota Polo,2005,1.16,7.24,27413,Petrol,Individual,Manual,First,26.5,1498,196.0,8
Hyundai Kwid,2015,2.56,14.32,115249,Diesel,Individual,Manual,First,21.1,2993,62.8,5
Maruti Magnite,2005,1.78,20.01,84428,Petrol,Individual,Automatic,Fourth & Above,23.2,799,155.4,6
Mahindra Polo,2011,3.55,23.97,85048,Diesel,Individual,Automatic,First,18.1,1598,191.4,5
Maruti EcoSport,2005,1.32,7.26,94294,Electric,Dealer,Automatic,First,19.0,1199,101.4,5
Mahindra Kwid,2014,1.7,12.59,80940,Diesel,Individual,Manual,First,20.7,799,111.9,4
Ford Kwid,2018,4.1,10.55,65539,Diesel,Individual,Manual,First,18.6,998,150.3,6
Nissan Swift,2012,1.12,8.94,100659,Diesel,Dealer,Manual,First,13.9,799,110.7,5
Honda Innova,2006,4.86,19.28,19674,Petrol,Individual,Manual,First,12.3,1598,110.2,6
Maruti Innova,2021,14.32,18.78,25997,Petrol,Dealer,Automatic,First,21.1,2184,199.2,5
Volkswagen XUV300,2012,2.97,16.89,122139,Petrol,Individual,Automatic,First,27.5,1997,186.4,4
Maruti Magnite,2019,1.45,6.87,148361,Petrol,Dealer,Automatic,First,15.3,2184,74.2,5
Volkswagen Swift,2018,2.8,8.92,55756,Petrol,Dealer,Manual,Second,25.0,2179,172.6,5
Maruti Swift,2008,1.65,6.89,149779,Diesel,Dealer,Manual,First,19.5,2993,85.1,4
Hyundai i20,2018,11.0,24.26,45194,Electric,Dealer,Manual,First,17.7,1997,144.4,5
Renault XUV300,2018,2.26,6.5,22645,Petrol,Individual,Manual,Third,28.0,1197,154.1,7
Honda EcoSport,2007,2.38,11.97,78803,Petrol,Individual,Automatic,First,23.7,1197,78.9,5
Volkswagen Swift,2015,1.29,6.59,117010,Diesel,Individual,Manual,Second,27.1,1598,191.3,5
Renault i20,2014,3.7,14.37,43217,Diesel,Individual,Automatic,Third,13.4,1396,189.7,5
Hyundai EcoSport,2011,0.5,9.51,134814,Petrol,Dealer,Manual,First,20.3,2993,67.2,4
Tata Kwid,2021,4.42,8.8,71024,Diesel,Dealer,Manual,First,25.7,2184,173.0,5
Maruti Kwid,2019,6.07,18.62,87141,Diesel,Individual,Manual,Second,21.2,1598,183.4,6
Volkswagen Swift,2006,3.64,24.23,11508,Petrol,Dealer,Manual,Third,24.1,1598,188.6,5
Maruti Innova,2008,2.1,20.53,106272,Petrol,Individual,Manual,First,12.6,1498,154.9,5
Hyundai Nexon,2020,7.36,18.01,75904,Petrol,Dealer,Manual,Second,14.2,1199,160.8,5
Toyota City,2015,2.45,9.52,48023,Petrol,Individual,Automatic,Second,27.0,1997,78.4,5
Honda XUV300,2005,1.14,8.99,31564,CNG,Individual,Manual,Second,27.9,1197,130.5,4
Nissan Innova,2015,0.5,4.37,107330,Petrol,Dealer,Manual,Fourth & Above,22.8,1598,175.2,5
Toyota Innova,2012,1.58,18.41,145216,Diesel,Dealer,Manual,Third,19.9,2184,80.3,6
Nissan Magnite,2012,0.78,4.87,40411,Petrol,Individual,Manual,Second,25.2,1598,175.9,6
Maruti City,2012,2.66,12.1,59979,Diesel,Individual,Automatic,First,24.0,1396,150.1,5
Hyundai Swift,2021,7.85,10.22,17155,Petrol,Individual,Manual,First,26.6,799,86.0,5
Maruti EcoSport,2020,1.38,5.81,102932,Electric,Individual,Manual,First,16.9,1197,52.4,4
Maruti i20,2009,0.68,5.46,119432,Petrol,Dealer,Manual,First,12.7,998,119.1,6
Hyundai Polo,2013,0.77,4.73,95935,LPG,Individual,Manual,First,14.9,2179,79.2,5
Volkswagen City,2019,2.71,8.23,98758,Petrol,Individual,Automatic,Third,15.6,1498,64.2,5
Maruti EcoSport,2017,0.84,4.17,97700,Petrol,Individual,Manual,First,12.3,1997,184.6,5
Hyundai Swift,2021,12.39,22.35,50221,Diesel,Individual,Automatic,Second,22.9,799,194.6,8
Hyundai City,2012,0.77,6.11,44459,Diesel,Individual,Manual,Second,24.7,1598,149.0,5
Maruti City,2016,2.58,6.61,12076,Petrol,Individual,Manual,First,21.2,2179,114.6,5
Nissan Magnite,2008,0.71,5.46,28426,Electric,Individual,Manual,First,21.2,1197,132.6,6
Maruti XUV300,2013,0.83,6.67,52838,Diesel,Dealer,Manual,Second,17.9,2179,64.0,5
Maruti i20,2011,0.91,6.23,81964,Petrol,Individual,Automatic,First,23.0,1197,157.5,5
Maruti Kwid,2011,4.18,20.1,40377,Diesel,Dealer,Manual,First,15.4,2179,193.4,6
Volkswagen i20,2016,2.16,12.46,149836,Diesel,Individual,Manual,First,19.6,2993,134.2,5
Hyundai Polo,2007,1.58,18.07,111255,Petrol,Individual,Manual,Second,27.2,1199,89.6,4
Hyundai Polo,2005,2.08,15.14,109012,Diesel,Individual,Manual,First,20.9,2179,105.8,5
Maruti Nexon,2013,2.23,17.0,125469,Petrol,Dealer,Manual,First,20.6,2184,159.1,5
Maruti Nexon,2021,6.55,10.14,61625,Petrol,Individual,Automatic,First,28.0,2993,74.0,5
Maruti Swift,2019,10.03,16.16,14515,Petrol,Dealer,Manual,First,20.8,1498,114.8,5
Renault Nexon,2011,1.13,7.47,137545,Petrol,Individual,Manual,Second,24.3,2993,67.9,4
Toyota Swift,2012,3.44,22.56,46132,Petrol,Individual,Manual,Second,27.2,2179,69.2,4
Honda Innova,2021,2.13,5.31,103111,Petrol,Dealer,Automatic,Second,14.5,1598,147.2,6
Maruti Magnite,2019,6.12,15.96,82774,Petrol,Dealer,Manual,First,22.5,2184,106.8,6
Hyundai City,2009,1.01,13.98,82568,LPG,Dealer,Manual,First,21.7,799,96.4,5
Toyota Swift,2016,4.78,21.8,123639,Petrol,Dealer,Automatic,First,13.3,2179,197.6,7
Mahindra EcoSport,2016,3.08,18.59,82093,Diesel,Individual,Manual,Third,16.0,1197,139.8,5
Renault i20,2015,0.5,3.03,78396,Diesel,Dealer,Manual,Second,19.2,2993,90.5,6
Maruti i20,2016,7.11,23.14,67323,Petrol,Dealer,Manual,First,19.2,1498,54.2,5
Maruti City,2012,5.07,17.55,9554,Petrol,Individual,Automatic,First,27.4,1197,106.1,6
Honda Innova,2013,1.8,11.2,84944,Diesel,Individual,Manual,Second,24.2,1598,136.4,5
Honda City,2011,5.42,24.8,14593,Diesel,Individual,Manual,First,16.9,1997,67.0,5
Nissan i20,2017,4.34,8.77,16829,Petrol,Dealer,Manual,Second,27.5,1598,105.9,6
Ford Innova,2018,1.74,6.48,18176,Petrol,Individual,Manual,Third,26.5,1199,106.3,6
Hyundai Kwid,2005,1.94,21.65,92157,Petrol,Individual,Manual,Third,15.7,2184,136.4,4
Renault Nexon,2016,6.2,21.0,11586,Petrol,Individual,Automatic,Fourth & Above,20.0,799,100.2,5
Hyundai Polo,2012,1.57,5.99,23982,Petrol,Individual,Manual,First,26.6,1197,66.7,5
Volkswagen City,2013,4.18,20.92,54190,Diesel,Individual,Manual,First,14.4,1498,91.7,5
Honda Kwid,2009,1.64,21.67,131515,Diesel,Individual,Manual,Second,22.7,2993,78.3,5
Volkswagen City,2016,0.58,4.97,93619,Diesel,Dealer,Manual,First,21.3,1199,108.1,5
Hyundai Nexon,2011,1.39,11.7,70138,Diesel,Individual,Manual,First,19.4,1396,124.2,7
Honda Nexon,2016,7.22,19.12,30960,Diesel,Dealer,Manual,First,25.6,1498,161.3,6
Maruti City,2008,1.48,13.58,134997,Diesel,Individual,Manual,First,18.1,998,174.7,5
Maruti Swift,2017,4.41,24.04,114660,Petrol,Individual,Manual,First,18.5,1197,194.2,5
Renault Innova,2006,2.39,14.62,36535,Petrol,Individual,Manual,Second,25.8,2179,198.7,5
Hyundai Nexon,2015,3.86,18.04,107188,Diesel,Dealer,Automatic,First,27.5,1197,66.3,6
Maruti Swift,2007,2.73,18.06,77940,Diesel,Individual,Manual,First,20.9,2993,161.5,5
Toyota Magnite,2007,1.45,11.48,131662,Petrol,Individual,Manual,Second,13.5,998,195.1,6
Maruti City,2009,0.55,6.27,139089,Petrol,Individual,Manual,Second,24.0,1197,51.5,5
Tata Innova,2021,4.59,14.0,111234,Petrol,Individual,Automatic,First,24.1,1199,149.4,8
Maruti City,2007,0.55,12.88,123981,Petrol,Dealer,Manual,Fourth & Above,21.8,1199,165.8,5
Honda Polo,2017,3.94,8.32,11880,Petrol,Dealer,Automatic,First,23.3,799,155.1,6
Honda EcoSport,2020,5.02,15.58,145284,Diesel,Dealer,Automatic,Second,25.2,1598,73.9,5
Ford City,2006,1.37,12.53,127827,Diesel,Individual,Automatic,First,21.3,2179,62.1,5
Maruti Magnite,2012,2.7,17.2,54966,Petrol,Individual,Manual,Second,17.9,1197,172.3,5
Maruti Polo,2013,0.56,5.34,50440,Petrol,Individual,Automatic,Second,21.9,2179,105.6,5
Maruti Kwid,2008,1.86,9.88,39946,Diesel,Dealer,Manual,First,23.6,1598,72.7,5
Maruti City,2017,3.71,16.86,93660,Petrol,Dealer,Automatic,Second,15.9,1199,107.7,6
Maruti City,2008,0.51,9.93,132419,Petrol,Dealer,Manual,Fourth & Above,23.7,1997,78.0,5
Maruti Swift,2010,0.5,4.98,129387,Petrol,Dealer,Manual,Second,22.7,2993,50.8,5
Honda i20,2011,5.98,21.41,18133,Petrol,Individual,Automatic,First,16.9,1498,124.7,5
Honda City,2011,1.65,21.07,115443,Petrol,Individual,Manual,First,13.9,2179,173.1,6
Hyundai Nexon,2005,5.44,25.0,61045,Diesel,Individual,Manual,First,19.0,1197,96.2,7
Honda Nexon,2015,4.3,19.27,92798,Diesel,Individual,Manual,First,18.3,998,82.8,6
Toyota i20,2006,4.11,23.08,65661,Petrol,Individual,Automatic,First,27.8,1199,146.0,5
Hyundai Polo,2006,2.06,22.84,83807,Petrol,Individual,Manual,Third,23.2,1396,78.7,5
Maruti Innova,2016,2.63,13.59,143498,Diesel,Dealer,Manual,First,15.9,1498,146.6,6
Maruti EcoSport,2008,3.37,17.35,45225,LPG,Dealer,Manual,First,12.4,1396,129.1,6
Maruti EcoSport,2012,2.34,20.66,100479,Diesel,Individual,Manual,Third,14.5,1997,158.9,5
Hyundai Nexon,2018,1.91,3.27,47861,Petrol,Individual,Manual,First,14.6,1396,187.4,5
Maruti City,2008,3.35,16.6,39754,Petrol,Individual,Automatic,First,24.0,1997,120.9,4
Maruti XUV300,2014,3.41,20.02,89383,Diesel,Individual,Automatic,Third,27.6,1396,97.6,5
Maruti i20,2018,2.35,13.64,143560,Diesel,Dealer,Manual,Third,22.1,1598,125.8,4
Hyundai Polo,2008,0.96,5.6,95177,Diesel,Dealer,Automatic,First,18.3,2184,66.2,4
Tata City,2018,6.11,21.23,84449,CNG,Individual,Automatic,Second,15.8,799,55.5,6
Honda Innova,2016,5.88,17.55,56538,Petrol,Individual,Automatic,First,21.6,1199,118.9,5
Hyundai Polo,2016,2.47,6.91,18339,Petrol,Dealer,Manual,First,17.8,998,161.5,6
Maruti i20,2021,10.69,21.46,26694,Diesel,Individual,Manual,Fourth & Above,16.7,1997,158.8,7
Hyundai Innova,2015,2.74,14.37,38135,Petrol,Dealer,Manual,Third,22.3,1598,133.9,5
Mahindra Innova,2019,9.82,18.66,45185,Petrol,Dealer,Automatic,First,16.7,2993,65.3,5
Maruti Swift,2005,1.4,5.69,49088,Petrol,Dealer,Manual,Second,23.8,2184,154.9,5
Hyundai Innova,2017,5.82,18.73,88463,Petrol,Individual,Manual,First,21.7,1997,166.7,6
Honda Polo,2021,7.12,17.89,81566,Electric,Individual,Manual,Second,27.7,2993,98.9,5
Maruti Nexon,2009,2.34,14.58,39850,Petrol,Individual,Manual,Second,22.3,1498,171.7,5
Maruti XUV300,2020,5.73,22.74,107417,Petrol,Dealer,Manual,Second,24.2,1199,74.7,5
Ford i20,2021,2.8,7.1,61577,CNG,Dealer,Automatic,Third,18.1,1396,187.2,7
Toyota XUV300,2011,3.38,21.66,65403,Diesel,Dealer,Automatic,Second,24.8,1598,71.4,5
Mahindra Nexon,2005,1.83,6.32,16774,Electric,Dealer,Manual,Third,26.1,1498,81.6,4
Maruti City,2015,4.47,24.41,107126,Petrol,Individual,Manual,First,19.1,799,56.8,5
Honda XUV300,2005,1.86,19.94,125491,Petrol,Individual,Automatic,Second,27.9,998,75.4,5
Toyota Nexon,2021,10.19,15.77,12288,Diesel,Individual,Automatic,Fourth & Above,16.2,2179,104.1,6
Nissan Magnite,2009,0.5,3.12,44899,Petrol,Dealer,Automatic,First,14.1,1197,53.9,5
Renault Magnite,2013,1.08,4.66,89300,Petrol,Dealer,Manual,Second,15.9,799,195.7,5
Hyundai City,2017,4.8,10.67,64895,Diesel,Dealer,Manual,First,21.3,998,82.2,5
Mahindra Swift,2005,0.96,8.06,37456,Diesel,Dealer,Manual,First,25.6,1396,181.5,5
Maruti EcoSport,2007,2.2,19.34,86456,Diesel,Individual,Manual,Second,21.3,799,72.6,6
Honda Nexon,2018,9.18,15.0,13255,Diesel,Individual,Manual,First,19.2,1598,168.2,5
Ford i20,2016,3.31,11.18,75278,Petrol,Individual,Manual,First,19.7,799,181.4,5
Tata Innova,2018,6.16,14.21,21972,Petrol,Dealer,Automatic,Third,27.0,1396,152.2,7
Maruti Magnite,2013,3.32,21.36,90990,Petrol,Individual,Automatic,First,17.2,2993,88.8,5
Tata EcoSport,2020,7.25,23.39,124879,Petrol,Dealer,Manual,First,26.9,1997,184.0,5
Toyota City,2014,3.45,15.42,63859,Diesel,Individual,Automatic,First,23.6,1997,165.9,6
Honda Innova,2014,1.82,9.21,128476,Petrol,Individual,Manual,First,27.6,2993,54.8,5
Toyota Swift,2015,3.49,10.47,17657,Electric,Dealer,Manual,First,21.4,1997,85.9,7
Nissan Swift,2012,2.14,15.53,51809,Petrol,Dealer,Manual,Fourth & Above,22.4,2993,144.7,5
Nissan Kwid,2006,1.31,15.07,137448,Electric,Individual,Manual,Second,25.5,2993,78.2,7
Hyundai Kwid,2019,5.01,12.1,94230,Diesel,Individual,Manual,First,26.8,1997,194.0,4
Maruti Kwid,2011,2.15,9.2,55034,Petrol,Individual,Manual,First,13.8,2184,79.3,5
Hyundai Nexon,2015,3.32,16.13,87563,Petrol,Individual,Manual,Second,13.1,2993,192.8,5
Tata Kwid,2006,1.56,6.02,22505,Diesel,Dealer,Manual,First,27.6,799,93.4,5
Toyota Magnite,2014,0.78,5.29,15856,Petrol,Individual,Manual,Second,20.2,1598,99.9,5
Maruti EcoSport,2016,2.09,8.54,140442,Petrol,Dealer,Manual,First,28.0,1396,158.9,5
Maruti XUV300,2020,3.62,8.52,75400,Diesel,Dealer,Manual,First,12.8,1396,53.1,5
Honda EcoSport,2014,1.39,7.91,107599,Petrol,Individual,Manual,First,21.6,2993,77.6,5
Toyota Nexon,2010,0.66,5.2,53554,Petrol,Individual,Manual,First,14.1,799,180.6,5
Tata Nexon,2021,10.23,22.81,89147,Diesel,Individual,Manual,First,19.7,1197,198.6,5
Hyundai Nexon,2007,4.07,21.99,62148,Petrol,Individual,Manual,First,24.5,1199,182.7,5
Maruti i20,2010,1.05,17.83,148477,Petrol,Dealer,Manual,First,12.7,998,52.8,8
Tata Swift,2005,2.96,16.56,97816,Petrol,Individual,Manual,First,25.2,1997,107.1,4
Maruti XUV300,2018,6.22,15.71,68829,Petrol,Individual,Automatic,First,18.3,1598,174.4,5
Honda i20,2008,0.5,3.07,101108,Petrol,Individual,Manual,Second,19.5,1396,99.4,5
Nissan XUV300,2016,7.7,20.54,39782,Petrol,Individual,Manual,First,20.0,1598,123.0,5
Maruti Swift,2017,0.91,11.22,141475,Petrol,Individual,Manual,Third,23.3,2179,62.1,8
Maruti EcoSport,2018,4.41,13.86,38469,Petrol,Individual,Automatic,Third,16.7,998,115.3,4
Hyundai Magnite,2006,1.11,11.04,138286,CNG,Dealer,Automatic,Second,20.3,1598,138.4,5
Hyundai City,2021,3.36,7.11,93719,Petrol,Individual,Manual,First,20.2,2179,128.7,5
Honda City,2009,0.81,7.47,128556,Petrol,Individual,Manual,First,21.6,2179,133.4,5
Maruti Nexon,2009,1.61,4.63,32633,Petrol,Dealer,Manual,First,25.7,998,103.8,6
Hyundai XUV300,2005,1.32,17.97,99245,Diesel,Dealer,Manual,Third,22.9,1498,178.1,6
Honda Nexon,2007,0.86,10.7,84712,Diesel,Dealer,Manual,First,19.0,1197,103.6,6
Honda Nexon,2011,1.05,7.47,113157,Diesel,Dealer,Automatic,Fourth & Above,23.5,1199,140.0,5
Maruti Innova,2015,2.99,16.65,127766,Petrol,Individual,Manual,First,15.4,1997,70.8,5
Hyundai Kwid,2007,0.58,6.55,72278,Petrol,Individual,Manual,Fourth & Above,24.0,2993,185.2,4
Volkswagen Kwid,2016,2.97,19.38,121107,Petrol,Individual,Manual,Second,20.2,2993,69.6,4
Maruti Magnite,2020,12.88,18.54,15322,Petrol,Dealer,Automatic,First,16.1,1197,62.8,6
Tata Innova,2008,2.28,10.46,22408,Petrol,Dealer,Automatic,First,21.5,1199,89.3,7
Renault EcoSport,2019,7.18,22.63,92746,Diesel,Individual,Manual,Second,25.0,1498,75.2,4
Volkswagen City,2020,2.99,14.81,145931,Petrol,Individual,Manual,Fourth & Above,21.7,1396,139.7,6
Honda Kwid,2017,6.35,12.11,9837,Petrol,Individual,Automatic,First,13.4,2184,90.2,5
Maruti City,2011,4.42,16.3,12472,Diesel,Dealer,Manual,First,19.1,2184,130.1,6
Maruti i20,2013,5.29,19.02,11531,Diesel,Dealer,Automatic,First,24.1,1197,177.0,4
Maruti Innova,2006,1.01,7.06,95380,Petrol,Dealer,Manual,Second,22.2,1197,156.4,5
Hyundai City,2018,2.94,4.53,30015,Diesel,Individual,Manual,First,12.4,2179,99.1,5
Hyundai Polo,2013,0.5,3.49,106544,Petrol,Individual,Manual,First,21.0,2179,61.0,6
Honda City,2020,6.96,22.68,139285,Petrol,Dealer,Automatic,First,20.1,998,95.1,5
Toyota Nexon,2008,4.83,20.35,42210,Petrol,Individual,Automatic,First,14.3,1199,166.5,5
Toyota i20,2019,6.36,20.01,148185,CNG,Dealer,Automatic,First,13.7,2993,113.0,5
Volkswagen Magnite,2012,1.15,7.81,68948,Petrol,Individual,Manual,First,24.7,1997,80.1,4
Maruti Magnite,2019,6.19,15.42,40587,Petrol,Individual,Manual,Second,13.9,1197,192.1,5
Honda i20,2008,0.86,17.35,149666,Petrol,Dealer,Automatic,Fourth & Above,13.9,1199,99.6,5
Maruti Magnite,2013,1.99,23.97,119135,Diesel,Individual,Manual,Second,13.1,1598,191.3,8
Maruti Polo,2005,3.08,22.92,85195,Petrol,Individual,Manual,Second,14.8,1498,148.5,6
Maruti i20,2014,3.24,7.76,29992,Diesel,Individual,Manual,First,27.6,2993,89.0,5
Maruti Magnite,2020,9.51,16.5,31606,Petrol,Individual,Manual,First,19.4,2184,198.3,4
Maruti Magnite,2015,1.14,5.88,64829,Petrol,Individual,Manual,First,18.6,1199,195.8,5
Maruti Kwid,2017,9.12,19.19,16718,Diesel,Individual,Manual,First,24.9,1997,65.8,6
Renault City,2020,5.2,14.66,94547,Petrol,Individual,Manual,Second,22.7,1197,78.8,5
Hyundai i20,2010,3.57,20.27,66338,Petrol,Dealer,Automatic,First,26.4,1199,113.6,5
Maruti City,2013,5.99,24.79,25191,Petrol,Individual,Automatic,First,16.9,2993,181.8,5
Maruti Magnite,2011,4.26,20.14,20316,Petrol,Individual,Manual,Second,18.2,2179,95.7,5
Toyota Kwid,2013,1.71,8.6,19245,CNG,Individual,Manual,Second,25.9,2179,188.0,5
Maruti City,2014,1.26,4.9,52510,Petrol,Individual,Manual,Fourth & Above,24.6,1396,66.4,5
Honda EcoSport,2021,10.77,20.74,70152,Petrol,Individual,Automatic,First,18.7,1396,175.6,5
Maruti Kwid,2009,2.29,23.09,144787,Petrol,Dealer,Manual,Fourth & Above,25.0,1197,157.6,5
Maruti Nexon,2021,6.69,21.33,124804,Petrol,Dealer,Manual,First,26.2,799,154.9,5
Hyundai Magnite,2010,3.21,13.28,14868,Petrol,Dealer,Manual,First,19.0,2993,147.7,6
Hyundai i20,2005,1.18,10.49,93706,Petrol,Individual,Automatic,Fourth & Above,16.5,1498,71.9,6
Maruti i20,2014,2.16,21.24,99260,Petrol,Individual,Automatic,Third,19.4,2993,140.2,5
Maruti XUV300,2009,2.97,10.12,38546,Petrol,Individual,Automatic,First,17.3,1498,106.3,5
Hyundai i20,2008,0.5,4.36,114009,Diesel,Individual,Manual,First,17.8,2179,89.8,5
Honda Swift,2015,0.5,4.02,95367,Diesel,Dealer,Manual,First,26.1,1199,165.4,5
Renault XUV300,2012,1.44,7.34,88087,Diesel,Dealer,Manual,First,23.5,1498,143.6,5
Volkswagen Nexon,2011,1.07,10.07,109636,Petrol,Individual,Manual,First,22.1,1498,60.4,4
Hyundai Polo,2007,3.52,16.4,24449,Petrol,Dealer,Manual,Second,20.1,1197,90.2,5
Toyota Innova,2005,0.9,8.76,36293,Petrol,Individual,Automatic,Third,27.5,998,151.4,5
Hyundai Magnite,2020,13.52,17.46,5337,Petrol,Dealer,Automatic,First,16.1,2184,122.4,5
Hyundai Polo,2005,1.3,7.4,124805,Diesel,Individual,Manual,Second,16.6,2993,101.6,6
Maruti EcoSport,2020,10.24,24.4,79923,Diesel,Dealer,Automatic,Second,14.1,799,140.4,5
Hyundai Swift,2006,2.68,13.69,90263,Petrol,Individual,Automatic,First,12.5,2179,148.6,8
Hyundai i20,2015,4.74,16.46,50102,Petrol,Individual,Manual,Second,26.6,1997,190.5,5
Maruti EcoSport,2008,1.35,7.53,139817,Petrol,Dealer,Manual,Second,23.3,1396,146.1,4
Volkswagen City,2015,4.01,19.01,98789,Diesel,Individual,Manual,First,18.6,1598,77.9,6
Hyundai Magnite,2013,3.84,18.72,31990,Petrol,Individual,Automatic,Second,21.2,2993,93.9,5
Maruti City,2016,2.92,14.46,96580,Diesel,Individual,Manual,First,23.5,1197,100.4,5
Hyundai XUV300,2014,2.87,19.8,83508,Diesel,Individual,Manual,Third,19.8,2184,169.9,5
Hyundai Innova,2018,8.63,21.73,32156,LPG,Individual,Manual,Second,12.3,1197,108.7,5
Volkswagen Polo,2006,2.04,22.99,118216,Diesel,Dealer,Manual,Second,25.1,2993,91.4,5
Mahindra Kwid,2019,5.93,20.94,115532,Petrol,Individual,Automatic,First,16.2,2179,102.7,7
Maruti Magnite,2013,1.36,12.14,106266,Diesel,Dealer,Manual,First,23.1,2179,81.2,6
Hyundai Swift,2013,1.39,6.7,53760,Petrol,Dealer,Manual,First,20.5,1598,182.0,5
Honda Innova,2020,5.39,11.82,76135,Petrol,Dealer,Manual,First,12.6,2179,135.9,5
Toyota EcoSport,2008,2.37,9.96,5576,Petrol,Dealer,Automatic,Second,27.8,2993,184.9,4
Honda Kwid,2007,1.66,6.41,13000,Diesel,Dealer,Manual,First,19.0,1598,117.3,5
Maruti Polo,2011,3.42,14.36,18767,Diesel,Dealer,Manual,Second,19.5,1199,93.8,5
Maruti Polo,2006,1.81,14.97,56753,Petrol,Individual,Manual,First,19.2,1199,158.9,5
Maruti Polo,2009,3.6,16.18,53215,Diesel,Individual,Automatic,First,23.0,1598,110.5,5
Mahindra City,2017,2.64,9.43,88904,Petrol,Dealer,Manual,First,12.7,1199,138.0,5
Ford City,2006,0.78,8.18,88870,Diesel,Individual,Manual,First,13.7,1199,197.6,5
Hyundai Nexon,2019,6.99,18.66,87536,Petrol,Individual,Manual,First,20.7,2179,125.3,6
Maruti Innova,2009,2.7,16.55,64278,Petrol,Individual,Manual,First,26.6,2993,131.9,5
Maruti i20,2010,2.0,14.84,46100,Petrol,Individual,Manual,Second,13.6,799,133.8,4
Toyota Magnite,2007,0.76,7.61,86115,Petrol,Individual,Manual,Second,16.8,998,168.4,5
Tata Swift,2014,1.58,14.8,82658,Petrol,Dealer,Manual,Third,17.2,1396,164.1,5
Hyundai Swift,2008,2.64,8.71,9659,Petrol,Individual,Automatic,First,20.2,2179,114.6,7
Maruti XUV300,2016,2.58,12.44,64937,Petrol,Dealer,Automatic,Third,25.9,2993,151.4,5
Maruti City,2009,1.56,23.51,130220,Petrol,Individual,Manual,First,18.9,799,182.3,4
Renault Kwid,2018,2.31,7.17,117255,Diesel,Dealer,Automatic,First,15.9,1498,172.8,7
Maruti Nexon,2013,2.56,23.58,146656,Diesel,Dealer,Manual,First,19.3,1396,160.5,4
Hyundai XUV300,2021,12.51,18.83,17746,LPG,Dealer,Manual,First,22.4,1598,188.3,7
Maruti XUV300,2012,1.64,16.84,121612,Diesel,Individual,Automatic,Second,25.3,799,53.8,8
Renault Nexon,2009,1.32,19.95,128393,Electric,Dealer,Manual,First,27.6,2179,60.7,4
Toyota Swift,2005,1.08,5.25,63451,LPG,Dealer,Automatic,Fourth & Above,26.6,1598,122.4,5
Hyundai XUV300,2013,0.5,3.68,43441,Diesel,Individual,Manual,Second,21.0,1498,88.8,7
Ford Polo,2012,3.38,16.73,22060,Petrol,Individual,Manual,Second,12.5,1396,72.6,6
Maruti EcoSport,2019,5.05,12.43,84369,Petrol,Individual,Manual,First,20.8,1396,74.5,5
Maruti Kwid,2006,3.79,18.63,17688,Petrol,Individual,Manual,Second,26.8,1498,195.9,4
Maruti Nexon,2016,7.25,22.75,22564,Petrol,Individual,Manual,Second,16.9,2184,197.3,6
Toyota Kwid,2009,4.04,24.83,64807,Diesel,Individual,Automatic,Fourth & Above,25.9,2184,71.8,7
Tata Kwid,2013,0.89,7.8,69367,Diesel,Individual,Automatic,First,18.9,1199,176.9,5
Maruti Innova,2014,0.92,16.17,100957,Diesel,Dealer,Manual,Second,14.1,1997,56.3,4
Maruti Magnite,2012,0.73,5.14,92824,Petrol,Individual,Automatic,Second,16.9,2179,88.9,6
Maruti i20,2009,1.22,3.69,39058,CNG,Dealer,Automatic,First,19.7,1199,111.2,5
Mahindra i20,2014,3.86,24.16,63986,Diesel,Individual,Manual,Second,23.6,1199,52.0,8
Maruti EcoSport,2011,2.07,12.05,81574,Diesel,Dealer,Manual,First,16.4,998,169.0,5
Ford EcoSport,2010,0.5,8.86,130154,Diesel,Individual,Manual,Fourth & Above,21.8,1997,67.3,7
Hyundai Kwid,2012,1.82,20.03,114914,Petrol,Individual,Automatic,Second,22.9,799,171.7,5
Maruti Swift,2013,1.07,3.74,40126,Petrol,Dealer,Manual,First,14.3,1199,82.3,7
Honda EcoSport,2016,4.57,12.07,53603,Diesel,Dealer,Automatic,First,16.9,2179,156.3,5
Tata i20,2020,8.59,17.01,57268,Petrol,Individual,Manual,First,19.6,1498,140.8,7
Honda City,2017,5.33,16.07,52188,Diesel,Dealer,Manual,Second,23.5,2993,54.2,5
Honda Innova,2018,1.75,5.44,114608,Petrol,Individual,Manual,First,19.3,2184,171.6,4
Maruti EcoSport,2013,2.2,17.25,119009,Petrol,Dealer,Automatic,Third,25.1,998,153.5,4
Maruti Nexon,2006,3.24,21.38,63022,Diesel,Individual,Automatic,Third,17.3,1498,77.1,5
Maruti EcoSport,2012,1.2,14.33,140593,Petrol,Dealer,Manual,First,27.7,2993,189.8,7
Hyundai Nexon,2015,1.14,4.93,76466,Diesel,Dealer,Automatic,Second,20.8,1197,138.6,5
Honda i20,2020,1.42,3.22,70234,Petrol,Individual,Automatic,First,13.5,799,96.8,5
Maruti Kwid,2017,8.82,20.75,45653,Petrol,Individual,Automatic,First,17.2,1997,162.9,4
Volkswagen Nexon,2014,1.82,13.71,144559,Diesel,Individual,Manual,First,27.4,1197,97.2,5
Nissan Innova,2019,5.96,11.67,26574,CNG,Individual,Manual,First,22.6,1498,52.0,5
Maruti XUV300,2009,0.59,10.31,116683,Diesel,Dealer,Manual,Second,28.0,2184,133.6,5
Toyota EcoSport,2005,0.81,16.25,111966,Petrol,Individual,Manual,First,26.0,1197,52.8,5
Mahindra i20,2010,3.71,24.96,72961,Diesel,Dealer,Manual,Second,13.1,2179,92.5,7
Hyundai Swift,2019,4.67,8.82,39173,CNG,Dealer,Automatic,First,21.0,1396,157.7,5
Hyundai City,2009,0.78,3.95,55324,LPG,Individual,Automatic,First,22.2,2179,177.2,6
Hyundai XUV300,2014,0.91,5.08,135323,Diesel,Individual,Manual,Fourth & Above,26.3,1396,185.1,5
Maruti Swift,2013,1.66,6.07,57680,Petrol,Individual,Automatic,First,19.8,1197,81.9,5
Renault Kwid,2019,12.35,22.13,37259,Diesel,Individual,Manual,First,16.3,1598,156.9,5
Mahindra Swift,2009,4.04,24.18,49449,Petrol,Individual,Manual,First,20.6,1997,65.6,6
Toyota EcoSport,2018,3.2,5.94,39096,Petrol,Dealer,Automatic,First,26.2,799,177.5,5
Maruti i20,2008,0.65,3.55,13136,CNG,Individual,Manual,First,27.7,2184,53.1,5
Hyundai Swift,2019,6.81,17.63,24268,Diesel,Dealer,Manual,Fourth & Above,23.8,998,166.9,6
Renault EcoSport,2009,5.08,22.91,62596,Diesel,Dealer,Automatic,First,26.2,2179,170.0,5
Ford Magnite,2007,1.58,6.76,27451,Petrol,Individual,Manual,First,27.0,1997,179.5,4
Maruti Magnite,2019,10.15,17.15,17374,Diesel,Individual,Manual,First,21.9,1396,180.0,5
Maruti Swift,2015,4.49,18.98,60330,Diesel,Individual,Automatic,Second,26.2,1498,126.1,6
Tata Polo,2020,4.55,12.69,63812,Petrol,Individual,Manual,Second,15.5,2184,76.3,5
Maruti City,2013,2.43,16.36,92332,Diesel,Dealer,Manual,Second,12.9,1197,109.5,5
Ford Swift,2020,11.43,24.61,90953,Diesel,Individual,Automatic,First,24.7,1498,77.5,5
Maruti Magnite,2021,4.9,15.72,128825,Petrol,Individual,Manual,First,20.5,1598,180.1,6
Volkswagen Kwid,2017,9.47,22.14,57632,Petrol,Individual,Automatic,First,17.7,998,52.4,5
Maruti Kwid,2013,2.52,15.56,118732,Petrol,Individual,Manual,First,22.0,2184,138.6,5
Honda Kwid,2007,4.33,16.71,26645,Petrol,Individual,Manual,First,20.0,1396,97.9,5
Maruti Innova,2009,2.28,18.86,78749,Diesel,Individual,Manual,Second,13.4,1997,51.5,8
Maruti EcoSport,2015,1.13,4.3,63336,CNG,Individual,Manual,Second,20.6,998,82.6,6
Mahindra Swift,2005,1.29,4.79,41492,Petrol,Individual,Automatic,First,21.9,2179,93.3,5
Maruti Kwid,2020,10.1,23.45,18587,Petrol,Dealer,Manual,Fourth & Above,20.3,1197,163.3,4
Maruti XUV300,2015,5.48,16.22,17568,Diesel,Individual,Manual,First,19.2,1197,166.8,5
Maruti EcoSport,2013,0.91,3.19,59822,Electric,Dealer,Automatic,First,19.0,1498,175.8,8
Hyundai Polo,2005,1.52,15.04,96331,Diesel,Individual,Manual,Second,18.4,1396,109.4,5
Maruti Innova,2021,0.5,4.06,121338,Petrol,Individual,Manual,First,26.8,1396,59.5,5
Renault Magnite,2021,5.8,14.58,83372,Diesel,Individual,Manual,Second,15.1,1199,124.2,5
Hyundai EcoSport,2013,1.24,14.51,127262,Petrol,Individual,Manual,Second,16.0,1199,138.6,5
Toyota Polo,2005,0.5,5.68,44826,Petrol,Individual,Manual,First,22.7,1498,155.3,5
Hyundai i20,2005,1.57,6.54,140038,Diesel,Individual,Manual,Second,17.6,1199,105.7,5
Honda Innova,2015,5.9,14.28,19735,CNG,Dealer,Automatic,First,13.0,1598,120.7,5
Tata Polo,2006,1.22,9.62,74245,Diesel,Individual,Manual,First,18.2,2179,83.3,5
Volkswagen Polo,2017,8.2,20.42,59756,Diesel,Individual,Manual,First,20.5,1396,54.4,5
Mahindra City,2006,0.5,6.98,137139,Diesel,Individual,Manual,Third,17.5,1396,67.4,5
Maruti Magnite,2009,4.08,19.68,62852,Diesel,Individual,Automatic,First,27.9,799,129.9,5
Maruti XUV300,2016,3.42,17.4,125618,Petrol,Dealer,Manual,First,20.3,1598,178.7,5
Ford Magnite,2016,0.5,3.91,91742,Petrol,Individual,Manual,First,15.8,2993,154.3,5
Maruti Swift,2021,8.62,15.9,61862,Diesel,Dealer,Manual,First,23.7,799,176.3,5
Tata Nexon,2017,4.69,23.75,118838,Petrol,Individual,Manual,First,26.4,1197,196.3,5
Mahindra Polo,2019,2.41,10.36,121740,Petrol,Individual,Automatic,First,25.1,1199,91.3,5
Hyundai Swift,2018,7.27,15.11,17519,Diesel,Individual,Automatic,Second,26.5,1498,91.8,5
Maruti Magnite,2008,4.16,24.16,24884,LPG,Individual,Automatic,Third,22.9,799,155.2,5
Maruti Magnite,2017,1.23,5.15,118021,Petrol,Dealer,Automatic,First,15.1,1598,123.1,5
Ford Nexon,2017,3.84,9.65,18302,Diesel,Individual,Manual,First,17.6,1197,175.8,5
Honda EcoSport,2016,3.45,13.3,67674,Diesel,Dealer,Manual,Second,22.1,1197,117.9,5
Hyundai Nexon,2007,2.95,15.61,49511,Diesel,Individual,Manual,Second,19.9,2993,90.8,6
Hyundai Magnite,2010,3.91,20.66,55022,Petrol,Dealer,Manual,First,15.6,1199,138.8,5
Maruti Swift,2017,3.98,15.87,106277,LPG,Individual,Manual,Second,24.8,1997,148.8,5
Maruti Innova,2013,1.44,8.78,13634,Petrol,Individual,Manual,First,21.7,1396,138.0,5
Toyota i20,2011,2.8,21.8,94338,Diesel,Individual,Manual,First,27.0,2993,180.6,5
Hyundai City,2014,4.17,10.43,34811,Petrol,Individual,Manual,First,14.6,799,117.0,7
Hyundai Magnite,2020,1.63,12.35,139702,Petrol,Individual,Automatic,Third,24.8,1199,55.1,6
Maruti Nexon,2015,5.42,22.75,48369,Petrol,Individual,Manual,Second,26.8,998,184.7,5
Maruti Innova,2019,4.03,14.01,137599,Petrol,Dealer,Automatic,First,17.6,998,96.2,5
Maruti Nexon,2014,7.41,23.23,11626,Diesel,Individual,Manual,First,21.4,2179,61.7,5
Honda EcoSport,2005,0.79,14.83,119455,Petrol,Individual,Manual,First,23.2,998,68.9,5
Hyundai Magnite,2017,2.08,13.3,142660,Petrol,Individual,Manual,First,15.6,799,124.4,6
Renault Swift,2019,4.01,10.62,87841,Diesel,Dealer,Manual,First,26.8,998,115.3,5
Maruti Magnite,2014,1.7,8.06,6144,Petrol,Dealer,Manual,First,13.0,1396,53.1,5
Renault EcoSport,2020,2.17,9.92,136123,Diesel,Individual,Automatic,First,23.8,998,155.9,5
Maruti Kwid,2019,6.98,21.0,97476,Diesel,Dealer,Manual,First,18.7,1197,56.7,6
Maruti Swift,2021,4.75,20.53,135560,Petrol,Individual,Manual,Third,23.3,1396,62.8,5
Volkswagen Swift,2007,1.98,12.32,88636,Diesel,Individual,Manual,First,24.6,1598,66.1,6
Maruti Magnite,2021,6.45,15.1,64199,Diesel,Individual,Manual,Third,20.7,1997,157.4,5
Volkswagen Kwid,2018,2.35,8.56,137955,Electric,Individual,Automatic,First,17.0,1498,173.5,6
Tata Innova,2008,1.71,8.61,78497,Diesel,Dealer,Automatic,Second,14.9,1997,103.1,5
Hyundai Innova,2015,1.9,8.25,129858,Petrol,Individual,Manual,First,22.0,1997,194.9,5
Maruti i20,2005,0.65,7.3,140097,Diesel,Dealer,Manual,First,23.9,2993,185.0,6
Maruti Magnite,2005,1.38,14.03,117569,Petrol,Individual,Manual,First,18.2,1396,119.0,5
Maruti EcoSport,2020,10.66,22.12,77009,Diesel,Individual,Automatic,First,19.0,998,117.6,5
Hyundai Kwid,2017,11.55,23.25,23328,Diesel,Dealer,Manual,First,17.0,799,56.0,7
Tata XUV300,2008,1.31,8.44,23228,Petrol,Individual,Manual,Fourth & Above,25.3,1396,78.6,5
Maruti City,2005,0.83,5.88,65528,Petrol,Individual,Manual,First,18.6,1396,59.4,5
Maruti Kwid,2012,2.14,23.15,136460,Petrol,Dealer,Manual,First,13.2,2179,52.2,6
Hyundai Polo,2011,2.84,15.68,58482,Petrol,Individual,Manual,First,20.2,2993,82.2,5
Toyota i20,2010,5.39,23.77,24870,Petrol,Individual,Manual,First,16.5,1997,154.2,5
Maruti i20,2021,5.93,22.33,120625,Diesel,Individual,Manual,Second,13.8,1498,76.3,5
Hyundai City,2019,2.86,19.97,118417,Petrol,Individual,Manual,Fourth & Above,21.3,1598,172.0,5
Nissan XUV300,2019,3.79,9.72,70881,Diesel,Individual,Automatic,Third,21.6,799,177.3,5
Honda EcoSport,2018,4.58,11.67,18015,Petrol,Individual,Manual,Third,23.4,1498,101.0,7
Ford EcoSport,2018,1.93,8.59,136275,Petrol,Individual,Automatic,Fourth & Above,27.2,2184,164.5,5
Ford EcoSport,2013,0.5,7.74,137744,Petrol,Dealer,Manual,First,27.7,1197,143.3,5
Maruti Magnite,2019,7.51,15.91,73774,Petrol,Dealer,Manual,First,24.0,799,78.6,5
Tata Magnite,2017,3.98,14.7,128374,Petrol,Individual,Automatic,First,25.9,1598,118.4,7
Volkswagen Kwid,2013,2.87,9.16,43635,Petrol,Dealer,Manual,Second,20.0,1498,194.1,7
Maruti EcoSport,2010,3.35,18.99,96796,Diesel,Individual,Manual,First,24.7,2993,197.6,5
Toyota EcoSport,2007,3.29,10.38,27466,Diesel,Individual,Manual,First,24.2,1396,116.1,5
Maruti Innova,2019,6.23,15.13,6676,Petrol,Individual,Manual,Third,25.1,2184,83.5,5
Hyundai Swift,2012,3.94,24.65,59654,Diesel,Individual,Automatic,Fourth & Above,21.4,1199,88.7,5
Honda City,2021,12.87,22.25,58165,Petrol,Individual,Manual,First,12.5,1498,64.3,4
Hyundai EcoSport,2009,0.71,8.04,84584,Petrol,Individual,Automatic,Fourth & Above,27.0,2993,109.9,6
Maruti Swift,2007,0.89,15.14,105196,Petrol,Individual,Manual,Fourth & Above,15.5,2184,197.4,7
Renault i20,2012,1.97,10.7,81479,Electric,Dealer,Manual,First,15.6,1199,127.2,6
Maruti i20,2006,5.57,22.39,9418,Diesel,Dealer,Automatic,Second,19.9,1396,110.6,5
Hyundai EcoSport,2018,10.98,17.84,14839,Diesel,Dealer,Automatic,First,18.8,998,118.2,5
Ford Swift,2015,1.62,20.32,149446,Diesel,Individual,Manual,Third,18.3,2179,71.2,5
Toyota EcoSport,2010,3.66,15.76,27970,Diesel,Individual,Manual,First,24.8,1598,155.9,5
Maruti Polo,2015,3.69,14.96,48702,Diesel,Individual,Manual,First,16.7,1197,129.4,6
Volkswagen Innova,2017,4.94,15.72,70708,Diesel,Individual,Automatic,Second,18.7,2184,121.0,5
Hyundai City,2009,2.02,22.82,115827,Electric,Individual,Automatic,Fourth & Above,12.1,1598,61.3,7
Hyundai Kwid,2014,1.49,18.01,104306,Petrol,Dealer,Manual,Fourth & Above,25.3,1396,53.5,5
Toyota Magnite,2013,2.56,10.23,43921,Petrol,Individual,Manual,First,22.8,1498,152.9,7
Volkswagen Swift,2021,3.32,12.11,118547,Petrol,Dealer,Manual,Second,19.2,2993,92.8,4
Toyota City,2011,2.75,14.91,91951,Petrol,Individual,Manual,First,14.4,2993,64.2,5
Hyundai EcoSport,2012,1.84,13.36,90066,CNG,Dealer,Manual,First,24.0,2179,130.3,8
Hyundai Kwid,2008,3.53,16.95,40215,Diesel,Dealer,Automatic,First,15.0,2184,74.3,5
Hyundai Swift,2014,5.88,21.02,34237,Petrol,Dealer,Manual,First,21.3,1396,65.5,5
Maruti Magnite,2017,3.0,15.29,139678,Diesel,Individual,Manual,First,16.8,2184,147.7,8
Honda Polo,2007,1.93,5.81,21944,Diesel,Individual,Manual,First,18.7,2184,64.1,5
Hyundai City,2017,6.84,24.93,59058,Petrol,Individual,Manual,Third,23.3,2184,183.0,5
Renault City,2019,1.3,3.2,142312,Diesel,Individual,Automatic,First,24.9,1199,132.3,5
Maruti Innova,2014,2.38,12.03,82684,Petrol,Dealer,Manual,First,14.2,998,174.4,7
Maruti Innova,2019,5.88,12.56,66262,Petrol,Individual,Manual,First,20.9,1997,181.4,7
Maruti XUV300,2014,1.79,10.12,93215,Petrol,Individual,Manual,First,15.6,2184,82.3,5
Tata EcoSport,2019,4.08,8.38,35472,Petrol,Dealer,Manual,First,16.5,1498,62.7,6
Maruti XUV300,2012,3.09,24.22,133428,Diesel,Dealer,Manual,First,25.5,1498,90.4,7
Maruti Innova,2013,1.4,9.08,43343,Diesel,Individual,Automatic,Third,13.6,1197,169.5,5
Volkswagen i20,2017,0.5,3.67,146295,Petrol,Dealer,Manual,Second,25.8,799,67.0,5
Honda Polo,2016,3.0,14.35,127211,Petrol,Individual,Manual,First,23.9,1197,198.7,5
Maruti i20,2019,12.08,20.27,27584,Petrol,Individual,Automatic,First,16.4,2993,104.8,5
Maruti Swift,2012,3.35,24.94,137915,Diesel,Individual,Automatic,First,17.0,1396,168.2,5
Hyundai Polo,2017,7.9,13.53,7932,Diesel,Individual,Automatic,First,15.0,2184,153.3,5
Hyundai Innova,2007,2.13,15.05,17135,Diesel,Dealer,Manual,Third,14.0,1997,51.9,7
Maruti Nexon,2010,3.36,18.96,18908,CNG,Individual,Manual,Second,16.9,1396,64.1,5
Honda Polo,2006,1.15,12.07,143485,Petrol,Individual,Manual,First,24.6,1199,89.9,4
Maruti XUV300,2021,8.3,19.54,106666,Petrol,Individual,Automatic,Second,23.5,799,68.3,5
Tata Nexon,2017,4.35,17.99,94543,Petrol,Individual,Automatic,Second,24.3,2184,87.5,4
Ford Innova,2009,2.54,22.68,30099,Petrol,Individual,Automatic,Third,17.4,1598,158.9,6
Renault i20,2011,2.12,11.65,21819,Petrol,Dealer,Manual,Second,12.8,1997,196.3,5
Hyundai Kwid,2014,4.8,21.73,25378,Petrol,Dealer,Manual,Third,17.1,1396,157.3,6
Renault Magnite,2007,1.36,6.69,20451,Petrol,Dealer,Manual,First,16.9,2993,188.3,5
Maruti EcoSport,2010,5.68,24.57,54914,Diesel,Individual,Manual,First,19.3,1396,66.0,6
Mahindra Kwid,2005,5.37,23.36,23953,Petrol,Individual,Manual,First,22.2,1197,57.1,5
Volkswagen City,2015,0.53,8.67,139191,Petrol,Individual,Manual,Second,19.8,1199,69.9,8
Maruti Magnite,2020,10.16,23.58,81695,Diesel,Individual,Manual,First,22.3,1498,124.8,5
Hyundai City,2012,0.99,4.28,104689,Petrol,Individual,Automatic,Second,26.5,1197,122.5,7
Maruti i20,2010,0.5,5.14,100526,Diesel,Individual,Manual,Third,26.4,1396,70.4,5
Ford City,2005,1.99,19.36,127670,Diesel,Individual,Manual,First,24.8,799,131.5,8
Maruti Nexon,2014,2.05,14.89,130456,Diesel,Individual,Automatic,First,14.7,1197,68.5,5
Tata Innova,2021,3.53,4.75,25931,Petrol,Individual,Manual,First,16.5,1199,92.0,5
Nissan i20,2016,0.97,6.37,117898,Diesel,Dealer,Automatic,First,14.2,1997,132.2,4
Maruti Kwid,2008,2.29,13.78,72561,Petrol,Individual,Manual,First,25.1,1598,144.6,5
Hyundai i20,2006,3.22,19.28,92327,Diesel,Individual,Manual,First,20.3,2184,126.8,4
Volkswagen Nexon,2005,2.07,10.89,63277,Diesel,Dealer,Manual,First,16.6,1498,77.4,5
Maruti Polo,2005,4.66,24.93,69618,Diesel,Dealer,Automatic,First,16.3,1396,52.2,4
Nissan i20,2005,1.49,14.27,139644,Petrol,Individual,Manual,First,25.6,1396,188.2,7
Renault Magnite,2016,2.86,5.66,8088,Petrol,Individual,Manual,Second,25.4,2184,148.1,5
Mahindra i20,2006,0.67,6.4,141361,Petrol,Individual,Manual,Second,21.9,1199,97.9,5
Maruti Swift,2018,11.4,23.0,35897,Diesel,Dealer,Automatic,Second,27.9,2993,112.3,4
Volkswagen City,2011,0.53,4.13,16204,Diesel,Individual,Manual,Fourth & Above,25.9,2184,112.5,5
Maruti Swift,2018,9.02,19.23,26576,CNG,Individual,Manual,First,13.6,1598,165.3,5
Hyundai City,2007,2.22,12.55,28161,Diesel,Dealer,Manual,Second,15.9,1498,70.2,5
Renault XUV300,2013,1.23,8.89,73712,Petrol,Individual,Manual,First,22.2,1199,128.7,5
Maruti City,2014,3.04,15.89,64823,Diesel,Individual,Automatic,Third,14.6,799,146.3,6
Volkswagen Swift,2015,1.09,4.14,79060,Petrol,Individual,Manual,Second,19.6,1598,130.5,5
Ford Magnite,2009,2.48,19.0,146820,Petrol,Individual,Automatic,First,26.6,1197,126.3,5
Maruti i20,2015,3.61,22.81,128362,Diesel,Individual,Manual,Second,20.6,2184,138.2,5
Maruti Innova,2013,2.66,23.52,40306,Petrol,Dealer,Manual,Fourth & Above,12.1,1498,79.2,8
Hyundai Innova,2007,2.19,16.24,113538,Diesel,Dealer,Manual,First,21.6,2184,105.8,5
Hyundai Swift,2014,1.48,11.86,67358,Petrol,Dealer,Manual,Second,24.8,1498,150.2,8
Hyundai City,2009,1.7,8.86,56178,LPG,Individual,Automatic,Third,16.1,1498,182.8,4
Renault XUV300,2017,4.21,15.5,84942,Diesel,Dealer,Manual,Second,17.4,1498,87.0,6
Hyundai Swift,2009,2.26,13.76,133104,Petrol,Individual,Automatic,First,24.2,2179,124.3,8
Hyundai Nexon,2019,7.53,16.9,69591,Petrol,Individual,Manual,First,15.7,799,80.7,7
Hyundai Nexon,2016,2.28,10.69,85290,Diesel,Individual,Manual,Second,20.6,1598,190.0,8
Maruti Innova,2009,1.68,8.33,65108,Diesel,Individual,Automatic,First,24.5,1396,150.5,6
Maruti i20,2006,2.71,22.67,82557,Diesel,Individual,Automatic,First,12.2,2179,106.6,6
Maruti Kwid,2021,14.45,18.55,14885,Diesel,Individual,Manual,First,22.5,1396,90.3,5
Ford Innova,2010,3.49,19.03,38095,Diesel,Individual,Manual,Second,14.9,2184,83.5,5
Maruti i20,2019,8.84,13.95,23980,Diesel,Dealer,Automatic,First,20.2,799,80.7,7
Maruti Polo,2010,1.91,9.18,132550,Diesel,Individual,Manual,First,13.0,799,199.0,5
Nissan Nexon,2014,1.66,7.31,73069,Petrol,Individual,Manual,First,26.2,2179,103.1,5
Hyundai Innova,2019,6.16,11.98,48734,Diesel,Individual,Manual,First,18.0,2179,169.3,5
Maruti Nexon,2007,1.55,7.92,147524,Petrol,Individual,Automatic,First,25.4,2993,98.7,5
Maruti XUV300,2009,1.52,14.08,99805,Petrol,Dealer,Manual,First,16.3,2184,170.2,5
Maruti City,2018,0.72,4.36,134959,Petrol,Individual,Manual,Second,17.6,1197,133.7,5
Maruti i20,2014,3.06,18.88,125659,Diesel,Individual,Automatic,Second,23.7,1396,74.7,5
Maruti Innova,2009,1.66,19.93,117458,Electric,Individual,Manual,First,20.5,2179,171.3,5
Hyundai Polo,2020,7.1,16.13,41062,Petrol,Individual,Manual,Third,17.5,799,152.8,6
Mahindra EcoSport,2007,4.48,21.2,30177,Diesel,Dealer,Manual,First,17.0,2184,137.2,6
Maruti Nexon,2007,1.13,10.68,70133,Petrol,Individual,Automatic,First,16.8,1197,79.2,5
Maruti Magnite,2021,2.65,6.49,114247,Diesel,Individual,Manual,First,12.3,1197,171.1,5
Honda Nexon,2005,2.29,16.32,122959,Petrol,Individual,Manual,First,18.2,1199,158.7,5
Toyota Nexon,2005,1.44,16.6,73083,Petrol,Individual,Manual,Third,17.5,2179,158.8,5
Honda Magnite,2007,0.5,7.55,89360,Petrol,Individual,Manual,First,27.8,1598,151.2,4
Maruti City,2021,10.39,19.4,74676,Petrol,Dealer,Automatic,First,15.1,1498,131.7,5
Maruti City,2017,2.08,4.17,52276,Petrol,Individual,Manual,First,16.1,2993,164.3,6
Maruti i20,2009,1.75,18.42,103524,Petrol,Dealer,Manual,Second,27.6,1197,158.9,7
Honda City,2012,2.31,13.39,136382,Diesel,Individual,Automatic,Second,19.6,998,104.8,5
Ford Swift,2013,0.97,8.27,37996,Diesel,Individual,Manual,Second,19.0,1199,151.4,5
Nissan XUV300,2006,1.7,9.36,106449,CNG,Individual,Manual,First,17.5,2184,176.7,4
Toyota Swift,2006,0.5,3.88,124744,Diesel,Individual,Manual,First,25.8,1498,194.4,5
Mahindra i20,2010,1.5,11.31,115452,Diesel,Individual,Manual,First,26.7,1997,186.0,7
Hyundai Innova,2006,1.17,15.81,91491,Petrol,Individual,Manual,First,15.3,799,108.9,7
Honda XUV300,2012,1.44,7.57,23440,Petrol,Dealer,Manual,Second,12.4,1997,148.2,4
Renault i20,2006,0.54,10.84,142045,Electric,Dealer,Manual,Second,21.8,1199,115.8,5
Maruti EcoSport,2007,0.5,4.28,102185,CNG,Individual,Manual,Second,13.0,2179,54.8,5
Maruti XUV300,2014,5.84,18.78,22171,CNG,Individual,Automatic,First,19.6,1199,147.4,5
Mahindra i20,2012,1.54,19.47,98173,Petrol,Individual,Automatic,Third,21.5,799,66.6,5
Toyota City,2018,2.78,13.12,138507,Diesel,Dealer,Manual,Third,21.9,2993,187.0,5
Honda City,2020,11.04,16.37,7752,Diesel,Individual,Manual,First,22.2,1197,184.8,5
Maruti City,2012,3.09,23.15,83340,CNG,Individual,Manual,Second,22.0,1997,125.6,5
Maruti Magnite,2017,5.41,22.08,120492,Electric,Dealer,Automatic,First,23.7,1598,91.0,5
Honda Kwid,2010,1.73,13.33,124652,Petrol,Dealer,Automatic,First,14.1,2184,128.8,7
Honda EcoSport,2005,1.09,10.31,84770,Petrol,Individual,Manual,First,24.9,1396,166.8,4
Mahindra Swift,2012,0.9,7.17,78210,Petrol,Individual,Automatic,Fourth & Above,16.0,2993,178.6,7
Hyundai City,2013,1.6,6.92,31974,Electric,Dealer,Manual,Second,22.4,799,67.8,5
Hyundai Swift,2006,2.37,14.69,34114,LPG,Individual,Manual,Fourth & Above,23.8,1199,170.9,8
Renault XUV300,2020,11.84,18.39,35185,Diesel,Dealer,Automatic,First,21.7,1197,117.7,5
Volkswagen Nexon,2010,2.48,22.52,123158,Petrol,Dealer,Manual,First,25.1,1396,79.0,5
Renault Kwid,2011,0.95,13.3,98651,Petrol,Dealer,Manual,First,24.2,1997,79.8,7
Maruti Magnite,2009,1.4,17.72,123818,LPG,Dealer,Manual,First,18.9,799,106.8,4
Ford Magnite,2005,1.2,6.53,34431,Diesel,Dealer,Manual,First,14.6,1498,162.5,5
Hyundai Kwid,2012,0.5,6.27,127879,Petrol,Dealer,Manual,Second,16.8,2184,106.0,6
Mahindra EcoSport,2020,4.56,16.98,146964,Petrol,Individual,Automatic,Fourth & Above,22.1,2184,82.2,4
Hyundai Kwid,2017,5.17,10.7,39288,Diesel,Individual,Automatic,First,24.0,2179,72.9,5
Volkswagen Nexon,2020,2.42,5.78,78635,Petrol,Dealer,Manual,Second,22.4,1498,190.9,4
Hyundai Polo,2008,2.86,12.38,41760,Petrol,Individual,Manual,Second,23.7,2993,81.7,5
Maruti Polo,2010,0.5,3.54,144494,Diesel,Dealer,Manual,Second,26.9,1997,174.3,6
Maruti Polo,2013,1.94,20.29,112549,Diesel,Individual,Manual,Third,27.7,1396,53.0,6
Mahindra Polo,2010,0.7,3.57,56356,Petrol,Individual,Manual,Third,27.0,2184,60.7,5
Renault City,2020,8.37,16.42,80253,Diesel,Dealer,Automatic,First,22.5,799,134.6,7
Maruti Magnite,2012,4.27,24.88,90031,Diesel,Individual,Manual,First,25.9,2993,65.0,5
Nissan Polo,2015,2.96,22.83,139883,Diesel,Dealer,Manual,Second,26.5,1396,63.8,5
Volkswagen Polo,2012,1.12,9.55,131545,Petrol,Dealer,Manual,First,12.5,1199,138.1,5
Renault Magnite,2019,6.3,18.41,104009,Diesel,Dealer,Manual,First,19.1,2184,176.5,5
Mahindra Magnite,2010,0.79,3.38,65447,Petrol,Dealer,Automatic,First,16.1,1199,191.8,4
Hyundai Polo,2009,2.96,15.33,78159,Petrol,Dealer,Automatic,First,27.5,1598,60.7,5
Maruti Nexon,2015,3.02,24.04,136527,Petrol,Individual,Manual,Second,21.7,1197,147.9,5
Maruti i20,2012,0.5,10.8,148960,LPG,Dealer,Automatic,First,23.3,1498,72.1,8
Hyundai Nexon,2018,4.45,18.63,141987,Petrol,Individual,Manual,First,14.6,1598,104.7,6
Maruti i20,2009,2.61,24.7,100373,Petrol,Dealer,Automatic,Second,16.7,2993,76.6,6
Mahindra XUV300,2019,3.65,16.12,120423,Diesel,Individual,Manual,Second,25.8,1997,103.5,8
Hyundai Innova,2016,7.86,21.7,24676,LPG,Dealer,Manual,First,17.9,1598,134.0,8
Ford Magnite,2011,2.21,12.01,8678,CNG,Individual,Manual,Second,20.0,2179,124.2,5
Hyundai Swift,2009,5.97,22.69,30850,Petrol,Individual,Automatic,Second,16.4,998,85.3,5
Tata i20,2017,0.56,3.74,62822,CNG,Dealer,Manual,First,26.7,2179,73.2,4
Renault Polo,2009,2.39,9.92,8268,Petrol,Dealer,Manual,First,15.0,2184,135.0,5
Mahindra EcoSport,2019,4.58,15.4,146069,Petrol,Individual,Automatic,First,27.9,1997,88.3,5
Honda Magnite,2013,0.5,8.95,105614,Diesel,Individual,Manual,Third,18.2,1498,116.6,5
Hyundai Polo,2018,6.58,15.26,30319,Petrol,Dealer,Automatic,Second,19.5,2184,153.0,6
Nissan City,2019,2.59,8.72,109280,Petrol,Individual,Automatic,Third,16.4,1498,92.5,5
Toyota i20,2013,4.2,17.69,69792,Diesel,Dealer,Automatic,First,27.3,1498,162.8,5
Toyota City,2010,1.81,20.39,149844,Petrol,Individual,Manual,First,12.3,1498,51.5,7
Maruti Innova,2019,3.9,9.41,54769,LPG,Individual,Manual,First,24.2,2993,193.9,5
Hyundai i20,2010,1.54,14.88,141772,Petrol,Individual,Manual,First,24.5,1598,199.1,5
Hyundai EcoSport,2016,4.07,23.29,127441,Petrol,Dealer,Automatic,Second,15.2,1197,180.5,5
Honda EcoSport,2017,4.75,11.96,22173,Diesel,Dealer,Manual,First,27.7,1997,112.2,5
Ford Nexon,2007,0.85,18.36,93121,Petrol,Individual,Manual,Third,24.3,799,79.9,5
Ford City,2015,1.41,8.53,55772,Diesel,Individual,Manual,First,26.4,1598,197.5,5
Tata Magnite,2015,4.13,19.14,85984,Electric,Individual,Automatic,First,16.1,799,59.8,5
Honda XUV300,2021,1.74,8.0,136692,Diesel,Individual,Manual,First,25.2,799,95.3,5
Maruti Magnite,2018,1.98,4.15,33484,Diesel,Dealer,Manual,First,22.9,1997,104.5,5
Hyundai Swift,2013,1.89,17.31,34476,Petrol,Individual,Manual,Fourth & Above,17.7,1199,133.0,5
Maruti City,2014,1.26,5.34,14042,Diesel,Dealer,Manual,First,23.9,1598,195.4,4
Tata XUV300,2018,8.63,20.61,27132,Petrol,Dealer,Manual,Second,15.7,1396,50.9,6
Maruti Nexon,2014,1.5,10.41,142702,Petrol,Dealer,Automatic,First,23.5,998,93.5,4
Maruti Polo,2014,2.54,10.85,82948,Petrol,Individual,Automatic,First,14.0,2184,127.5,6
Toyota XUV300,2010,4.67,22.31,27857,Diesel,Dealer,Manual,First,23.1,1396,171.5,5
Maruti Magnite,2020,2.47,5.47,89647,Petrol,Dealer,Manual,First,15.8,998,51.8,5
Tata Nexon,2018,6.95,21.05,33647,Diesel,Individual,Manual,Third,22.4,2184,132.8,5
Renault Innova,2020,4.49,9.66,21003,Diesel,Individual,Manual,Second,13.4,1199,118.1,7
Hyundai Nexon,2007,0.5,11.27,59376,Petrol,Dealer,Automatic,First,26.2,1199,59.8,5
Honda Swift,2010,1.82,14.05,119559,Diesel,Individual,Manual,Second,17.5,2184,130.5,5
Mahindra XUV300,2019,2.1,9.17,123602,CNG,Individual,Automatic,First,13.0,1197,194.9,5
Maruti Kwid,2014,0.69,14.34,143944,Diesel,Individual,Manual,Third,21.5,1197,181.7,6
Maruti EcoSport,2015,3.43,12.76,60337,Petrol,Individual,Automatic,First,16.5,2993,167.7,5
Maruti Nexon,2011,5.97,24.11,17299,Petrol,Individual,Manual,First,20.8,1997,100.5,5
Hyundai City,2013,1.48,13.38,121774,Petrol,Individual,Manual,Second,20.3,1598,92.0,6
Hyundai EcoSport,2013,1.6,11.55,61754,Petrol,Dealer,Manual,First,25.7,1396,80.4,6
Hyundai Nexon,2020,3.11,17.02,133814,Petrol,Dealer,Manual,Third,12.1,799,180.6,5
Volkswagen Nexon,2017,6.29,24.75,58907,Petrol,Dealer,Manual,Third,21.9,2179,54.0,5
Volkswagen City,2021,7.06,22.7,114830,CNG,Dealer,Manual,First,17.6,1396,187.6,5
Maruti Nexon,2009,2.81,21.28,82848,Petrol,Individual,Automatic,Second,13.3,1396,92.5,4
Hyundai Nexon,2018,4.18,15.34,93448,Diesel,Individual,Manual,Third,12.7,2184,181.6,5
Tata Kwid,2017,3.44,7.83,69065,Petrol,Dealer,Manual,First,27.1,2993,192.3,5
Renault Innova,2019,3.28,8.82,69194,Petrol,Individual,Manual,First,27.3,799,157.8,6
Renault EcoSport,2009,1.22,8.72,136098,CNG,Individual,Manual,First,14.1,1197,120.3,6
Tata Nexon,2016,2.11,13.81,117238,Petrol,Individual,Manual,Second,17.7,799,68.6,5
Renault Magnite,2008,0.5,3.53,16226,Diesel,Individual,Automatic,First,12.4,799,51.7,5
Maruti Innova,2009,3.62,18.96,47089,Petrol,Dealer,Manual,Second,16.7,2179,98.2,5
Honda i20,2010,3.85,18.2,21360,Petrol,Individual,Manual,First,18.8,799,170.7,5
Maruti Nexon,2016,0.5,3.87,132953,Diesel,Individual,Manual,Fourth & Above,24.1,799,106.5,5
Ford EcoSport,2009,1.98,16.72,95123,Diesel,Individual,Manual,First,20.4,1199,73.5,5
Maruti Swift,2005,4.1,15.48,24854,Petrol,Individual,Manual,First,17.8,998,120.5,8
Maruti Polo,2010,0.5,10.24,134548,Petrol,Dealer,Manual,Second,24.3,2184,111.2,4
Maruti Swift,2008,2.46,23.81,131956,Diesel,Individual,Automatic,First,21.0,2993,185.0,5
Honda EcoSport,2007,1.79,13.07,85699,Diesel,Dealer,Automatic,Third,21.2,1598,168.6,5
Renault Polo,2014,0.61,4.53,73514,Petrol,Dealer,Manual,First,14.3,2993,62.1,4
Ford XUV300,2016,7.95,23.66,67678,Diesel,Individual,Automatic,First,22.7,1598,145.5,5
Honda XUV300,2020,3.26,6.82,61221,Diesel,Dealer,Manual,Second,27.0,2179,62.3,5
Ford Polo,2020,5.86,12.83,50924,Petrol,Individual,Automatic,Second,27.8,998,146.7,7
Honda XUV300,2020,5.67,20.98,112600,Electric,Individual,Automatic,Second,15.0,1396,108.6,7
Hyundai City,2007,1.48,18.34,132617,Petrol,Individual,Automatic,First,13.6,1598,193.0,5
Honda Magnite,2020,14.93,24.37,36785,Petrol,Individual,Manual,First,14.7,998,112.1,6
Maruti Swift,2012,1.81,22.84,65306,CNG,Individual,Manual,Third,14.2,799,156.8,5
Nissan City,2014,1.01,3.58,13820,Diesel,Dealer,Manual,First,16.9,1396,50.1,5
Hyundai Nexon,2012,3.09,13.94,40107,Diesel,Individual,Manual,First,16.1,2993,53.1,5
Renault Kwid,2015,4.17,24.85,135037,Petrol,Individual,Manual,First,21.7,1197,146.4,5
Hyundai i20,2013,0.58,12.35,112752,Petrol,Individual,Manual,First,19.0,1199,97.8,5
Honda XUV300,2013,1.41,13.12,83946,Petrol,Individual,Manual,Second,17.4,2179,68.4,5
Maruti Polo,2017,5.69,24.16,87675,Petrol,Individual,Manual,Second,18.1,2179,171.6,5
Maruti i20,2010,2.02,7.43,32623,CNG,Individual,Manual,First,18.1,1396,86.2,5
Maruti Kwid,2005,2.14,22.48,146020,Petrol,Individual,Manual,First,21.3,2184,146.1,5
Maruti City,2005,2.25,16.98,59911,Petrol,Dealer,Manual,First,16.4,2184,71.4,7
Maruti Magnite,2020,2.31,5.44,39842,Petrol,Individual,Manual,Second,13.2,2993,198.3,5
Tata Polo,2005,3.1,17.13,28707,LPG,Individual,Manual,Second,13.4,1598,66.3,5
Nissan Innova,2011,2.15,21.07,129651,Diesel,Individual,Automatic,First,17.0,1498,111.1,7
Volkswagen City,2017,3.09,17.38,116836,Petrol,Dealer,Manual,Second,16.2,1997,192.1,4
Honda EcoSport,2016,2.41,7.33,42358,Petrol,Dealer,Manual,Second,18.2,1598,133.0,5
Ford Polo,2016,3.26,12.77,131887,Petrol,Individual,Manual,First,20.2,1396,62.7,5
Hyundai Innova,2010,1.38,10.48,8659,Petrol,Individual,Manual,Third,22.7,2184,199.2,5
Maruti XUV300,2010,0.81,5.28,55209,Petrol,Individual,Automatic,First,19.6,2993,120.0,6
Volkswagen XUV300,2009,2.51,21.75,137794,LPG,Individual,Manual,First,16.6,2184,113.6,5
Maruti Magnite,2019,4.17,6.44,9462,LPG,Individual,Manual,First,28.0,2993,194.6,4
Toyota City,2010,1.14,3.97,124401,Diesel,Dealer,Manual,First,17.6,2184,188.0,6
Hyundai i20,2017,4.18,19.83,109749,Petrol,Individual,Manual,First,15.4,1396,135.6,5
Maruti EcoSport,2019,4.27,13.91,62760,Diesel,Individual,Manual,Fourth & Above,12.1,1197,142.6,7
Maruti XUV300,2005,1.78,18.6,130114,Diesel,Dealer,Automatic,Fourth & Above,14.9,2184,133.5,7
Maruti Magnite,2012,2.79,17.83,71686,Diesel,Dealer,Manual,First,26.7,1498,174.0,5
Maruti i20,2021,3.76,10.66,45975,Diesel,Dealer,Manual,Third,12.6,1197,150.6,5
Toyota Swift,2011,2.16,15.75,147900,Petrol,Individual,Manual,First,25.2,1598,179.9,5
Hyundai Magnite,2009,0.66,10.51,131069,Diesel,Dealer,Manual,Second,24.9,2184,145.5,5
Ford Innova,2011,3.86,18.3,16739,Diesel,Individual,Manual,First,25.6,1197,50.4,5
Renault Innova,2010,2.71,14.65,67904,Petrol,Individual,Manual,First,24.0,1199,184.1,5
Hyundai Polo,2021,6.54,11.62,64081,Diesel,Individual,Automatic,First,25.5,1396,191.5,4
Hyundai i20,2017,7.0,21.28,49188,Diesel,Dealer,Manual,Second,25.0,1598,130.2,5
Maruti Innova,2010,1.41,15.36,121042,LPG,Individual,Automatic,First,24.3,1199,129.6,5
Honda XUV300,2016,3.02,13.06,91501,Petrol,Individual,Manual,First,17.2,2179,92.8,5
Tata Innova,2019,14.98,24.64,16981,Petrol,Individual,Manual,First,25.5,1396,166.8,5
Maruti City,2009,1.4,6.44,96693,Diesel,Individual,Automatic,First,12.1,2179,199.8,5
Maruti XUV300,2020,5.37,16.95,109977,Petrol,Individual,Manual,First,14.9,1199,106.4,5
Honda EcoSport,2017,3.07,13.61,133268,Diesel,Individual,Manual,First,19.0,1197,177.4,6
Mahindra City,2019,6.77,13.03,52791,Diesel,Individual,Manual,First,22.1,1199,108.3,5
Maruti Innova,2011,2.78,18.92,20372,Petrol,Individual,Manual,Second,18.0,1197,188.5,7
Maruti Swift,2009,1.49,3.37,12232,Diesel,Individual,Manual,First,15.1,2184,167.0,7
Nissan Polo,2013,2.86,21.85,67244,Petrol,Individual,Manual,First,24.2,1199,136.6,5
Hyundai Polo,2017,2.75,4.78,64040,Petrol,Individual,Manual,Second,12.0,998,55.1,5
Toyota Polo,2019,4.08,17.93,137309,Petrol,Individual,Manual,First,22.0,2993,152.3,5
Maruti Nexon,2008,0.64,11.18,111889,Diesel,Dealer,Manual,Second,18.2,2184,166.9,5
Maruti XUV300,2016,2.03,5.98,123400,Diesel,Dealer,Manual,First,20.8,1997,128.2,4
Maruti EcoSport,2014,1.63,7.83,10639,Petrol,Dealer,Automatic,First,12.7,2184,147.3,7
Tata XUV300,2007,1.15,6.23,65787,Diesel,Individual,Automatic,First,19.0,2184,106.9,6
Maruti EcoSport,2010,6.46,22.62,6403,Petrol,Individual,Automatic,First,16.8,998,128.8,8
Hyundai Kwid,2009,2.04,11.77,45482,Petrol,Individual,Manual,First,20.7,2184,141.9,5
Nissan EcoSport,2020,5.03,15.37,120702,Petrol,Individual,Automatic,First,22.3,1498,103.8,5
Hyundai Swift,2019,1.48,4.63,114264,Diesel,Individual,Automatic,First,12.3,1197,172.4,5
Honda Polo,2018,2.79,12.42,121048,Diesel,Individual,Automatic,First,16.3,1396,98.4,5
Nissan i20,2021,4.08,6.67,26902,Petrol,Individual,Automatic,Second,15.6,1199,131.6,5
Maruti i20,2009,6.17,23.13,23564,Petrol,Dealer,Manual,First,15.0,1997,177.5,8
Toyota Magnite,2015,1.08,4.57,82478,Diesel,Individual,Automatic,Second,25.9,2184,122.1,5
Ford i20,2008,2.64,16.61,63928,Diesel,Individual,Manual,Second,27.0,998,117.1,5
Hyundai Swift,2007,1.46,6.97,26444,CNG,Individual,Manual,First,18.2,1498,99.2,5
Toyota Magnite,2016,4.62,15.67,7256,Petrol,Individual,Manual,Second,12.9,1997,134.9,6
Nissan EcoSport,2019,0.73,3.24,61733,Petrol,Individual,Manual,Second,12.6,1197,69.2,7
Hyundai XUV300,2006,0.5,3.92,71090,Petrol,Individual,Automatic,First,22.1,1997,134.2,5
Ford i20,2014,2.9,10.5,14029,Diesel,Individual,Automatic,Second,14.3,2993,64.2,5
Hyundai EcoSport,2016,3.88,13.71,54953,Petrol,Individual,Manual,First,18.7,2993,184.3,5
Honda Magnite,2013,0.5,6.63,108197,Diesel,Individual,Manual,Second,21.2,1396,96.2,6
Maruti Innova,2018,6.82,23.24,80450,Petrol,Individual,Manual,Second,13.9,1197,126.1,7
Maruti i20,2016,3.46,9.81,40702,Petrol,Individual,Manual,Second,16.1,1199,179.1,5
Maruti Kwid,2013,0.5,12.0,99365,Petrol,Individual,Automatic,Third,15.8,1997,51.4,6
Hyundai XUV300,2019,2.34,7.58,99845,Petrol,Individual,Manual,Second,24.8,2179,134.6,5
Maruti EcoSport,2012,1.37,11.0,149097,Diesel,Individual,Automatic,First,18.2,1498,177.5,5
Maruti Nexon,2010,1.55,10.17,26603,Petrol,Dealer,Manual,Second,25.4,2184,94.7,5
Maruti Swift,2015,2.16,9.17,128262,Diesel,Dealer,Manual,First,12.4,1598,113.5,6
Toyota i20,2019,7.75,10.46,5010,Diesel,Individual,Automatic,First,16.8,1396,115.2,5
Toyota Magnite,2011,4.35,17.15,20224,Petrol,Individual,Manual,First,13.7,998,109.5,5
Hyundai i20,2007,1.98,10.13,50876,Petrol,Dealer,Manual,First,19.2,1396,117.2,8
Maruti XUV300,2007,3.4,19.43,43830,Diesel,Dealer,Manual,Second,26.8,1997,156.4,8
Nissan Polo,2005,0.76,5.62,128528,Diesel,Dealer,Manual,First,12.6,1396,63.2,5
Hyundai XUV300,2006,0.67,10.69,115275,LPG,Dealer,Automatic,First,16.6,2184,180.7,5
Hyundai Innova,2013,1.02,4.05,84086,Diesel,Individual,Manual,Second,27.5,998,105.5,5
Hyundai EcoSport,2012,0.5,4.03,17744,CNG,Individual,Manual,First,26.4,1396,152.9,5
Maruti Polo,2010,3.17,23.72,126793,Diesel,Dealer,Manual,First,17.3,1199,138.8,5
Hyundai XUV300,2020,6.06,11.38,47241,Petrol,Dealer,Manual,Second,17.2,1498,140.4,4
Maruti Polo,2021,15.09,23.06,31354,Petrol,Individual,Manual,First,12.5,1598,168.5,5
Renault Swift,2013,1.4,10.03,9302,Diesel,Individual,Manual,Third,20.8,1396,131.3,6
Toyota Innova,2019,0.8,3.9,104859,Electric,Dealer,Manual,Second,26.1,1598,53.3,5
Honda Magnite,2014,1.68,10.16,32154,Diesel,Individual,Manual,Second,12.5,1997,165.5,5
Nissan Nexon,2021,3.55,10.14,108721,Diesel,Individual,Manual,Second,20.4,998,94.4,5
Toyota i20,2019,6.91,18.75,27393,Petrol,Individual,Manual,Third,19.4,1498,166.6,5
Honda Magnite,2009,1.66,6.14,63323,Diesel,Dealer,Manual,First,16.5,2993,151.2,5
Volkswagen Innova,2014,1.64,10.83,111513,Petrol,Dealer,Manual,First,13.0,1197,149.6,7
Renault XUV300,2021,11.46,18.81,39821,Petrol,Individual,Automatic,Second,25.2,2993,173.6,5
Hyundai Magnite,2007,3.33,19.33,56042,Petrol,Individual,Automatic,Third,15.6,1598,136.9,5
Maruti Polo,2009,2.27,19.32,62278,Diesel,Individual,Manual,First,12.1,1498,199.9,5
Toyota Magnite,2014,0.5,9.16,125423,CNG,Individual,Manual,Fourth & Above,12.8,799,170.7,5
Maruti Kwid,2006,1.37,4.13,5159,Petrol,Dealer,Manual,First,19.1,2184,79.5,4
Honda Magnite,2016,2.27,10.01,84742,Petrol,Individual,Automatic,Second,23.2,1997,82.0,6
Maruti i20,2015,2.93,12.27,86298,Diesel,Individual,Manual,First,21.8,1598,118.0,6
Honda Nexon,2021,10.12,20.79,22879,Petrol,Individual,Manual,Third,12.4,998,148.9,4
Hyundai City,2016,3.81,13.98,86976,Diesel,Dealer,Automatic,Second,14.6,1997,131.3,5
Hyundai EcoSport,2011,0.5,11.26,121562,Petrol,Dealer,Manual,Second,16.4,1396,75.1,5
Honda Nexon,2013,2.46,24.06,147176,Diesel,Dealer,Manual,First,25.9,799,177.4,5
Honda EcoSport,2016,1.6,3.89,29771,Petrol,Dealer,Manual,Third,12.4,1997,136.6,5
Maruti EcoSport,2006,3.16,24.86,113759,Diesel,Individual,Manual,Second,12.0,2179,196.3,5
Honda i20,2011,4.35,20.55,64892,Diesel,Individual,Automatic,First,18.7,2184,92.1,5
Mahindra City,2009,2.23,20.84,114155,Petrol,Individual,Manual,Third,18.4,1498,198.6,5
Hyundai City,2010,2.43,12.54,9509,Petrol,Individual,Manual,Third,26.7,2993,57.0,6
Mahindra Nexon,2005,0.86,5.0,64289,Petrol,Individual,Manual,First,17.7,1598,119.8,5
Toyota i20,2018,7.04,18.87,67681,Diesel,Individual,Manual,First,21.4,1997,70.9,5
Toyota Swift,2021,2.34,5.07,52604,Petrol,Dealer,Manual,First,18.8,1199,52.7,5
Honda i20,2011,1.85,13.19,80553,Diesel,Individual,Manual,Third,19.2,2179,166.7,5
Maruti Swift,2015,3.4,12.83,78795,Petrol,Dealer,Manual,First,18.3,2993,62.1,5
Honda City,2013,1.74,10.17,81456,Diesel,Individual,Automatic,First,16.3,1197,126.2,5
Hyundai Kwid,2011,0.71,8.82,124280,Petrol,Dealer,Manual,Second,17.4,2179,155.8,6
Tata Swift,2008,3.39,17.57,78905,Petrol,Individual,Manual,First,13.7,799,185.2,7
Hyundai Innova,2009,3.99,19.85,77659,Petrol,Dealer,Automatic,First,14.1,2184,173.8,5
Maruti City,2021,11.93,19.77,47769,Petrol,Individual,Automatic,Second,23.8,1396,128.5,6
Honda XUV300,2019,11.93,23.68,46620,Diesel,Dealer,Automatic,Second,12.5,1498,52.2,4
Honda City,2012,1.39,10.04,103002,Diesel,Individual,Manual,First,20.4,1396,186.6,5
Hyundai Kwid,2007,1.98,19.5,100725,Petrol,Individual,Manual,Second,22.1,1997,107.6,6
Ford EcoSport,2005,2.96,20.9,113065,Diesel,Individual,Manual,First,22.7,1598,186.0,5
Honda Swift,2015,2.35,9.35,29269,Petrol,Individual,Automatic,Second,12.6,1997,97.3,4
Maruti Nexon,2013,1.1,8.53,37791,Petrol,Individual,Manual,First,19.4,1396,125.7,5
Maruti Nexon,2009,3.82,16.5,74309,Diesel,Individual,Automatic,First,26.8,2179,150.5,5
Maruti Innova,2017,8.1,24.28,15323,Petrol,Dealer,Automatic,Third,21.0,1199,68.5,5
Renault Swift,2015,1.55,4.62,9794,Petrol,Individual,Manual,Second,19.4,998,91.2,5
Honda EcoSport,2012,1.88,17.3,117490,Diesel,Individual,Automatic,Fourth & Above,22.7,1197,70.1,6
Ford Swift,2020,3.98,11.95,146618,Petrol,Dealer,Manual,First,26.5,2993,140.6,7
Honda Swift,2017,1.95,7.62,124645,Diesel,Individual,Manual,First,13.9,799,176.2,5
Toyota Polo,2015,2.44,17.35,131486,Petrol,Dealer,Manual,First,24.8,799,169.8,5
Toyota Kwid,2015,5.14,20.46,51791,Petrol,Individual,Manual,First,15.3,1997,70.2,5
Hyundai Swift,2017,0.95,4.88,124488,Petrol,Individual,Manual,First,14.0,998,131.0,5
Mahindra Polo,2011,1.99,11.52,93094,Petrol,Dealer,Manual,First,14.8,2993,154.8,5
Maruti Magnite,2007,2.4,9.06,81626,Diesel,Individual,Manual,First,23.7,1396,81.3,5
Maruti Polo,2013,3.15,14.35,70263,Petrol,Individual,Manual,First,12.7,1997,95.2,5
Tata Nexon,2005,4.29,17.76,16963,Petrol,Dealer,Manual,First,27.0,1396,124.4,5
Nissan Kwid,2005,0.63,12.33,125934,Diesel,Individual,Manual,Second,14.0,1396,186.1,5
Maruti Nexon,2013,2.59,10.62,28794,Petrol,Dealer,Manual,First,15.9,2179,66.4,7
Honda Swift,2017,5.27,15.22,10220,Petrol,Dealer,Manual,Third,24.5,1197,109.3,6
Hyundai Swift,2020,1.87,4.47,122037,Diesel,Dealer,Manual,First,16.9,1396,158.6,5
Toyota Swift,2015,1.33,4.92,96964,Petrol,Individual,Manual,Second,18.6,1199,185.4,7
Mahindra Innova,2020,4.29,18.29,122699,Petrol,Dealer,Manual,Third,22.6,998,169.0,5
Maruti EcoSport,2007,0.5,6.45,80194,LPG,Individual,Manual,Fourth & Above,21.8,799,71.6,6
Maruti Polo,2018,2.41,15.33,112304,Petrol,Dealer,Manual,Second,24.9,799,78.3,5
Hyundai Kwid,2006,3.4,19.16,56933,Petrol,Individual,Automatic,Second,21.3,2993,107.6,5
Maruti XUV300,2010,2.33,16.62,129781,Diesel,Dealer,Manual,First,15.5,2179,108.2,6
Toyota Kwid,2007,5.94,23.29,11826,Petrol,Dealer,Automatic,First,21.8,1199,180.9,6
Renault Swift,2006,0.5,3.41,81716,CNG,Individual,Automatic,First,25.8,998,70.3,4
Tata XUV300,2020,5.15,24.02,141314,Petrol,Individual,Manual,Second,12.5,1199,130.5,5
Maruti EcoSport,2014,2.47,16.06,60160,Petrol,Individual,Manual,Second,22.2,1199,63.6,5
Toyota Magnite,2015,1.27,10.37,140032,Petrol,Individual,Manual,Fourth & Above,24.1,1997,197.0,5
Honda Magnite,2010,6.49,22.85,19088,Electric,Individual,Automatic,Second,23.1,1199,75.3,6
Hyundai Nexon,2019,3.19,5.07,49185,Diesel,Individual,Manual,First,22.6,2993,112.2,7
Nissan Kwid,2011,1.78,23.28,134633,Diesel,Individual,Manual,Second,25.0,1396,82.6,4
Maruti EcoSport,2005,1.42,9.48,24986,Petrol,Individual,Manual,Third,15.8,1197,69.2,6
Hyundai Swift,2011,5.53,24.59,17099,Petrol,Dealer,Manual,Second,27.1,2179,126.4,5
Hyundai City,2017,3.85,8.63,44232,Petrol,Dealer,Automatic,First,18.6,2179,145.9,5
Honda Kwid,2018,9.29,23.04,34205,Petrol,Dealer,Manual,Second,27.3,2993,182.5,5
Hyundai Nexon,2020,2.15,7.75,142586,Petrol,Individual,Manual,Second,23.5,799,165.5,4
Toyota Magnite,2010,2.45,19.05,84374,Petrol,Individual,Manual,Second,18.2,1199,177.1,5
Honda i20,2020,7.84,23.68,79044,Petrol,Dealer,Manual,Second,15.5,2179,97.8,5
Maruti Kwid,2010,1.07,7.3,44323,Petrol,Individual,Automatic,Second,22.1,998,179.6,8
Honda Innova,2013,2.52,21.52,91315,Petrol,Dealer,Manual,First,23.2,1197,64.0,5
Toyota i20,2016,5.1,15.54,55366,Petrol,Individual,Automatic,Second,17.0,2184,103.8,4
Honda Swift,2011,0.5,5.56,46476,Petrol,Individual,Manual,Second,20.3,1997,69.1,8
Hyundai Magnite,2015,2.77,19.14,104483,Petrol,Individual,Manual,Second,15.6,1199,76.4,5
Tata Swift,2012,0.51,4.48,124896,Petrol,Individual,Automatic,First,13.0,799,79.2,7
Honda Kwid,2011,2.74,18.51,61235,Petrol,Dealer,Manual,First,16.4,2179,86.8,5
Toyota i20,2014,5.16,16.97,22900,Petrol,Individual,Manual,First,15.3,2179,101.8,6
Maruti Kwid,2005,1.47,18.54,126328,Petrol,Dealer,Manual,First,24.0,1598,94.4,5
Honda i20,2014,3.19,21.02,83812,Petrol,Individual,Automatic,Second,14.4,1498,147.0,5
Maruti Polo,2019,6.88,18.22,83771,Diesel,Dealer,Manual,First,20.4,1199,172.1,5
Honda Nexon,2007,2.68,10.85,69761,Petrol,Dealer,Automatic,First,24.5,2179,155.0,4
Volkswagen Magnite,2016,8.82,22.37,17793,Petrol,Individual,Automatic,First,23.6,1598,113.0,5
Maruti Kwid,2017,5.73,16.28,53139,Diesel,Individual,Manual,First,20.2,2179,115.2,6
Hyundai i20,2021,8.45,17.28,99117,Diesel,Individual,Manual,First,18.1,2993,134.0,6
Mahindra i20,2011,2.12,21.1,118052,Diesel,Individual,Automatic,Second,14.1,1396,76.9,5
Hyundai i20,2015,2.57,14.49,100264,Petrol,Dealer,Manual,Second,25.8,2179,75.5,7
Tata Polo,2020,10.44,20.64,79478,Petrol,Individual,Automatic,First,26.6,1498,94.7,4
Maruti XUV300,2010,2.33,13.11,53505,Petrol,Dealer,Manual,First,27.4,2179,69.4,6
Toyota Polo,2013,2.48,18.2,142758,Diesel,Dealer,Automatic,First,22.5,1997,151.2,6
Nissan Nexon,2006,3.0,18.28,19426,Petrol,Dealer,Automatic,Third,27.9,1396,53.9,5
Renault XUV300,2008,2.98,24.78,22684,Petrol,Dealer,Automatic,Fourth & Above,15.0,1997,145.4,7
Volkswagen Nexon,2006,1.18,6.96,6610,Petrol,Dealer,Manual,Second,24.0,2179,95.3,5
Volkswagen Innova,2011,2.72,17.58,134301,Diesel,Dealer,Automatic,First,15.1,1199,65.3,4
Mahindra XUV300,2006,4.15,15.53,11846,Petrol,Individual,Manual,First,13.8,1197,169.0,6
Maruti Kwid,2015,3.54,23.47,119311,Diesel,Individual,Manual,Second,24.8,998,59.0,5
Toyota Kwid,2010,1.87,18.57,68913,Petrol,Dealer,Automatic,Second,16.3,1997,176.5,5
Toyota Kwid,2007,2.48,22.59,111550,Petrol,Individual,Manual,First,18.5,1199,87.5,5
Toyota City,2019,15.64,22.92,12509,CNG,Individual,Automatic,First,27.2,799,95.7,5
Volkswagen Nexon,2006,5.63,20.92,33708,Petrol,Dealer,Automatic,First,25.0,1197,55.2,5
Ford Magnite,2011,2.42,10.59,24060,Petrol,Individual,Automatic,First,15.5,1498,188.6,7
Ford Innova,2016,3.68,12.78,18629,Diesel,Individual,Manual,Second,12.4,1396,98.7,5
Mahindra XUV300,2016,4.35,13.66,42109,Diesel,Dealer,Manual,Second,19.7,998,181.2,7
Hyundai XUV300,2018,2.75,8.85,98046,Diesel,Dealer,Manual,First,21.3,1598,50.8,5
Maruti Swift,2010,1.22,10.11,135258,Petrol,Dealer,Manual,Second,20.3,799,138.3,6
Renault EcoSport,2010,2.6,14.55,43741,Diesel,Dealer,Automatic,Second,21.1,2179,92.7,5
Maruti Swift,2017,7.87,23.2,80494,Petrol,Dealer,Automatic,First,14.5,1997,70.8,4
Maruti City,2011,1.92,11.51,89615,Diesel,Dealer,Manual,Second,16.8,1498,54.6,6
Maruti City,2016,2.93,15.43,108300,Diesel,Individual,Automatic,First,14.7,1997,157.1,5
Maruti EcoSport,2019,4.32,6.94,64439,Petrol,Individual,Automatic,First,14.9,799,136.9,5
Maruti Innova,2011,0.69,12.49,129559,Diesel,Dealer,Manual,Fourth & Above,27.9,2184,54.1,8
Maruti EcoSport,2006,0.5,5.91,77750,Diesel,Individual,Manual,Second,17.9,998,91.8,5
Tata Swift,2018,4.04,16.57,115024,Diesel,Dealer,Manual,First,27.2,799,85.2,5
Maruti Nexon,2009,2.48,24.82,114713,CNG,Dealer,Manual,Second,26.0,2993,66.3,5
Maruti Polo,2011,1.05,4.95,93481,Petrol,Dealer,Manual,First,17.9,1199,108.5,5
Maruti Polo,2015,0.68,6.41,117352,Diesel,Individual,Automatic,Second,27.7,799,79.3,4
Hyundai City,2008,1.77,17.15,80961,Petrol,Dealer,Manual,Second,21.4,1199,65.3,4
Tata Nexon,2010,3.21,20.29,92450,LPG,Dealer,Automatic,First,25.8,1197,51.8,5
Mahindra Polo,2016,0.97,5.15,71939,Petrol,Individual,Manual,First,21.5,1396,184.9,5
Hyundai EcoSport,2009,1.43,9.94,99521,CNG,Individual,Automatic,First,27.5,799,137.8,6
Volkswagen Magnite,2006,0.6,16.73,115710,Diesel,Individual,Manual,Second,19.1,1598,175.3,5
Maruti EcoSport,2016,4.21,21.43,147432,Diesel,Dealer,Automatic,Second,20.8,1199,145.8,5
Toyota i20,2013,1.63,18.06,78860,Petrol,Dealer,Automatic,Third,18.6,1997,170.5,5
Renault Magnite,2008,1.18,17.8,148927,Petrol,Dealer,Manual,Second,27.6,1598,84.8,5
Honda EcoSport,2015,0.69,6.5,114792,Petrol,Individual,Manual,First,21.0,2179,131.9,6
Maruti Magnite,2018,4.93,8.83,23082,CNG,Individual,Manual,First,26.5,1396,94.1,5
Volkswagen Innova,2011,0.5,11.98,118576,Petrol,Dealer,Manual,Fourth & Above,21.6,1199,193.1,5
Maruti EcoSport,2008,1.62,9.33,127600,Petrol,Individual,Automatic,First,14.6,1197,189.9,5
Nissan XUV300,2018,4.25,10.83,75300,Diesel,Individual,Automatic,First,13.6,1396,84.1,5
Maruti City,2013,1.3,11.3,58303,Petrol,Dealer,Manual,Third,26.8,1997,97.1,7
Maruti XUV300,2007,2.15,19.27,62201,LPG,Individual,Manual,First,16.8,2179,128.7,5
Volkswagen XUV300,2011,0.55,4.57,80495,Petrol,Dealer,Manual,Second,20.7,1197,136.0,8
Maruti Innova,2006,1.86,6.44,64798,Electric,Dealer,Manual,First,27.0,1199,102.0,5
Honda Magnite,2016,4.36,13.07,71776,Petrol,Individual,Automatic,Second,13.3,1997,110.9,4
Maruti Swift,2016,1.22,3.14,13461,Petrol,Dealer,Manual,First,15.1,1498,164.1,5
Honda Polo,2008,0.5,4.55,52369,Petrol,Dealer,Manual,Third,14.1,1997,77.2,5
Honda Kwid,2012,1.77,23.22,139531,Diesel,Dealer,Manual,Third,23.1,1498,138.5,5
Toyota City,2008,1.19,11.93,90236,Petrol,Dealer,Manual,First,24.8,1598,89.6,5
Hyundai Magnite,2020,9.67,23.42,85957,Petrol,Individual,Manual,First,22.7,1997,199.3,7
Maruti Innova,2006,3.2,19.64,84068,Petrol,Dealer,Manual,First,18.4,1396,124.7,5
Hyundai Polo,2011,3.76,18.06,29897,Petrol,Individual,Manual,First,27.2,2179,173.5,5
Honda i20,2018,0.72,4.2,134076,Diesel,Dealer,Manual,Second,15.1,1199,132.0,8
Tata Swift,2020,4.76,16.56,148877,Diesel,Dealer,Manual,First,16.3,1197,173.1,5
Maruti Nexon,2017,5.06,21.0,108985,Diesel,Individual,Manual,First,25.8,1498,175.8,6
Maruti Innova,2017,2.68,8.48,68175,Petrol,Individual,Automatic,First,22.2,1199,81.4,4
Honda Nexon,2017,1.23,3.7,42087,Electric,Individual,Manual,First,12.4,2993,159.6,5
Maruti Nexon,2019,2.97,20.75,115397,Petrol,Individual,Manual,Fourth & Above,19.2,799,83.6,5
Maruti Swift,2017,6.45,21.23,76591,Diesel,Individual,Manual,First,13.2,2993,176.0,5
Ford XUV300,2005,2.86,15.98,104528,Diesel,Individual,Automatic,Second,15.5,1199,174.2,8
Hyundai Swift,2020,9.05,14.08,36619,LPG,Dealer,Manual,First,15.5,2993,197.9,5
Hyundai XUV300,2016,1.38,6.83,50197,Petrol,Dealer,Manual,Second,27.6,1997,128.2,5
Hyundai Polo,2016,2.26,11.31,135965,Petrol,Individual,Automatic,Fourth & Above,25.3,998,55.0,5
Honda Nexon,2018,5.02,22.98,147199,Petrol,Individual,Automatic,Second,25.1,2993,167.7,5
Maruti Kwid,2019,0.82,3.96,81721,CNG,Dealer,Manual,Second,23.0,1598,122.7,6
Hyundai i20,2019,11.75,20.16,24309,Petrol,Dealer,Manual,First,22.7,998,133.7,5
Maruti Innova,2012,2.72,11.9,90521,Petrol,Individual,Manual,First,13.9,2184,95.1,8
Hyundai City,2013,0.5,13.87,143447,LPG,Individual,Manual,Third,26.4,1997,100.0,5
Honda Swift,2007,3.99,23.12,16355,Petrol,Dealer,Manual,Second,21.8,2993,169.0,5
Hyundai EcoSport,2010,5.16,24.03,48388,Petrol,Dealer,Manual,First,26.2,1199,187.9,5
Toyota XUV300,2016,2.48,5.84,35271,Petrol,Individual,Manual,Second,14.6,2993,185.8,5
Honda i20,2011,4.33,24.32,45372,Petrol,Dealer,Automatic,Third,26.5,1199,95.7,5
Maruti EcoSport,2016,3.58,15.71,89243,Diesel,Dealer,Manual,First,14.2,1598,165.0,5
Tata City,2012,0.72,9.42,139661,Petrol,Dealer,Manual,Second,15.2,2179,151.5,5
Maruti Magnite,2018,3.75,15.61,136648,Petrol,Dealer,Automatic,Second,19.1,2184,148.6,8
Maruti Innova,2017,1.88,8.55,103880,Diesel,Dealer,Automatic,Second,27.8,1598,115.3,6
Mahindra XUV300,2019,3.64,22.51,122379,Petrol,Dealer,Automatic,Third,25.5,1598,74.8,5
Maruti Nexon,2015,1.26,6.25,136825,Petrol,Individual,Manual,First,22.9,998,53.8,5
Ford i20,2011,3.05,11.82,18672,Diesel,Individual,Manual,First,13.8,2179,121.8,5
Maruti Nexon,2011,0.6,11.45,96465,Petrol,Dealer,Manual,First,21.7,1997,79.2,5
Maruti i20,2015,3.45,19.0,114502,Petrol,Individual,Manual,Second,20.9,1199,113.5,5
Maruti Kwid,2020,2.51,9.37,143030,Petrol,Dealer,Manual,First,26.0,2179,184.5,5
Ford i20,2009,2.44,11.18,87015,Petrol,Dealer,Automatic,Second,23.2,1598,133.9,5
Renault Polo,2010,2.04,17.24,49770,LPG,Dealer,Automatic,Second,25.1,1498,60.4,5
Honda EcoSport,2016,6.32,20.94,72050,Petrol,Individual,Manual,First,12.1,2993,65.5,5
Toyota EcoSport,2009,0.5,5.83,97920,Petrol,Individual,Manual,First,27.5,2993,153.0,5
Maruti Swift,2011,3.42,22.18,104242,Petrol,Individual,Manual,First,20.5,998,114.0,7
Maruti XUV300,2020,9.01,19.23,78509,Petrol,Individual,Manual,First,18.8,2179,194.2,5
Hyundai EcoSport,2015,2.66,18.07,118591,Petrol,Individual,Automatic,Second,18.8,998,51.3,5
Maruti EcoSport,2021,5.03,20.76,127750,Petrol,Dealer,Manual,Third,24.8,1498,134.8,4
Hyundai Swift,2020,2.36,6.16,57566,Petrol,Individual,Manual,Second,24.2,2184,124.5,4
Honda Polo,2015,4.02,13.39,45126,Diesel,Individual,Manual,First,25.6,1199,94.9,5
Tata Polo,2013,4.59,20.88,44850,CNG,Individual,Automatic,First,14.5,1498,97.0,5
Maruti XUV300,2020,15.67,22.01,16416,Petrol,Individual,Automatic,First,18.4,1598,102.5,5
Maruti EcoSport,2014,1.83,10.14,82859,Petrol,Individual,Automatic,First,15.7,1997,61.4,6
Maruti EcoSport,2006,1.76,4.88,43433,Petrol,Individual,Manual,First,25.4,799,173.9,5
Tata XUV300,2019,4.12,13.43,84791,LPG,Dealer,Manual,First,16.3,2184,181.7,5
Hyundai Magnite,2019,4.25,11.39,50543,Petrol,Dealer,Manual,Second,14.9,2993,155.2,5
Maruti i20,2005,1.51,12.15,32139,Petrol,Individual,Manual,Second,15.4,799,83.8,4
Tata Innova,2011,2.27,10.9,56700,Diesel,Individual,Manual,First,13.9,2993,150.3,5
Hyundai Nexon,2017,4.23,20.63,118362,Petrol,Dealer,Automatic,First,17.3,2179,170.1,5
Hyundai Nexon,2015,1.15,9.44,141722,Petrol,Dealer,Manual,Second,18.7,2184,199.1,5
Toyota City,2013,1.0,9.6,64328,Electric,Individual,Manual,Third,22.7,1197,130.6,6
Maruti Polo,2020,0.53,3.58,125003,Petrol,Individual,Automatic,First,16.1,1199,121.9,5
Ford Innova,2012,1.27,10.71,95561,Diesel,Dealer,Manual,Second,18.0,2184,189.3,5
Maruti City,2013,4.71,17.24,33357,Petrol,Individual,Automatic,First,15.8,1498,190.7,5
Honda Innova,2015,1.89,11.62,140326,Petrol,Individual,Manual,Second,22.3,1498,100.7,7
Maruti City,2018,1.71,4.92,82366,Diesel,Individual,Manual,Second,20.9,1598,78.3,6
Maruti i20,2017,1.63,3.8,70627,Petrol,Dealer,Manual,First,17.7,799,85.8,5
Tata Swift,2005,3.79,14.17,39999,Petrol,Individual,Automatic,Second,22.0,1997,129.9,4
Ford City,2010,0.5,3.74,136220,Diesel,Dealer,Manual,First,23.3,1199,101.8,5
Hyundai Innova,2016,6.88,21.48,20180,Petrol,Individual,Manual,Second,15.2,2993,147.1,5
Honda Kwid,2014,4.54,23.76,34577,Petrol,Individual,Manual,Third,19.7,799,117.5,5
Maruti EcoSport,2007,1.85,14.64,88064,Petrol,Individual,Automatic,First,14.6,1997,93.9,5
Tata XUV300,2009,1.98,15.14,84414,Diesel,Individual,Automatic,Fourth & Above,23.4,2184,148.2,5
Maruti City,2012,1.2,20.26,88764,Diesel,Individual,Manual,Third,19.6,1197,196.8,5
Nissan Kwid,2010,2.99,15.17,62554,Petrol,Dealer,Automatic,First,21.2,2993,176.0,5
Maruti XUV300,2009,1.13,8.16,105462,Diesel,Dealer,Manual,First,18.4,998,53.2,5
Maruti i20,2011,1.39,11.43,96511,Diesel,Individual,Manual,Third,27.0,799,52.2,5
Honda Magnite,2017,3.37,8.71,47095,Diesel,Dealer,Automatic,Second,17.8,2179,154.3,5
Toyota i20,2008,2.26,17.83,50814,Petrol,Individual,Manual,Second,19.4,1199,172.8,6
Toyota Polo,2012,0.5,4.31,144262,Petrol,Individual,Manual,First,13.0,799,87.0,5
Maruti Innova,2011,0.94,10.28,83922,Petrol,Individual,Automatic,Second,17.9,799,122.1,6
Hyundai Swift,2020,11.08,21.67,66080,Petrol,Dealer,Manual,First,25.7,2179,89.9,7
Hyundai EcoSport,2021,2.13,4.72,88312,Petrol,Individual,Automatic,First,27.0,2184,149.9,5
Maruti Swift,2010,3.86,24.28,108180,Diesel,Dealer,Automatic,First,17.2,799,106.7,6
Mahindra City,2011,0.8,7.96,144873,Petrol,Individual,Manual,First,18.1,998,157.1,6
Maruti Nexon,2018,5.45,15.3,93521,CNG,Individual,Manual,First,23.7,1598,107.7,8
Hyundai Innova,2005,3.53,15.95,53829,Petrol,Individual,Manual,First,13.7,1396,166.7,5
Honda Kwid,2010,1.89,24.26,148735,Petrol,Individual,Automatic,First,14.1,799,97.7,5
Maruti City,2014,1.66,19.63,134147,Petrol,Individual,Manual,Third,20.7,2179,144.7,6
Maruti i20,2008,2.01,11.75,94416,Petrol,Individual,Manual,Second,13.2,1199,136.3,5
Maruti XUV300,2015,2.32,22.72,134672,Diesel,Individual,Manual,Fourth & Above,16.5,1598,93.1,5
Maruti Magnite,2014,1.86,21.7,133860,Diesel,Dealer,Automatic,Fourth & Above,24.6,799,108.3,5
Hyundai Swift,2015,1.0,5.49,80113,Petrol,Individual,Manual,Second,25.2,1498,191.1,5
Maruti XUV300,2011,3.39,20.51,88050,CNG,Individual,Manual,First,22.5,2993,101.5,5
Hyundai XUV300,2015,4.59,15.95,28013,Diesel,Individual,Manual,Second,26.6,2179,157.8,7
Honda Polo,2012,4.17,18.87,23942,Petrol,Individual,Manual,Second,13.4,2184,113.5,5
Hyundai City,2019,6.63,22.8,91472,Petrol,Individual,Manual,Second,21.5,2179,158.9,5
Ford Nexon,2009,1.62,21.72,116422,Diesel,Dealer,Manual,Second,15.9,998,57.1,5
Toyota Magnite,2010,0.79,5.23,26747,Petrol,Individual,Manual,Second,14.8,1197,188.2,7
Hyundai XUV300,2011,1.82,9.74,39311,Petrol,Dealer,Automatic,First,22.3,2179,109.8,8
Maruti i20,2012,0.5,3.67,76262,Diesel,Individual,Manual,First,23.4,1199,115.5,5
Volkswagen Nexon,2012,0.5,7.08,119708,Diesel,Individual,Manual,First,22.2,2179,195.1,5
Maruti Polo,2007,3.21,21.5,62344,Petrol,Individual,Manual,Second,19.6,2993,93.8,5
Volkswagen Kwid,2012,1.34,19.25,147454,Petrol,Individual,Automatic,Third,27.1,1598,65.7,7
Maruti i20,2015,1.84,8.35,42031,Petrol,Dealer,Manual,First,26.0,998,91.8,5
Hyundai Swift,2019,5.54,17.72,98347,Petrol,Individual,Manual,First,27.0,1199,149.9,7
Honda Innova,2008,3.52,22.86,63074,Petrol,Dealer,Manual,First,17.9,1997,165.9,8
Maruti i20,2010,2.72,11.97,6732,Petrol,Dealer,Manual,First,19.0,1199,52.3,5
Toyota Innova,2010,1.35,12.76,108324,Petrol,Dealer,Manual,First,27.6,1997,51.3,6
Nissan Swift,2005,3.46,24.68,93634,Petrol,Dealer,Manual,Second,17.5,1997,198.9,5
Toyota Polo,2007,0.51,13.48,123128,Petrol,Dealer,Manual,First,18.3,2184,174.1,5
Maruti Nexon,2019,4.51,16.31,115805,Petrol,Dealer,Manual,First,22.4,1396,123.4,5
Maruti XUV300,2006,1.78,8.26,128620,Petrol,Dealer,Automatic,First,27.1,1396,54.3,5
Toyota Polo,2012,3.07,13.0,30821,Petrol,Dealer,Automatic,First,25.6,1498,106.9,5
Toyota Nexon,2014,1.18,10.07,147794,Petrol,Dealer,Manual,First,17.7,1997,82.3,5
Maruti Nexon,2020,12.44,23.39,59560,Petrol,Dealer,Automatic,First,15.5,1199,176.3,5
Toyota Kwid,2011,1.92,11.53,43202,Diesel,Dealer,Manual,Second,13.4,799,142.2,6
Hyundai City,2009,2.53,15.14,129080,Petrol,Individual,Automatic,First,18.4,1197,145.7,5
Volkswagen City,2019,9.16,22.7,80048,Petrol,Dealer,Manual,First,27.0,1498,149.2,5
Renault Nexon,2013,2.65,17.87,48887,Diesel,Individual,Manual,Second,17.1,1498,140.4,5
Maruti i20,2018,5.83,24.37,138738,Petrol,Individual,Manual,First,17.2,1997,173.1,5
Volkswagen EcoSport,2017,3.22,10.25,59648,Diesel,Individual,Manual,Second,25.1,2184,159.2,7
Maruti Polo,2007,3.08,20.6,33483,Petrol,Dealer,Manual,Fourth & Above,13.9,2179,69.5,5
Ford Magnite,2019,2.74,9.69,105148,Petrol,Individual,Automatic,Second,19.0,1598,174.6,4
Renault City,2016,7.61,24.74,78588,Diesel,Individual,Automatic,Second,12.8,1997,135.6,5
Maruti Magnite,2007,0.83,4.11,64655,Diesel,Individual,Automatic,First,26.0,1197,140.3,5
Maruti Swift,2015,4.39,11.65,5220,Petrol,Dealer,Manual,Second,13.2,2993,169.6,5
Hyundai XUV300,2017,4.31,17.69,113131,Petrol,Dealer,Automatic,First,26.7,998,186.1,7
Tata Kwid,2009,1.83,12.06,126000,Diesel,Dealer,Automatic,First,20.4,1498,136.5,5
Tata EcoSport,2010,0.69,8.6,128120,Petrol,Individual,Automatic,First,15.7,1199,136.0,8
Mahindra XUV300,2017,6.03,16.53,67903,Petrol,Individual,Manual,First,13.5,1396,77.3,5
Maruti Nexon,2011,2.1,12.8,68683,Petrol,Individual,Manual,Second,27.5,2993,171.9,5
Ford Magnite,2005,0.8,3.25,43022,Petrol,Dealer,Manual,First,22.1,1199,93.2,5
Honda Swift,2010,2.66,9.49,16655,Petrol,Individual,Manual,First,15.5,2179,60.5,5
Toyota Swift,2007,4.63,22.51,30977,Petrol,Individual,Manual,First,12.8,1997,59.2,5
Hyundai i20,2016,2.79,14.44,97192,LPG,Individual,Manual,Second,13.4,1498,145.9,5
Honda City,2020,9.37,24.82,100434,Petrol,Individual,Automatic,First,19.1,799,94.7,4
Nissan Kwid,2008,0.5,10.57,141173,CNG,Dealer,Manual,First,19.4,2993,54.7,5
Maruti i20,2021,8.52,12.76,5740,Diesel,Dealer,Manual,Second,16.3,1498,109.8,5
Mahindra EcoSport,2020,5.86,15.18,80759,Diesel,Individual,Manual,Second,14.8,2179,61.6,5
Hyundai XUV300,2013,1.83,23.83,124209,Petrol,Dealer,Manual,First,24.8,1498,120.1,7
Toyota Nexon,2010,2.43,20.11,96168,Diesel,Individual,Automatic,Second,16.9,2179,104.4,5
Honda Kwid,2020,6.42,16.84,28393,Petrol,Individual,Manual,Third,20.9,1199,164.0,5
Hyundai Swift,2019,6.76,14.16,42879,Diesel,Dealer,Manual,Second,22.8,2184,198.8,5
Maruti Kwid,2014,1.23,14.84,127965,Petrol,Dealer,Automatic,Second,25.1,1598,161.7,5
Hyundai Magnite,2021,11.46,21.45,57659,Petrol,Dealer,Manual,First,27.3,799,198.6,5
Volkswagen i20,2007,2.8,23.33,81305,Diesel,Individual,Manual,Second,25.3,2179,50.2,5
Honda Nexon,2018,11.23,21.06,17093,Diesel,Dealer,Manual,First,17.4,799,140.0,5
Ford Swift,2008,1.82,11.45,49379,Diesel,Individual,Automatic,Second,26.2,1197,169.9,4
Ford i20,2014,3.66,21.4,69552,Diesel,Dealer,Manual,Second,15.2,799,198.9,5
Maruti EcoSport,2016,3.9,19.79,104691,Petrol,Individual,Manual,Second,24.1,1997,61.3,5
Honda i20,2009,2.13,12.67,51791,CNG,Individual,Manual,First,14.4,1396,159.3,6
Hyundai Kwid,2015,1.81,15.0,139886,Petrol,Individual,Manual,Second,23.7,1498,125.2,5
Toyota City,2018,6.49,13.25,34526,Diesel,Dealer,Manual,Second,18.8,1997,74.4,6
Ford Innova,2021,10.37,21.31,52813,Petrol,Dealer,Automatic,Second,12.3,1396,102.9,5
Maruti Innova,2009,0.5,3.75,5785,Diesel,Dealer,Manual,First,12.8,1396,137.2,5
Hyundai Magnite,2019,2.77,5.63,89709,Diesel,Individual,Manual,First,17.0,1598,125.1,7
Volkswagen XUV300,2015,3.29,13.55,48543,Petrol,Individual,Manual,First,26.8,1396,170.2,5
Toyota Kwid,2009,2.21,10.52,98773,CNG,Individual,Automatic,First,24.1,998,162.1,5
Hyundai Magnite,2021,9.13,12.22,24678,Petrol,Individual,Manual,First,21.5,2184,194.1,4
Ford Polo,2012,1.94,8.38,44825,Petrol,Individual,Manual,First,25.0,1199,111.8,7
Ford Nexon,2018,6.5,23.44,139838,Diesel,Individual,Automatic,First,23.6,1396,85.1,5
Hyundai Nexon,2007,2.51,21.19,144866,Diesel,Individual,Manual,First,12.7,1498,59.7,5
Tata City,2006,1.95,5.71,37823,Diesel,Individual,Manual,First,25.5,1598,90.1,5
Renault Kwid,2015,3.58,15.17,33369,Petrol,Individual,Manual,Second,22.2,1199,143.4,5
Mahindra Swift,2010,0.55,4.8,102798,Electric,Dealer,Manual,Second,22.3,2184,84.0,5
Hyundai Magnite,2015,2.19,7.56,32132,Petrol,Individual,Automatic,First,15.0,1598,129.2,6
Maruti Magnite,2021,7.09,11.89,18820,Petrol,Dealer,Manual,First,18.1,1197,141.0,8
Hyundai Swift,2011,1.07,4.58,48704,Petrol,Individual,Manual,Second,24.2,2179,162.3,5
Hyundai XUV300,2015,5.12,14.52,8696,Electric,Dealer,Manual,Second,13.4,1598,193.0,6
Hyundai Kwid,2016,2.85,7.68,76495,Diesel,Individual,Manual,Second,20.5,1199,83.3,5
Ford EcoSport,2006,2.5,17.57,143677,Diesel,Dealer,Manual,First,20.7,1197,124.7,6
Maruti i20,2011,1.27,7.4,142377,Petrol,Individual,Automatic,First,22.9,1199,176.6,5
Maruti Kwid,2018,2.88,14.4,145391,Petrol,Individual,Automatic,Fourth & Above,19.6,2184,145.4,7
Maruti City,2006,0.5,8.3,98759,Diesel,Dealer,Manual,Second,20.4,2993,119.2,5
Maruti Polo,2005,0.89,9.12,142491,Electric,Dealer,Manual,Third,13.9,1199,75.8,8
Maruti Innova,2021,4.64,6.6,23484,Diesel,Individual,Manual,First,20.0,1498,120.7,7
Maruti i20,2018,10.84,19.05,12204,Petrol,Dealer,Automatic,First,26.9,799,158.1,6
Maruti Magnite,2015,2.78,16.15,143256,Petrol,Individual,Manual,First,15.9,1498,148.1,8
Maruti Innova,2007,0.66,9.85,126918,Diesel,Dealer,Manual,Second,13.6,1997,111.0,5
Honda Nexon,2012,0.71,6.32,116895,Petrol,Individual,Manual,Second,19.5,1199,153.0,5
Maruti Magnite,2011,1.21,10.73,44080,Petrol,Individual,Manual,First,24.0,1498,101.4,5
Toyota Polo,2014,3.04,9.07,12927,Petrol,Dealer,Manual,First,21.5,1197,92.7,5
Maruti Magnite,2008,4.01,16.3,29685,Petrol,Individual,Automatic,First,20.7,1396,181.5,6
Hyundai XUV300,2015,2.73,13.16,55653,Diesel,Dealer,Manual,Third,28.0,1396,149.4,5
Ford Nexon,2007,2.17,18.53,141656,Petrol,Individual,Manual,Second,20.4,1498,74.3,6
Hyundai i20,2013,3.04,13.06,19658,LPG,Individual,Manual,First,22.9,2993,88.7,6
Maruti Polo,2014,2.48,24.83,67397,Petrol,Individual,Manual,Third,16.1,1199,133.6,5
Maruti City,2007,1.77,17.36,123299,Diesel,Individual,Manual,First,13.8,1598,176.9,4
Hyundai XUV300,2008,3.2,21.41,85739,Petrol,Individual,Manual,Second,13.4,1197,167.7,5
Nissan Polo,2005,1.41,5.06,52660,Petrol,Dealer,Manual,First,26.5,2184,111.8,7
Maruti Polo,2007,2.42,19.57,101653,Diesel,Dealer,Automatic,First,12.8,1199,146.1,4
Maruti EcoSport,2019,3.58,11.73,68566,Petrol,Dealer,Manual,Second,14.1,1396,60.9,5
Honda Kwid,2010,6.03,24.68,14610,Diesel,Dealer,Manual,First,21.2,1396,185.4,5
Honda Magnite,2018,4.79,18.98,136919,Petrol,Dealer,Manual,First,27.6,998,149.0,5
Ford EcoSport,2021,9.19,19.96,38186,Diesel,Dealer,Manual,Third,16.6,2993,149.8,8
Hyundai Innova,2009,4.28,18.94,16531,Diesel,Individual,Automatic,First,25.3,1396,152.2,5
Maruti Nexon,2021,4.83,15.6,108307,Petrol,Individual,Manual,Second,21.6,799,187.4,5
Maruti XUV300,2009,1.62,10.94,44338,Petrol,Individual,Manual,First,25.4,2184,98.1,5
Ford Kwid,2014,1.72,9.89,110741,Diesel,Individual,Automatic,First,26.9,998,84.4,5
Toyota Polo,2011,2.05,18.96,91049,Petrol,Dealer,Manual,Second,26.3,998,192.9,6
Nissan i20,2008,1.97,12.65,70978,CNG,Individual,Automatic,First,28.0,2179,154.5,5
Maruti Magnite,2015,3.75,16.9,48520,Petrol,Individual,Manual,Third,25.4,2993,155.7,5
Hyundai i20,2021,9.7,23.88,87927,Diesel,Individual,Manual,Second,26.1,1498,98.6,5
Tata Magnite,2009,0.72,5.13,143760,Diesel,Individual,Manual,First,25.0,2184,139.2,4
Hyundai Polo,2020,4.25,11.79,112148,Diesel,Dealer,Automatic,Second,15.5,2993,140.4,6
Volkswagen Kwid,2010,1.01,8.87,148223,Diesel,Dealer,Automatic,Fourth & Above,21.2,2993,166.9,5
Hyundai Nexon,2006,0.5,3.45,143227,Diesel,Dealer,Manual,First,18.6,2179,88.7,5
Mahindra Swift,2005,1.36,18.06,111442,Electric,Dealer,Manual,First,15.8,1598,173.3,6
Maruti XUV300,2021,8.14,21.03,98724,Petrol,Individual,Manual,Second,23.5,1199,154.0,4
Ford Innova,2011,1.05,8.39,145767,Petrol,Dealer,Manual,First,22.7,2184,182.8,5
Maruti Polo,2016,3.02,14.18,149379,Petrol,Dealer,Manual,First,18.1,1498,75.3,5
Tata Magnite,2011,2.07,18.51,141674,Petrol,Individual,Automatic,Second,13.3,998,179.5,8
Ford i20,2010,0.5,3.65,79951,Diesel,Individual,Manual,Third,19.3,1396,169.5,5
Hyundai XUV300,2010,2.6,22.8,83699,Diesel,Dealer,Manual,Second,13.9,998,61.4,4
Maruti Nexon,2007,1.01,11.16,93233,Diesel,Individual,Manual,First,21.5,998,161.5,6
Volkswagen Innova,2005,1.2,7.9,48003,Diesel,Individual,Manual,Third,22.6,2184,97.5,5
Maruti XUV300,2019,4.15,18.44,143143,Petrol,Individual,Manual,Second,24.7,1197,95.0,6
Hyundai Nexon,2011,1.23,9.87,97262,Petrol,Dealer,Manual,First,25.2,2184,89.5,5
Maruti Polo,2011,2.7,11.57,47178,Petrol,Dealer,Manual,Second,24.9,2993,69.5,5
Renault i20,2019,4.87,17.72,87904,Petrol,Individual,Manual,Fourth & Above,18.2,1997,197.4,5
Maruti Magnite,2011,0.5,13.95,115475,Petrol,Individual,Manual,Second,27.9,1997,176.3,5
Mahindra Swift,2013,0.7,12.84,142198,Diesel,Individual,Manual,First,16.5,2184,181.4,5
Maruti Nexon,2005,1.36,3.25,29245,Petrol,Dealer,Manual,First,12.6,2993,97.9,6
Nissan City,2013,2.83,17.86,108616,Petrol,Individual,Automatic,First,25.5,2184,188.6,6
Ford City,2018,13.04,23.24,21118,Petrol,Individual,Automatic,First,12.6,799,126.4,5
Maruti i20,2019,3.47,13.62,99317,Petrol,Dealer,Automatic,Second,14.0,2184,87.0,5
Nissan Swift,2009,3.12,18.94,15892,Petrol,Individual,Manual,Fourth & Above,16.3,1997,168.7,5
Nissan Swift,2008,1.71,8.98,65275,Petrol,Dealer,Manual,Fourth & Above,17.8,1199,106.6,5
Tata Magnite,2018,4.87,15.77,96196,Petrol,Individual,Manual,First,19.1,1396,114.5,4
Toyota Innova,2005,4.37,19.79,18574,Diesel,Individual,Manual,First,21.4,998,131.5,5
Hyundai Polo,2014,3.4,15.36,14233,Petrol,Dealer,Manual,First,12.5,1498,199.1,5
Tata XUV300,2009,1.24,6.93,93541,Petrol,Dealer,Manual,First,20.5,2993,156.6,4
Maruti Polo,2009,4.57,23.59,47129,Petrol,Individual,Manual,First,22.9,2184,178.3,5
Renault Kwid,2009,2.87,11.0,19469,Diesel,Individual,Manual,First,25.9,1598,170.1,7
Ford Kwid,2015,2.55,13.79,135596,Petrol,Individual,Automatic,First,13.5,1498,55.5,6
Mahindra City,2011,3.0,18.72,115633,Diesel,Dealer,Manual,First,15.6,2179,137.5,5
Maruti City,2012,0.8,6.41,145284,Diesel,Dealer,Manual,Second,17.4,1199,92.4,5
Maruti Polo,2010,1.29,10.19,62937,Petrol,Individual,Automatic,Second,22.7,2993,86.5,8
Hyundai Polo,2011,2.2,21.29,137565,Petrol,Dealer,Manual,First,14.9,1199,108.4,5
Nissan City,2008,0.85,3.5,83019,LPG,Dealer,Automatic,First,22.9,1498,133.6,5
Maruti Innova,2013,0.5,3.92,10357,Petrol,Individual,Manual,First,16.8,998,162.4,5
Toyota EcoSport,2006,1.66,4.95,68575,Petrol,Individual,Automatic,First,19.4,1498,113.2,5
Volkswagen Swift,2005,4.72,20.05,19992,Diesel,Individual,Automatic,Second,25.9,2993,94.7,6
Maruti EcoSport,2012,0.82,12.42,139924,LPG,Dealer,Automatic,Second,22.7,1396,66.5,5
Maruti City,2016,5.12,21.05,84462,Diesel,Dealer,Manual,First,26.8,2184,165.3,6
Toyota EcoSport,2006,0.5,3.23,84712,Petrol,Individual,Manual,First,20.3,998,192.2,5
Mahindra EcoSport,2017,3.09,6.66,39594,Petrol,Individual,Automatic,Second,14.8,1498,153.5,7
Ford Magnite,2009,0.5,13.49,136324,Diesel,Individual,Manual,Second,15.8,2179,144.2,4
Nissan Innova,2017,4.15,18.8,52688,Petrol,Dealer,Manual,Third,26.0,1396,65.3,5
Hyundai Magnite,2010,0.58,5.27,87458,Diesel,Individual,Automatic,First,21.3,2179,151.0,5
Renault Polo,2005,4.17,23.04,64789,Diesel,Individual,Manual,First,20.7,998,102.7,6
Volkswagen EcoSport,2019,9.88,18.1,44190,Petrol,Individual,Manual,First,24.7,799,157.8,4
Hyundai Kwid,2020,7.99,17.69,69481,Petrol,Individual,Manual,First,23.0,1199,69.5,8
Mahindra Swift,2010,0.65,3.23,139977,Petrol,Individual,Manual,First,16.2,1396,122.5,5
Maruti EcoSport,2005,1.03,4.69,46594,Petrol,Individual,Manual,First,18.5,2179,77.0,5
Honda XUV300,2008,2.1,13.04,31440,Petrol,Dealer,Manual,First,21.4,799,75.2,5
Hyundai Kwid,2016,1.33,7.91,89213,Petrol,Individual,Manual,Second,16.2,1199,142.7,5
Honda City,2010,2.55,21.0,109591,Petrol,Dealer,Manual,First,13.6,2993,57.1,5
Maruti Swift,2006,2.61,7.39,24134,Diesel,Dealer,Automatic,First,26.0,1498,177.0,7
Hyundai City,2008,2.47,15.98,83255,Diesel,Individual,Manual,Second,12.2,799,131.3,5
Hyundai Innova,2010,0.91,8.61,135393,Diesel,Individual,Manual,Third,25.3,799,84.9,5
Maruti EcoSport,2007,0.6,5.23,59851,Diesel,Individual,Manual,First,25.1,1598,140.3,7
Ford Nexon,2008,2.25,24.86,143073,Petrol,Individual,Automatic,Second,25.2,2179,106.1,5
Renault XUV300,2015,0.78,9.3,135985,Diesel,Dealer,Manual,First,17.5,1199,137.7,4
Nissan City,2007,2.9,23.96,131273,Diesel,Dealer,Manual,First,27.4,1498,96.2,7
Renault City,2021,7.35,10.82,20660,Petrol,Individual,Manual,First,13.1,1199,151.4,5
Mahindra Polo,2011,1.47,11.55,108213,Diesel,Individual,Manual,First,22.4,1598,115.2,5
Tata Magnite,2012,1.67,17.65,114885,Petrol,Dealer,Manual,First,19.6,2993,149.5,5
Maruti Polo,2013,2.23,14.96,62668,Petrol,Dealer,Automatic,First,21.1,2993,198.2,5
Hyundai Kwid,2021,3.73,16.55,125975,Diesel,Individual,Manual,Second,15.0,1396,129.7,5
Maruti Innova,2007,2.02,11.56,55723,Petrol,Dealer,Manual,First,16.7,1997,198.5,5
Honda i20,2011,1.0,6.86,80068,Petrol,Individual,Manual,First,15.2,2179,114.2,5
Tata Magnite,2015,1.25,5.26,50569,Petrol,Dealer,Manual,First,26.6,1598,89.0,4
Nissan City,2005,3.16,20.83,92834,Petrol,Individual,Automatic,First,12.1,799,167.0,5
Toyota Kwid,2017,12.11,24.36,10179,Petrol,Individual,Manual,First,24.6,799,64.3,5
Maruti Kwid,2006,3.8,20.96,83406,Diesel,Dealer,Manual,First,24.3,1197,139.0,5
Maruti Magnite,2015,2.59,7.8,99301,Petrol,Individual,Manual,First,19.3,1199,104.5,4
Hyundai Magnite,2007,0.5,3.65,28134,Diesel,Individual,Manual,Third,15.2,2184,194.9,4
Tata Kwid,2017,8.34,24.85,68968,Petrol,Individual,Manual,First,21.3,1199,155.3,4
Ford Swift,2021,1.76,5.48,149582,Petrol,Individual,Manual,First,17.9,1197,144.2,5
Nissan Swift,2013,1.11,7.57,24744,CNG,Individual,Manual,First,12.0,799,150.3,7
Maruti City,2011,5.29,22.78,45456,Petrol,Individual,Automatic,First,17.6,1197,124.4,5
Maruti Kwid,2013,1.24,6.43,50332,Diesel,Individual,Manual,First,21.1,799,143.1,5
Hyundai City,2014,2.14,4.89,19538,Petrol,Dealer,Automatic,Second,12.1,1598,194.7,5
Toyota Swift,2006,2.56,19.14,132325,Petrol,Dealer,Automatic,Second,26.4,799,108.3,6
Tata Swift,2009,1.8,9.91,139396,Electric,Dealer,Automatic,First,25.7,1997,76.4,5
Nissan Swift,2008,1.29,12.99,122177,Petrol,Dealer,Manual,First,17.6,2184,185.7,5
Maruti Innova,2020,7.27,22.09,92005,Petrol,Individual,Manual,Second,23.6,1598,120.4,5
Mahindra City,2015,0.5,10.5,145689,Petrol,Dealer,Manual,Second,17.3,1197,185.1,4
Renault i20,2011,2.67,10.68,35245,Diesel,Dealer,Automatic,Second,12.1,1997,109.6,5
Hyundai Nexon,2014,3.73,22.57,102619,Petrol,Dealer,Manual,First,19.3,1598,127.5,5
Maruti Nexon,2005,2.14,13.5,19065,Petrol,Individual,Manual,Second,19.3,1598,80.3,7
Toyota i20,2006,2.16,21.05,118044,Petrol,Individual,Manual,Second,17.6,799,197.6,5
Volkswagen EcoSport,2009,5.58,23.0,12676,Petrol,Dealer,Manual,Second,15.4,1598,148.3,5
Maruti Nexon,2010,1.54,22.2,130650,Diesel,Dealer,Manual,Second,15.7,2184,143.4,5
Honda Nexon,2020,10.58,23.99,76736,Diesel,Individual,Manual,First,15.7,1396,85.5,5
Maruti City,2010,0.94,10.43,149060,Petrol,Dealer,Manual,Second,25.6,2993,197.6,5
Hyundai i20,2018,5.09,20.95,101629,Diesel,Dealer,Manual,Second,18.6,2179,159.3,5
Tata EcoSport,2007,1.86,12.07,108425,Petrol,Individual,Automatic,First,21.3,2184,53.5,5
Maruti Polo,2017,7.05,22.61,26091,Petrol,Individual,Manual,Third,19.3,1997,89.7,5
Honda i20,2012,1.78,17.58,112941,Diesel,Individual,Manual,First,12.3,2179,58.6,5
Maruti Polo,2010,2.07,17.95,110277,Diesel,Dealer,Automatic,First,19.7,1396,177.9,5
Mahindra Swift,2020,7.61,24.86,77666,Petrol,Individual,Manual,Fourth & Above,26.9,1197,149.9,5
Hyundai Kwid,2009,3.97,21.15,21888,CNG,Dealer,Automatic,Fourth & Above,26.9,1498,64.5,5
Maruti Innova,2011,1.13,5.32,39940,Diesel,Individual,Manual,First,22.4,998,165.2,5
Hyundai Innova,2012,0.82,6.53,5372,CNG,Dealer,Manual,First,12.2,2184,77.5,5
Tata Magnite,2010,3.84,22.56,74061,Diesel,Individual,Manual,First,18.4,2993,69.9,5
Toyota Innova,2015,4.93,14.54,19838,Diesel,Dealer,Manual,Second,25.5,1598,101.8,7
Maruti City,2017,1.0,3.72,126696,CNG,Individual,Manual,Second,14.7,2184,119.0,5
Maruti Nexon,2011,1.74,15.85,81180,Petrol,Individual,Automatic,First,26.0,1498,151.3,5
Toyota EcoSport,2016,1.4,6.27,17372,CNG,Individual,Manual,Third,19.5,1396,54.4,8
Maruti Nexon,2008,2.24,9.97,50248,Diesel,Individual,Manual,Third,16.4,1997,65.2,5
Honda Nexon,2019,8.48,11.62,15318,Petrol,Individual,Automatic,First,23.6,1498,78.4,5
Mahindra Nexon,2017,2.08,6.3,78436,Petrol,Individual,Automatic,Second,22.7,1199,60.1,5
Hyundai XUV300,2014,3.62,19.55,66321,Petrol,Individual,Automatic,Second,15.3,2184,94.4,4
Ford i20,2009,3.06,11.7,75086,Petrol,Individual,Manual,First,23.2,1199,140.9,4
Maruti i20,2009,3.82,19.67,36000,Electric,Dealer,Manual,First,17.3,799,119.2,5
Maruti City,2011,6.01,23.76,14747,Petrol,Dealer,Manual,First,19.9,1997,177.3,5
Renault Nexon,2008,0.51,9.71,133191,Petrol,Individual,Manual,Second,18.5,2993,163.4,4
Hyundai Polo,2006,0.5,3.4,25232,Diesel,Individual,Manual,First,27.5,2184,128.0,5
Ford EcoSport,2006,3.85,16.74,9014,Petrol,Individual,Manual,First,24.4,2993,84.8,4
Hyundai Magnite,2008,0.5,11.39,119619,Petrol,Individual,Manual,Second,20.9,2184,169.4,5
Maruti EcoSport,2011,1.76,12.77,117236,Diesel,Dealer,Manual,First,27.5,2184,78.1,5
Tata Magnite,2021,2.34,7.08,130524,Diesel,Dealer,Manual,First,23.2,2179,150.6,5
Maruti XUV300,2010,5.91,22.92,14012,Petrol,Individual,Automatic,First,12.6,1498,59.6,5
Tata City,2009,0.52,10.57,101774,Diesel,Dealer,Manual,First,14.0,1197,113.1,5
Hyundai Polo,2005,0.58,4.3,35408,Petrol,Dealer,Manual,Second,26.7,2184,182.3,5
Maruti Magnite,2007,2.08,17.92,92878,Petrol,Dealer,Manual,First,26.8,998,109.0,5
Maruti Kwid,2021,6.65,19.34,146890,Petrol,Individual,Manual,First,12.2,799,82.0,5
Hyundai City,2018,2.96,14.19,125598,Petrol,Individual,Automatic,First,21.1,2184,156.7,5
Maruti i20,2011,2.74,18.04,68404,Diesel,Dealer,Manual,First,17.6,2184,135.3,8
Toyota i20,2005,4.78,15.99,31576,Petrol,Individual,Automatic,First,17.1,1498,141.4,6
Volkswagen Swift,2017,9.21,19.13,12611,Petrol,Individual,Automatic,Second,26.3,998,190.1,5
Ford Kwid,2008,1.97,18.93,98800,Diesel,Individual,Manual,Fourth & Above,24.3,799,132.2,6
Toyota Kwid,2012,1.77,10.23,105895,Petrol,Dealer,Manual,First,24.4,2993,129.0,5
Honda Nexon,2005,0.79,14.57,121521,Petrol,Individual,Manual,First,24.1,998,149.5,5
Maruti Innova,2006,1.49,14.2,107874,CNG,Dealer,Manual,Fourth & Above,17.1,1197,173.6,5
Hyundai Swift,2016,9.01,22.52,11938,Petrol,Individual,Manual,First,19.1,1498,122.0,6
Honda Innova,2005,3.07,17.27,88253,Petrol,Dealer,Automatic,First,23.5,799,194.5,5
Honda Polo,2008,1.3,8.28,109775,Petrol,Individual,Automatic,Second,20.9,2993,70.3,8
Maruti Swift,2012,0.5,3.77,145398,Petrol,Individual,Manual,First,22.7,1199,130.9,5
Renault City,2014,7.68,22.28,28586,Diesel,Individual,Automatic,First,13.7,998,117.5,5
Maruti Innova,2017,5.82,17.25,83637,Diesel,Individual,Automatic,First,24.1,1997,110.5,6
Honda Kwid,2009,0.99,8.41,95105,Petrol,Individual,Manual,Third,22.8,1598,55.3,6
Maruti Polo,2015,3.79,24.89,130182,Petrol,Individual,Manual,First,13.3,2993,187.9,7
Maruti Kwid,2009,1.09,14.83,117172,Petrol,Individual,Manual,First,15.8,1498,173.6,5
Hyundai Innova,2021,5.85,18.09,90028,Diesel,Dealer,Manual,Third,16.6,799,78.0,5
Mahindra Magnite,2010,1.59,10.11,11968,CNG,Dealer,Manual,First,24.5,1997,199.1,5
Maruti Nexon,2014,2.25,24.77,134940,Diesel,Individual,Manual,Second,15.2,1396,119.2,5
Honda City,2006,1.44,11.82,111951,Diesel,Individual,Manual,First,14.0,1199,99.7,6
Hyundai Swift,2008,1.2,10.72,120095,Diesel,Individual,Manual,First,20.6,1199,51.0,5
Toyota Polo,2017,4.69,20.46,105957,CNG,Dealer,Automatic,First,22.1,1997,171.5,5
Maruti City,2018,3.61,10.69,102571,Diesel,Individual,Automatic,First,16.9,799,102.3,5
Honda Swift,2019,4.24,9.4,43513,Petrol,Dealer,Manual,First,14.2,799,98.8,5
Maruti Polo,2014,2.19,15.83,79860,Diesel,Individual,Manual,Second,22.5,799,187.7,5
Hyundai Kwid,2015,3.29,19.61,110646,Diesel,Individual,Automatic,Third,24.0,2993,79.0,5
Nissan i20,2009,3.73,15.85,40472,Diesel,Dealer,Manual,First,26.7,2993,71.5,5
Maruti Magnite,2015,2.38,12.19,127159,Petrol,Individual,Manual,Second,26.8,1598,98.6,8
Maruti Polo,2012,2.4,17.53,95692,Petrol,Dealer,Manual,First,24.8,2993,186.2,7
Honda Swift,2017,4.11,9.72,15250,Petrol,Individual,Manual,First,26.7,998,91.4,5
Honda City,2005,2.41,19.12,55106,Petrol,Individual,Manual,Second,18.5,2993,194.5,5
Maruti Polo,2006,3.56,24.1,79536,Petrol,Individual,Automatic,First,27.8,1396,151.3,4
Maruti XUV300,2008,2.03,5.8,44342,Diesel,Individual,Manual,First,27.5,2184,104.2,4
Maruti Magnite,2017,8.33,21.21,17025,Diesel,Individual,Manual,Second,23.5,998,171.6,5
Nissan XUV300,2013,2.92,22.76,65487,Petrol,Dealer,Manual,Second,27.0,2184,112.4,5
Nissan Innova,2013,5.49,23.56,27167,Electric,Dealer,Automatic,First,22.5,1197,125.6,8
Hyundai Magnite,2010,3.9,18.29,43086,Diesel,Individual,Automatic,First,21.3,1396,122.6,5
Tata Magnite,2021,5.59,15.47,90340,CNG,Dealer,Manual,Second,23.0,1197,151.6,5
Maruti XUV300,2008,3.14,15.42,40017,Diesel,Individual,Manual,First,22.1,1197,179.7,5
Maruti Kwid,2010,0.59,5.38,136305,Petrol,Individual,Automatic,Third,28.0,2179,70.1,5
Honda Magnite,2012,5.76,21.61,27362,Petrol,Dealer,Automatic,First,17.7,2993,113.5,5
Tata Nexon,2007,0.5,6.8,55817,Petrol,Dealer,Manual,First,27.3,2179,165.5,5
Hyundai Innova,2005,1.7,4.46,62566,Petrol,Dealer,Automatic,Second,23.2,998,186.1,5
Hyundai Nexon,2018,4.06,9.98,44980,Diesel,Individual,Manual,Second,24.0,1997,100.7,5
Mahindra Kwid,2006,0.5,5.32,137688,LPG,Individual,Manual,First,20.3,1197,98.1,6
Maruti Nexon,2006,0.76,3.57,91427,Petrol,Individual,Automatic,Third,23.8,2179,105.4,5
Honda Nexon,2010,2.0,14.24,105071,Diesel,Dealer,Manual,Second,16.5,1498,74.2,5
Honda Magnite,2013,1.08,6.23,49940,Diesel,Individual,Manual,First,24.9,2179,85.1,5
Ford Polo,2009,3.74,23.31,60572,Petrol,Individual,Manual,Second,22.1,1197,89.3,5
Volkswagen Kwid,2017,1.93,9.33,122849,LPG,Individual,Manual,First,20.7,1997,196.0,8
Maruti Kwid,2011,1.8,19.9,111452,LPG,Individual,Automatic,Second,15.3,998,166.1,5
Hyundai Nexon,2017,4.51,12.99,88746,Diesel,Individual,Automatic,First,20.2,2993,88.3,5
Maruti City,2008,1.75,11.52,36711,Petrol,Dealer,Manual,Second,14.2,1598,76.8,6
Toyota XUV300,2009,4.08,20.14,38260,Petrol,Individual,Manual,Second,23.5,2184,132.2,5
Honda Innova,2007,4.3,20.69,74385,Petrol,Individual,Automatic,Second,23.4,2184,76.2,4
Hyundai Nexon,2018,9.68,22.94,10833,Petrol,Dealer,Manual,Third,17.4,2184,58.7,5
Hyundai Nexon,2021,16.92,22.04,7397,Petrol,Individual,Manual,First,20.4,2179,72.4,6
Maruti XUV300,2019,4.36,16.8,136307,Electric,Individual,Manual,First,21.1,1396,100.3,6
Maruti i20,2010,1.1,3.7,51264,Diesel,Dealer,Manual,First,26.3,1199,132.4,5
Hyundai Kwid,2011,2.04,7.36,27290,Diesel,Individual,Manual,First,23.5,1396,194.7,4
Maruti Nexon,2013,2.29,16.0,96402,Petrol,Dealer,Manual,First,21.4,1197,52.8,4
Hyundai Kwid,2017,2.82,9.71,98873,Petrol,Dealer,Automatic,First,14.2,1997,113.4,8
Hyundai i20,2006,3.54,21.21,94086,Petrol,Individual,Automatic,First,18.0,2179,86.7,5
Hyundai Swift,2014,1.04,8.86,34181,Diesel,Individual,Automatic,Third,27.8,2993,197.3,4
Hyundai Innova,2014,1.8,5.79,113732,Diesel,Individual,Manual,First,15.6,1199,66.1,5
Hyundai Magnite,2020,6.74,19.18,117033,Diesel,Dealer,Manual,First,18.8,998,170.4,7
Maruti i20,2021,13.21,21.23,50946,Petrol,Individual,Manual,First,22.4,2993,116.5,7
Hyundai Swift,2018,6.19,16.95,77598,Petrol,Individual,Manual,First,18.5,1997,55.6,4
Honda Polo,2013,2.04,8.72,23394,Diesel,Individual,Manual,First,17.3,2179,66.0,5
Mahindra Innova,2016,2.27,5.59,28215,Petrol,Dealer,Manual,First,18.6,1997,50.1,6
Maruti Swift,2008,0.93,9.55,138227,Diesel,Dealer,Manual,First,21.2,1498,118.0,5
Hyundai i20,2012,4.52,15.9,22597,Diesel,Individual,Automatic,First,18.4,2184,100.0,5
Volkswagen Nexon,2006,2.55,16.08,112787,Diesel,Dealer,Automatic,Second,23.3,1498,87.8,8
Toyota Innova,2007,2.17,13.25,43946,Diesel,Individual,Manual,First,26.5,2993,61.8,5
Nissan Magnite,2005,4.34,23.33,36942,Diesel,Individual,Manual,Second,18.3,2179,168.3,5
Ford Magnite,2007,3.79,15.44,40701,Petrol,Dealer,Automatic,First,26.7,1498,178.2,5
Maruti Magnite,2005,0.81,7.99,34590,Petrol,Dealer,Manual,Second,18.2,1197,198.0,5
Hyundai EcoSport,2018,4.66,12.18,65796,Petrol,Individual,Manual,First,21.6,1498,73.8,5
Maruti Magnite,2006,0.83,4.98,22650,LPG,Dealer,Manual,First,20.0,1199,50.4,5
Hyundai Magnite,2014,3.31,22.95,127099,Diesel,Individual,Automatic,First,24.1,1598,130.0,5
Ford i20,2020,13.77,20.63,5071,Electric,Individual,Manual,First,20.6,2184,149.4,5
Maruti Nexon,2012,1.97,15.07,91509,Petrol,Individual,Manual,First,12.0,1396,181.3,5
Hyundai EcoSport,2006,0.82,3.21,62202,Petrol,Dealer,Manual,First,12.7,799,159.4,6
Mahindra Nexon,2017,6.89,18.64,61235,LPG,Dealer,Automatic,First,24.7,1997,99.1,5
Volkswagen Kwid,2011,1.3,7.65,18472,Diesel,Dealer,Manual,Third,13.2,2993,54.3,6
Maruti Swift,2018,8.95,23.16,55842,Diesel,Individual,Manual,Second,24.0,1498,111.9,5
Mahindra i20,2020,5.12,20.44,146016,Petrol,Dealer,Manual,First,16.3,1396,156.2,5
Tata Swift,2015,4.91,23.29,96978,Petrol,Individual,Automatic,First,15.0,2184,111.0,5
Maruti Innova,2014,1.9,13.63,63039,Diesel,Dealer,Manual,Second,24.4,2179,95.0,5
Nissan Nexon,2009,1.78,11.61,142707,Diesel,Individual,Manual,Third,18.7,2184,66.9,5
Maruti i20,2013,0.51,6.67,134443,Diesel,Individual,Manual,Second,14.7,1199,142.2,5
Volkswagen Swift,2018,4.84,22.19,109133,Petrol,Dealer,Manual,Second,16.1,1199,119.1,5
Hyundai Polo,2021,15.57,23.62,27659,Petrol,Individual,Manual,First,21.0,1197,102.1,6
Maruti City,2009,4.73,23.89,74311,Diesel,Individual,Automatic,First,16.5,1199,105.6,5
Renault Magnite,2017,0.96,5.78,127346,Petrol,Individual,Manual,First,24.8,998,154.0,6
Mahindra City,2018,4.19,18.99,108715,Petrol,Individual,Manual,Second,24.5,1396,101.6,7
Mahindra City,2008,0.93,12.63,113537,LPG,Individual,Manual,Third,25.2,1396,106.7,5
Maruti Swift,2020,2.86,11.48,100385,Petrol,Individual,Manual,First,19.1,1197,110.2,6
Maruti EcoSport,2016,1.82,9.95,60076,Petrol,Dealer,Manual,Second,15.9,2179,123.5,5
Tata Innova,2006,2.14,12.85,82707,Petrol,Dealer,Automatic,First,24.5,2993,147.2,5
Maruti i20,2005,2.24,15.88,108913,Diesel,Individual,Manual,First,25.6,1197,173.8,5
Maruti Polo,2014,2.43,14.2,142775,Petrol,Individual,Automatic,First,12.6,1997,132.6,5
Maruti Polo,2019,2.06,4.73,60590,Diesel,Dealer,Manual,Second,19.8,1598,68.3,4
Maruti Kwid,2020,7.8,18.68,85600,Petrol,Individual,Automatic,First,21.6,1598,186.0,4
Hyundai City,2020,3.62,12.7,127544,Petrol,Individual,Manual,Third,12.0,998,91.0,5
Honda i20,2013,0.5,8.14,47290,Petrol,Dealer,Manual,First,24.0,2993,172.1,6
Hyundai Innova,2007,4.1,16.15,18830,Petrol,Individual,Manual,First,20.1,2184,177.7,7
Maruti City,2013,0.5,11.16,108513,Petrol,Dealer,Manual,Second,15.2,1598,154.6,8
Maruti Polo,2009,0.5,4.63,141638,Petrol,Dealer,Automatic,Second,22.7,2179,84.4,6
Maruti Nexon,2017,2.27,13.26,144293,Petrol,Individual,Manual,Second,14.3,1997,60.0,7
Toyota i20,2019,6.41,23.63,144969,Petrol,Individual,Manual,First,26.5,2184,165.3,5
Honda Kwid,2017,4.88,13.57,64911,Petrol,Individual,Automatic,First,19.9,1197,178.7,5
Tata City,2019,4.3,16.45,125331,Petrol,Dealer,Manual,First,25.6,1199,144.5,7
Maruti Innova,2009,1.25,19.35,109800,Diesel,Dealer,Manual,Third,20.1,1396,143.9,5
Honda EcoSport,2015,5.2,19.4,49550,Diesel,Individual,Manual,First,23.0,2184,71.3,5
Maruti City,2014,0.87,10.51,128185,Petrol,Individual,Manual,First,13.7,2184,64.6,5
Maruti i20,2016,3.35,9.53,49143,Petrol,Individual,Manual,First,24.6,799,170.2,5
Toyota i20,2020,14.5,21.66,29721,Diesel,Individual,Automatic,First,14.1,1598,159.8,5
Mahindra EcoSport,2013,4.07,21.4,29568,Diesel,Individual,Automatic,Fourth & Above,18.1,998,93.9,5
Volkswagen Polo,2006,1.69,11.54,107904,Petrol,Individual,Automatic,Second,23.8,1396,53.2,4
Nissan EcoSport,2015,0.5,6.21,145623,Diesel,Individual,Manual,First,16.4,2179,160.8,5
Toyota City,2020,9.21,15.78,16238,Petrol,Individual,Automatic,Second,26.9,1997,143.3,5
Hyundai XUV300,2019,2.28,5.54,45542,Diesel,Individual,Automatic,Second,20.8,1199,166.3,4
Hyundai XUV300,2006,2.23,11.55,10331,Diesel,Dealer,Manual,Second,14.2,2184,103.6,5
Maruti EcoSport,2015,7.22,20.32,61040,Diesel,Individual,Automatic,First,19.5,1199,192.4,5
Toyota i20,2014,3.84,11.11,38835,Diesel,Individual,Automatic,First,17.9,1199,187.9,5
Tata XUV300,2009,0.5,3.04,84437,Diesel,Individual,Manual,Second,20.3,2184,90.5,7
Maruti Nexon,2009,5.04,23.99,25517,Diesel,Individual,Manual,Second,12.6,2179,125.5,5
Hyundai EcoSport,2011,3.68,23.77,98806,Petrol,Dealer,Manual,First,25.6,1199,160.0,5
Tata i20,2010,1.79,20.09,134649,Diesel,Dealer,Manual,First,17.7,1197,71.3,5
Maruti Kwid,2009,0.5,3.44,35971,Diesel,Individual,Manual,Third,20.1,998,174.3,4
Maruti Polo,2009,2.32,11.81,85069,Diesel,Individual,Manual,First,16.2,2179,116.3,5
Hyundai Magnite,2005,1.49,15.79,147292,Diesel,Individual,Automatic,Second,13.8,1598,100.4,6
Honda City,2009,1.3,12.33,91008,Diesel,Dealer,Automatic,Fourth & Above,17.4,1498,99.9,5
Honda XUV300,2016,0.8,6.93,116694,CNG,Individual,Manual,Second,13.1,799,89.1,6
Maruti Magnite,2013,0.54,8.69,88093,Petrol,Dealer,Manual,First,12.5,998,61.5,6
Ford Magnite,2007,3.06,19.81,78993,Petrol,Individual,Manual,First,18.4,1197,185.1,5
Hyundai Magnite,2010,3.5,20.24,59389,Petrol,Individual,Manual,First,13.8,998,50.5,5
Hyundai Polo,2008,0.5,5.78,95343,Diesel,Dealer,Manual,Fourth & Above,27.8,1598,50.4,4
Maruti XUV300,2015,4.64,24.87,128617,Diesel,Dealer,Automatic,First,21.1,1197,83.5,5
Hyundai i20,2019,7.23,24.88,110932,Diesel,Individual,Automatic,Second,20.3,2993,146.4,7
Maruti City,2009,3.49,12.32,15468,Diesel,Dealer,Automatic,First,18.5,2184,144.0,6
Maruti XUV300,2011,3.22,21.9,85476,Petrol,Individual,Manual,First,17.8,2179,196.0,5
Nissan City,2005,1.91,23.81,125704,Petrol,Individual,Manual,First,26.2,1498,179.4,5
Maruti Innova,2013,2.13,22.23,134060,LPG,Individual,Manual,Second,22.9,998,101.0,5
Hyundai Magnite,2019,6.59,9.03,6172,Diesel,Individual,Manual,First,17.4,998,79.7,6
Maruti i20,2012,4.32,16.71,57839,Petrol,Individual,Automatic,First,24.8,1396,132.8,5
Maruti Magnite,2017,2.77,10.33,71021,Petrol,Dealer,Automatic,Fourth & Above,25.9,2184,159.8,5
Nissan Kwid,2020,0.94,3.64,117168,Petrol,Individual,Manual,First,12.3,1598,142.9,5
Maruti City,2014,1.64,5.98,21157,Petrol,Individual,Manual,Third,16.8,1997,150.6,8
Nissan Innova,2006,3.14,19.7,18893,Petrol,Dealer,Automatic,Fourth & Above,22.4,1498,180.6,5
Toyota i20,2009,0.62,11.79,127057,Electric,Dealer,Manual,Second,19.7,2993,165.2,5
Maruti i20,2015,3.32,13.67,57563,Petrol,Individual,Automatic,Second,12.6,1997,184.5,5
Tata EcoSport,2021,5.26,10.85,107462,Diesel,Dealer,Automatic,First,14.7,2184,94.6,5
Maruti Polo,2016,4.07,18.61,111316,Petrol,Dealer,Automatic,First,16.8,998,197.5,6
Hyundai Nexon,2016,3.15,22.43,121631,Diesel,Individual,Manual,Second,25.9,2179,86.2,5
Hyundai i20,2016,4.47,22.99,144459,Diesel,Individual,Automatic,Second,14.8,2993,151.1,5
Ford i20,2013,2.33,17.71,86726,Diesel,Individual,Manual,First,19.8,2993,117.8,5
Honda Swift,2007,0.53,6.0,140899,Petrol,Dealer,Manual,Fourth & Above,12.2,1997,194.2,5
Honda Polo,2005,3.78,13.52,12936,Diesel,Individual,Manual,First,14.6,1498,136.6,5
Hyundai City,2012,2.11,24.92,144418,Electric,Dealer,Manual,Second,24.6,1997,51.8,5
Maruti EcoSport,2011,2.46,14.91,103764,Diesel,Individual,Manual,First,13.2,799,144.2,4
Tata Magnite,2020,10.55,23.21,56026,Petrol,Dealer,Automatic,Second,24.8,1498,180.9,4
Maruti Magnite,2018,6.61,19.42,88366,Petrol,Individual,Automatic,Second,22.2,799,165.5,4
Maruti EcoSport,2019,2.42,5.73,83601,Diesel,Individual,Automatic,First,22.0,2179,146.9,7
Hyundai Nexon,2018,5.44,9.2,5635,Diesel,Individual,Automatic,First,25.0,2993,104.2,6
Ford XUV300,2013,1.53,6.18,29091,Petrol,Individual,Manual,First,12.1,799,69.6,5
Honda Polo,2021,6.01,20.93,128941,Petrol,Individual,Manual,First,26.8,1598,164.7,5
Maruti Polo,2013,4.4,24.9,60983,Petrol,Individual,Manual,Second,19.8,2184,114.1,6
Nissan City,2017,6.64,19.67,11874,Petrol,Individual,Manual,Fourth & Above,16.4,1396,59.7,6
Honda Polo,2017,2.04,15.52,143126,Petrol,Dealer,Manual,Second,20.1,2184,188.0,5
Tata XUV300,2019,0.5,3.25,18544,Petrol,Dealer,Manual,Fourth & Above,23.1,998,89.3,5
Maruti Innova,2009,2.66,19.61,130120,Diesel,Individual,Manual,First,20.8,799,61.2,5
Renault Swift,2012,0.97,8.31,132899,Diesel,Dealer,Automatic,Second,13.3,2184,198.4,5
Honda Swift,2021,7.48,16.46,52993,Petrol,Individual,Manual,Second,27.8,2993,82.3,4
Hyundai Swift,2008,1.29,20.35,105145,Petrol,Dealer,Manual,Third,22.7,998,106.1,5
Nissan EcoSport,2019,2.22,7.29,111039,Petrol,Individual,Manual,First,26.9,1997,178.6,5
Hyundai EcoSport,2008,3.13,20.83,114562,Diesel,Individual,Manual,Second,22.7,1199,52.7,4
Honda XUV300,2020,2.99,5.25,26940,Diesel,Dealer,Manual,Third,24.4,2179,125.4,7
Hyundai Polo,2011,1.15,7.3,71115,Diesel,Individual,Manual,First,15.5,1997,120.4,5
Nissan Polo,2015,6.79,21.97,23044,Petrol,Dealer,Manual,First,21.2,998,142.9,6
Maruti i20,2013,1.82,6.57,26547,Petrol,Individual,Manual,First,19.6,1498,62.5,5
Maruti Magnite,2013,2.03,17.25,133899,Petrol,Individual,Manual,First,24.3,1199,134.1,5
Honda i20,2008,1.44,13.35,105866,Diesel,Dealer,Manual,First,14.6,1197,118.0,5
Volkswagen Kwid,2021,5.12,10.64,29432,CNG,Individual,Automatic,Third,22.4,1197,165.1,5
Maruti Innova,2020,10.71,23.85,56996,Petrol,Individual,Manual,Second,19.8,1598,137.9,5
Maruti Magnite,2018,2.9,13.78,122080,Petrol,Individual,Manual,First,25.1,1197,158.2,5
Maruti XUV300,2015,6.89,20.85,50231,Diesel,Individual,Manual,First,14.8,1199,50.1,5
Maruti Swift,2009,2.69,24.35,99074,Diesel,Dealer,Manual,First,26.9,2184,117.0,5
Maruti Polo,2015,1.25,6.1,123026,Diesel,Dealer,Manual,First,23.6,1498,148.9,5
Toyota Nexon,2007,0.5,6.47,136887,CNG,Individual,Automatic,First,19.0,2179,110.3,5
Maruti Swift,2008,2.19,4.35,15364,Petrol,Dealer,Automatic,Second,20.1,2184,194.2,5
Hyundai EcoSport,2010,2.26,20.1,124144,Diesel,Individual,Manual,Fourth & Above,19.1,998,186.4,5
Maruti Polo,2020,9.24,17.48,17057,Petrol,Dealer,Manual,Second,16.0,2993,175.0,5
Toyota i20,2009,5.86,23.71,10179,Diesel,Individual,Manual,First,20.4,1598,102.4,5
Honda Polo,2019,5.02,6.88,18746,Diesel,Individual,Manual,First,20.5,2993,108.1,5
Hyundai Nexon,2008,1.51,15.31,149101,Diesel,Dealer,Automatic,First,26.7,1396,68.4,6
Hyundai Magnite,2008,1.71,11.9,45519,Petrol,Individual,Manual,First,16.4,1199,92.3,5
Maruti Polo,2012,0.5,3.04,58971,Diesel,Individual,Automatic,Third,13.6,799,168.5,6
Honda Swift,2012,2.66,19.45,90141,Petrol,Dealer,Manual,First,23.3,1197,77.3,4
Hyundai Innova,2005,2.21,9.19,43321,Petrol,Dealer,Manual,First,19.8,1396,63.5,6
Ford Nexon,2008,2.29,22.98,111135,Petrol,Dealer,Manual,First,20.5,1199,126.7,5
Mahindra i20,2019,6.45,12.35,27346,Petrol,Dealer,Manual,First,12.2,2179,134.5,5
Maruti Kwid,2006,0.8,4.41,71986,Petrol,Individual,Manual,Second,21.2,2993,156.1,5
Maruti City,2013,2.56,14.4,86470,Petrol,Dealer,Manual,First,12.6,1396,114.2,5
Toyota Magnite,2012,0.8,4.56,23580,Petrol,Individual,Manual,Second,27.8,1396,131.1,5
Tata City,2020,2.72,9.35,129970,Diesel,Dealer,Manual,First,25.2,799,117.2,5
Maruti i20,2017,0.86,5.23,122527,Petrol,Dealer,Manual,Third,24.8,799,57.0,4
Maruti Swift,2019,1.92,10.07,125758,Diesel,Dealer,Manual,Second,23.4,2179,118.0,6
Maruti EcoSport,2021,3.11,7.83,31218,Petrol,Individual,Automatic,Fourth & Above,16.1,2993,199.2,6
Hyundai Polo,2020,1.11,5.79,132605,Petrol,Dealer,Manual,First,14.0,1598,181.9,5
Hyundai i20,2015,1.32,9.95,147561,Petrol,Individual,Manual,Second,13.7,2993,92.4,5
Maruti EcoSport,2017,0.88,5.33,85117,Petrol,Individual,Manual,First,20.7,2179,127.9,5
Maruti Swift,2007,2.86,21.84,137165,LPG,Dealer,Manual,First,19.7,799,96.6,5
Toyota XUV300,2011,3.69,19.07,53417,CNG,Dealer,Automatic,First,17.7,1997,135.6,5
Maruti Nexon,2013,1.82,8.72,14147,Petrol,Dealer,Manual,First,12.1,2184,100.6,5
Maruti XUV300,2013,2.61,9.94,17473,Petrol,Dealer,Automatic,Second,15.6,2184,196.0,7
Maruti Nexon,2006,2.79,10.5,6046,Petrol,Individual,Manual,First,26.5,1396,125.7,5
Nissan Magnite,2009,0.98,13.54,103655,Petrol,Dealer,Manual,First,22.3,1197,56.1,5
Ford i20,2013,1.12,7.8,79144,Petrol,Dealer,Manual,Fourth & Above,25.5,1199,196.0,7
Maruti Polo,2021,12.07,16.77,30394,Petrol,Individual,Automatic,First,12.6,799,65.4,5
Maruti Nexon,2016,0.64,3.54,19714,Petrol,Dealer,Manual,First,25.2,2179,132.8,5
Tata City,2013,1.53,9.08,31154,Petrol,Individual,Manual,First,12.0,2184,61.4,5
Hyundai City,2005,3.24,24.58,75610,Diesel,Individual,Manual,Second,25.5,2179,149.1,5
Maruti EcoSport,2013,1.47,17.07,90770,CNG,Dealer,Manual,Third,18.1,2179,196.7,5
Hyundai Kwid,2010,4.76,23.75,20306,Petrol,Individual,Manual,Second,19.8,1997,120.6,6
Maruti Kwid,2010,1.64,8.81,93973,Petrol,Individual,Manual,First,25.0,799,141.0,7
Hyundai Innova,2012,4.85,21.77,16329,Petrol,Individual,Manual,First,24.4,2993,184.5,5
Honda Innova,2020,12.69,21.57,48322,Petrol,Dealer,Automatic,First,27.4,1498,113.2,5
Ford Magnite,2015,6.19,18.45,24219,Petrol,Individual,Automatic,Second,25.7,1598,88.8,5
Maruti EcoSport,2015,2.12,13.46,144678,Petrol,Individual,Manual,First,27.4,1396,113.7,5
Honda Magnite,2010,0.86,5.53,106262,LPG,Dealer,Manual,Second,15.5,1396,170.2,5
Maruti Kwid,2005,2.24,11.42,95536,Petrol,Individual,Manual,Second,23.3,1997,143.8,5
Tata Nexon,2015,0.98,6.9,83740,Diesel,Individual,Manual,First,12.2,2179,95.3,4
Hyundai Innova,2014,2.9,14.78,59044,Petrol,Individual,Manual,Second,16.3,1997,93.7,5
Volkswagen Polo,2020,4.7,12.06,107112,Diesel,Dealer,Automatic,First,14.4,1997,64.2,5
Renault Nexon,2017,7.79,24.31,77754,Petrol,Individual,Automatic,First,24.0,1199,56.4,5
Maruti Swift,2010,1.48,16.13,115967,Petrol,Individual,Manual,First,27.3,1498,198.6,6
Toyota XUV300,2018,3.9,14.01,95759,Petrol,Individual,Manual,First,27.8,1396,53.0,5
Maruti Magnite,2013,3.21,13.91,25247,LPG,Dealer,Manual,First,12.9,1396,140.8,5
Honda City,2007,4.45,14.53,33860,Diesel,Individual,Automatic,First,13.6,1498,176.8,5
Hyundai City,2013,0.5,7.6,107754,Petrol,Dealer,Manual,Second,21.0,1498,101.8,6
Maruti Polo,2007,1.27,15.49,32372,Petrol,Dealer,Manual,Third,18.2,799,135.8,6
Maruti i20,2017,6.15,16.73,10203,Petrol,Individual,Automatic,Third,22.8,2184,195.2,7
Maruti Innova,2007,1.75,14.86,141527,Electric,Dealer,Manual,First,25.6,799,102.1,8
Maruti Kwid,2012,1.94,15.2,88943,Diesel,Dealer,Manual,Third,21.8,2184,134.3,5
Renault i20,2008,1.56,12.02,76301,Diesel,Dealer,Manual,Third,23.1,2184,162.9,7
Volkswagen Nexon,2019,0.99,5.39,98890,Petrol,Individual,Manual,First,12.2,1197,150.3,5
Honda Magnite,2006,1.64,10.75,83754,Petrol,Individual,Manual,First,22.1,1997,138.3,5
Maruti XUV300,2016,4.97,17.71,56838,Diesel,Individual,Manual,Second,14.2,2184,189.1,7
Toyota Swift,2006,3.06,17.27,44238,Diesel,Dealer,Manual,Second,27.0,1997,108.3,5
Hyundai Kwid,2006,1.03,9.75,137559,Petrol,Dealer,Manual,Second,17.8,1199,97.4,5
Toyota EcoSport,2009,0.83,11.72,49279,Petrol,Individual,Manual,First,15.4,998,161.0,6
Volkswagen Nexon,2018,4.22,17.62,99814,Petrol,Dealer,Automatic,Second,25.2,1396,138.6,5
Maruti EcoSport,2019,4.57,6.9,35604,Diesel,Individual,Manual,First,14.8,1997,108.8,6
Hyundai Magnite,2011,1.95,14.07,76367,Diesel,Dealer,Manual,First,14.7,2184,123.6,5
Hyundai i20,2017,8.63,20.08,46138,Petrol,Dealer,Automatic,First,18.3,2184,174.5,5
Hyundai City,2015,1.4,10.67,81720,Diesel,Dealer,Manual,Third,18.9,1199,103.3,5
Nissan Nexon,2007,3.56,19.39,74467,Diesel,Individual,Automatic,First,26.6,2184,162.4,5
Maruti Kwid,2011,3.69,19.5,37953,CNG,Individual,Manual,First,18.3,1997,161.4,5
Maruti i20,2018,3.32,13.13,138795,Diesel,Individual,Manual,First,17.1,998,59.9,5
Maruti Swift,2006,3.44,15.84,38312,CNG,Dealer,Automatic,Second,20.4,1199,119.0,6
Maruti Innova,2011,1.58,8.27,89073,Petrol,Individual,Automatic,First,21.0,2179,160.8,5
Maruti Swift,2019,7.87,15.71,28473,Petrol,Individual,Manual,Second,22.6,1598,92.7,7
Maruti EcoSport,2012,1.52,11.52,83416,Petrol,Individual,Manual,Third,27.2,1396,194.7,5
Maruti XUV300,2019,5.92,21.21,103533,Petrol,Dealer,Manual,First,20.1,1997,51.5,4
Maruti Swift,2012,1.75,23.69,129679,Diesel,Dealer,Manual,Second,25.7,2993,80.4,5
Hyundai Magnite,2010,0.96,3.14,34386,CNG,Individual,Manual,Second,16.1,1498,189.0,5
Toyota i20,2016,2.61,24.7,125897,Diesel,Individual,Manual,Second,26.9,2184,152.4,4
Hyundai XUV300,2011,3.26,13.84,49738,Diesel,Dealer,Automatic,First,19.7,2179,76.3,5
Maruti Polo,2021,4.7,8.51,72136,Petrol,Individual,Manual,First,20.5,1997,158.3,7
Honda Kwid,2005,4.41,23.51,46893,Diesel,Dealer,Manual,First,27.8,1199,74.0,6
Hyundai Polo,2018,11.86,22.5,30786,Petrol,Dealer,Manual,First,24.5,2993,153.3,5
Maruti i20,2011,1.99,12.3,75580,Diesel,Individual,Automatic,First,15.3,2179,67.0,7
Hyundai Swift,2018,5.86,21.53,99843,Diesel,Individual,Manual,First,17.1,1199,75.6,5
Hyundai Innova,2012,0.92,11.91,127445,Diesel,Individual,Manual,Fourth & Above,26.0,1997,84.9,7
Ford Magnite,2021,1.07,3.13,43274,Petrol,Dealer,Manual,First,16.2,1396,62.5,8
Hyundai Innova,2017,2.37,7.03,44709,Petrol,Dealer,Manual,First,21.5,998,61.3,5
Maruti Polo,2010,2.68,14.29,26266,Petrol,Dealer,Manual,First,15.4,2993,164.2,6
Maruti Nexon,2020,14.81,22.13,20117,Diesel,Dealer,Manual,First,22.0,1199,112.3,7
Honda Innova,2005,1.89,16.08,107013,Diesel,Individual,Manual,First,20.3,2179,90.0,4
Tata XUV300,2016,5.83,18.99,76734,Electric,Individual,Automatic,First,15.1,1197,154.3,5
Maruti Polo,2013,0.71,3.98,49487,Petrol,Individual,Automatic,First,12.1,1199,70.0,7
Maruti i20,2012,4.32,18.58,6628,Petrol,Dealer,Manual,Second,27.0,1199,74.3,4
Maruti City,2019,6.31,22.53,116251,Diesel,Dealer,Manual,First,17.0,998,182.2,5
Maruti Nexon,2018,1.87,3.85,32468,Petrol,Individual,Manual,First,22.2,1498,54.3,5
Maruti Polo,2012,2.81,23.06,149437,Petrol,Individual,Manual,First,15.2,1197,56.4,5
Maruti Innova,2014,1.84,4.64,35900,Diesel,Individual,Manual,First,24.5,799,55.7,4
Maruti Kwid,2021,1.14,6.73,110730,CNG,Dealer,Automatic,First,12.4,1396,193.3,7
Maruti i20,2014,1.83,21.65,145920,Petrol,Individual,Manual,First,18.2,2184,72.8,6
Maruti Magnite,2015,1.93,11.37,78519,Diesel,Individual,Manual,First,14.1,1498,87.4,6
Volkswagen Swift,2016,5.45,22.65,89005,Diesel,Individual,Automatic,Second,16.1,1396,81.8,5
Hyundai Magnite,2013,1.27,4.94,34012,Diesel,Dealer,Manual,First,15.6,1396,183.4,6
Nissan City,2010,0.68,9.2,118581,Diesel,Individual,Manual,Second,14.4,2993,82.1,6
Maruti Swift,2007,1.85,11.62,62083,LPG,Individual,Automatic,First,23.9,2993,80.7,5
Maruti EcoSport,2009,0.66,8.07,67108,Diesel,Dealer,Automatic,Fourth & Above,23.3,1498,194.9,5
Maruti Polo,2021,3.78,10.04,147714,Petrol,Individual,Automatic,First,15.4,1598,66.7,4
Maruti Swift,2005,2.13,19.51,124770,Petrol,Individual,Automatic,Third,23.8,2993,151.0,5
Maruti Swift,2005,2.44,14.72,86598,Petrol,Individual,Manual,First,20.9,2184,190.6,5
Maruti Innova,2018,9.98,16.62,20791,Petrol,Individual,Manual,First,27.6,1598,89.7,5
Maruti Nexon,2020,5.39,7.69,49477,Diesel,Individual,Automatic,First,26.0,799,144.6,5
Maruti Polo,2014,2.03,9.82,55203,Diesel,Dealer,Manual,First,27.7,2184,162.2,5
Honda i20,2015,3.17,20.57,103272,Petrol,Individual,Manual,First,19.7,799,140.1,5
Hyundai EcoSport,2009,1.55,4.74,32668,Diesel,Individual,Automatic,Third,15.2,1197,97.3,5
Toyota Innova,2005,5.03,24.35,29970,CNG,Individual,Automatic,First,26.2,1997,183.8,5
Nissan Nexon,2011,0.52,5.9,123174,Diesel,Individual,Manual,First,13.4,1396,66.7,6
Ford Polo,2009,0.5,4.61,111325,Diesel,Individual,Manual,First,12.8,1997,118.3,5
Hyundai i20,2012,1.8,17.53,80713,Diesel,Dealer,Automatic,Third,17.1,1598,115.8,4
Honda i20,2006,0.58,9.63,139806,Diesel,Individual,Manual,Third,19.7,1199,84.7,5
Honda EcoSport,2011,3.03,22.39,82207,Petrol,Individual,Manual,First,17.3,2993,194.6,5
Hyundai Kwid,2013,2.28,6.6,14899,Diesel,Individual,Automatic,First,22.8,1997,71.8,5
Hyundai Nexon,2020,3.64,9.34,99697,Petrol,Dealer,Automatic,First,18.4,2184,170.6,6
Ford Kwid,2011,1.84,8.1,64371,Diesel,Dealer,Manual,First,27.9,2993,59.2,5
Maruti XUV300,2014,2.82,22.11,107229,Petrol,Dealer,Manual,First,18.7,2179,86.0,5
Ford XUV300,2006,2.05,8.26,84756,Petrol,Individual,Manual,First,19.8,1498,104.1,6
Maruti Magnite,2014,3.72,22.36,59681,LPG,Individual,Manual,First,25.4,2179,160.4,5
Mahindra Kwid,2020,4.78,14.85,131230,Petrol,Individual,Manual,First,25.4,799,74.8,7
Hyundai City,2010,2.06,11.94,45585,LPG,Individual,Manual,First,24.5,1197,73.5,5
Toyota EcoSport,2019,3.02,19.4,140449,Petrol,Individual,Manual,Third,24.3,2993,123.2,7
Maruti EcoSport,2007,3.32,13.3,17190,Petrol,Dealer,Manual,First,24.9,1396,87.8,5
Maruti Nexon,2012,3.39,22.61,50749,CNG,Individual,Manual,Second,25.4,1598,100.2,5
Tata Polo,2016,5.21,15.2,43862,Petrol,Dealer,Manual,First,22.1,2184,71.2,5
Volkswagen Nexon,2009,3.01,13.0,56572,Diesel,Individual,Automatic,First,17.7,1396,106.1,6
Honda XUV300,2014,5.05,20.23,55539,Petrol,Dealer,Automatic,First,25.1,998,168.6,5
Tata i20,2021,13.13,18.59,33388,Diesel,Individual,Manual,First,26.9,2179,129.3,5
Maruti Nexon,2021,1.94,3.9,80651,Diesel,Individual,Automatic,Third,20.9,1997,199.4,5
Toyota Swift,2018,7.6,13.49,21863,Petrol,Dealer,Automatic,First,21.8,1396,189.1,4
Maruti Polo,2006,2.67,22.71,105937,Petrol,Dealer,Manual,Second,12.8,1199,114.0,5
Hyundai Nexon,2005,3.48,17.86,71156,Diesel,Individual,Manual,First,27.2,2179,82.5,5
Hyundai Magnite,2018,7.6,19.23,65115,Diesel,Dealer,Manual,First,22.0,1498,172.5,5
Honda City,2005,1.99,20.42,79343,Petrol,Dealer,Automatic,Fourth & Above,18.6,2179,84.8,6
Maruti City,2015,0.57,7.06,94464,Petrol,Individual,Manual,First,13.3,1997,161.8,5
Renault EcoSport,2016,2.64,14.11,145082,Petrol,Individual,Manual,First,14.5,2179,79.6,5
Hyundai Kwid,2017,2.34,3.61,22940,Petrol,Individual,Manual,Second,26.2,1396,105.8,7
Toyota Magnite,2008,0.96,15.07,120436,Diesel,Dealer,Manual,Second,12.7,998,99.6,4
Hyundai Kwid,2020,9.66,15.52,36785,Diesel,Dealer,Manual,First,14.4,1197,161.9,5
Hyundai City,2013,2.39,20.28,79875,Diesel,Dealer,Manual,First,24.6,998,55.7,5
Hyundai XUV300,2009,1.79,8.43,28005,Petrol,Dealer,Automatic,First,12.8,1498,145.8,6
Nissan Nexon,2009,3.06,12.43,8816,Petrol,Individual,Automatic,First,26.8,799,169.6,5
Hyundai Magnite,2017,4.94,12.33,44848,Petrol,Individual,Manual,First,21.7,799,51.8,7
Maruti City,2009,1.76,14.56,120200,Diesel,Individual,Automatic,Second,21.3,1197,51.9,6
Honda Kwid,2021,4.91,9.49,60830,Petrol,Individual,Manual,First,20.7,2179,136.9,7
Volkswagen Innova,2014,2.52,16.14,90547,Diesel,Individual,Automatic,First,16.4,1598,118.9,7
Maruti EcoSport,2016,2.64,18.1,122585,Petrol,Individual,Automatic,First,21.7,799,147.1,5
Nissan Swift,2008,2.11,8.79,29281,Diesel,Dealer,Automatic,Second,17.2,799,198.4,4
Maruti Swift,2015,3.01,15.24,98491,Electric,Individual,Manual,First,16.4,1498,156.3,5
Toyota City,2019,7.53,22.2,99358,Electric,Dealer,Manual,First,20.9,1197,80.7,5
Tata Swift,2021,4.04,15.66,136896,Petrol,Individual,Manual,Second,17.0,1498,89.5,6
Volkswagen Swift,2013,1.25,4.22,115592,Diesel,Individual,Automatic,First,13.3,799,195.4,6
Nissan Swift,2006,1.54,5.24,40950,Petrol,Individual,Manual,First,13.3,1498,55.2,8
Honda Nexon,2020,9.7,20.31,78311,Petrol,Individual,Automatic,First,15.8,1197,175.1,6
Maruti Kwid,2007,0.71,7.88,141769,Petrol,Dealer,Manual,First,18.4,1997,166.1,6
Ford Innova,2007,1.02,9.98,145833,Petrol,Individual,Automatic,First,20.4,998,183.5,6
Hyundai Kwid,2021,7.29,12.35,26015,Petrol,Individual,Automatic,Second,26.1,799,120.8,8
Honda i20,2016,4.56,13.3,79019,Diesel,Dealer,Manual,First,17.4,1498,133.9,7
Maruti Nexon,2011,1.24,7.08,39942,Diesel,Individual,Manual,First,20.8,1598,52.6,5
Honda Nexon,2005,2.74,13.14,6563,Petrol,Dealer,Manual,Second,25.1,799,195.2,4
Maruti Kwid,2019,4.34,11.97,102520,Diesel,Individual,Automatic,Second,25.3,1197,62.6,6
Hyundai Nexon,2009,1.04,8.82,105715,Petrol,Dealer,Manual,First,23.7,2993,91.4,5
Hyundai Kwid,2012,1.01,10.89,74287,Diesel,Individual,Manual,Third,19.6,1997,112.0,5
Nissan EcoSport,2008,4.9,18.98,45302,Petrol,Dealer,Manual,First,24.3,2184,51.8,5
Maruti City,2013,2.16,16.49,96579,Diesel,Individual,Manual,Second,15.9,1197,187.0,5
Maruti Swift,2015,4.38,14.69,70785,CNG,Dealer,Automatic,First,23.5,1197,131.7,5
Tata City,2005,1.77,10.73,141215,Petrol,Individual,Manual,Second,27.1,1199,105.0,4
Honda XUV300,2006,3.19,19.55,11156,CNG,Individual,Manual,Third,18.4,998,65.3,8
Maruti Magnite,2008,1.27,5.37,66880,Diesel,Individual,Manual,First,27.4,1997,85.2,5
Renault XUV300,2012,2.17,19.82,109534,Petrol,Dealer,Manual,Third,21.2,2179,128.0,4
Nissan Nexon,2017,2.23,6.78,69075,Petrol,Dealer,Manual,First,19.1,1598,109.7,6
Maruti Nexon,2008,2.78,12.59,25151,Diesel,Individual,Manual,Third,20.8,1197,182.1,5
Hyundai Kwid,2020,5.38,19.42,107566,Petrol,Individual,Manual,Second,18.5,2179,177.1,5
Honda i20,2005,0.87,3.91,127404,Diesel,Individual,Manual,Fourth & Above,24.2,2179,176.1,5
Renault Nexon,2005,0.5,7.97,75074,Diesel,Individual,Automatic,Second,22.2,998,136.6,5
Volkswagen Swift,2007,0.97,6.24,104952,Petrol,Dealer,Automatic,First,20.7,1498,110.9,5
Ford XUV300,2013,2.03,17.69,102218,Petrol,Individual,Manual,First,26.6,1396,164.5,5
Maruti i20,2016,4.08,12.53,55118,Diesel,Dealer,Manual,Second,18.4,998,149.1,6
Hyundai Kwid,2015,4.45,14.18,14085,Diesel,Individual,Manual,Second,23.8,2179,68.5,5
Honda Innova,2006,6.04,22.63,8390,Petrol,Individual,Manual,First,27.1,998,130.5,5
Tata Kwid,2018,2.66,8.35,77441,Diesel,Individual,Manual,Second,16.5,998,53.1,7
Maruti Polo,2015,5.55,23.91,64198,Petrol,Individual,Manual,First,25.6,1197,197.7,5
Maruti Nexon,2005,0.97,3.09,66930,Petrol,Individual,Automatic,First,15.0,2179,141.0,6
Mahindra i20,2012,3.59,21.97,47636,Petrol,Individual,Manual,First,18.7,998,168.1,6
Maruti Nexon,2012,0.95,3.14,84477,CNG,Dealer,Manual,Fourth & Above,16.3,1197,117.6,5
Maruti Swift,2005,3.46,20.28,63141,Petrol,Individual,Manual,First,13.0,1598,117.0,5
Volkswagen Magnite,2013,2.15,17.93,102029,Petrol,Individual,Manual,First,23.3,2184,100.7,6
Toyota Kwid,2021,2.95,5.48,127785,Diesel,Individual,Automatic,Second,20.6,799,104.8,7
Maruti City,2007,1.52,12.09,72067,Petrol,Individual,Automatic,Third,27.9,1199,136.7,5
Ford Nexon,2020,3.42,10.03,133518,Petrol,Individual,Automatic,Second,24.5,1396,138.2,7
Maruti Polo,2013,0.87,10.87,61215,Petrol,Individual,Manual,Second,27.4,1396,188.4,5
Honda i20,2012,5.28,17.55,7100,Petrol,Individual,Automatic,First,27.8,1997,157.8,5
Volkswagen Swift,2005,1.31,12.64,147887,Diesel,Dealer,Manual,Second,23.3,1199,59.2,5
Maruti Magnite,2018,2.37,7.85,92112,Petrol,Individual,Manual,First,17.2,2184,125.8,5
Maruti EcoSport,2016,5.01,24.32,97928,Petrol,Dealer,Automatic,Second,22.0,1396,198.8,6
Maruti Magnite,2016,3.02,24.59,120200,Petrol,Dealer,Manual,First,27.3,1199,151.2,7
Renault Innova,2015,1.13,4.37,49055,Petrol,Dealer,Automatic,Second,23.6,1199,92.6,7
Maruti i20,2018,6.24,14.44,35366,Diesel,Dealer,Manual,Third,27.8,2993,178.4,5
Maruti City,2021,4.5,14.91,126307,Petrol,Dealer,Manual,First,18.9,2184,124.8,5
Volkswagen Kwid,2006,4.32,14.31,15534,Diesel,Dealer,Manual,First,18.8,1498,86.4,7
Maruti Kwid,2011,2.06,10.41,51265,Petrol,Dealer,Automatic,Fourth & Above,26.4,2184,141.1,7
Toyota Kwid,2011,1.72,17.15,119814,Diesel,Individual,Automatic,Second,14.9,1197,197.1,5
Maruti Nexon,2011,0.87,16.04,100918,Petrol,Individual,Automatic,First,18.7,2184,75.4,4
Maruti Innova,2012,2.36,8.99,63131,Diesel,Dealer,Automatic,Second,13.0,1197,118.4,5
Maruti Innova,2017,6.14,18.91,93841,Diesel,Dealer,Manual,First,15.8,2179,194.5,5
Maruti Innova,2013,0.83,3.31,17454,Petrol,Individual,Manual,Third,20.4,2179,175.5,4
Honda Swift,2005,2.52,13.49,21495,Diesel,Dealer,Manual,Third,26.9,998,194.6,7
Hyundai Nexon,2010,0.8,4.97,109012,Petrol,Individual,Automatic,Second,17.6,2184,125.3,4
Hyundai XUV300,2012,2.65,11.12,6758,Diesel,Dealer,Manual,First,16.3,2179,78.9,8
Hyundai Innova,2006,3.1,15.46,61064,Electric,Individual,Manual,First,16.2,1498,135.9,5
Hyundai Magnite,2013,3.5,16.51,64780,Petrol,Individual,Manual,First,27.4,1498,167.3,7
Hyundai City,2021,14.01,21.51,32807,Petrol,Individual,Manual,First,15.7,1396,108.5,5
Maruti Nexon,2005,1.98,14.63,58150,Diesel,Individual,Manual,Second,24.8,1396,121.5,5
Hyundai EcoSport,2017,10.25,24.15,57176,Diesel,Individual,Automatic,First,27.9,2993,97.3,5
Maruti Innova,2012,1.1,4.67,97338,Diesel,Individual,Manual,First,21.9,1199,52.4,5
Maruti Polo,2005,0.89,6.98,42551,Electric,Dealer,Manual,Third,17.4,1199,116.1,5
Toyota EcoSport,2017,4.3,13.52,65263,Petrol,Dealer,Manual,First,20.6,1598,84.6,4
Honda XUV300,2009,1.76,21.44,139428,Petrol,Dealer,Automatic,First,20.6,1598,53.7,4
Maruti Polo,2006,1.54,5.87,88526,Petrol,Individual,Manual,First,19.0,2993,125.7,5
Nissan EcoSport,2019,6.95,24.69,127336,Petrol,Dealer,Manual,First,12.7,2184,114.6,5
Volkswagen City,2016,4.25,19.36,91426,Diesel,Individual,Manual,Second,24.0,1997,76.0,4
Honda Swift,2021,1.87,4.43,98553,Petrol,Dealer,Automatic,First,23.8,1598,92.8,5
Tata EcoSport,2010,0.5,12.83,86392,Diesel,Dealer,Manual,First,27.3,1997,121.1,4
Hyundai Innova,2008,0.8,8.22,11276,Diesel,Individual,Manual,Second,21.8,2184,176.8,5
Nissan EcoSport,2021,8.69,24.11,102412,Diesel,Dealer,Manual,Second,18.6,998,185.7,6
Volkswagen XUV300,2020,1.26,4.56,146219,Diesel,Individual,Automatic,First,12.5,1997,114.2,5
Honda EcoSport,2012,1.85,9.71,144229,Diesel,Individual,Manual,Second,20.1,2993,194.6,5
Ford XUV300,2015,5.39,17.36,29592,Diesel,Dealer,Manual,Second,12.7,1498,131.9,4
Maruti Magnite,2006,3.44,23.26,48407,Petrol,Dealer,Manual,Third,18.4,1396,170.4,5
Maruti Kwid,2011,1.88,16.87,141759,Diesel,Individual,Manual,Second,27.8,1199,57.1,4
Maruti City,2018,4.97,7.61,20913,Petrol,Individual,Manual,First,20.4,1199,199.5,5
Hyundai Polo,2017,3.47,19.79,146014,Petrol,Individual,Manual,First,21.3,1997,132.2,5
Volkswagen Polo,2020,2.67,12.7,145809,CNG,Individual,Manual,Second,25.5,1197,152.0,5
Volkswagen i20,2007,1.78,18.87,112083,Petrol,Individual,Manual,First,18.7,2993,166.5,5
Hyundai i20,2013,2.08,22.88,112632,Petrol,Dealer,Manual,First,22.3,2184,94.0,6
Hyundai XUV300,2014,7.94,23.41,20106,Diesel,Individual,Manual,First,17.7,1199,68.4,5
Toyota Kwid,2010,2.52,8.65,51381,Diesel,Individual,Manual,First,12.6,799,107.5,6
Maruti Innova,2016,1.01,4.24,62554,Petrol,Individual,Manual,First,17.3,2993,117.6,5
Volkswagen Magnite,2021,13.43,21.05,17541,Petrol,Individual,Manual,Second,13.1,1997,115.7,5
Honda City,2011,2.73,18.33,110054,LPG,Dealer,Manual,First,27.0,2184,89.1,5
Maruti Innova,2020,7.87,21.29,53394,Petrol,Individual,Manual,Third,24.6,2993,197.0,8
Toyota Innova,2021,4.5,9.36,71646,Petrol,Individual,Manual,First,24.0,1598,150.4,7
Nissan Innova,2018,6.87,16.75,64672,Diesel,Individual,Manual,First,23.1,1498,110.9,6
Maruti Nexon,2009,1.1,18.74,143460,Petrol,Dealer,Manual,First,19.0,1199,157.0,5
Hyundai EcoSport,2010,1.24,8.85,83978,Diesel,Individual,Manual,Second,16.4,1396,86.8,5
Toyota EcoSport,2005,4.56,23.52,53916,Petrol,Individual,Manual,First,13.4,1598,174.5,5
Maruti Magnite,2019,10.41,16.16,7825,Petrol,Individual,Manual,First,21.1,1498,93.1,5
Maruti XUV300,2018,4.28,9.93,51853,Petrol,Dealer,Manual,First,17.7,1396,153.5,5
Mahindra Kwid,2016,0.94,9.75,134442,LPG,Dealer,Automatic,Second,18.5,998,187.0,6
Hyundai Nexon,2016,3.24,5.93,9484,Diesel,Individual,Manual,First,23.3,799,188.4,5
Maruti Kwid,2010,0.5,5.22,56736,Diesel,Individual,Automatic,Second,16.9,2993,78.4,5
Maruti Swift,2017,3.14,10.04,96126,Petrol,Individual,Manual,Second,15.6,2184,188.6,5
Maruti EcoSport,2016,3.07,19.9,120144,Diesel,Dealer,Manual,First,25.1,1498,114.8,4
Toyota i20,2020,6.14,22.95,148252,Petrol,Individual,Automatic,Second,15.4,2179,68.4,5
Maruti Innova,2011,2.62,21.28,88176,Diesel,Dealer,Manual,First,23.9,1598,76.8,5
Honda Kwid,2006,1.09,13.03,122426,Petrol,Individual,Manual,First,14.5,1197,110.6,4
Renault i20,2005,2.18,24.24,138581,Petrol,Dealer,Manual,Fourth & Above,13.5,998,189.4,5
Ford Magnite,2007,1.04,14.18,134196,LPG,Individual,Manual,Fourth & Above,15.0,998,159.5,6
Hyundai XUV300,2012,0.5,7.46,144759,Electric,Individual,Manual,First,27.3,998,164.9,4
Maruti Innova,2007,4.61,18.74,11103,Petrol,Individual,Manual,First,16.5,2179,166.0,5
Hyundai Kwid,2013,1.02,14.0,143589,Petrol,Dealer,Manual,First,16.6,799,107.6,5
Hyundai Polo,2006,0.5,4.82,82350,Diesel,Dealer,Manual,First,27.6,1997,93.3,5
Maruti Nexon,2015,1.14,9.43,121255,CNG,Individual,Manual,First,23.9,1396,84.0,8
Hyundai Nexon,2010,2.16,21.43,52986,Petrol,Dealer,Manual,Third,26.9,1498,175.4,5
Hyundai Magnite,2021,6.06,9.39,43867,LPG,Individual,Manual,First,19.0,998,157.4,5
Toyota City,2015,4.06,10.76,25517,Diesel,Dealer,Automatic,First,26.1,1396,145.5,5
Maruti Kwid,2015,0.73,12.84,127871,Electric,Dealer,Manual,Third,13.5,2184,77.6,5
Toyota Swift,2014,1.97,8.41,123957,Petrol,Individual,Automatic,Second,12.5,2179,74.1,7
Maruti XUV300,2017,2.39,13.82,131108,Diesel,Individual,Manual,First,12.4,799,98.4,4
Hyundai Polo,2016,5.16,20.76,107825,Diesel,Individual,Manual,First,24.5,1598,100.1,5
Tata Innova,2010,0.91,24.04,132602,Petrol,Individual,Manual,Third,24.7,2993,92.7,6
Maruti Swift,2019,4.16,9.83,57656,Diesel,Dealer,Manual,First,27.5,1197,128.3,7
Maruti Nexon,2020,8.03,14.65,44430,LPG,Dealer,Manual,First,18.5,1598,107.3,5
Honda Innova,2010,2.23,21.09,92425,Diesel,Individual,Manual,Fourth & Above,27.2,2993,96.9,5
Toyota Kwid,2013,3.75,23.7,138435,Petrol,Individual,Automatic,First,13.2,998,71.3,5
Toyota Swift,2011,1.52,19.89,116286,Petrol,Individual,Manual,First,18.9,1598,122.1,5
Hyundai Kwid,2019,7.08,20.33,78107,Petrol,Dealer,Automatic,Second,16.5,1598,107.3,5
Hyundai Polo,2018,7.61,20.64,67348,Diesel,Individual,Automatic,Second,19.8,2179,52.6,6
Maruti XUV300,2012,3.53,16.84,73983,Petrol,Individual,Automatic,First,21.8,1598,135.3,5
Maruti XUV300,2007,3.41,15.6,68011,Petrol,Dealer,Manual,First,25.9,1197,88.8,5
Hyundai Kwid,2019,1.67,7.52,111557,Diesel,Dealer,Manual,First,22.6,1199,161.7,5
Maruti Kwid,2013,0.85,8.96,126320,Petrol,Dealer,Automatic,First,21.2,1598,169.6,5
Hyundai i20,2007,3.01,15.52,102203,Diesel,Dealer,Automatic,First,22.3,1197,93.5,5
Honda Innova,2006,2.05,21.32,112738,Petrol,Dealer,Manual,First,27.7,1197,171.3,4
Honda Polo,2005,1.4,6.09,32881,Petrol,Dealer,Manual,Second,27.2,1997,96.8,7
Volkswagen City,2007,1.96,20.52,78110,Diesel,Individual,Manual,Third,15.7,1498,179.7,5
Ford Swift,2016,5.36,15.86,37668,Petrol,Dealer,Manual,First,20.5,1199,167.3,5
Maruti XUV300,2015,2.0,6.24,72438,Diesel,Individual,Automatic,First,24.1,2184,190.4,7
Mahindra EcoSport,2007,2.35,16.35,71321,Petrol,Dealer,Manual,Fourth & Above,24.5,1498,67.6,5
Maruti i20,2009,3.46,16.94,40971,Petrol,Dealer,Manual,First,13.0,1197,117.6,6
Honda Innova,2020,7.63,14.44,26013,Petrol,Dealer,Manual,Second,18.8,1396,153.1,5
Honda Kwid,2021,14.28,22.7,53465,Petrol,Individual,Automatic,First,23.0,1396,174.8,6
Renault Swift,2018,5.03,17.77,88262,Diesel,Dealer,Manual,First,13.0,1498,157.3,5
Volkswagen Polo,2015,0.87,8.05,99689,LPG,Individual,Automatic,Second,21.3,1997,56.4,6
Maruti Kwid,2013,2.21,14.06,81092,CNG,Dealer,Manual,Second,25.1,1997,142.0,5
Toyota XUV300,2015,6.38,23.45,54326,Diesel,Individual,Manual,Second,13.7,998,189.1,5
Maruti City,2006,0.74,7.81,91969,Diesel,Dealer,Manual,First,19.3,1199,147.9,5
Maruti i20,2018,14.72,23.55,16764,Diesel,Dealer,Automatic,First,16.2,799,155.6,4
Maruti Swift,2014,3.09,24.24,145352,Petrol,Individual,Manual,First,13.3,1396,96.1,5
Toyota Magnite,2009,2.76,24.31,34285,Petrol,Individual,Manual,Second,17.5,1197,90.4,4
Maruti Innova,2012,3.23,19.03,97504,Diesel,Dealer,Manual,First,15.3,2179,154.1,6
Maruti Innova,2013,2.95,22.14,105193,Diesel,Individual,Manual,First,25.5,1396,99.2,5
Hyundai Magnite,2005,2.29,7.12,11960,Petrol,Individual,Automatic,First,18.9,998,91.1,8
Mahindra XUV300,2008,4.01,16.27,42903,Diesel,Individual,Automatic,Second,21.6,2993,75.3,5
Hyundai XUV300,2020,6.67,12.32,26720,Diesel,Dealer,Manual,First,21.9,1997,106.1,5
Hyundai i20,2007,0.5,6.17,117333,Petrol,Individual,Manual,First,18.0,1997,58.2,5
Tata Polo,2012,3.76,17.18,36983,Petrol,Individual,Automatic,Second,22.4,2179,73.0,5
Hyundai EcoSport,2021,5.6,10.64,35888,Petrol,Individual,Manual,Second,23.9,1598,144.0,5
Maruti Swift,2015,5.16,21.83,47786,Petrol,Dealer,Automatic,Second,18.2,1199,69.0,5
Maruti EcoSport,2013,2.09,13.62,69624,CNG,Dealer,Manual,First,19.5,1197,186.5,5
Maruti Nexon,2010,0.63,9.32,10949,Petrol,Individual,Manual,Third,26.6,2993,67.1,7
Toyota Magnite,2010,2.73,9.04,32141,Petrol,Individual,Manual,First,12.3,1997,77.9,4
Hyundai Polo,2015,3.83,21.85,145258,Petrol,Individual,Manual,First,24.7,1598,172.5,5
Hyundai Magnite,2005,4.55,23.67,13828,Petrol,Individual,Automatic,Third,18.5,2179,85.9,7
Maruti EcoSport,2005,1.64,19.1,116491,Petrol,Dealer,Manual,First,13.3,1498,51.7,5
Ford Swift,2013,1.36,19.08,110287,Petrol,Dealer,Automatic,Fourth & Above,22.4,2184,54.2,8
Hyundai Kwid,2007,1.09,6.47,108064,Petrol,Individual,Manual,Fourth & Above,17.5,2184,185.0,6
Honda Kwid,2014,3.67,13.71,6194,Petrol,Dealer,Manual,First,19.2,1498,146.4,5
Hyundai i20,2007,0.5,5.4,107284,Petrol,Dealer,Automatic,Third,19.5,1396,139.6,4
Maruti Nexon,2012,0.86,11.39,96168,Diesel,Individual,Manual,First,15.4,1498,78.5,5
Nissan Innova,2007,1.58,14.28,140533,Diesel,Individual,Manual,First,27.0,2184,188.5,7
Maruti EcoSport,2014,0.51,4.56,128499,Petrol,Individual,Automatic,First,21.4,2184,152.1,4
Renault Magnite,2011,1.79,12.13,66723,Diesel,Individual,Automatic,Second,24.2,2179,57.6,5
Maruti Innova,2007,0.5,4.93,64973,Petrol,Dealer,Manual,First,16.9,1498,65.6,7
Tata XUV300,2012,3.64,20.95,44837,Diesel,Individual,Manual,Second,27.3,1197,74.2,6
Tata i20,2007,0.5,10.12,132340,Petrol,Dealer,Manual,Second,14.3,1598,125.3,6
Maruti Swift,2012,1.11,3.02,10045,Diesel,Dealer,Manual,First,27.5,998,131.3,5
Maruti Nexon,2011,1.4,9.86,100929,Petrol,Individual,Automatic,Third,22.0,998,132.5,5
Hyundai City,2021,13.02,24.03,16510,Diesel,Individual,Manual,Fourth & Above,17.3,2993,158.7,5
Hyundai EcoSport,2008,3.54,18.97,50663,Petrol,Individual,Automatic,First,19.4,1498,165.9,4
Maruti City,2007,2.7,13.73,68447,Petrol,Dealer,Manual,Second,24.8,1197,104.8,5
Mahindra Kwid,2018,5.78,11.35,18514,Petrol,Individual,Manual,First,22.7,1197,51.4,8
Hyundai i20,2015,3.64,24.05,81685,CNG,Individual,Manual,Fourth & Above,16.8,998,146.6,4
Maruti Innova,2019,2.02,7.73,100632,LPG,Dealer,Manual,Third,27.1,2179,122.2,4
Honda Innova,2009,3.02,23.05,76899,Petrol,Dealer,Manual,Third,17.1,1199,152.5,5
Maruti Kwid,2009,1.43,7.38,73187,Petrol,Individual,Automatic,Second,16.0,2179,57.3,5
Maruti Swift,2006,1.68,8.63,32064,Petrol,Dealer,Manual,First,16.4,998,137.4,7
Maruti City,2006,0.56,6.91,68275,Petrol,Dealer,Manual,Fourth & Above,27.5,1197,127.3,6
Hyundai Nexon,2021,2.31,4.57,63207,Electric,Individual,Automatic,Second,27.3,1197,131.7,5
Hyundai EcoSport,2021,2.28,4.77,26633,Petrol,Individual,Automatic,Third,18.8,1598,119.2,5
Hyundai City,2011,1.32,7.53,39340,Diesel,Dealer,Automatic,Third,25.7,2184,96.8,7
Volkswagen XUV300,2018,2.83,10.22,90558,Petrol,Individual,Manual,Second,18.3,1396,90.8,4
Tata Magnite,2009,3.61,14.8,26399,Petrol,Individual,Automatic,First,14.6,998,136.2,4
Toyota Swift,2017,1.12,3.32,130061,Petrol,Individual,Manual,First,21.1,1997,144.4,7
Maruti City,2011,0.5,3.56,92950,Petrol,Dealer,Manual,Second,16.1,1598,131.9,5
Maruti Swift,2009,0.71,19.22,129802,CNG,Individual,Manual,Third,20.7,1396,97.3,5
Mahindra i20,2007,3.52,24.35,148877,Petrol,Individual,Manual,First,20.9,2184,133.2,4
Nissan Kwid,2020,7.03,12.99,18584,Diesel,Dealer,Manual,Second,26.2,1997,189.1,6
Nissan Swift,2016,2.67,8.49,10177,Petrol,Dealer,Manual,Second,13.3,1997,115.5,5
Hyundai Magnite,2017,2.46,4.57,67577,Petrol,Individual,Automatic,Third,12.1,2184,133.0,4
Maruti Swift,2008,1.48,6.21,32333,Petrol,Individual,Automatic,First,21.6,2179,105.2,7
Hyundai Magnite,2008,3.5,22.48,78834,Petrol,Dealer,Automatic,Second,25.8,2993,99.4,5
Ford Innova,2020,9.81,20.99,30304,Electric,Individual,Manual,Second,17.4,1498,170.8,6
Maruti Swift,2019,6.34,23.42,120363,CNG,Individual,Automatic,First,24.9,1997,66.1,5
Toyota Magnite,2005,1.78,16.46,102914,Petrol,Dealer,Manual,First,22.9,1598,199.4,6
Hyundai City,2021,7.7,21.53,86617,Petrol,Individual,Manual,Third,18.9,2184,194.8,5
Maruti Nexon,2017,7.37,19.27,32749,Petrol,Individual,Automatic,Second,18.9,1199,133.4,6
Maruti i20,2008,1.15,6.23,90487,Petrol,Individual,Manual,First,17.7,1197,51.4,5
Mahindra Magnite,2013,1.8,11.84,85312,Diesel,Dealer,Manual,First,27.1,1199,185.1,5
Hyundai Innova,2007,1.19,10.11,148864,Petrol,Individual,Automatic,First,19.4,1598,100.1,6
Honda Magnite,2006,1.22,19.65,134045,Petrol,Dealer,Automatic,Second,23.7,1197,150.0,4
Hyundai EcoSport,2015,0.64,10.35,108253,Petrol,Individual,Manual,Third,15.4,2993,146.5,5
Tata EcoSport,2019,4.05,13.03,107156,Diesel,Individual,Manual,First,27.6,2184,95.0,5
Maruti Nexon,2008,1.7,12.42,80805,Petrol,Dealer,Automatic,First,27.1,1498,121.8,8
Maruti i20,2021,0.89,4.38,131260,Diesel,Dealer,Manual,Second,12.6,1997,137.9,6
Maruti EcoSport,2011,2.44,14.66,69756,Petrol,Dealer,Manual,Second,15.8,2184,57.4,5
Volkswagen Magnite,2010,0.5,12.01,123307,Petrol,Individual,Automatic,Fourth & Above,21.5,1598,101.5,5
Hyundai City,2021,5.93,13.46,87655,Diesel,Dealer,Manual,First,20.3,1197,52.6,5
Maruti Nexon,2006,3.45,21.85,52467,Petrol,Individual,Manual,Second,13.6,799,166.5,5
Mahindra EcoSport,2008,1.29,10.93,74344,Diesel,Individual,Manual,Fourth & Above,23.3,2179,98.4,6
Hyundai Magnite,2006,2.37,11.59,60353,Petrol,Individual,Manual,First,20.7,1199,82.6,5
Hyundai City,2015,3.61,14.52,53475,CNG,Individual,Manual,First,23.9,1197,188.3,5
Maruti Innova,2010,1.91,8.53,79953,Petrol,Dealer,Manual,First,14.9,1197,56.5,5
Renault Nexon,2012,1.16,6.88,5066,Petrol,Dealer,Manual,Fourth & Above,26.3,799,132.9,7
Honda i20,2008,5.94,24.79,32765,Diesel,Dealer,Manual,First,21.0,1498,74.7,5
Ford Swift,2007,1.31,11.49,121979,Petrol,Individual,Manual,Fourth & Above,13.6,1396,197.2,5
Renault XUV300,2015,6.68,18.94,18119,Petrol,Individual,Manual,First,14.9,998,52.9,5
Maruti Nexon,2012,3.76,13.82,14089,Petrol,Dealer,Manual,Second,25.2,2184,166.1,6
Maruti Polo,2008,4.7,21.32,18196,CNG,Dealer,Manual,First,14.5,1199,57.6,7
Maruti City,2008,1.77,12.26,72116,Petrol,Individual,Manual,First,25.0,1498,114.6,5
Renault Swift,2010,0.5,14.99,121741,Petrol,Individual,Manual,Third,18.2,1598,182.9,7
Hyundai i20,2018,2.22,6.32,66486,Petrol,Individual,Manual,First,19.6,1997,177.6,6
Maruti XUV300,2020,5.91,20.28,144549,Petrol,Dealer,Automatic,First,17.4,1997,164.2,4
Hyundai City,2008,0.91,7.0,95766,CNG,Individual,Manual,First,16.2,2179,191.8,5
Renault Polo,2016,1.65,7.29,74370,Petrol,Individual,Manual,Second,22.5,1598,89.5,7
Maruti Swift,2020,12.59,19.45,27406,Petrol,Dealer,Manual,First,14.8,1396,87.7,7
Maruti City,2011,1.45,7.7,50191,Petrol,Individual,Manual,First,25.1,1598,138.3,5
Ford Swift,2015,0.81,6.33,66528,Diesel,Individual,Automatic,Third,27.8,2184,67.8,8
Honda i20,2008,3.45,24.32,18749,Petrol,Individual,Manual,Fourth & Above,27.5,1199,50.4,5
