id,sale_price,lot_area,overall_qual,overall_cond,year_built,year_remod_add,mas_vnr_area,bsmt_fin_sf1,bsmt_fin_sf2,bsmt_unf_sf,total_bsmt_sf,first_flr_sf,second_flr_sf,gr_liv_area,bedroom_abvgr,kitchen_abvgr,tot_rms_abvgrd,fireplaces,garage_cars,garage_area,wood_deck_sf,open_porch_sf,neighborhood,bldg_type,house_style,roof_style,exterior_1st,foundation,heating,central_air,electrical,sale_type,sale_condition
1,356055,9532,8,9,2010,2018,47.0,1167,12,198,1377,801,274,1075,6,3,10,1,0,314.0,1.0,13.0,OldTown,1Fam,2Story,Hip,Wd Sdng,PConc,GasW,Y,SBrkr,WD,Normal
2,238251,12428,3,10,1916,1979,28.0,1179,31,340,1550,471,223,694,5,2,3,0,2,284.0,54.0,15.0,NWAmes,1Fam,1Story,Gable,BrkFace,CBlock,GasA,Y,SBrkr,New,Normal
3,414542,8989,10,2,1916,1957,27.0,142,46,2301,2489,734,185,919,5,3,9,4,3,643.0,19.0,4.0,NAmes,1Fam,1.5Fin,Gable,MetalSd,PConc,GasA,N,SBrkr,Oth,Normal
4,420433,11453,8,6,2010,1987,37.0,7,20,783,810,1106,962,2068,4,1,11,1,3,395.0,193.0,10.0,OldTown,1Fam,1Story,Gable,MetalSd,CBlock,GasA,Y,SBrkr,WD,Normal
5,337817,5183,8,3,1914,2010,22.0,389,17,3,409,1022,61,1083,6,2,7,1,2,742.0,138.0,241.0,CollgCr,2fmCon,1Story,Gable,VinylSd,PConc,GasA,Y,,WD,Normal
6,277811,14863,5,6,2003,2014,49.0,533,2,20,555,593,51,644,3,2,4,1,2,763.0,85.0,,CollgCr,TwnhsE,1Story,Gable,Wd Sdng,BrkTil,GasA,Y,FuseA,WD,Normal
7,352175,13367,8,3,1897,2016,1.0,40,1,376,417,1081,374,1455,2,2,10,0,2,183.0,67.0,,OldTown,1Fam,2.5Unf,Gable,MetalSd,CBlock,GasA,Y,SBrkr,WD,Normal
8,280597,8879,6,8,2001,1995,175.0,43,16,393,452,874,23,897,1,2,11,1,2,51.0,29.0,8.0,BrkSide,1Fam,1.5Fin,Hip,Wd Sdng,CBlock,GasA,N,,New,Normal
9,369623,18575,5,4,1927,1992,129.0,518,37,842,1397,1313,197,1510,4,3,9,3,3,348.0,64.0,11.0,NridgHt,TwnhsE,2Story,Gable,VinylSd,CBlock,GasA,Y,SBrkr,WD,Abnorml
10,364530,21349,9,10,1896,2008,136.0,764,40,396,1200,728,198,926,3,1,7,0,2,724.0,102.0,40.0,Gilbert,1Fam,1Story,Hip,HdBoard,CBlock,GasA,N,SBrkr,WD,Normal
11,314623,5980,7,6,2014,1995,22.0,469,34,103,606,746,111,857,6,3,10,1,3,27.0,152.0,21.0,NWAmes,1Fam,1Story,Gable,Wd Sdng,CBlock,GasA,Y,,WD,Normal
12,395994,9123,8,9,1936,1984,37.0,67,26,252,345,929,799,1728,5,3,8,1,2,285.0,8.0,51.0,BrkSide,1Fam,1.5Fin,Hip,MetalSd,Wood,Floor,Y,SBrkr,WD,Normal
13,176374,9094,1,2,1887,1988,154.0,159,14,662,835,792,99,891,6,2,6,0,2,42.0,123.0,27.0,BrkSide,1Fam,2Story,Hip,VinylSd,PConc,GasA,Y,,WD,Normal
14,216012,8350,2,2,2007,2000,116.0,275,25,1024,1324,690,102,792,3,1,3,2,2,9.0,135.0,83.0,OldTown,1Fam,1Story,Flat,Wd Sdng,PConc,GasA,Y,SBrkr,ConLD,Normal
15,353033,20226,8,7,1996,1953,78.0,52,7,108,167,1559,80,1639,6,3,8,1,0,398.0,81.0,28.0,Somerst,1Fam,1Story,Hip,BrkFace,CBlock,GasA,Y,SBrkr,WD,AdjLand
16,396841,12125,9,2,1935,2000,26.0,70,6,310,386,1375,47,1422,5,1,10,0,3,,24.0,42.0,NWAmes,Twnhs,2Story,Gable,VinylSd,BrkTil,GasA,Y,SBrkr,WD,Normal
17,242579,11704,4,2,2005,1954,41.0,99,17,69,185,673,135,808,3,1,5,1,3,321.0,77.0,19.0,OldTown,1Fam,2Story,Gable,VinylSd,CBlock,GasA,Y,SBrkr,WD,Normal
18,394713,4905,10,4,1938,2004,78.0,213,268,274,755,959,342,1301,1,1,9,1,3,686.0,69.0,60.0,Sawyer,1Fam,1Story,Gable,VinylSd,Slab,GasA,Y,SBrkr,WD,Normal
19,314704,18355,10,9,1937,1969,15.0,214,19,37,270,567,406,973,4,1,9,1,1,29.0,64.0,53.0,NWAmes,1Fam,1Story,Hip,VinylSd,PConc,GasA,Y,SBrkr,WD,Normal
20,465999,7189,9,8,2019,1973,49.0,505,137,1137,1779,1495,503,1998,6,3,11,0,3,38.0,61.0,25.0,NridgHt,1Fam,1Story,Gable,BrkFace,CBlock,GasA,Y,SBrkr,WD,Normal
21,302679,13766,4,2,1987,1985,87.0,419,24,406,849,1127,66,1193,5,1,3,1,0,699.0,11.0,16.0,Gilbert,2fmCon,2Story,Hip,HdBoard,BrkTil,GasA,Y,SBrkr,New,Normal
22,369697,15347,10,8,1953,1983,61.0,735,28,770,1533,1213,10,1223,1,3,7,3,1,244.0,20.0,47.0,Gilbert,1Fam,1.5Fin,Gable,VinylSd,Wood,GasA,Y,SBrkr,WD,Normal
23,528563,26379,10,4,1980,2003,32.0,536,79,2549,3164,832,1102,1934,2,1,10,0,2,111.0,10.0,,Gilbert,1Fam,2Story,Gable,CemntBd,CBlock,GasA,Y,SBrkr,WD,Normal
24,372186,6943,10,2,1927,1983,43.0,87,4,80,171,1277,4,1281,1,1,5,0,2,469.0,27.0,,Somerst,1Fam,2Story,Gable,VinylSd,PConc,GasA,Y,SBrkr,WD,Normal
25,480124,2952,9,10,1950,1966,224.0,120,10,473,603,1278,970,2248,1,3,7,0,3,786.0,30.0,80.0,NridgHt,1Fam,SLvl,Gable,MetalSd,Slab,GasA,Y,,WD,Abnorml
26,369597,14646,7,7,1995,1954,46.0,208,182,872,1262,854,529,1383,1,2,3,1,2,409.0,28.0,39.0,NridgHt,1Fam,1Story,Gable,MetalSd,BrkTil,GasA,Y,FuseF,WD,Partial
27,265010,32868,2,6,2001,1967,76.0,4,35,343,382,636,729,1365,5,3,11,1,1,549.0,23.0,37.0,NridgHt,1Fam,1Story,Gable,VinylSd,CBlock,GasA,Y,SBrkr,WD,AdjLand
28,364088,24821,9,10,1957,2004,64.0,702,2,408,1112,1023,146,1169,2,1,6,0,2,,132.0,163.0,OldTown,1Fam,1Story,Gable,VinylSd,CBlock,GasA,Y,SBrkr,WD,Normal
29,247722,14836,4,5,1908,2002,60.0,13,2,209,224,864,65,929,4,3,7,0,2,119.0,170.0,46.0,Gilbert,1Fam,SFoyer,Gable,VinylSd,PConc,GasA,Y,SBrkr,ConLI,Normal
30,403809,10448,8,1,1972,1999,,116,118,449,683,1565,279,1844,1,1,5,1,1,698.0,39.0,88.0,NWAmes,1Fam,2Story,Gable,HdBoard,CBlock,GasA,N,SBrkr,WD,Normal
31,310667,20001,7,2,1952,1994,30.0,252,103,201,556,911,405,1316,5,3,4,1,2,,36.0,36.0,NWAmes,1Fam,1.5Fin,Hip,VinylSd,CBlock,GasA,Y,SBrkr,WD,Abnorml
32,266513,8210,7,8,1979,1962,32.0,218,30,258,506,926,42,968,5,3,9,3,2,93.0,185.0,14.0,Edwards,1Fam,2Story,Gable,VinylSd,PConc,GasA,Y,SBrkr,WD,Normal
33,369657,16952,8,1,1953,1965,31.0,318,8,43,369,1143,479,1622,4,3,7,0,2,259.0,,59.0,NWAmes,1Fam,1Story,Gable,HdBoard,BrkTil,GasA,Y,SBrkr,WD,Normal
34,222255,17201,1,3,1974,1962,1.0,224,88,3,315,898,70,968,3,2,5,1,3,405.0,34.0,128.0,CollgCr,1Fam,1Story,Hip,HdBoard,CBlock,Floor,Y,SBrkr,WD,AdjLand
35,278805,22699,5,2,1896,1969,13.0,78,19,22,119,1105,202,1307,2,3,4,0,2,86.0,125.0,92.0,Sawyer,2fmCon,1.5Fin,Gable,MetalSd,CBlock,GasA,Y,SBrkr,WD,Normal
36,243821,53094,2,5,2016,2015,8.0,67,27,85,179,763,582,1345,2,3,8,0,2,372.0,42.0,11.0,CollgCr,1Fam,1Story,Gable,VinylSd,PConc,GasA,Y,SBrkr,WD,Normal
37,208368,16255,2,4,1976,1996,108.0,713,57,243,1013,641,64,705,6,2,8,1,2,15.0,88.0,19.0,Somerst,1Fam,SLvl,Hip,VinylSd,PConc,GasA,Y,SBrkr,WD,Normal
38,180277,10358,1,7,1888,1968,16.0,91,21,8,120,682,83,765,1,2,5,1,2,126.0,491.0,36.0,Gilbert,1Fam,1Story,Gable,VinylSd,PConc,GasA,Y,SBrkr,WD,Normal
39,268874,13189,5,5,2014,1994,7.0,98,49,67,214,811,19,830,3,1,11,1,2,392.0,35.0,42.0,CollgCr,1Fam,1Story,Gable,MetalSd,CBlock,GasA,Y,SBrkr,WD,Normal
40,230197,5516,2,8,1898,1986,6.0,159,108,608,875,930,47,977,2,1,3,1,0,56.0,266.0,10.0,NWAmes,1Fam,1Story,Gable,MetalSd,PConc,GasA,Y,SBrkr,WD,Partial
41,261894,9439,4,4,2013,2003,60.0,45,79,574,698,1042,47,1089,6,3,5,0,3,87.0,38.0,13.0,Gilbert,1Fam,SLvl,Gable,MetalSd,PConc,GasA,Y,SBrkr,WD,Alloca
42,307977,10887,3,6,1993,1955,0.0,212,24,623,859,1029,68,1097,1,1,3,0,1,739.0,77.0,71.0,Sawyer,1Fam,1Story,Gable,HdBoard,Slab,GasA,Y,SBrkr,WD,Normal
43,269108,10280,3,4,2018,1963,,328,16,1018,1362,900,101,1001,3,3,9,1,3,392.0,61.0,65.0,Edwards,1Fam,1Story,Gable,VinylSd,PConc,GasA,Y,SBrkr,COD,Normal
44,233526,14417,2,2,2004,1953,6.0,462,16,50,528,651,506,1157,5,2,4,1,0,241.0,152.0,91.0,OldTown,1Fam,1Story,Gable,Wd Sdng,Slab,GasA,Y,SBrkr,WD,Normal
45,346831,8855,6,1,1940,2004,94.0,372,21,71,464,1107,742,1849,1,2,6,1,3,82.0,6.0,135.0,Edwards,1Fam,1Story,Hip,MetalSd,PConc,GasA,Y,SBrkr,WD,Normal
46,215074,23400,2,1,1921,1983,159.0,47,34,162,243,572,156,728,3,3,6,0,2,146.0,98.0,18.0,NAmes,1Fam,2Story,Gable,VinylSd,BrkTil,GasA,Y,SBrkr,WD,Normal
47,326218,13361,8,8,1892,1976,159.0,182,26,986,1194,632,41,673,4,1,10,2,2,298.0,142.0,98.0,NAmes,1Fam,2.5Unf,Gable,Wd Sdng,PConc,GasA,N,SBrkr,WD,Abnorml
48,319832,13297,8,4,2019,1956,29.0,11,7,597,615,910,76,986,2,1,6,1,1,59.0,63.0,54.0,Sawyer,1Fam,1.5Fin,Gable,VinylSd,PConc,GasA,Y,SBrkr,WD,Normal
49,294788,11339,5,5,1964,1952,51.0,5,8,156,169,1140,399,1539,1,1,5,1,2,230.0,11.0,158.0,NAmes,1Fam,1Story,Gable,VinylSd,BrkTil,GasA,Y,SBrkr,WD,Family
50,359797,14437,10,8,1899,1996,45.0,174,20,36,230,1083,339,1422,6,3,5,1,3,184.0,28.0,15.0,Somerst,1Fam,SLvl,Gable,CemntBd,PConc,GasA,Y,SBrkr,WD,Normal
51,373293,20182,7,7,1929,1951,21.0,87,41,383,511,871,1025,1896,5,1,7,0,3,226.0,113.0,15.0,BrkSide,1Fam,1Story,Gable,BrkFace,PConc,GasA,Y,SBrkr,WD,Normal
52,251191,8659,4,8,1971,1974,29.0,344,44,118,506,1026,4,1030,6,2,8,0,2,39.0,225.0,,NWAmes,1Fam,1Story,Gable,Wd Sdng,CBlock,GasA,Y,SBrkr,WD,Abnorml
53,214591,9613,1,8,1967,2009,3.0,386,33,302,721,652,416,1068,1,2,9,2,2,39.0,54.0,131.0,OldTown,1Fam,2Story,Gable,VinylSd,PConc,GasA,Y,SBrkr,WD,Normal
54,328847,11477,2,6,1948,1973,79.0,677,67,1137,1881,758,211,969,2,2,7,1,1,1164.0,82.0,87.0,BrkSide,Twnhs,1Story,Hip,MetalSd,PConc,GasW,Y,SBrkr,WD,Normal
55,488091,6816,10,10,1916,1964,13.0,428,66,340,834,762,698,1460,2,2,9,1,2,1358.0,25.0,64.0,CollgCr,1Fam,1.5Fin,Gable,VinylSd,PConc,GasA,Y,FuseA,WD,Normal
56,353526,8869,10,2,2019,1963,30.0,14,27,1029,1070,670,257,927,3,2,6,1,2,194.0,53.0,24.0,Somerst,1Fam,2Story,Gable,VinylSd,BrkTil,GasA,Y,,COD,AdjLand
57,279555,10529,4,6,1978,2003,32.0,139,6,199,344,806,177,983,6,2,7,1,1,,41.0,63.0,CollgCr,1Fam,1Story,Gable,VinylSd,PConc,GasA,Y,SBrkr,WD,Normal
58,253413,20685,1,1,2004,1955,41.0,95,37,401,533,843,328,1171,6,2,8,2,2,373.0,106.0,80.0,BrkSide,1Fam,2Story,Gable,Wd Sdng,PConc,GasA,Y,SBrkr,WD,Normal
59,347962,15233,8,1,1933,1967,85.0,146,24,897,1067,781,537,1318,5,2,11,0,2,43.0,417.0,69.0,NAmes,1Fam,2Story,Gable,BrkFace,PConc,OthW,Y,SBrkr,WD,Normal
60,315436,14717,9,3,2009,1969,58.0,52,7,354,413,831,99,930,3,2,8,0,0,123.0,167.0,56.0,NWAmes,TwnhsE,1Story,Gable,BrkFace,PConc,GasA,Y,SBrkr,WD,Normal
61,198843,20444,4,3,1920,2011,54.0,30,200,381,611,380,34,414,5,3,3,0,1,131.0,21.0,2.0,BrkSide,1Fam,1Story,Hip,BrkFace,PConc,GasA,Y,SBrkr,WD,Normal
62,383819,12472,10,5,1924,1989,37.0,220,23,503,746,1007,170,1177,1,3,9,1,2,317.0,86.0,53.0,NWAmes,1Fam,1Story,Gable,VinylSd,CBlock,GasA,Y,SBrkr,WD,Partial
63,272608,16239,3,1,1982,1988,5.0,382,49,855,1286,794,72,866,1,2,5,1,1,303.0,6.0,32.0,NAmes,1Fam,2Story,Gable,Wd Sdng,Wood,GasA,Y,SBrkr,WD,Normal
64,271563,12687,2,10,1985,2001,25.0,363,33,36,432,794,168,962,6,2,8,0,3,899.0,28.0,162.0,Edwards,2fmCon,2Story,Hip,CemntBd,PConc,GasA,Y,FuseA,WD,Normal
65,400649,15255,5,6,2016,1981,157.0,179,7,164,350,592,1414,2006,3,2,4,0,2,546.0,18.0,46.0,Somerst,1Fam,SLvl,Gable,HdBoard,CBlock,GasA,N,SBrkr,WD,AdjLand
66,328169,9982,3,7,2007,1976,270.0,221,2,202,425,1429,256,1685,4,1,9,0,1,680.0,40.0,46.0,CollgCr,Twnhs,1Story,Hip,VinylSd,CBlock,GasA,Y,SBrkr,WD,Normal
67,462078,3946,10,10,1965,2001,65.0,217,49,961,1227,1450,354,1804,2,3,3,3,3,776.0,113.0,256.0,NWAmes,1Fam,2Story,Gable,BrkFace,PConc,Wall,Y,SBrkr,WD,Normal
68,329169,12492,7,3,1926,2012,12.0,352,14,1249,1615,544,339,883,3,2,4,0,2,565.0,69.0,4.0,NWAmes,1Fam,2Story,Gable,HdBoard,PConc,GasA,Y,SBrkr,WD,Normal
69,311951,27210,6,4,1884,2012,5.0,14,13,51,78,836,515,1351,3,3,11,0,2,141.0,270.0,16.0,NWAmes,1Fam,1Story,Gable,VinylSd,PConc,GasA,Y,SBrkr,WD,Normal
70,249784,21228,1,10,1880,1966,26.0,371,157,50,578,1185,865,2050,1,2,11,2,2,84.0,23.0,53.0,Sawyer,TwnhsE,SLvl,Gable,VinylSd,BrkTil,GasW,Y,SBrkr,WD,Normal
71,353650,21648,8,10,1923,1998,97.0,261,30,1092,1383,806,322,1128,2,1,9,0,0,296.0,45.0,18.0,Gilbert,1Fam,1Story,Gable,VinylSd,CBlock,GasA,Y,SBrkr,ConLI,Normal
72,192737,24786,2,10,1917,1972,63.0,66,1,140,207,748,193,941,3,2,4,2,2,409.0,40.0,21.0,NAmes,1Fam,1.5Fin,Gable,HdBoard,PConc,GasA,Y,SBrkr,WD,Normal
73,244022,13965,5,10,1898,1962,107.0,15,20,110,145,734,114,848,1,3,7,1,2,171.0,26.0,111.0,BrkSide,1Fam,2Story,Gable,VinylSd,Wood,GasA,Y,SBrkr,WD,Normal
74,365552,14744,9,10,1994,1972,47.0,34,43,14,91,986,134,1120,1,3,6,1,2,660.0,498.0,43.0,Somerst,1Fam,2Story,Gable,MetalSd,Slab,GasA,Y,FuseA,WD,Normal
75,467957,9810,8,3,1966,2006,6.0,223,19,128,370,1967,122,2089,6,3,4,0,2,1131.0,,5.0,Sawyer,1Fam,1.5Fin,Gable,CemntBd,PConc,GasA,Y,SBrkr,ConLw,Normal
76,234522,11406,2,1,2002,2011,6.0,426,1,473,900,1150,117,1267,6,3,4,0,2,,282.0,18.0,Edwards,1Fam,SFoyer,Gable,BrkFace,CBlock,GasA,N,SBrkr,WD,Normal
77,351154,18176,9,8,1961,2003,2.0,122,29,222,373,643,355,998,3,2,10,0,3,213.0,49.0,3.0,Sawyer,Twnhs,2.5Unf,Gable,Wd Sdng,PConc,GasA,Y,SBrkr,WD,Normal
78,287341,24390,5,10,1937,1969,41.0,142,5,290,437,743,265,1008,3,1,7,1,2,647.0,22.0,40.0,Gilbert,1Fam,2Story,Gable,Wd Sdng,PConc,GasA,Y,SBrkr,WD,Abnorml
79,374609,12459,10,10,1946,2001,13.0,816,48,996,1860,828,67,895,1,1,10,1,2,8.0,12.0,9.0,NAmes,1Fam,1Story,Gable,Wd Sdng,BrkTil,GasA,Y,SBrkr,WD,Normal
80,349171,10666,6,2,2001,1972,66.0,71,48,48,167,693,1048,1741,6,2,4,0,2,48.0,193.0,97.0,NAmes,1Fam,1.5Fin,Gable,BrkFace,CBlock,GasA,Y,FuseP,WD,Normal
81,235049,13363,3,1,1966,1984,57.0,32,1,29,62,656,167,823,3,2,4,0,1,654.0,3.0,43.0,OldTown,1Fam,2Story,Gable,BrkFace,PConc,GasA,Y,,WD,Normal
82,289701,18044,3,8,2010,2016,19.0,126,17,764,907,1124,250,1374,2,3,5,2,3,460.0,333.0,3.0,NAmes,1Fam,1Story,Gable,HdBoard,PConc,Wall,Y,SBrkr,WD,AdjLand
83,367406,6490,10,7,1934,1983,9.0,411,26,596,1033,772,363,1135,1,2,10,0,3,188.0,54.0,17.0,Edwards,1Fam,SFoyer,Gable,VinylSd,BrkTil,GasA,Y,SBrkr,WD,Normal
84,353173,4238,8,7,1968,1982,5.0,295,39,122,456,1003,285,1288,1,1,10,1,2,768.0,28.0,47.0,OldTown,Duplex,2Story,Hip,MetalSd,CBlock,GasA,Y,SBrkr,WD,Normal
85,396353,10144,10,4,1937,1995,66.0,161,17,156,334,1532,111,1643,3,2,5,1,3,151.0,96.0,20.0,NridgHt,1Fam,1Story,Gable,HdBoard,PConc,GasA,Y,SBrkr,WD,Normal
86,414725,7256,10,9,1942,1994,29.0,1003,16,148,1167,767,479,1246,3,2,3,0,2,351.0,14.0,35.0,NWAmes,1Fam,1Story,Hip,BrkFace,PConc,GasA,Y,SBrkr,WD,Normal
87,266734,10362,2,6,1970,1968,19.0,398,203,417,1018,974,35,1009,3,1,9,0,2,352.0,7.0,120.0,NridgHt,1Fam,2.5Unf,Gable,Wd Sdng,CBlock,GasA,Y,SBrkr,WD,Normal
88,205144,12408,2,2,1931,1964,97.0,19,2,25,46,660,252,912,2,1,6,1,0,71.0,175.0,21.0,Somerst,1Fam,1Story,Gable,HdBoard,CBlock,GasA,Y,SBrkr,WD,Normal
89,286071,10650,5,1,2005,2015,45.0,409,225,268,902,1017,95,1112,1,2,5,0,2,117.0,55.0,20.0,NAmes,Twnhs,1Story,Gable,VinylSd,PConc,GasA,N,SBrkr,WD,Normal
90,355281,27618,6,1,1903,1988,36.0,7,2,57,66,1326,286,1612,4,3,7,2,2,866.0,73.0,85.0,Somerst,1Fam,2Story,Gable,MetalSd,PConc,GasA,Y,SBrkr,ConLw,Normal
91,298122,15730,2,9,1951,1967,68.0,315,17,685,1017,1305,73,1378,2,3,8,2,1,70.0,19.0,19.0,NAmes,1Fam,SLvl,Gable,MetalSd,BrkTil,GasA,Y,SBrkr,COD,Normal
92,275091,15525,5,4,1888,2019,84.0,70,34,191,295,909,443,1352,2,3,3,0,2,66.0,6.0,4.0,Gilbert,1Fam,2Story,Flat,CemntBd,PConc,GasA,Y,FuseP,WD,Normal
93,312315,18235,7,5,1989,2008,57.0,357,7,299,663,768,77,845,6,1,11,1,4,228.0,45.0,9.0,Sawyer,Twnhs,2Story,Gable,HdBoard,PConc,GasA,Y,SBrkr,WD,Normal
94,390325,7559,10,3,1973,1981,28.0,111,7,11,129,963,663,1626,1,1,8,1,2,33.0,70.0,148.0,NridgHt,TwnhsE,1Story,Gable,VinylSd,CBlock,GasA,Y,SBrkr,ConLD,Normal
95,410458,22461,10,4,1996,1970,23.0,619,14,24,657,911,593,1504,4,3,5,1,2,787.0,145.0,135.0,NAmes,1Fam,2Story,Gable,MetalSd,PConc,GasA,Y,SBrkr,WD,Normal
96,339044,12863,8,8,1962,1989,73.0,123,181,449,753,1031,135,1166,1,2,3,1,2,36.0,69.0,12.0,Sawyer,1Fam,1Story,Gable,VinylSd,CBlock,GasA,Y,SBrkr,WD,Abnorml
97,307991,18680,7,4,1959,1976,36.0,290,23,582,895,742,146,888,2,2,11,0,0,335.0,152.0,40.0,NWAmes,2fmCon,2Story,Gable,VinylSd,CBlock,GasA,Y,SBrkr,WD,Normal
98,323485,7817,8,9,1979,1951,60.0,101,41,495,637,796,362,1158,3,2,4,1,4,145.0,12.0,7.0,BrkSide,1Fam,1Story,Gable,VinylSd,PConc,GasA,Y,SBrkr,WD,Normal
99,348803,6143,9,9,1919,1988,110.0,747,60,534,1341,840,28,868,1,1,8,1,3,570.0,6.0,56.0,CollgCr,1Fam,SFoyer,Gable,CemntBd,PConc,GasA,Y,SBrkr,COD,Normal
100,282386,20109,5,6,1982,2005,123.0,455,67,44,566,1096,25,1121,1,1,8,1,2,311.0,17.0,10.0,NAmes,1Fam,1Story,Gable,CemntBd,PConc,GasA,Y,SBrkr,WD,Normal
101,274481,16126,5,2,1941,1962,16.0,83,58,472,613,1141,43,1184,3,3,5,0,1,172.0,147.0,2.0,Gilbert,1Fam,1Story,Gable,MetalSd,CBlock,GasA,Y,SBrkr,WD,Abnorml
102,446990,8509,10,10,1948,2005,10.0,891,20,80,991,788,247,1035,4,2,8,0,2,1444.0,142.0,87.0,Edwards,1Fam,1Story,Gable,MetalSd,BrkTil,GasA,N,SBrkr,WD,Abnorml
103,206000,8648,4,7,1988,2015,15.0,132,5,41,178,635,48,683,4,1,4,0,1,23.0,15.0,19.0,NridgHt,1Fam,1Story,Gable,BrkFace,CBlock,GasA,Y,SBrkr,WD,Normal
104,379372,23452,9,9,1883,2005,69.0,316,16,566,898,1001,97,1098,1,1,10,1,2,301.0,3.0,5.0,OldTown,1Fam,1Story,Gable,Wd Sdng,CBlock,OthW,Y,SBrkr,WD,Normal
105,395509,7370,5,6,1951,1977,23.0,407,11,880,1298,1118,312,1430,3,3,3,0,2,1597.0,115.0,89.0,OldTown,1Fam,1.5Fin,Gable,HdBoard,PConc,GasA,Y,SBrkr,WD,Normal
106,200297,30373,2,3,1896,2013,9.0,6,7,504,517,862,4,866,6,2,8,0,2,410.0,193.0,71.0,Sawyer,Twnhs,1Story,Gable,HdBoard,BrkTil,Wall,Y,SBrkr,WD,Normal
107,367089,8515,10,7,1993,2013,5.0,958,1,655,1614,724,59,783,1,1,3,3,2,471.0,140.0,57.0,NridgHt,1Fam,1.5Fin,Gable,MetalSd,CBlock,Grav,Y,SBrkr,New,Abnorml
108,414222,18383,8,5,1964,2005,19.0,126,137,1888,2151,777,797,1574,3,1,11,1,0,11.0,22.0,121.0,Somerst,1Fam,1Story,Gable,CemntBd,CBlock,GasA,Y,SBrkr,WD,Normal
109,342932,11335,7,1,1936,1990,7.0,63,126,57,246,1468,326,1794,2,1,11,0,2,7.0,87.0,33.0,OldTown,1Fam,1.5Fin,Gable,Wd Sdng,PConc,GasA,Y,SBrkr,WD,Normal
110,365529,18062,8,3,1986,1990,8.0,570,2,1342,1914,959,109,1068,6,1,8,1,1,12.0,141.0,6.0,NAmes,Duplex,1Story,Gable,Wd Sdng,PConc,GasA,Y,,WD,Normal
111,301001,10177,3,5,1927,1953,57.0,364,9,367,740,1216,13,1229,3,2,8,0,3,1678.0,29.0,3.0,OldTown,1Fam,SFoyer,Hip,VinylSd,Wood,GasW,Y,SBrkr,WD,Abnorml
112,313703,12315,4,7,1996,2006,0.0,27,7,671,705,705,264,969,1,3,11,0,2,1360.0,75.0,19.0,NWAmes,1Fam,2Story,Gable,CemntBd,CBlock,GasA,Y,SBrkr,WD,Normal
113,297730,13635,5,3,1910,1979,6.0,37,16,420,473,1290,75,1365,5,2,7,0,2,142.0,37.0,4.0,NAmes,1Fam,1Story,Gambrel,VinylSd,CBlock,GasA,Y,SBrkr,New,Normal
114,415835,8094,6,6,1991,1995,93.0,376,11,337,724,1174,966,2140,4,3,11,0,0,120.0,25.0,38.0,Somerst,Duplex,2Story,Gambrel,CemntBd,PConc,GasA,Y,,ConLD,Normal
115,220467,19349,1,5,1926,2005,93.0,23,145,486,654,870,348,1218,1,1,7,1,4,55.0,349.0,0.0,Edwards,Duplex,SFoyer,Gable,CemntBd,PConc,GasA,Y,SBrkr,WD,Normal
116,377875,10336,4,1,2013,1980,19.0,747,4,154,905,1077,1096,2173,3,2,6,2,2,139.0,,29.0,Gilbert,1Fam,2Story,Gable,BrkFace,BrkTil,GasA,Y,FuseF,WD,Normal
117,469873,11916,10,10,1987,1956,4.0,405,11,1032,1448,1323,566,1889,6,3,4,2,2,161.0,58.0,9.0,CollgCr,1Fam,1Story,Gable,Wd Sdng,Wood,GasA,Y,FuseP,New,Normal
118,280482,8126,5,6,1951,2003,61.0,122,4,48,174,643,197,840,6,3,4,0,1,482.0,14.0,22.0,Edwards,1Fam,2Story,Gable,Wd Sdng,CBlock,GasA,Y,SBrkr,WD,Normal
119,350252,3710,7,8,1950,1957,22.0,135,196,153,484,766,332,1098,3,1,3,1,2,704.0,130.0,56.0,NWAmes,1Fam,1.5Fin,Gable,CemntBd,CBlock,GasA,N,SBrkr,WD,Normal
120,326988,12142,5,1,1987,2004,2.0,211,125,12,348,1050,501,1551,4,3,5,0,2,480.0,29.0,21.0,Somerst,1Fam,2.5Fin,Hip,CemntBd,Wood,GasA,Y,SBrkr,WD,Normal
121,235146,44636,1,2,1932,2018,8.0,134,63,126,323,903,258,1161,1,3,3,0,4,,18.0,,Sawyer,1Fam,2Story,Hip,BrkFace,BrkTil,GasA,Y,SBrkr,WD,Normal
122,311481,19777,7,4,1895,1993,7.0,459,27,98,584,1015,19,1034,6,3,8,2,4,,48.0,234.0,CollgCr,1Fam,1Story,Hip,VinylSd,BrkTil,GasA,Y,SBrkr,WD,Normal
123,384814,13231,8,2,1995,1962,,1103,10,20,1133,1103,190,1293,6,1,9,2,2,469.0,75.0,63.0,NWAmes,1Fam,2Story,Hip,MetalSd,BrkTil,GasA,Y,SBrkr,WD,Normal
124,298184,11714,7,9,1952,1969,114.0,263,12,270,545,1042,41,1083,5,2,11,0,4,226.0,10.0,36.0,NridgHt,1Fam,2.5Unf,Gable,BrkFace,CBlock,GasA,Y,FuseA,COD,Normal
125,261781,13510,4,10,1953,1981,78.0,177,29,252,458,832,376,1208,2,1,9,0,1,143.0,,43.0,NridgHt,1Fam,1Story,Gable,HdBoard,CBlock,GasA,Y,FuseP,WD,Normal
126,354065,17563,8,8,1960,2009,,75,73,32,180,849,342,1191,5,3,6,1,2,116.0,1.0,48.0,CollgCr,1Fam,1Story,Gable,VinylSd,PConc,GasA,Y,SBrkr,ConLD,Normal
127,446491,7402,5,8,1891,1999,27.0,317,15,121,453,1431,1484,2915,2,3,6,0,2,398.0,222.0,1.0,Sawyer,TwnhsE,2Story,Hip,VinylSd,CBlock,GasA,Y,SBrkr,COD,Normal
128,416876,23322,10,4,2007,1976,48.0,347,18,1225,1590,921,297,1218,6,2,10,1,1,1120.0,253.0,4.0,NWAmes,1Fam,1Story,Gable,VinylSd,CBlock,GasA,Y,SBrkr,WD,Normal
129,409586,19104,9,5,1949,1974,29.0,346,45,46,437,1348,483,1831,2,3,6,1,4,304.0,132.0,52.0,BrkSide,1Fam,2.5Fin,Gable,BrkFace,PConc,GasA,Y,SBrkr,New,Normal
130,387684,19131,10,4,1920,2001,14.0,8,13,145,166,1376,93,1469,1,2,3,1,1,852.0,62.0,,Somerst,1Fam,1.5Fin,Gable,HdBoard,PConc,GasA,Y,SBrkr,WD,Abnorml
131,271517,16634,5,9,1938,2017,56.0,688,43,14,745,710,124,834,6,3,11,0,3,5.0,29.0,2.0,OldTown,Twnhs,1Story,Gable,MetalSd,PConc,GasA,Y,,WD,Normal
132,296803,13491,1,2,1968,1970,103.0,123,24,64,211,1119,746,1865,6,3,5,2,3,553.0,136.0,17.0,OldTown,1Fam,SFoyer,Gable,HdBoard,CBlock,GasA,Y,SBrkr,WD,Normal
133,372516,18702,9,8,1903,1967,23.0,408,1,480,889,649,422,1071,2,1,3,1,2,672.0,268.0,6.0,Gilbert,Duplex,SFoyer,Gambrel,CemntBd,PConc,GasA,Y,SBrkr,WD,Partial
134,338458,17960,5,2,1959,1988,92.0,427,25,182,634,1458,319,1777,3,1,11,2,0,348.0,17.0,124.0,NAmes,1Fam,1Story,Gable,VinylSd,CBlock,GasA,Y,SBrkr,WD,Normal
135,353894,11192,6,1,2013,1964,28.0,315,125,240,680,950,87,1037,2,2,7,1,0,951.0,62.0,11.0,BrkSide,1Fam,2Story,Gable,VinylSd,BrkTil,GasA,Y,SBrkr,New,Normal
136,273827,10028,4,10,2011,2002,25.0,150,17,68,235,936,359,1295,2,1,11,2,2,311.0,37.0,7.0,NWAmes,1Fam,1Story,Gable,MetalSd,Wood,GasA,Y,SBrkr,WD,Normal
137,326266,14057,6,3,1971,1987,1.0,281,19,458,758,692,653,1345,4,2,5,0,2,96.0,44.0,49.0,Gilbert,1Fam,1Story,Gable,HdBoard,PConc,GasA,Y,SBrkr,WD,Abnorml
138,301956,28984,8,9,1971,1997,59.0,12,3,556,571,748,78,826,4,1,8,0,2,85.0,52.0,36.0,NWAmes,Twnhs,2Story,Hip,CemntBd,CBlock,GasA,Y,,WD,Normal
139,256341,7190,3,3,1960,2001,82.0,430,47,79,556,960,367,1327,1,2,9,1,2,284.0,303.0,42.0,OldTown,TwnhsE,1Story,Gable,VinylSd,BrkTil,GasA,Y,FuseA,ConLD,Normal
140,290635,6413,5,9,1950,1977,54.0,31,94,18,143,922,150,1072,1,3,7,0,3,829.0,29.0,28.0,BrkSide,1Fam,1.5Fin,Flat,VinylSd,Wood,GasA,Y,SBrkr,WD,Normal
141,175825,14506,2,7,1944,1965,8.0,151,21,33,205,799,37,836,3,2,10,0,2,26.0,67.0,31.0,OldTown,1Fam,SLvl,Gable,MetalSd,PConc,GasA,Y,SBrkr,WD,Normal
142,290401,13704,2,10,1931,1965,5.0,32,13,428,473,1168,432,1600,4,1,8,0,1,324.0,302.0,75.0,BrkSide,1Fam,1Story,Mansard,HdBoard,PConc,GasA,Y,SBrkr,Oth,Normal
143,310472,14569,7,1,1909,1984,42.0,544,156,58,758,897,54,951,5,2,8,1,3,,64.0,12.0,NridgHt,1Fam,1Story,Gable,BrkFace,CBlock,GasA,N,FuseP,New,Normal
144,322780,15092,10,10,1978,1966,25.0,239,68,272,579,663,87,750,1,1,9,0,2,42.0,199.0,25.0,NridgHt,1Fam,1Story,Gable,VinylSd,PConc,GasA,Y,FuseA,WD,Normal
145,399559,11948,10,5,1977,2001,28.0,352,41,66,459,1114,458,1572,1,3,10,2,2,43.0,6.0,158.0,Edwards,1Fam,SLvl,Gable,HdBoard,BrkTil,GasA,Y,SBrkr,New,Normal
146,339604,28139,10,9,1921,1961,171.0,344,18,74,436,634,406,1040,4,1,4,0,3,159.0,305.0,10.0,Sawyer,1Fam,2Story,Gable,CemntBd,PConc,GasA,Y,FuseP,WD,Normal
147,226843,6000,6,3,2018,1997,64.0,552,12,1,565,504,87,591,4,3,9,1,3,112.0,20.0,17.0,CollgCr,1Fam,2Story,Gable,VinylSd,PConc,GasA,Y,SBrkr,WD,Normal
148,313205,8828,4,9,1906,1971,26.0,42,62,154,258,924,848,1772,3,3,11,1,3,77.0,390.0,10.0,NAmes,1Fam,2Story,Gable,Wd Sdng,PConc,GasA,Y,SBrkr,WD,Normal
149,235764,12687,5,5,1951,1998,0.0,323,36,37,396,659,72,731,4,1,3,0,1,77.0,19.0,1.0,NAmes,1Fam,1Story,Gable,VinylSd,PConc,GasA,Y,SBrkr,WD,Normal
150,318626,5874,1,9,1897,2001,1.0,256,36,200,492,947,1516,2463,2,3,3,0,2,49.0,58.0,15.0,CollgCr,1Fam,1Story,Gambrel,MetalSd,CBlock,GasA,Y,SBrkr,WD,Normal
151,359427,12235,7,10,1956,1950,57.0,9,3,364,376,1147,401,1548,6,1,9,0,1,330.0,36.0,2.0,Gilbert,1Fam,1Story,Hip,VinylSd,CBlock,GasA,Y,SBrkr,WD,Normal
152,334459,30660,8,6,1924,2015,90.0,67,35,183,285,1206,149,1355,5,2,7,5,4,407.0,56.0,8.0,Sawyer,1Fam,2Story,Hip,Wd Sdng,PConc,GasA,Y,SBrkr,New,Abnorml
153,363519,13499,9,9,1994,2013,61.0,93,86,488,667,1042,41,1083,6,3,3,1,2,424.0,28.0,22.0,OldTown,1Fam,2Story,Gable,MetalSd,PConc,GasA,N,FuseA,WD,Normal
154,308333,14993,8,7,1966,1957,26.0,22,146,541,709,603,115,718,2,2,3,0,1,266.0,336.0,1.0,Gilbert,1Fam,1Story,Gable,Wd Sdng,Wood,GasA,Y,SBrkr,WD,Normal
155,299459,7114,5,7,2019,1974,1.0,131,5,477,613,723,64,787,2,2,4,2,3,1069.0,36.0,69.0,Sawyer,TwnhsE,1Story,Gable,MetalSd,PConc,GasA,Y,SBrkr,WD,Abnorml
156,299423,9816,3,8,1971,2015,171.0,8,49,1104,1161,899,291,1190,6,1,11,1,4,743.0,105.0,79.0,NWAmes,1Fam,2Story,Gable,Wd Sdng,CBlock,GasA,Y,SBrkr,WD,Normal
157,387275,11074,10,7,1901,2019,214.0,241,42,108,391,901,132,1033,2,1,5,2,2,1106.0,14.0,26.0,Sawyer,1Fam,1Story,Gable,BrkFace,PConc,GasA,Y,SBrkr,WD,Normal
158,320288,11397,9,9,1971,2000,39.0,71,110,84,265,676,104,780,1,3,11,2,1,172.0,173.0,208.0,NridgHt,1Fam,1Story,Hip,VinylSd,PConc,GasA,Y,FuseP,WD,Normal
159,304062,25357,6,9,1956,2002,3.0,101,69,376,546,781,424,1205,6,1,8,1,2,735.0,78.0,56.0,Edwards,1Fam,1Story,Gable,Wd Sdng,PConc,GasA,Y,SBrkr,ConLw,Normal
160,337185,17656,5,6,1904,1964,38.0,723,167,361,1251,1144,78,1222,2,2,8,0,3,,388.0,68.0,OldTown,1Fam,1Story,Gable,Wd Sdng,CBlock,GasA,Y,SBrkr,WD,Normal
161,269266,7663,3,7,1987,1999,,209,160,285,654,1044,265,1309,1,2,9,1,2,145.0,55.0,10.0,NridgHt,1Fam,2Story,Gable,VinylSd,BrkTil,GasA,Y,SBrkr,WD,Normal
162,240481,15112,6,2,2014,1987,56.0,94,12,1,107,818,64,882,4,2,10,1,1,39.0,21.0,90.0,NAmes,1Fam,1Story,Gable,MetalSd,PConc,GasA,Y,SBrkr,WD,Normal
163,304981,17138,3,9,1988,1989,63.0,273,64,324,661,1222,376,1598,5,3,5,1,1,401.0,42.0,145.0,NridgHt,1Fam,SLvl,Gable,VinylSd,BrkTil,GasA,Y,FuseF,WD,Normal
164,344679,23625,10,1,2013,2015,4.0,67,37,1080,1184,603,294,897,5,1,10,1,3,51.0,133.0,13.0,Gilbert,1Fam,1Story,Gable,MetalSd,CBlock,GasA,N,SBrkr,WD,Normal
165,342445,29444,6,1,1903,1988,5.0,23,12,162,197,1149,480,1629,2,2,8,2,2,121.0,107.0,57.0,OldTown,1Fam,2Story,Hip,VinylSd,PConc,GasA,N,SBrkr,New,Normal
166,274462,8042,4,3,1898,1966,6.0,6,10,1371,1387,1102,21,1123,5,3,8,0,2,242.0,150.0,68.0,OldTown,1Fam,SLvl,Hip,BrkFace,PConc,GasA,Y,SBrkr,New,Normal
167,275083,8906,2,6,1962,1956,,908,4,176,1088,1123,70,1193,1,1,5,0,2,398.0,7.0,18.0,CollgCr,1Fam,1Story,Gable,MetalSd,BrkTil,GasA,Y,SBrkr,WD,Normal
168,357882,7123,8,5,1994,1988,37.0,386,79,60,525,981,50,1031,4,1,8,0,2,912.0,86.0,32.0,NAmes,1Fam,1Story,Gambrel,VinylSd,PConc,GasA,Y,SBrkr,WD,AdjLand
169,257917,11884,4,2,1888,2017,78.0,482,19,203,704,738,63,801,2,2,10,1,4,314.0,269.0,5.0,Somerst,1Fam,1Story,Hip,MetalSd,BrkTil,GasW,Y,SBrkr,WD,Normal
170,394867,16868,9,9,1991,1984,6.0,1187,97,272,1556,1072,32,1104,3,3,9,1,2,389.0,11.0,9.0,NridgHt,1Fam,1Story,Gable,BrkFace,PConc,GasA,Y,SBrkr,WD,Abnorml
171,322129,21887,7,10,1981,2000,131.0,804,46,397,1247,792,247,1039,6,2,9,1,2,129.0,9.0,3.0,NridgHt,Duplex,2Story,Gable,MetalSd,Slab,GasA,Y,SBrkr,Oth,Normal
172,245125,12861,2,4,1927,1996,86.0,400,55,281,736,954,270,1224,5,2,5,1,1,406.0,,41.0,Gilbert,1Fam,1Story,Gable,BrkFace,CBlock,Grav,Y,SBrkr,New,Alloca
173,256337,11385,4,4,1948,1985,12.0,355,17,307,679,721,556,1277,5,3,5,0,1,201.0,37.0,49.0,BrkSide,1Fam,1Story,Gable,VinylSd,Stone,GasA,Y,,WD,Normal
174,286974,14412,5,5,1998,2013,103.0,123,30,9,162,809,162,971,2,2,7,0,3,680.0,107.0,123.0,Gilbert,1Fam,SFoyer,Gable,HdBoard,CBlock,GasA,Y,SBrkr,WD,Normal
175,232291,8799,3,8,1924,1962,15.0,32,26,117,175,860,228,1088,6,3,7,0,3,174.0,78.0,39.0,NridgHt,1Fam,2Story,Gable,VinylSd,PConc,GasA,Y,SBrkr,WD,Normal
176,468880,37978,9,10,2004,1967,11.0,255,13,148,416,1012,1423,2435,6,3,11,1,2,221.0,427.0,15.0,Sawyer,1Fam,1Story,Gable,VinylSd,PConc,GasA,Y,SBrkr,WD,AdjLand
177,352754,5979,5,4,1893,1970,15.0,257,89,1739,2085,1064,227,1291,5,2,11,0,1,198.0,219.0,3.0,Somerst,1Fam,1Story,Gambrel,HdBoard,PConc,GasA,N,,ConLI,Normal
178,347712,14652,2,5,2013,2014,120.0,912,48,140,1100,1493,255,1748,5,2,7,2,2,583.0,113.0,108.0,NAmes,Duplex,1Story,Gable,MetalSd,PConc,GasA,N,,WD,Normal
179,405996,36746,3,4,2014,1957,123.0,175,1,907,1083,938,1650,2588,3,1,7,0,3,1075.0,30.0,32.0,NridgHt,1Fam,1Story,Gable,MetalSd,CBlock,GasA,Y,,New,Normal
180,416588,13405,9,6,1916,1997,19.0,352,85,145,582,675,1541,2216,6,1,8,0,2,138.0,30.0,66.0,CollgCr,TwnhsE,1Story,Gable,Wd Sdng,PConc,GasA,Y,SBrkr,ConLw,Normal
181,330820,12148,7,3,1932,1992,61.0,256,5,40,301,1141,165,1306,1,3,10,1,3,225.0,213.0,0.0,Somerst,1Fam,2Story,Gable,CemntBd,PConc,GasA,Y,,WD,Normal
182,271473,11173,2,8,1897,2002,56.0,58,25,113,196,993,302,1295,2,3,8,1,2,428.0,88.0,33.0,NridgHt,1Fam,1Story,Gable,VinylSd,CBlock,GasW,Y,SBrkr,ConLI,Normal
183,395381,12207,9,6,1917,1976,82.0,268,42,127,437,848,196,1044,2,3,8,1,3,790.0,155.0,19.0,NridgHt,1Fam,1.5Fin,Gable,VinylSd,PConc,GasA,Y,SBrkr,WD,Normal
184,323548,26540,4,10,2008,1968,17.0,233,0,1531,1764,796,382,1178,3,1,11,1,3,238.0,59.0,1.0,NWAmes,1Fam,1Story,Gable,Wd Sdng,PConc,GasA,Y,SBrkr,WD,Normal
185,380798,4420,9,5,1923,1972,35.0,204,52,448,704,745,836,1581,3,2,3,0,0,40.0,,74.0,Somerst,TwnhsE,2Story,Gable,HdBoard,PConc,GasA,Y,SBrkr,WD,Normal
186,253719,28759,2,2,1926,1999,55.0,216,53,1073,1342,738,111,849,1,2,6,0,3,160.0,40.0,35.0,Gilbert,2fmCon,1Story,Gable,HdBoard,Slab,GasA,Y,SBrkr,WD,Normal
187,363043,6555,10,10,1914,2000,1.0,53,52,720,825,622,512,1134,4,1,4,1,1,279.0,17.0,20.0,BrkSide,1Fam,2Story,Gable,Wd Sdng,PConc,GasA,Y,SBrkr,WD,Normal
188,290247,11692,4,10,1939,1992,23.0,186,8,345,539,1199,319,1518,2,2,11,0,2,189.0,152.0,81.0,Gilbert,1Fam,1Story,Gable,Wd Sdng,Wood,GasA,N,SBrkr,WD,Normal
189,296840,10779,5,7,1969,2000,,279,14,450,743,1022,98,1120,6,2,5,2,2,72.0,120.0,29.0,NAmes,TwnhsE,1Story,Gable,VinylSd,PConc,GasA,Y,SBrkr,WD,Partial
190,267935,17930,2,2,1931,2018,14.0,201,14,392,607,923,478,1401,5,2,4,0,2,13.0,9.0,0.0,BrkSide,2fmCon,1.5Fin,Gable,BrkFace,PConc,GasA,Y,SBrkr,New,Normal
191,356973,6008,10,1,1887,1990,158.0,201,161,438,800,745,167,912,1,1,10,0,2,407.0,97.0,144.0,NridgHt,1Fam,1Story,Gable,VinylSd,BrkTil,GasA,Y,SBrkr,New,Normal
192,277645,16832,1,7,1986,1960,1.0,24,3,123,150,1244,38,1282,2,3,6,0,2,1723.0,207.0,14.0,BrkSide,1Fam,SFoyer,Gable,MetalSd,PConc,GasA,Y,SBrkr,WD,Normal
193,432165,36759,7,5,2010,2001,158.0,63,27,209,299,586,1506,2092,6,2,4,1,1,880.0,119.0,88.0,NridgHt,1Fam,2Story,Gable,VinylSd,Stone,GasA,Y,SBrkr,New,Normal
194,344456,6757,10,1,1975,1972,12.0,116,102,359,577,863,166,1029,1,2,6,1,0,402.0,71.0,84.0,Edwards,1Fam,1Story,Gable,VinylSd,CBlock,GasA,Y,SBrkr,WD,Normal
195,260223,14688,1,4,1905,1998,2.0,163,73,14,250,1205,233,1438,4,3,9,0,2,644.0,37.0,8.0,Edwards,1Fam,2.5Unf,Hip,VinylSd,CBlock,GasA,N,SBrkr,WD,Normal
196,327136,9595,8,4,1990,1987,17.0,270,86,263,619,493,495,988,6,2,9,0,2,103.0,218.0,32.0,Gilbert,1Fam,1Story,Gable,Wd Sdng,Slab,GasA,N,SBrkr,COD,Normal
197,349841,16530,3,10,2002,1996,77.0,597,179,785,1561,946,972,1918,2,2,3,3,2,340.0,54.0,2.0,OldTown,1Fam,1Story,Gambrel,MetalSd,PConc,GasA,Y,SBrkr,ConLI,Normal
198,388086,13488,10,7,1930,1956,69.0,52,24,271,347,736,618,1354,5,3,3,0,2,21.0,193.0,21.0,BrkSide,1Fam,SLvl,Gable,BrkFace,Wood,GasA,Y,SBrkr,WD,Partial
199,308683,9693,6,9,2002,2015,11.0,4,18,321,343,931,223,1154,6,1,5,0,3,429.0,152.0,65.0,Gilbert,1Fam,2.5Unf,Gable,Wd Sdng,CBlock,GasA,N,FuseP,WD,Normal
200,332540,17050,7,2,1884,2011,10.0,178,1,90,269,802,236,1038,2,1,4,1,2,1225.0,169.0,13.0,Edwards,1Fam,1Story,Hip,VinylSd,BrkTil,GasW,Y,SBrkr,WD,Normal
201,361120,32931,10,1,1956,1978,51.0,169,8,632,809,1072,98,1170,1,2,5,0,0,690.0,458.0,,BrkSide,1Fam,2Story,Flat,MetalSd,CBlock,GasA,N,FuseF,WD,Normal
202,299634,12143,1,2,1880,1987,30.0,240,41,177,458,1299,186,1485,4,2,6,0,2,267.0,,35.0,Sawyer,1Fam,1Story,Gable,VinylSd,CBlock,GasA,Y,FuseP,WD,Normal
203,481053,19146,6,7,1890,1982,78.0,537,8,1254,1799,1908,880,2788,6,3,9,1,2,544.0,3.0,,Somerst,1Fam,2Story,Gable,VinylSd,PConc,GasA,Y,,WD,Normal
204,393906,6997,7,10,1887,1978,1.0,486,66,2027,2579,867,389,1256,1,3,4,0,2,,22.0,56.0,Sawyer,1Fam,1Story,Gable,CemntBd,PConc,GasA,Y,SBrkr,WD,Normal
205,294884,8281,6,6,1911,1972,47.0,31,1,990,1022,1120,3,1123,1,2,9,0,2,85.0,3.0,71.0,NWAmes,TwnhsE,1Story,Gable,MetalSd,PConc,GasW,Y,SBrkr,WD,Partial
206,302662,16919,4,4,1907,1952,65.0,815,15,35,865,994,37,1031,3,2,7,0,2,551.0,21.0,59.0,Edwards,1Fam,1Story,Gambrel,Wd Sdng,PConc,GasA,Y,,WD,Alloca
207,255466,28058,1,1,2010,1994,250.0,35,59,162,256,1017,772,1789,1,1,10,1,1,110.0,6.0,93.0,NAmes,2fmCon,1Story,Gable,BrkFace,CBlock,GasA,Y,SBrkr,New,Normal
208,471906,15959,9,1,2007,1957,56.0,302,14,1161,1477,1397,566,1963,6,1,10,0,2,733.0,69.0,12.0,BrkSide,1Fam,2Story,Gable,VinylSd,CBlock,GasA,Y,SBrkr,Con,Normal
209,273416,11423,4,5,1941,1978,13.0,334,65,652,1051,731,199,930,4,1,7,1,2,36.0,2.0,42.0,NridgHt,1Fam,1Story,Gable,HdBoard,CBlock,GasA,Y,SBrkr,WD,AdjLand
210,332749,13354,7,1,1906,1951,5.0,341,274,968,1583,806,287,1093,5,1,10,0,2,,63.0,22.0,NridgHt,1Fam,2Story,Gable,HdBoard,PConc,GasA,Y,FuseA,WD,Normal
211,299705,7149,7,7,1924,1999,,92,79,339,510,851,102,953,3,3,11,2,2,446.0,229.0,163.0,Somerst,1Fam,2Story,Gable,BrkFace,CBlock,GasA,Y,SBrkr,WD,Normal
212,238434,18074,2,1,1984,2014,37.0,120,20,261,401,668,472,1140,1,1,9,0,2,67.0,138.0,29.0,Somerst,1Fam,1Story,Gable,VinylSd,CBlock,GasA,Y,SBrkr,WD,Normal
213,230218,20767,1,1,1971,1969,114.0,238,115,45,398,897,277,1174,6,1,8,1,2,60.0,288.0,160.0,NAmes,1Fam,1Story,Gable,CemntBd,BrkTil,GasA,Y,SBrkr,WD,Normal
214,342399,10656,8,2,1904,2001,64.0,66,2,731,799,1093,356,1449,2,2,9,1,0,283.0,25.0,73.0,OldTown,1Fam,1Story,Gambrel,VinylSd,BrkTil,GasA,Y,SBrkr,WD,Normal
215,330285,10561,8,10,1923,1986,35.0,6,64,546,616,1151,140,1291,3,1,9,1,4,630.0,75.0,63.0,NAmes,1Fam,1Story,Gable,HdBoard,PConc,GasW,Y,SBrkr,WD,Normal
216,316556,15259,7,3,2015,1976,25.0,247,1,24,272,849,168,1017,4,2,5,1,2,109.0,38.0,33.0,NridgHt,1Fam,1Story,Hip,VinylSd,PConc,GasW,Y,SBrkr,New,Normal
217,367687,10739,8,1,1959,1996,25.0,187,9,93,289,1264,69,1333,2,2,8,0,2,643.0,68.0,29.0,Somerst,1Fam,1Story,Gable,CemntBd,PConc,GasA,Y,SBrkr,WD,Normal
218,306271,12925,3,9,1961,1955,12.0,320,219,325,864,481,887,1368,4,1,8,2,1,577.0,81.0,37.0,Edwards,1Fam,2Story,Hip,MetalSd,BrkTil,GasA,Y,SBrkr,WD,Normal
219,361820,38172,2,10,2014,2009,0.0,47,22,461,530,1803,878,2681,2,1,11,0,1,302.0,3.0,17.0,NridgHt,1Fam,2Story,Gable,Wd Sdng,CBlock,GasA,N,SBrkr,ConLI,Normal
220,381513,11807,7,8,1967,1994,42.0,551,85,59,695,1064,510,1574,5,2,3,1,2,364.0,26.0,117.0,NWAmes,1Fam,1Story,Shed,BrkFace,CBlock,GasA,Y,SBrkr,WD,Normal
221,371775,11168,8,5,2006,1993,11.0,47,23,112,182,789,822,1611,4,3,9,1,2,14.0,122.0,79.0,Gilbert,1Fam,2Story,Gable,VinylSd,CBlock,GasA,Y,SBrkr,COD,Normal
222,252973,9664,1,2,1934,1967,11.0,665,91,85,841,1031,328,1359,2,2,3,0,2,160.0,148.0,,NWAmes,TwnhsE,2Story,Gable,MetalSd,PConc,GasA,Y,SBrkr,WD,Normal
223,334877,19381,10,5,1935,2014,6.0,179,168,99,446,857,80,937,4,3,6,2,2,106.0,84.0,28.0,Gilbert,TwnhsE,2Story,Gable,VinylSd,CBlock,GasW,Y,SBrkr,WD,Normal
224,348641,12202,9,6,1894,1974,10.0,239,28,1013,1280,479,428,907,3,3,9,1,2,56.0,31.0,3.0,BrkSide,1Fam,2Story,Hip,VinylSd,CBlock,GasA,Y,SBrkr,WD,Abnorml
225,286601,9655,4,1,1937,1976,1.0,680,40,503,1223,910,118,1028,4,1,8,2,2,172.0,51.0,57.0,NWAmes,1Fam,1Story,Gable,MetalSd,BrkTil,GasA,Y,FuseA,WD,Normal
226,284543,25865,4,4,1967,1956,56.0,106,49,534,689,1180,174,1354,6,1,8,0,2,153.0,10.0,23.0,Gilbert,Twnhs,1.5Fin,Gable,MetalSd,CBlock,GasA,Y,SBrkr,COD,Normal
227,266625,27168,3,9,1976,1993,25.0,60,136,631,827,1198,96,1294,4,1,7,0,3,456.0,306.0,102.0,NWAmes,Twnhs,1Story,Gable,VinylSd,Slab,GasA,Y,,New,Normal
228,302389,9895,6,2,1887,1978,41.0,177,14,176,367,968,165,1133,2,1,9,0,2,319.0,203.0,75.0,OldTown,1Fam,1Story,Gable,Wd Sdng,PConc,GasA,Y,SBrkr,ConLw,Normal
229,287165,5253,1,5,1919,1993,50.0,84,47,583,714,1196,341,1537,4,2,11,0,2,855.0,6.0,7.0,Somerst,1Fam,2Story,Hip,MetalSd,BrkTil,GasA,Y,SBrkr,WD,Normal
230,335364,22109,6,1,1893,1985,179.0,225,19,1534,1778,1023,35,1058,5,3,8,1,1,54.0,18.0,46.0,Somerst,1Fam,1.5Fin,Gable,BrkFace,BrkTil,GasA,Y,SBrkr,WD,Normal
231,249932,9487,2,4,1932,1968,3.0,96,12,479,587,959,33,992,1,2,9,1,2,21.0,,58.0,BrkSide,1Fam,1Story,Gable,BrkFace,PConc,GasA,Y,SBrkr,WD,Normal
232,337721,19837,9,4,2006,1955,27.0,599,4,215,818,730,345,1075,3,3,11,1,2,,26.0,41.0,Sawyer,1Fam,1Story,Gable,HdBoard,CBlock,Floor,Y,SBrkr,WD,Normal
233,260821,4988,2,6,1959,1974,14.0,280,48,504,832,809,453,1262,6,2,9,0,2,0.0,272.0,36.0,NridgHt,1Fam,1Story,Gable,BrkFace,CBlock,GasA,Y,SBrkr,WD,Alloca
234,321411,20874,7,10,1994,1980,32.0,0,106,924,1030,831,240,1071,2,3,8,1,2,542.0,140.0,12.0,CollgCr,1Fam,1Story,Hip,CemntBd,PConc,GasA,Y,FuseA,WD,Normal
235,246754,7291,1,9,2013,1958,126.0,491,21,55,567,978,60,1038,4,1,5,1,3,246.0,31.0,13.0,CollgCr,1Fam,1.5Fin,Gable,Wd Sdng,CBlock,GasA,Y,SBrkr,WD,Normal
236,309633,19252,7,3,1934,1986,64.0,120,40,123,283,1142,169,1311,4,3,3,1,1,234.0,0.0,73.0,NridgHt,1Fam,SFoyer,Hip,CemntBd,Wood,GasA,Y,SBrkr,New,Normal
237,295415,13455,5,9,1923,1976,54.0,115,51,1006,1172,746,425,1171,4,1,11,1,2,157.0,160.0,0.0,BrkSide,1Fam,1Story,Gable,CemntBd,PConc,GasA,Y,SBrkr,WD,Normal
238,327913,8291,8,6,1897,1962,29.0,144,26,1169,1339,591,347,938,3,3,9,0,3,164.0,55.0,75.0,BrkSide,TwnhsE,1Story,Gable,VinylSd,Stone,GasA,N,,WD,Normal
239,300434,10899,4,7,1895,1990,55.0,298,116,264,678,1382,34,1416,6,2,5,1,2,197.0,102.0,37.0,Edwards,1Fam,1.5Fin,Hip,MetalSd,PConc,GasA,Y,SBrkr,WD,Partial
240,397833,18829,10,10,1891,2015,1.0,175,22,187,384,671,1043,1714,1,3,11,0,2,5.0,33.0,137.0,Gilbert,1Fam,1Story,Gable,VinylSd,PConc,GasA,Y,SBrkr,New,Normal
241,313673,14086,7,2,1924,1973,44.0,297,6,132,435,1040,75,1115,5,2,5,2,3,30.0,15.0,296.0,NWAmes,1Fam,1Story,Gable,Wd Sdng,PConc,GasA,Y,SBrkr,ConLI,Normal
242,310195,17893,6,10,1972,1993,40.0,47,7,276,330,968,74,1042,6,2,5,1,2,246.0,112.0,54.0,BrkSide,1Fam,1Story,Gable,HdBoard,PConc,GasW,Y,,WD,Normal
243,314960,35890,5,6,1901,2009,21.0,1053,110,1090,2253,809,184,993,5,1,9,0,2,56.0,59.0,26.0,Edwards,1Fam,1Story,Gable,BrkFace,PConc,GasA,Y,SBrkr,ConLI,Normal
244,285804,6111,4,6,1976,1958,11.0,392,221,64,677,1077,118,1195,6,3,4,3,3,527.0,26.0,32.0,NridgHt,1Fam,1Story,Gable,Wd Sdng,CBlock,GasA,Y,SBrkr,WD,Normal
245,350427,29989,7,2,1926,1951,82.0,86,17,217,320,624,1240,1864,2,2,9,1,3,112.0,14.0,11.0,NWAmes,Duplex,1Story,Gable,MetalSd,PConc,GasW,Y,SBrkr,COD,Normal
246,333898,14075,5,2,1908,2005,2.0,386,7,970,1363,1464,23,1487,1,3,9,0,1,36.0,,5.0,NAmes,1Fam,2Story,Gable,VinylSd,CBlock,OthW,Y,SBrkr,WD,Normal
247,355669,8523,5,2,1924,1979,3.0,256,32,171,459,1979,109,2088,1,1,3,1,2,93.0,129.0,43.0,BrkSide,1Fam,2Story,Gable,VinylSd,CBlock,GasA,Y,SBrkr,COD,Partial
248,233936,6869,1,10,1956,1971,29.0,34,61,584,679,1298,144,1442,3,1,4,0,2,154.0,33.0,81.0,CollgCr,1Fam,2Story,Gable,MetalSd,PConc,GasA,Y,SBrkr,WD,Normal
249,217400,12154,2,1,1888,1962,14.0,58,47,197,302,704,204,908,6,3,7,0,3,12.0,132.0,15.0,NWAmes,1Fam,1.5Fin,Gable,BrkFace,PConc,GasW,Y,SBrkr,WD,AdjLand
250,226273,21180,5,5,1903,1965,68.0,12,150,653,815,446,4,450,4,2,6,0,2,53.0,20.0,27.0,Somerst,1Fam,1.5Fin,Hip,HdBoard,PConc,GasA,N,FuseF,WD,Abnorml
251,318059,12534,3,8,1894,1994,50.0,497,85,1585,2167,1036,25,1061,1,2,5,1,3,136.0,41.0,40.0,Edwards,1Fam,1Story,Hip,BrkFace,PConc,GasA,N,SBrkr,WD,Normal
252,199326,28440,2,2,1892,2014,74.0,240,101,196,537,609,89,698,6,2,10,1,4,130.0,136.0,119.0,NridgHt,1Fam,2Story,Gable,BrkFace,CBlock,GasA,Y,SBrkr,WD,Normal
253,274603,6466,4,5,1970,1960,19.0,114,39,745,898,793,242,1035,4,3,9,2,3,,107.0,7.0,Somerst,1Fam,2Story,Gable,VinylSd,PConc,GasA,Y,SBrkr,WD,Normal
254,392713,13279,4,8,1980,2019,,40,19,1783,1842,1417,438,1855,3,2,11,1,2,648.0,31.0,13.0,NAmes,1Fam,1.5Fin,Gable,VinylSd,PConc,GasA,Y,SBrkr,WD,Normal
255,378076,7142,4,10,1950,1969,99.0,198,60,1649,1907,1461,347,1808,6,2,5,1,2,75.0,13.0,,NWAmes,1Fam,1Story,Gable,MetalSd,PConc,GasA,Y,SBrkr,WD,Normal
256,323361,16023,4,5,2001,2012,21.0,223,28,227,478,1509,251,1760,6,2,3,1,1,46.0,4.0,2.0,Sawyer,1Fam,1Story,Gable,VinylSd,CBlock,GasA,Y,SBrkr,WD,Normal
257,281001,20815,3,2,1955,1961,20.0,363,16,266,645,924,151,1075,2,1,11,0,2,351.0,181.0,53.0,OldTown,1Fam,2Story,Gable,VinylSd,CBlock,GasA,N,SBrkr,COD,Alloca
258,395013,10825,7,3,1995,2011,115.0,1051,8,144,1203,1174,613,1787,6,2,11,1,2,571.0,7.0,51.0,BrkSide,1Fam,2Story,Gable,VinylSd,PConc,GasA,N,SBrkr,ConLD,Partial
259,352999,3633,9,6,1940,1991,2.0,171,37,150,358,494,184,678,2,3,3,1,2,1160.0,12.0,24.0,OldTown,1Fam,1Story,Gable,VinylSd,CBlock,GasA,Y,SBrkr,Con,Normal
260,262122,14757,5,5,2005,2018,21.0,156,45,271,472,572,106,678,4,3,10,1,2,2.0,27.0,31.0,OldTown,1Fam,1Story,Gable,Wd Sdng,CBlock,GasA,Y,SBrkr,WD,Abnorml
261,264368,16620,4,4,1880,2007,6.0,138,42,89,269,823,297,1120,4,2,3,2,2,186.0,58.0,96.0,NridgHt,1Fam,2Story,Gable,MetalSd,PConc,GasW,Y,SBrkr,ConLD,Normal
262,313657,16352,2,4,1947,1954,1.0,526,6,496,1028,1155,353,1508,1,3,8,0,3,463.0,155.0,9.0,CollgCr,1Fam,1Story,Gable,VinylSd,CBlock,GasA,Y,,WD,Normal
263,241952,24782,2,5,1967,1976,5.0,50,42,307,399,790,152,942,3,3,11,2,2,617.0,28.0,13.0,NWAmes,Twnhs,1Story,Gable,VinylSd,PConc,GasW,Y,FuseF,COD,Normal
264,311647,7820,5,2,1900,1977,28.0,126,9,913,1048,1142,8,1150,2,2,5,1,1,22.0,78.0,35.0,Edwards,1Fam,SFoyer,Hip,MetalSd,PConc,GasA,Y,SBrkr,WD,Normal
265,318414,18771,7,9,2014,1975,58.0,387,54,665,1106,635,29,664,1,1,8,0,2,399.0,9.0,26.0,NridgHt,1Fam,1Story,Gable,Wd Sdng,CBlock,GasW,Y,SBrkr,ConLI,Normal
266,368741,24251,10,2,1882,1998,,4,28,155,187,925,560,1485,5,2,5,0,4,119.0,62.0,42.0,Sawyer,1Fam,1Story,Gable,CemntBd,CBlock,GasA,N,Mix,WD,Normal
267,342427,5490,10,10,1930,1970,94.0,102,94,281,477,1058,17,1075,1,3,7,1,3,27.0,19.0,126.0,Somerst,TwnhsE,1.5Fin,Gable,VinylSd,BrkTil,Floor,Y,SBrkr,WD,Normal
268,390803,15675,9,2,1958,1950,28.0,307,75,555,937,1126,268,1394,4,3,9,0,2,235.0,23.0,124.0,Sawyer,1Fam,1Story,Gable,VinylSd,CBlock,GasA,N,SBrkr,WD,Normal
269,274214,10382,7,10,1974,2007,172.0,61,64,85,210,784,60,844,5,2,6,0,2,60.0,45.0,13.0,Edwards,1Fam,1Story,Gable,HdBoard,PConc,GasA,Y,SBrkr,WD,Normal
270,281147,12826,5,9,2002,2004,,108,60,12,180,905,77,982,1,3,6,2,3,467.0,143.0,,BrkSide,1Fam,2Story,Gable,VinylSd,BrkTil,GasA,Y,SBrkr,WD,Normal
271,346478,15896,10,3,1885,1975,74.0,199,41,765,1005,565,95,660,6,1,9,1,1,473.0,136.0,8.0,CollgCr,1Fam,1Story,Gable,MetalSd,PConc,GasW,Y,SBrkr,WD,Normal
272,334766,10471,10,10,1896,1974,134.0,164,3,59,226,869,11,880,3,2,7,0,2,645.0,53.0,131.0,OldTown,1Fam,1Story,Gambrel,BrkFace,Wood,GasA,Y,SBrkr,WD,Normal
273,388306,9529,10,7,1996,1982,,33,53,880,966,1242,58,1300,2,3,3,0,2,165.0,12.0,25.0,Gilbert,1Fam,1Story,Shed,VinylSd,PConc,GasW,Y,SBrkr,WD,Partial
274,326458,13589,6,4,1939,2018,112.0,835,31,979,1845,829,315,1144,6,1,4,0,2,4.0,32.0,29.0,BrkSide,1Fam,1Story,Flat,VinylSd,PConc,GasA,Y,,WD,Normal
275,236067,7757,3,6,2004,1955,13.0,13,31,246,290,717,207,924,5,3,8,0,2,105.0,70.0,81.0,Gilbert,1Fam,1.5Fin,Gable,VinylSd,PConc,GasA,Y,SBrkr,WD,Normal
276,346711,7762,5,4,1960,1972,21.0,415,23,657,1095,1135,478,1613,3,1,11,1,1,220.0,,35.0,NridgHt,1Fam,SLvl,Gable,VinylSd,PConc,GasA,Y,SBrkr,WD,Normal
277,384901,18763,8,10,1964,1979,69.0,22,132,180,334,1782,18,1800,1,3,9,1,2,414.0,,6.0,Edwards,TwnhsE,1Story,Gable,VinylSd,PConc,GasA,Y,,WD,Normal
278,336021,7522,1,7,1930,2003,27.0,188,14,781,983,1723,659,2382,6,2,6,1,1,168.0,101.0,28.0,Sawyer,1Fam,1Story,Gable,VinylSd,PConc,GasA,Y,SBrkr,WD,Normal
279,341774,18641,1,1,2018,1960,90.0,57,19,696,772,971,1687,2658,4,3,4,1,2,268.0,43.0,49.0,Sawyer,Twnhs,1Story,Gable,HdBoard,PConc,GasA,Y,SBrkr,WD,Normal
280,322400,16836,7,3,1950,1980,105.0,45,164,32,241,1131,4,1135,4,2,6,1,2,260.0,118.0,63.0,NridgHt,1Fam,1Story,Gable,VinylSd,PConc,GasA,Y,,New,Normal
281,379943,5636,5,3,1918,1955,17.0,40,83,349,472,1467,1029,2496,3,1,7,0,2,63.0,40.0,51.0,OldTown,1Fam,1.5Fin,Gable,VinylSd,PConc,GasA,Y,SBrkr,WD,Normal
282,302303,9520,5,1,1948,1960,86.0,180,0,408,588,965,80,1045,4,1,4,2,1,341.0,98.0,6.0,OldTown,1Fam,1.5Fin,Gable,Wd Sdng,PConc,GasA,Y,SBrkr,WD,Normal
283,212098,24271,1,6,1927,1961,8.0,217,118,0,335,1031,353,1384,2,3,3,1,2,202.0,27.0,18.0,CollgCr,1Fam,1Story,Gable,MetalSd,PConc,GasA,Y,SBrkr,WD,Normal
284,391528,8179,9,9,2004,2015,20.0,42,12,1563,1617,814,103,917,3,2,6,1,2,577.0,,66.0,NridgHt,1Fam,1Story,Gable,MetalSd,BrkTil,GasA,Y,SBrkr,WD,Normal
285,330206,10591,1,8,1936,2002,36.0,1164,61,208,1433,1826,221,2047,3,2,8,0,2,410.0,7.0,106.0,Gilbert,1Fam,1Story,Gable,MetalSd,CBlock,GasW,Y,SBrkr,WD,Normal
286,310784,16831,5,7,1900,1985,12.0,89,40,291,420,1113,214,1327,4,1,3,0,2,41.0,54.0,,NridgHt,1Fam,1.5Fin,Gable,HdBoard,BrkTil,GasA,Y,SBrkr,COD,Normal
287,362226,19765,10,10,1961,1966,43.0,184,38,86,308,828,134,962,3,1,3,0,2,234.0,96.0,2.0,CollgCr,1Fam,1Story,Gable,Wd Sdng,PConc,GasA,Y,FuseF,WD,Normal
288,391908,11780,9,8,1978,1977,43.0,73,63,377,513,755,379,1134,1,3,11,0,0,424.0,155.0,51.0,Edwards,1Fam,1Story,Hip,MetalSd,PConc,GasA,Y,SBrkr,ConLI,Normal
289,259687,9909,4,6,1894,1971,11.0,204,11,665,880,514,274,788,5,1,7,2,1,31.0,166.0,39.0,NAmes,1Fam,SFoyer,Gambrel,VinylSd,Wood,GasA,Y,SBrkr,WD,Normal
290,312856,27205,8,9,1948,1956,79.0,423,8,352,783,558,212,770,6,1,4,1,2,550.0,488.0,8.0,CollgCr,1Fam,SLvl,Gable,CemntBd,PConc,GasA,Y,SBrkr,WD,Normal
291,387683,31870,6,3,1955,1964,49.0,220,52,620,892,722,1219,1941,5,2,4,0,2,87.0,9.0,39.0,NridgHt,Twnhs,1Story,Gable,VinylSd,CBlock,Wall,Y,SBrkr,COD,Normal
292,336975,21794,3,10,1941,1960,19.0,100,17,525,642,1186,844,2030,6,2,6,0,2,244.0,67.0,183.0,Somerst,2fmCon,1Story,Gable,BrkFace,CBlock,GasA,Y,SBrkr,WD,Normal
293,353742,13941,4,10,1998,1973,13.0,85,182,108,375,990,933,1923,4,2,4,0,3,987.0,73.0,49.0,BrkSide,2fmCon,1Story,Gambrel,MetalSd,CBlock,GasA,Y,SBrkr,WD,Abnorml
294,272378,8918,2,9,1916,2016,105.0,426,30,228,684,616,639,1255,2,1,6,1,2,,163.0,29.0,OldTown,1Fam,1Story,Gable,Wd Sdng,BrkTil,GasA,Y,FuseA,New,Normal
295,189051,8820,1,4,2013,1979,90.0,37,5,64,106,679,88,767,2,3,8,2,3,193.0,30.0,87.0,CollgCr,1Fam,2Story,Hip,MetalSd,BrkTil,GasA,Y,SBrkr,ConLD,Normal
296,349070,17348,8,7,1905,2019,13.0,138,57,17,212,976,129,1105,4,3,9,3,2,2.0,7.0,11.0,OldTown,1Fam,2Story,Gable,MetalSd,Stone,GasA,Y,,New,Normal
297,245336,16468,1,9,1887,2015,1.0,49,18,26,93,1483,78,1561,4,1,8,0,2,50.0,37.0,26.0,Edwards,1Fam,2Story,Hip,Wd Sdng,CBlock,GasA,Y,SBrkr,WD,Normal
298,309472,26924,1,2,1883,2010,81.0,89,8,1142,1239,645,1284,1929,3,3,6,1,3,302.0,413.0,37.0,BrkSide,1Fam,1Story,Gambrel,MetalSd,Wood,GasA,Y,SBrkr,WD,Normal
299,272046,18494,4,2,1900,1990,47.0,49,27,1667,1743,1030,49,1079,2,1,5,1,2,238.0,229.0,35.0,BrkSide,1Fam,2Story,Gable,VinylSd,CBlock,GasA,Y,FuseA,WD,Partial
300,320261,6300,10,9,1904,2000,5.0,653,166,39,858,785,136,921,5,3,6,0,2,158.0,50.0,126.0,Somerst,2fmCon,2Story,Gable,VinylSd,PConc,GasA,Y,SBrkr,New,AdjLand
301,362118,22606,10,3,1922,1993,44.0,394,26,163,583,792,66,858,4,1,7,0,1,898.0,208.0,17.0,Sawyer,1Fam,1Story,Hip,VinylSd,PConc,GasA,Y,SBrkr,WD,Partial
302,268259,8110,6,9,1916,1962,30.0,246,21,48,315,631,75,706,5,2,6,1,3,141.0,3.0,2.0,NWAmes,Twnhs,2Story,Hip,VinylSd,PConc,GasA,N,SBrkr,ConLD,Normal
303,376155,11026,9,5,1921,1961,74.0,76,29,718,823,1083,85,1168,6,3,5,1,2,269.0,37.0,124.0,CollgCr,1Fam,2.5Fin,Gable,VinylSd,CBlock,GasA,Y,SBrkr,WD,Normal
304,240842,15140,1,6,1971,1958,11.0,214,0,274,488,775,306,1081,5,2,3,0,2,294.0,129.0,,OldTown,1Fam,1Story,Hip,CemntBd,PConc,GasW,Y,SBrkr,WD,Normal
305,268348,36236,7,2,1940,1997,30.0,220,7,388,615,807,23,830,2,2,5,0,2,262.0,25.0,23.0,Edwards,1Fam,1Story,Gable,MetalSd,PConc,GasA,Y,SBrkr,WD,Abnorml
306,383305,63256,10,8,1947,1998,8.0,267,94,310,671,1206,254,1460,6,3,7,1,2,227.0,22.0,37.0,NridgHt,1Fam,1Story,Gambrel,HdBoard,Stone,GasA,N,,WD,Normal
307,324696,18094,5,9,1932,2002,157.0,18,190,495,703,1225,513,1738,5,1,8,3,3,143.0,197.0,186.0,Gilbert,1Fam,1Story,Gable,Wd Sdng,BrkTil,GasA,N,SBrkr,WD,Normal
308,394407,12190,8,2,1963,2005,75.0,1082,8,153,1243,721,436,1157,3,2,6,1,2,838.0,95.0,38.0,Gilbert,1Fam,2Story,Gable,CemntBd,CBlock,GasA,Y,SBrkr,WD,Normal
309,295033,17452,7,6,1913,1989,66.0,187,38,59,284,981,49,1030,3,2,3,1,2,209.0,451.0,29.0,BrkSide,1Fam,2Story,Gable,Wd Sdng,PConc,GasA,Y,,WD,Normal
310,369023,20823,4,6,1955,1973,58.0,783,169,7,959,1178,738,1916,2,1,9,1,2,263.0,14.0,43.0,NridgHt,Duplex,2Story,Gable,Wd Sdng,PConc,Floor,Y,,WD,Normal
311,285004,11380,4,8,1976,1982,27.0,2,8,236,246,849,441,1290,3,1,11,0,3,373.0,44.0,176.0,NAmes,1Fam,2Story,Gable,VinylSd,PConc,GasA,Y,SBrkr,New,Abnorml
312,300791,32781,6,10,1909,1972,128.0,85,10,953,1048,1097,1,1098,4,3,8,0,3,24.0,37.0,85.0,Sawyer,2fmCon,2.5Unf,Hip,Wd Sdng,PConc,GasA,Y,SBrkr,WD,Abnorml
313,313924,14988,6,5,1967,2003,3.0,32,130,145,307,816,401,1217,6,3,8,1,3,532.0,212.0,9.0,NWAmes,1Fam,1Story,Gable,HdBoard,CBlock,GasA,Y,SBrkr,WD,Normal
314,332980,17134,9,9,1886,2002,81.0,440,61,87,588,809,401,1210,2,1,11,1,3,251.0,29.0,81.0,CollgCr,1Fam,2Story,Gable,VinylSd,PConc,GasA,Y,SBrkr,WD,Normal
315,283559,18638,5,1,1915,1998,12.0,115,8,1041,1164,678,206,884,6,2,6,1,1,374.0,43.0,91.0,NAmes,1Fam,1Story,Gable,MetalSd,PConc,GasA,Y,,WD,Abnorml
316,383969,16494,8,9,1917,1998,19.0,550,25,44,619,1500,14,1514,5,1,7,0,3,517.0,15.0,58.0,Edwards,1Fam,1Story,Gable,MetalSd,PConc,GasA,N,SBrkr,COD,Normal
317,298213,20322,5,10,1931,2009,36.0,535,2,21,558,776,260,1036,4,3,7,2,2,725.0,149.0,53.0,CollgCr,1Fam,1.5Fin,Gable,VinylSd,PConc,GasA,Y,SBrkr,WD,Normal
318,243469,9812,2,7,2019,2014,76.0,330,28,846,1204,706,435,1141,2,2,7,1,3,174.0,27.0,29.0,Gilbert,2fmCon,2Story,Gable,VinylSd,BrkTil,GasA,Y,SBrkr,New,Normal
319,258209,10105,6,4,1972,1981,91.0,328,75,482,885,656,94,750,5,2,10,1,2,583.0,7.0,51.0,OldTown,1Fam,1Story,Hip,MetalSd,BrkTil,GasA,Y,SBrkr,ConLD,Normal
320,336559,7707,9,3,1986,1970,,361,40,219,620,920,329,1249,5,3,3,0,2,104.0,57.0,,NWAmes,1Fam,1Story,Gable,Wd Sdng,PConc,GasA,Y,SBrkr,WD,Normal
321,235772,16643,3,10,2005,1967,25.0,336,52,558,946,661,131,792,5,2,5,0,2,377.0,49.0,6.0,Sawyer,1Fam,2Story,Gable,VinylSd,CBlock,GasA,Y,SBrkr,WD,Normal
322,226187,19721,1,6,1928,2009,146.0,146,19,541,706,725,255,980,5,1,10,0,1,37.0,19.0,14.0,NridgHt,1Fam,SFoyer,Gable,MetalSd,PConc,GasA,Y,SBrkr,WD,Normal
323,205939,16795,1,1,1900,1962,14.0,344,8,16,368,1141,145,1286,5,3,11,0,2,7.0,14.0,10.0,NridgHt,1Fam,2Story,Gable,HdBoard,Slab,GasA,Y,SBrkr,WD,Normal
324,258821,30860,3,3,1894,1973,81.0,683,0,451,1134,1027,108,1135,2,2,4,1,2,35.0,226.0,92.0,NridgHt,1Fam,1Story,Hip,MetalSd,PConc,GasW,Y,,WD,Normal
325,344420,13322,10,2,1893,1979,47.0,121,86,409,616,599,581,1180,3,3,6,1,1,134.0,7.0,56.0,Somerst,1Fam,1Story,Gable,CemntBd,PConc,GasA,Y,SBrkr,WD,Normal
326,366976,18664,5,9,1921,1951,23.0,869,50,1327,2246,1115,420,1535,5,2,10,2,4,11.0,10.0,29.0,Sawyer,TwnhsE,1Story,Gable,VinylSd,CBlock,GasA,Y,SBrkr,WD,Partial
327,287872,7739,3,3,1894,1974,0.0,4,13,1359,1376,906,127,1033,4,1,7,1,3,348.0,28.0,87.0,Edwards,1Fam,2Story,Gable,VinylSd,PConc,GasA,Y,SBrkr,New,Normal
328,371260,11008,9,2,1942,1999,29.0,128,27,189,344,1262,171,1433,2,3,3,0,3,133.0,305.0,63.0,Somerst,1Fam,1Story,Hip,VinylSd,PConc,GasA,Y,SBrkr,WD,Normal
329,385121,18916,8,4,1906,1963,16.0,42,80,356,478,1373,353,1726,1,2,8,0,3,466.0,8.0,122.0,OldTown,1Fam,1Story,Gable,MetalSd,BrkTil,GasA,Y,,WD,Normal
330,235778,20425,3,2,1972,1955,5.0,40,38,60,138,554,499,1053,3,1,11,0,2,16.0,169.0,3.0,OldTown,1Fam,2Story,Hip,VinylSd,CBlock,GasA,N,SBrkr,WD,Alloca
331,386045,11533,9,1,1984,1979,3.0,506,17,27,550,1129,345,1474,4,1,11,2,2,85.0,222.0,35.0,CollgCr,1Fam,2Story,Gable,HdBoard,Slab,GasW,Y,SBrkr,WD,Normal
332,354279,12889,6,6,1932,1979,21.0,751,15,226,992,1466,233,1699,5,1,3,2,1,183.0,47.0,61.0,Somerst,1Fam,2Story,Gable,CemntBd,PConc,GasA,Y,SBrkr,WD,Normal
333,384036,6254,7,10,1931,1987,47.0,451,12,468,931,956,926,1882,2,2,6,0,3,168.0,34.0,11.0,CollgCr,1Fam,SFoyer,Gable,VinylSd,PConc,GasW,Y,SBrkr,COD,Normal
334,344726,11175,4,8,1942,2007,90.0,1126,86,335,1547,1103,446,1549,2,2,3,0,3,49.0,113.0,19.0,BrkSide,1Fam,2Story,Hip,CemntBd,BrkTil,GasA,Y,SBrkr,WD,Normal
335,317164,20851,4,10,1936,1990,10.0,73,43,224,340,960,36,996,5,1,9,1,2,1798.0,121.0,27.0,Edwards,1Fam,1Story,Gable,Wd Sdng,PConc,GasA,Y,SBrkr,WD,Normal
336,275309,17811,2,10,1999,2006,27.0,45,61,681,787,1204,245,1449,4,1,5,0,3,117.0,151.0,79.0,BrkSide,1Fam,1.5Fin,Gable,VinylSd,PConc,GasW,Y,SBrkr,WD,Normal
337,331059,17159,5,2,1931,1985,24.0,220,98,632,950,1007,158,1165,2,1,4,1,2,446.0,177.0,34.0,NAmes,1Fam,1Story,Gable,HdBoard,CBlock,GasA,Y,SBrkr,WD,Normal
338,332381,13696,8,9,1986,2013,36.0,529,216,526,1271,489,475,964,6,1,10,0,2,86.0,31.0,33.0,CollgCr,1Fam,1Story,Gable,VinylSd,BrkTil,Grav,Y,Mix,WD,Normal
339,314305,13406,7,3,1922,1965,82.0,12,14,32,58,865,13,878,3,1,11,2,4,735.0,116.0,28.0,NAmes,Duplex,2Story,Gable,Wd Sdng,CBlock,GasA,Y,SBrkr,New,Normal
340,371544,9603,7,8,2014,1963,40.0,1625,9,636,2270,849,158,1007,4,2,9,1,2,171.0,14.0,12.0,CollgCr,1Fam,1Story,Gable,BrkFace,Stone,GasW,Y,SBrkr,ConLD,Normal
341,362976,18947,6,8,1996,1980,93.0,276,30,1007,1313,1112,114,1226,5,3,8,1,2,,71.0,,Edwards,1Fam,1Story,Gable,CemntBd,CBlock,GasA,Y,SBrkr,WD,Normal
342,288459,16489,3,3,1883,2015,36.0,1158,1,24,1183,1278,45,1323,4,3,8,0,2,146.0,94.0,19.0,NAmes,1Fam,2Story,Gable,VinylSd,CBlock,GasA,N,SBrkr,WD,Normal
343,244139,17085,5,3,2012,2017,46.0,136,78,205,419,838,142,980,6,3,11,0,2,3.0,17.0,41.0,Gilbert,1Fam,2.5Unf,Gable,VinylSd,Stone,GasA,Y,SBrkr,WD,Normal
344,289727,10270,1,6,1959,2014,28.0,183,107,1781,2071,621,335,956,4,2,7,0,2,254.0,7.0,8.0,NAmes,1Fam,2Story,Hip,CemntBd,CBlock,GasA,Y,SBrkr,WD,Normal
345,322891,4552,7,1,1920,2004,,418,57,365,840,984,134,1118,1,3,7,1,2,,21.0,28.0,OldTown,1Fam,1Story,Hip,HdBoard,CBlock,GasA,Y,SBrkr,WD,Normal
346,347600,23122,9,4,2011,1989,128.0,472,15,288,775,711,260,971,5,3,4,0,2,,54.0,117.0,CollgCr,1Fam,1Story,Gable,HdBoard,PConc,GasA,Y,SBrkr,WD,Normal
347,213875,10515,1,1,1881,1974,,79,6,78,163,748,269,1017,3,3,8,0,2,93.0,,269.0,CollgCr,1Fam,1Story,Gable,HdBoard,CBlock,GasA,Y,SBrkr,WD,Normal
348,355475,8678,2,3,1922,1974,85.0,796,24,333,1153,1834,265,2099,5,3,8,1,2,535.0,75.0,22.0,Edwards,1Fam,1Story,Gable,HdBoard,Wood,GasA,Y,SBrkr,New,Normal
349,266920,18896,3,9,1961,1952,3.0,606,89,231,926,732,226,958,1,1,8,0,3,,138.0,,NWAmes,1Fam,1Story,Gable,Wd Sdng,BrkTil,GasA,Y,FuseA,WD,Normal
350,217739,10981,3,5,1987,2018,118.0,5,21,54,80,561,37,598,5,2,6,1,0,235.0,19.0,18.0,OldTown,1Fam,2Story,Gable,BrkFace,PConc,OthW,Y,SBrkr,WD,Normal
351,304460,22696,8,5,2016,1975,10.0,41,1,249,291,1076,73,1149,5,3,9,2,1,264.0,11.0,19.0,Gilbert,1Fam,2Story,Gable,VinylSd,PConc,GasA,Y,FuseA,WD,Normal
352,352292,18187,7,4,1905,1989,14.0,205,16,71,292,1109,482,1591,3,1,11,1,1,,27.0,51.0,BrkSide,Duplex,1.5Fin,Hip,HdBoard,BrkTil,GasA,Y,SBrkr,WD,Abnorml
353,294938,18803,6,3,1961,1987,2.0,185,229,524,938,1168,209,1377,1,3,3,0,3,13.0,37.0,34.0,OldTown,1Fam,1Story,Gable,Wd Sdng,PConc,GasA,Y,SBrkr,WD,Normal
354,434270,6748,10,5,1962,1987,168.0,369,56,1454,1879,1155,367,1522,5,3,5,1,2,308.0,79.0,73.0,BrkSide,1Fam,1Story,Gable,CemntBd,BrkTil,GasA,Y,SBrkr,New,AdjLand
355,344740,24488,10,4,2010,2017,95.0,28,115,253,396,937,253,1190,6,3,11,0,4,1.0,213.0,60.0,Somerst,1Fam,1Story,Gable,CemntBd,BrkTil,GasA,Y,SBrkr,WD,Normal
356,247417,15223,4,8,1952,1956,122.0,310,74,400,784,940,11,951,5,3,7,0,2,107.0,55.0,14.0,NWAmes,Twnhs,1.5Fin,Gable,VinylSd,PConc,GasA,Y,SBrkr,WD,Normal
357,395796,11107,9,4,1979,1979,93.0,287,38,225,550,1190,477,1667,2,3,8,2,2,242.0,73.0,76.0,OldTown,1Fam,SLvl,Gable,HdBoard,CBlock,GasA,N,SBrkr,WD,Normal
358,277325,14352,1,8,1928,1968,32.0,79,8,59,146,1454,19,1473,5,1,10,0,3,847.0,0.0,94.0,Sawyer,Duplex,2.5Fin,Gable,CemntBd,BrkTil,GasA,Y,SBrkr,WD,Normal
359,272585,5496,2,6,1942,1984,,234,21,1410,1665,615,860,1475,3,3,11,2,1,47.0,3.0,45.0,Gilbert,2fmCon,2.5Fin,Gable,VinylSd,PConc,GasA,Y,FuseA,WD,Normal
360,262673,16388,4,5,1934,1982,174.0,75,43,55,173,748,72,820,2,1,10,0,2,64.0,8.0,131.0,Sawyer,1Fam,2.5Fin,Hip,BrkFace,CBlock,GasA,Y,SBrkr,WD,Normal
361,272690,7984,3,4,1913,1982,34.0,47,102,47,196,1083,215,1298,6,3,5,0,2,387.0,120.0,76.0,CollgCr,1Fam,2Story,Gable,Wd Sdng,BrkTil,GasW,Y,SBrkr,WD,AdjLand
362,214260,6793,1,4,1984,1987,9.0,255,15,245,515,969,19,988,6,2,3,0,2,164.0,66.0,45.0,NWAmes,1Fam,2Story,Gable,MetalSd,PConc,GasA,Y,FuseF,WD,Normal
363,329640,6240,5,4,1984,1959,53.0,1137,6,430,1573,524,675,1199,6,1,7,0,2,341.0,21.0,118.0,NAmes,1Fam,1Story,Hip,BrkFace,PConc,GasA,Y,SBrkr,COD,Abnorml
364,423183,23303,7,9,1948,2006,185.0,81,40,175,296,755,1172,1927,1,3,9,0,1,2090.0,89.0,45.0,OldTown,1Fam,2Story,Gable,BrkFace,CBlock,GasA,Y,SBrkr,COD,Normal
365,264561,9753,2,4,1894,1977,102.0,131,9,85,225,983,47,1030,6,1,4,1,1,1516.0,78.0,36.0,Edwards,TwnhsE,2Story,Gable,VinylSd,PConc,GasA,Y,SBrkr,WD,Normal
366,264229,28763,5,9,1882,1987,98.0,88,47,683,818,901,105,1006,4,3,3,1,2,152.0,9.0,22.0,Gilbert,1Fam,1.5Fin,Gable,HdBoard,PConc,GasA,Y,SBrkr,WD,Normal
367,256836,10219,6,10,1882,1965,135.0,92,15,180,287,806,4,810,3,3,6,1,3,245.0,102.0,107.0,Edwards,2fmCon,1Story,Gable,VinylSd,CBlock,GasA,Y,SBrkr,WD,Normal
368,435829,5689,7,6,1981,1970,112.0,155,13,86,254,1813,463,2276,1,1,5,1,1,822.0,145.0,6.0,CollgCr,1Fam,SLvl,Gable,MetalSd,PConc,GasA,Y,,WD,Normal
369,195654,7644,1,10,1883,1955,,363,25,181,569,891,111,1002,2,3,6,1,2,,33.0,32.0,OldTown,1Fam,2Story,Gable,VinylSd,PConc,Wall,Y,SBrkr,WD,Normal
370,320260,24782,7,7,1967,1990,63.0,11,44,96,151,962,266,1228,4,3,3,3,1,210.0,116.0,38.0,OldTown,Duplex,1Story,Gable,VinylSd,PConc,GasA,Y,SBrkr,WD,Normal
371,285766,12357,4,10,1924,1964,15.0,944,39,293,1276,934,12,946,1,3,4,3,2,165.0,22.0,40.0,Gilbert,1Fam,1Story,Gable,CemntBd,Wood,GasA,Y,,WD,Normal
372,345119,10156,8,3,1924,1952,48.0,14,14,441,469,956,377,1333,3,3,3,1,2,122.0,141.0,52.0,Somerst,1Fam,1.5Fin,Hip,HdBoard,BrkTil,GasA,Y,FuseA,WD,Normal
373,392053,14472,4,8,1954,1992,36.0,639,110,642,1391,908,226,1134,2,3,5,2,3,1802.0,242.0,35.0,Somerst,1Fam,1Story,Hip,HdBoard,PConc,GasA,Y,SBrkr,WD,Normal
374,300068,17169,6,3,1888,1996,99.0,674,5,103,782,480,387,867,3,3,6,2,3,,58.0,14.0,Edwards,1Fam,1Story,Gable,VinylSd,PConc,GasA,Y,SBrkr,ConLD,Alloca
375,363137,23358,9,1,1997,1963,33.0,223,2,73,298,667,467,1134,3,1,3,0,2,,28.0,97.0,Edwards,1Fam,1Story,Gable,Wd Sdng,PConc,GasA,Y,SBrkr,WD,Normal
376,295406,27563,5,10,1944,2015,6.0,44,46,7,97,816,28,844,2,2,8,2,1,618.0,50.0,53.0,NWAmes,1Fam,1Story,Gable,MetalSd,PConc,GasA,Y,SBrkr,WD,Normal
377,290880,11160,4,5,2010,1978,0.0,249,6,103,358,1145,258,1403,6,3,4,3,1,235.0,28.0,97.0,NridgHt,2fmCon,SLvl,Gable,HdBoard,CBlock,GasA,Y,SBrkr,WD,AdjLand
378,390052,6884,8,2,1905,1953,56.0,297,35,9,341,820,314,1134,5,1,7,0,4,721.0,0.0,16.0,Sawyer,1Fam,1Story,Gable,VinylSd,CBlock,OthW,Y,SBrkr,WD,Normal
379,354569,10864,9,10,1905,1975,39.0,585,151,169,905,699,218,917,3,2,10,1,2,108.0,105.0,50.0,Edwards,1Fam,1Story,Gable,VinylSd,PConc,GasW,Y,SBrkr,WD,Normal
380,254135,15216,4,6,1902,1961,,240,59,62,361,1191,60,1251,6,1,6,2,0,88.0,4.0,62.0,OldTown,1Fam,2Story,Gable,BrkFace,PConc,GasA,Y,SBrkr,WD,Normal
381,325566,8251,3,10,1909,1951,9.0,158,48,346,552,1346,476,1822,2,2,7,1,1,99.0,,24.0,NAmes,1Fam,1.5Fin,Gable,VinylSd,CBlock,GasA,Y,SBrkr,WD,Normal
382,427527,8278,8,9,1889,1966,31.0,546,42,193,781,566,1792,2358,3,2,11,0,2,270.0,128.0,83.0,NWAmes,1Fam,2Story,Gable,Wd Sdng,CBlock,GasA,Y,SBrkr,WD,Partial
383,379719,15865,5,1,1951,1984,5.0,1188,9,39,1236,924,1044,1968,5,2,4,0,2,120.0,,0.0,NWAmes,1Fam,1Story,Gable,VinylSd,PConc,GasA,Y,SBrkr,New,Normal
384,230639,13038,2,4,1943,1959,20.0,310,28,204,542,403,450,853,2,1,4,1,3,55.0,7.0,45.0,CollgCr,Twnhs,1.5Fin,Gable,VinylSd,CBlock,GasA,Y,FuseA,WD,Normal
385,436638,13580,10,1,2002,1992,23.0,622,20,93,735,817,162,979,1,2,8,0,2,1829.0,107.0,,Edwards,TwnhsE,2Story,Gable,VinylSd,CBlock,GasA,Y,SBrkr,WD,Normal
386,419620,9143,9,1,1984,1970,31.0,273,152,455,880,1580,123,1703,1,3,8,0,2,807.0,266.0,38.0,Edwards,1Fam,1Story,Gable,BrkFace,CBlock,GasW,Y,SBrkr,WD,Normal
387,235925,11906,3,8,1953,1964,31.0,351,13,181,545,922,21,943,6,3,5,0,2,352.0,,49.0,NAmes,1Fam,2Story,Hip,CemntBd,PConc,GasA,Y,SBrkr,WD,Normal
388,218020,8415,2,2,1984,1984,14.0,349,31,63,443,593,161,754,1,2,11,1,2,777.0,53.0,9.0,CollgCr,2fmCon,1.5Fin,Gable,MetalSd,PConc,GasA,Y,SBrkr,WD,Normal
389,245411,20849,1,1,1926,2009,94.0,366,139,172,677,597,50,647,4,2,3,1,2,959.0,130.0,57.0,Sawyer,1Fam,2Story,Gable,Wd Sdng,PConc,GasA,Y,SBrkr,WD,Normal
390,317790,22418,8,8,1966,1993,21.0,116,77,101,294,678,88,766,3,3,5,1,2,394.0,110.0,20.0,Gilbert,1Fam,2.5Unf,Gable,MetalSd,Wood,GasA,N,SBrkr,WD,Normal
391,314189,5307,3,4,1932,1954,13.0,257,166,635,1058,733,667,1400,3,1,10,1,2,255.0,25.0,30.0,NAmes,1Fam,2Story,Gable,VinylSd,PConc,GasA,Y,,WD,Normal
392,391234,8393,7,3,2008,1967,9.0,270,46,1638,1954,508,1037,1545,2,1,10,3,2,747.0,17.0,20.0,NridgHt,Twnhs,2Story,Gable,VinylSd,PConc,GasA,Y,SBrkr,WD,Alloca
393,287032,6321,1,4,1881,1970,19.0,113,20,10,143,991,890,1881,4,3,6,0,3,293.0,153.0,32.0,NridgHt,1Fam,1Story,Hip,MetalSd,PConc,GasA,Y,SBrkr,WD,Normal
394,214025,9652,1,5,1937,2000,3.0,129,87,468,684,1056,64,1120,3,1,10,1,1,47.0,312.0,48.0,Gilbert,TwnhsE,1.5Fin,Gable,Wd Sdng,PConc,GasA,Y,SBrkr,WD,Normal
395,359353,12813,9,1,1951,1990,1.0,430,17,122,569,808,693,1501,2,1,10,3,2,159.0,145.0,91.0,Sawyer,Twnhs,2Story,Gable,VinylSd,BrkTil,GasA,Y,SBrkr,WD,Normal
396,354416,6471,8,1,2019,1973,46.0,262,9,27,298,1658,45,1703,5,2,3,0,2,206.0,330.0,33.0,Somerst,1Fam,2Story,Gable,Wd Sdng,PConc,GasA,Y,FuseP,WD,Normal
397,263262,8425,3,3,1906,1973,48.0,48,61,5,114,789,212,1001,3,1,5,0,2,958.0,92.0,19.0,CollgCr,TwnhsE,2Story,Gable,CemntBd,CBlock,Grav,Y,SBrkr,COD,Normal
398,367849,8087,6,6,1908,1987,37.0,545,50,851,1446,1287,309,1596,6,3,3,0,0,376.0,,33.0,Edwards,1Fam,2Story,Hip,VinylSd,CBlock,GasA,N,SBrkr,WD,Normal
399,266558,14818,3,1,1894,1993,71.0,643,105,174,922,592,186,778,3,1,4,0,2,728.0,117.0,,Sawyer,1Fam,2Story,Gable,VinylSd,PConc,GasA,N,SBrkr,WD,Normal
400,406254,13831,4,2,2008,2006,1.0,188,163,2084,2435,982,909,1891,5,2,6,0,1,495.0,239.0,21.0,Sawyer,1Fam,2Story,Hip,CemntBd,BrkTil,GasA,Y,SBrkr,WD,Normal
401,231049,9312,1,7,1939,2008,137.0,70,97,233,400,1027,121,1148,5,3,5,2,1,129.0,17.0,26.0,Somerst,1Fam,2Story,Gable,VinylSd,PConc,GasA,Y,,WD,Normal
402,294756,14594,5,1,1986,1983,4.0,884,3,83,970,725,224,949,3,3,8,1,2,443.0,169.0,41.0,Gilbert,1Fam,1Story,Gable,HdBoard,PConc,GasA,N,SBrkr,WD,Normal
403,216389,10164,1,7,1882,1972,56.0,641,54,600,1295,944,23,967,5,3,7,2,2,76.0,21.0,17.0,NWAmes,1Fam,1Story,Gable,Wd Sdng,PConc,GasA,Y,SBrkr,WD,Normal
404,276502,11662,1,4,1994,1992,7.0,84,76,1044,1204,723,573,1296,2,2,7,2,3,183.0,2.0,11.0,BrkSide,1Fam,2Story,Gable,VinylSd,PConc,GasA,Y,SBrkr,WD,Normal
405,383299,30844,10,10,1931,1989,105.0,30,200,676,906,817,160,977,3,3,9,1,2,574.0,72.0,,BrkSide,1Fam,2Story,Gable,VinylSd,CBlock,GasA,Y,SBrkr,WD,Normal
406,332213,26114,7,6,1939,1996,35.0,174,23,546,743,824,361,1185,3,2,9,0,2,331.0,38.0,21.0,BrkSide,1Fam,1Story,Gable,MetalSd,CBlock,GasA,Y,SBrkr,WD,Normal
407,300118,6975,6,8,1913,1990,4.0,338,9,163,510,588,343,931,1,2,11,1,2,610.0,4.0,2.0,CollgCr,1Fam,1Story,Gable,VinylSd,CBlock,GasW,N,SBrkr,WD,Normal
408,242911,20228,2,9,1975,1996,47.0,57,95,26,178,1050,338,1388,6,1,10,0,2,102.0,392.0,43.0,Somerst,1Fam,1Story,Gable,BrkFace,PConc,GasA,N,SBrkr,WD,Abnorml
409,269686,20044,2,6,1968,1969,0.0,215,19,89,323,1072,212,1284,3,3,5,0,0,484.0,109.0,9.0,NWAmes,1Fam,2Story,Gable,MetalSd,CBlock,GasA,N,SBrkr,WD,Family
410,299924,7524,7,9,1939,2014,74.0,166,45,236,447,802,97,899,1,1,4,1,2,79.0,232.0,23.0,OldTown,1Fam,2Story,Gable,VinylSd,PConc,GasA,Y,SBrkr,WD,Normal
411,264813,20118,1,4,1898,2017,52.0,663,24,1251,1938,965,294,1259,5,1,3,1,2,275.0,699.0,15.0,Gilbert,1Fam,1Story,Hip,VinylSd,Stone,GasA,Y,FuseP,WD,Normal
412,315746,28824,2,6,1990,1973,11.0,168,25,513,706,681,979,1660,6,2,8,2,2,,49.0,49.0,Edwards,1Fam,1Story,Hip,BrkFace,Slab,GasA,Y,SBrkr,WD,Normal
413,345869,7621,8,8,1901,1985,23.0,228,65,704,997,616,538,1154,6,1,6,0,3,284.0,29.0,94.0,Edwards,1Fam,1Story,Hip,HdBoard,PConc,GasA,Y,,WD,Normal
414,285191,8444,6,9,2007,1994,0.0,932,22,129,1083,796,34,830,5,1,5,0,3,50.0,20.0,50.0,OldTown,1Fam,1Story,Gable,HdBoard,CBlock,GasA,Y,SBrkr,WD,Normal
415,257664,22221,2,3,1914,1951,59.0,106,59,460,625,1104,7,1111,2,1,4,1,3,156.0,72.0,39.0,BrkSide,1Fam,1Story,Gable,VinylSd,Wood,GasA,N,SBrkr,WD,Normal
416,343319,15302,7,2,1986,1977,19.0,102,0,793,895,877,207,1084,1,3,4,0,4,384.0,93.0,55.0,NAmes,1Fam,1Story,Gable,Wd Sdng,PConc,GasA,N,SBrkr,WD,Normal
417,301673,17601,4,6,2007,1975,42.0,482,19,261,762,787,448,1235,3,1,6,0,2,286.0,63.0,1.0,Sawyer,1Fam,1Story,Gable,BrkFace,PConc,GasA,Y,SBrkr,WD,Normal
418,247343,15840,2,4,1962,1972,157.0,97,19,224,340,992,113,1105,1,2,3,0,2,278.0,48.0,6.0,Somerst,1Fam,2Story,Gable,HdBoard,PConc,GasA,Y,SBrkr,WD,Abnorml
419,335548,16241,6,1,2017,1985,17.0,534,69,508,1111,682,362,1044,5,3,8,0,2,250.0,18.0,4.0,CollgCr,1Fam,1Story,Gable,VinylSd,PConc,GasA,N,SBrkr,WD,Normal
420,385455,6882,9,8,2018,1955,231.0,30,18,328,376,621,806,1427,5,2,7,2,3,1008.0,58.0,5.0,NAmes,1Fam,2Story,Gable,CemntBd,BrkTil,Wall,Y,SBrkr,WD,Normal
421,405207,22553,9,9,1990,1984,50.0,35,50,1994,2079,807,184,991,2,3,11,1,2,954.0,8.0,15.0,NAmes,1Fam,2Story,Hip,VinylSd,BrkTil,GasA,Y,SBrkr,WD,Normal
422,339513,23975,8,9,1969,1987,13.0,694,58,221,973,695,83,778,6,3,4,1,2,156.0,200.0,37.0,Edwards,TwnhsE,1Story,Gable,Wd Sdng,Wood,GasA,Y,SBrkr,WD,Normal
423,256599,11912,3,2,1903,1984,28.0,233,53,77,363,628,749,1377,6,3,11,1,1,151.0,4.0,6.0,Edwards,1Fam,1Story,Gable,CemntBd,PConc,GasA,Y,FuseA,WD,Normal
424,267729,13072,3,9,1956,2002,67.0,380,46,255,681,1177,191,1368,5,2,11,1,2,283.0,47.0,136.0,Gilbert,1Fam,2Story,Gable,BrkFace,PConc,GasA,Y,SBrkr,WD,Normal
425,294298,6213,2,7,1980,1987,29.0,76,26,107,209,1738,157,1895,1,1,11,0,2,35.0,10.0,96.0,NridgHt,1Fam,SLvl,Hip,Wd Sdng,PConc,GasA,Y,SBrkr,WD,Normal
426,241833,17276,5,5,2011,2008,3.0,54,23,329,406,563,130,693,6,3,6,0,2,126.0,149.0,178.0,NAmes,1Fam,2.5Fin,Gable,BrkFace,BrkTil,GasA,Y,SBrkr,ConLD,Normal
427,262984,17783,4,7,1892,1992,9.0,540,41,53,634,792,164,956,3,2,7,1,3,91.0,37.0,2.0,BrkSide,2fmCon,1.5Fin,Gambrel,Wd Sdng,CBlock,GasA,Y,,ConLD,Normal
428,347492,12950,7,9,1977,1953,78.0,133,3,1198,1334,946,335,1281,3,3,10,1,1,88.0,12.0,95.0,CollgCr,1Fam,2Story,Shed,VinylSd,Stone,GasA,N,SBrkr,WD,Normal
429,256224,23439,4,8,1999,1954,52.0,182,104,785,1071,535,170,705,1,1,10,1,4,356.0,75.0,81.0,OldTown,1Fam,SLvl,Hip,MetalSd,Wood,GasA,Y,SBrkr,WD,Normal
430,304342,11304,9,6,1916,2017,42.0,8,87,67,162,839,117,956,2,3,3,1,0,169.0,248.0,116.0,NWAmes,1Fam,1Story,Hip,MetalSd,PConc,GasA,Y,SBrkr,WD,Alloca
431,245051,17717,2,4,1927,1994,9.0,146,21,75,242,858,408,1266,3,2,3,0,3,65.0,239.0,37.0,Edwards,1Fam,2Story,Gambrel,MetalSd,PConc,GasW,Y,,WD,Normal
432,322557,8023,6,1,1880,1974,90.0,441,41,287,769,1036,68,1104,1,3,8,0,2,764.0,28.0,77.0,Gilbert,1Fam,1Story,Gable,VinylSd,PConc,GasW,Y,SBrkr,New,Normal
433,333102,13203,7,6,1939,1960,161.0,516,134,592,1242,712,67,779,1,2,9,1,2,725.0,127.0,2.0,CollgCr,1Fam,1Story,Gable,BrkFace,CBlock,GasA,Y,FuseF,WD,Normal
434,279986,12244,4,3,2019,1978,2.0,359,15,98,472,757,357,1114,5,1,4,3,1,694.0,3.0,3.0,CollgCr,1Fam,1Story,Hip,VinylSd,Wood,GasA,Y,SBrkr,WD,Normal
435,362150,14952,6,6,2018,1983,4.0,353,67,25,445,1201,604,1805,6,1,4,1,2,173.0,14.0,6.0,CollgCr,1Fam,1Story,Gable,Wd Sdng,PConc,GasA,Y,SBrkr,WD,Alloca
436,305647,11105,7,6,1923,1963,108.0,211,4,315,530,1018,82,1100,5,3,7,1,3,20.0,69.0,123.0,Somerst,1Fam,1Story,Gable,BrkFace,BrkTil,GasA,Y,SBrkr,WD,Normal
437,276501,12509,4,4,1994,1973,84.0,231,37,470,738,1116,63,1179,6,1,11,0,1,39.0,25.0,3.0,NWAmes,1Fam,1Story,Gable,HdBoard,CBlock,GasA,Y,SBrkr,WD,Normal
438,319038,20191,8,2,1987,2008,48.0,407,107,112,626,530,332,862,2,2,7,0,1,,160.0,5.0,Gilbert,1Fam,1Story,Gable,VinylSd,PConc,GasA,Y,,WD,Normal
439,305308,10738,9,9,1923,1988,144.0,85,40,538,663,734,290,1024,2,3,10,1,2,86.0,267.0,133.0,NWAmes,1Fam,2Story,Gable,CemntBd,BrkTil,GasA,Y,SBrkr,WD,Normal
440,293173,5983,1,2,1957,1975,51.0,79,47,1203,1329,1414,177,1591,2,2,10,1,1,724.0,0.0,5.0,Gilbert,1Fam,1Story,Gable,VinylSd,CBlock,GasA,Y,SBrkr,WD,Normal
441,362174,32041,7,3,1904,1992,12.0,898,119,58,1075,875,30,905,1,3,7,1,1,1503.0,26.0,101.0,NWAmes,1Fam,2Story,Gable,VinylSd,PConc,GasA,Y,SBrkr,COD,Normal
442,343331,26654,9,10,2011,1985,65.0,8,62,286,356,864,28,892,1,2,10,0,2,593.0,57.0,77.0,Somerst,1Fam,2Story,Gable,VinylSd,BrkTil,GasA,Y,SBrkr,New,Normal
443,383146,7001,10,1,1995,1988,51.0,45,59,23,127,875,450,1325,5,3,10,0,2,458.0,82.0,2.0,NAmes,1Fam,2Story,Hip,Wd Sdng,BrkTil,GasA,Y,FuseA,WD,Normal
444,318453,18861,5,7,1998,2010,212.0,253,44,92,389,1437,180,1617,3,2,7,0,2,310.0,247.0,1.0,Gilbert,1Fam,1Story,Gable,BrkFace,CBlock,GasA,Y,,WD,Normal
445,268459,10389,2,1,1889,1965,12.0,401,50,37,488,717,585,1302,6,2,7,2,3,514.0,222.0,38.0,Edwards,Duplex,1Story,Gable,VinylSd,PConc,GasA,Y,SBrkr,WD,Family
446,408378,15240,10,9,1988,2008,45.0,231,81,207,519,1098,256,1354,6,3,6,1,2,1028.0,101.0,293.0,NWAmes,1Fam,1Story,Gable,CemntBd,PConc,GasA,Y,SBrkr,WD,AdjLand
447,318227,15477,6,1,1914,1955,75.0,131,193,687,1011,971,289,1260,2,2,3,0,1,321.0,29.0,105.0,Gilbert,1Fam,1.5Fin,Flat,VinylSd,PConc,GasA,Y,SBrkr,WD,Normal
448,376489,11882,7,5,2013,2005,20.0,1144,79,344,1567,595,816,1411,6,1,11,1,2,58.0,152.0,18.0,NAmes,1Fam,1Story,Gable,VinylSd,PConc,GasA,Y,SBrkr,WD,Normal
449,224333,9028,2,7,1898,1957,23.0,365,61,100,526,820,53,873,4,2,4,2,2,62.0,22.0,24.0,Gilbert,1Fam,2Story,Gable,MetalSd,PConc,OthW,Y,SBrkr,ConLD,Normal
450,237973,9459,2,3,1887,1976,109.0,534,7,16,557,699,234,933,2,3,3,1,2,306.0,335.0,24.0,OldTown,1Fam,1Story,Gable,BrkFace,PConc,GasA,Y,SBrkr,ConLI,Normal
451,315695,8449,10,9,1889,1976,25.0,12,84,322,418,612,17,629,6,1,8,3,2,141.0,0.0,66.0,OldTown,1Fam,SLvl,Gable,MetalSd,PConc,GasA,Y,SBrkr,WD,Normal
452,403825,8813,10,8,1908,1995,49.0,80,66,56,202,1285,133,1418,5,1,7,0,3,843.0,84.0,20.0,NridgHt,1Fam,1Story,Gable,VinylSd,BrkTil,GasA,Y,SBrkr,WD,Normal
453,193111,12918,1,3,1894,1990,110.0,140,73,167,380,622,48,670,6,2,3,3,2,331.0,9.0,7.0,CollgCr,Twnhs,2Story,Hip,MetalSd,BrkTil,GasA,Y,SBrkr,COD,Normal
454,293507,9340,4,5,1966,1974,11.0,60,13,285,358,1124,62,1186,1,2,9,2,1,394.0,52.0,68.0,NWAmes,1Fam,2Story,Gable,MetalSd,PConc,GasA,Y,SBrkr,WD,Abnorml
455,375731,18788,7,7,1902,1967,200.0,22,116,936,1074,693,819,1512,5,2,9,1,2,,100.0,30.0,NWAmes,1Fam,1Story,Gable,VinylSd,PConc,GasA,Y,,WD,Normal
456,390913,28102,9,4,1925,1961,60.0,76,5,34,115,1349,283,1632,5,1,5,0,2,241.0,116.0,3.0,NridgHt,1Fam,1Story,Gable,VinylSd,PConc,GasA,Y,,WD,Normal
457,264318,9996,3,5,1907,2000,34.0,228,14,441,683,791,668,1459,5,1,10,0,4,197.0,153.0,78.0,NWAmes,1Fam,1Story,Gable,VinylSd,CBlock,GasA,Y,SBrkr,WD,Normal
458,315892,15058,7,3,1905,1988,28.0,356,54,5,415,992,175,1167,4,1,8,1,4,428.0,89.0,44.0,Gilbert,1Fam,2Story,Gable,HdBoard,BrkTil,GasA,Y,SBrkr,WD,AdjLand
459,341218,17151,7,9,1889,1959,154.0,446,55,397,898,757,273,1030,4,3,6,1,2,,28.0,33.0,NWAmes,TwnhsE,2Story,Gable,MetalSd,PConc,GasA,Y,SBrkr,WD,Normal
460,276496,16915,7,10,1883,2003,11.0,13,18,320,351,468,9,477,6,3,5,0,2,1313.0,220.0,55.0,BrkSide,1Fam,1Story,Gable,VinylSd,CBlock,GasA,Y,SBrkr,WD,Normal
461,221320,13876,2,9,1934,1978,18.0,167,60,668,895,544,190,734,2,2,3,1,2,388.0,166.0,35.0,CollgCr,1Fam,1Story,Gable,VinylSd,PConc,GasA,Y,SBrkr,WD,Normal
462,302262,19367,6,7,1945,1990,18.0,39,24,303,366,508,249,757,6,3,4,1,2,377.0,17.0,52.0,Somerst,Twnhs,1Story,Gable,VinylSd,PConc,GasA,Y,SBrkr,WD,Normal
463,233117,17002,2,10,1946,1958,17.0,169,0,173,342,968,5,973,6,3,4,2,2,881.0,175.0,101.0,Gilbert,1Fam,1Story,Gable,MetalSd,PConc,GasW,Y,SBrkr,WD,Normal
464,370929,7195,6,2,2014,2012,,170,8,111,289,890,467,1357,6,2,7,2,2,1869.0,359.0,47.0,Gilbert,1Fam,1Story,Gable,VinylSd,CBlock,GasA,Y,SBrkr,WD,Normal
465,352957,20631,10,7,1934,1986,226.0,206,107,35,348,1073,105,1178,1,2,6,2,2,77.0,101.0,53.0,Edwards,1Fam,1Story,Gable,VinylSd,PConc,GasA,Y,SBrkr,WD,Normal
466,246201,20819,3,7,1910,1963,109.0,670,12,305,987,732,180,912,5,1,4,2,2,582.0,33.0,47.0,Edwards,1Fam,1Story,Gable,VinylSd,PConc,GasA,Y,SBrkr,WD,Normal
467,239795,9121,2,5,1953,1988,19.0,490,5,876,1371,468,230,698,3,1,11,2,2,61.0,93.0,37.0,Somerst,1Fam,2Story,Hip,HdBoard,CBlock,GasA,Y,SBrkr,WD,Normal
468,443338,13615,6,9,1898,1989,27.0,303,57,289,649,1326,1455,2781,2,2,9,1,2,213.0,41.0,9.0,Gilbert,1Fam,2Story,Gable,MetalSd,CBlock,GasA,Y,SBrkr,WD,Alloca
469,282208,18800,2,3,1960,2003,55.0,649,29,537,1215,1208,31,1239,2,2,10,1,2,36.0,112.0,20.0,Sawyer,1Fam,1Story,Gable,MetalSd,PConc,GasA,Y,SBrkr,WD,Normal
470,279568,12032,5,4,1966,1952,0.0,340,79,141,560,1004,243,1247,5,3,10,2,2,341.0,78.0,59.0,BrkSide,1Fam,1Story,Hip,VinylSd,PConc,OthW,Y,SBrkr,ConLD,Normal
471,285295,22845,2,1,1899,2004,85.0,512,98,237,847,1252,226,1478,2,3,4,1,2,221.0,265.0,27.0,NAmes,1Fam,1.5Fin,Gable,HdBoard,CBlock,GasA,N,SBrkr,WD,Abnorml
472,239254,43561,3,6,1892,1982,105.0,248,93,156,497,870,21,891,5,3,7,1,2,346.0,96.0,26.0,Sawyer,1Fam,1Story,Gable,VinylSd,PConc,GasA,Y,SBrkr,WD,Abnorml
473,245454,9018,3,4,1956,1968,,223,18,46,287,972,301,1273,2,2,5,3,1,396.0,24.0,,CollgCr,1Fam,1Story,Gable,VinylSd,CBlock,GasA,Y,FuseF,WD,Normal
474,314494,6697,6,1,1922,1983,23.0,386,35,215,636,726,101,827,6,2,11,0,1,,129.0,0.0,NridgHt,1Fam,1Story,Gable,BrkFace,PConc,GasA,Y,SBrkr,WD,Normal
475,254578,15551,6,2,2018,1999,30.0,5,52,578,635,651,32,683,1,1,11,0,2,121.0,35.0,56.0,Edwards,1Fam,2Story,Gable,MetalSd,PConc,GasA,Y,SBrkr,WD,Abnorml
476,344976,19163,10,3,1929,1996,0.0,351,19,200,570,559,59,618,2,3,8,1,1,634.0,31.0,33.0,Sawyer,1Fam,1Story,Hip,HdBoard,PConc,GasA,Y,SBrkr,WD,Normal
477,282403,11903,3,9,1907,1995,25.0,817,2,420,1239,716,520,1236,2,1,6,0,2,280.0,49.0,23.0,Gilbert,2fmCon,2.5Fin,Gable,BrkFace,CBlock,GasA,Y,SBrkr,WD,Normal
478,348718,27629,3,8,1883,2005,30.0,375,34,568,977,1995,32,2027,3,2,10,0,2,235.0,1.0,20.0,Somerst,1Fam,1Story,Gable,CemntBd,BrkTil,GasA,Y,SBrkr,WD,Abnorml
479,228342,6841,1,7,1901,2006,118.0,11,0,155,166,569,188,757,1,3,7,1,1,1521.0,,9.0,BrkSide,1Fam,1Story,Gable,Wd Sdng,CBlock,GasA,Y,,WD,Normal
480,309920,18891,7,4,1998,2000,112.0,142,150,638,930,677,65,742,6,1,5,3,3,116.0,75.0,20.0,BrkSide,2fmCon,2Story,Gable,VinylSd,PConc,GasA,Y,SBrkr,WD,Normal
481,353439,9868,8,1,1980,2003,169.0,497,79,165,741,928,53,981,1,2,10,0,2,262.0,148.0,24.0,Somerst,1Fam,1Story,Hip,Wd Sdng,CBlock,GasA,Y,SBrkr,WD,Normal
482,329270,31561,2,8,1918,1977,108.0,955,10,118,1083,1843,69,1912,1,1,8,2,2,401.0,29.0,28.0,Edwards,1Fam,1Story,Gable,MetalSd,CBlock,GasA,Y,SBrkr,WD,Normal
483,209296,36179,4,4,1913,1968,0.0,138,16,100,254,655,203,858,2,3,7,0,2,46.0,137.0,,OldTown,1Fam,2Story,Flat,VinylSd,BrkTil,GasA,Y,SBrkr,WD,Normal
484,327860,9105,10,3,1976,1976,51.0,552,203,89,844,743,81,824,4,1,3,0,1,153.0,83.0,30.0,OldTown,1Fam,1Story,Gable,VinylSd,PConc,GasA,Y,SBrkr,WD,Normal
485,375575,10149,7,9,1923,1997,3.0,598,23,534,1155,1098,30,1128,2,1,5,1,2,566.0,55.0,79.0,OldTown,Twnhs,1.5Fin,Gable,MetalSd,BrkTil,GasA,Y,SBrkr,WD,Normal
486,383058,20533,8,10,1919,1968,15.0,39,76,873,988,1079,484,1563,5,2,9,0,3,94.0,352.0,51.0,NridgHt,1Fam,2Story,Gable,VinylSd,PConc,GasA,N,SBrkr,WD,AdjLand
487,217942,11008,1,4,1976,2000,43.0,560,29,104,693,728,232,960,3,3,5,1,1,237.0,68.0,10.0,Sawyer,1Fam,1Story,Hip,VinylSd,BrkTil,GasA,Y,SBrkr,WD,Abnorml
488,258812,13059,4,4,2019,1956,60.0,117,99,35,251,699,51,750,1,1,3,1,2,348.0,107.0,16.0,Sawyer,1Fam,1Story,Gable,HdBoard,PConc,GasA,Y,,WD,Alloca
489,313205,13530,6,9,2009,1978,53.0,269,60,150,479,1026,191,1217,5,2,10,2,4,389.0,1.0,4.0,CollgCr,2fmCon,1Story,Hip,BrkFace,CBlock,GasA,Y,SBrkr,WD,Normal
490,261367,5116,3,2,1953,1992,2.0,232,1,428,661,819,21,840,6,3,9,2,2,456.0,35.0,145.0,OldTown,1Fam,2Story,Gable,VinylSd,PConc,GasA,Y,SBrkr,WD,Normal
491,287645,13267,5,5,1965,2018,5.0,326,17,183,526,978,260,1238,5,2,7,0,2,703.0,219.0,108.0,CollgCr,1Fam,2Story,Gable,VinylSd,PConc,GasA,Y,SBrkr,COD,Normal
492,350173,9462,10,4,1969,2007,6.0,404,40,318,762,853,124,977,4,3,7,1,2,174.0,142.0,4.0,Gilbert,1Fam,SLvl,Gable,BrkFace,BrkTil,GasA,Y,SBrkr,WD,Normal
493,344622,10440,9,9,1946,1957,4.0,174,130,545,849,997,32,1029,1,2,8,1,3,429.0,76.0,42.0,OldTown,1Fam,1Story,Gable,VinylSd,PConc,GasA,Y,FuseA,New,Normal
494,253198,27496,3,5,1955,1991,9.0,657,5,210,872,1029,60,1089,2,2,9,2,2,461.0,230.0,161.0,Gilbert,1Fam,1.5Fin,Gable,MetalSd,CBlock,GasA,Y,SBrkr,WD,Family
495,331638,7127,5,9,1971,1991,58.0,497,45,3237,3779,500,127,627,1,2,5,0,3,124.0,,68.0,Edwards,TwnhsE,1Story,Gable,MetalSd,CBlock,GasA,N,SBrkr,Con,Normal
496,380624,20062,8,9,1889,1962,88.0,461,17,141,619,781,492,1273,3,1,6,1,2,1206.0,83.0,33.0,BrkSide,1Fam,1Story,Gable,VinylSd,PConc,GasA,Y,SBrkr,ConLI,Normal
497,346037,11620,6,2,1965,1975,26.0,183,110,1531,1824,992,57,1049,1,1,3,0,3,701.0,48.0,13.0,BrkSide,1Fam,SFoyer,Gable,Wd Sdng,BrkTil,GasA,Y,SBrkr,WD,Normal
498,270697,11615,4,9,1981,1967,59.0,11,72,90,173,1145,34,1179,5,2,9,0,4,119.0,96.0,16.0,Gilbert,2fmCon,1Story,Gable,CemntBd,Stone,GasA,Y,SBrkr,WD,Normal
499,327075,19834,8,3,1987,1991,11.0,203,23,47,273,812,217,1029,5,3,4,1,2,393.0,38.0,66.0,OldTown,2fmCon,1.5Fin,Gable,MetalSd,PConc,GasA,Y,SBrkr,WD,Normal
500,251964,15835,3,4,1970,2000,181.0,686,9,555,1250,516,245,761,2,2,9,2,2,442.0,48.0,75.0,Somerst,1Fam,1Story,Gable,CemntBd,BrkTil,GasA,Y,SBrkr,WD,Normal
501,291312,17770,3,1,1958,1965,21.0,63,0,484,547,1306,28,1334,2,1,8,1,2,197.0,339.0,37.0,Sawyer,1Fam,1Story,Gable,VinylSd,PConc,GasA,Y,FuseF,WD,Normal
502,356072,21678,4,1,1965,1952,93.0,1215,48,666,1929,1160,100,1260,2,3,6,2,3,697.0,11.0,6.0,OldTown,1Fam,2Story,Gable,BrkFace,Slab,GasA,Y,SBrkr,WD,Normal
503,358143,11320,9,1,1986,1994,145.0,494,26,168,688,926,91,1017,6,1,4,0,3,410.0,11.0,,NWAmes,1Fam,2Story,Gable,VinylSd,PConc,GasA,Y,SBrkr,COD,Normal
504,281601,9836,5,9,1980,1971,100.0,371,18,1068,1457,781,61,842,3,2,9,0,0,375.0,4.0,93.0,NWAmes,1Fam,1.5Fin,Gable,VinylSd,Slab,Floor,N,SBrkr,WD,Normal
505,340845,7765,8,8,1987,1972,3.0,339,211,50,600,1075,113,1188,6,1,9,0,2,87.0,38.0,7.0,NridgHt,1Fam,1.5Fin,Gable,VinylSd,PConc,GasA,Y,SBrkr,WD,Normal
506,276422,8842,6,5,1939,2008,52.0,265,31,12,308,783,11,794,6,1,7,1,3,183.0,50.0,2.0,Sawyer,1Fam,1Story,Gable,BrkFace,BrkTil,GasA,N,SBrkr,WD,Normal
507,298372,58369,3,5,1927,2011,6.0,382,69,142,593,1167,316,1483,6,1,11,1,2,199.0,9.0,,NWAmes,1Fam,1Story,Hip,HdBoard,CBlock,GasA,N,SBrkr,WD,AdjLand
508,486262,24892,8,9,1996,2017,0.0,164,9,638,811,1539,1339,2878,1,2,5,1,2,463.0,79.0,16.0,NAmes,1Fam,2Story,Hip,VinylSd,PConc,Grav,Y,SBrkr,WD,Normal
509,382350,6798,9,3,1985,2003,2.0,559,0,447,1006,775,301,1076,4,1,11,0,0,,87.0,16.0,NridgHt,1Fam,2Story,Shed,VinylSd,CBlock,GasA,Y,Mix,WD,Normal
510,353212,6896,8,3,1912,2006,123.0,357,27,229,613,1134,134,1268,1,2,7,2,2,31.0,139.0,4.0,BrkSide,1Fam,SFoyer,Gable,BrkFace,CBlock,GasA,Y,SBrkr,WD,Normal
511,288404,16999,4,7,1923,1972,119.0,442,54,118,614,737,330,1067,2,2,4,1,3,128.0,372.0,153.0,OldTown,Duplex,1Story,Gable,CemntBd,Wood,OthW,Y,SBrkr,WD,Normal
512,312753,17564,6,9,1991,2009,12.0,471,35,24,530,1221,254,1475,3,1,11,0,3,224.0,96.0,88.0,Gilbert,1Fam,1Story,Gable,Wd Sdng,PConc,GasA,Y,SBrkr,WD,Normal
513,246874,17578,1,6,1968,2004,39.0,28,110,164,302,833,562,1395,6,3,3,2,2,467.0,11.0,6.0,NWAmes,1Fam,2Story,Gable,MetalSd,Wood,Floor,Y,SBrkr,WD,Normal
514,297837,11760,4,2,1915,2012,155.0,17,28,246,291,1386,291,1677,1,1,3,1,2,476.0,9.0,104.0,BrkSide,1Fam,1Story,Gable,VinylSd,CBlock,GasA,Y,SBrkr,WD,Abnorml
515,334416,12547,8,1,1960,2005,34.0,484,18,464,966,826,301,1127,5,1,9,0,3,236.0,150.0,57.0,Sawyer,1Fam,1Story,Gable,VinylSd,CBlock,GasA,Y,SBrkr,WD,Normal
516,173930,15739,1,2,1967,2004,25.0,90,123,415,628,685,75,760,6,1,5,1,3,43.0,105.0,19.0,CollgCr,1Fam,2Story,Gable,VinylSd,PConc,GasA,Y,,WD,Normal
517,256033,13945,3,1,2009,1974,33.0,261,26,1177,1464,812,161,973,1,3,10,3,2,121.0,17.0,102.0,Edwards,1Fam,SLvl,Gambrel,VinylSd,BrkTil,Grav,Y,SBrkr,WD,Normal
518,208435,4404,1,10,1910,1975,78.0,175,15,42,232,839,126,965,5,3,9,2,0,102.0,29.0,45.0,Somerst,1Fam,1Story,Hip,VinylSd,BrkTil,GasA,Y,SBrkr,WD,Normal
519,331553,11909,9,10,1987,1998,32.0,6,5,163,174,963,3,966,1,2,9,1,2,531.0,138.0,94.0,BrkSide,1Fam,1Story,Gable,MetalSd,BrkTil,GasA,Y,SBrkr,WD,Normal
520,195451,8728,2,9,1909,2012,76.0,12,78,262,352,813,112,925,1,3,3,0,3,69.0,83.0,31.0,Gilbert,1Fam,SLvl,Gable,CemntBd,CBlock,GasA,Y,SBrkr,WD,Normal
521,393270,14582,9,10,1891,1994,28.0,526,87,444,1057,966,199,1165,6,3,3,0,2,218.0,87.0,34.0,NridgHt,1Fam,SLvl,Gable,BrkFace,Slab,GasA,Y,SBrkr,New,Normal
522,293667,59434,4,8,1930,1988,14.0,280,1,273,554,971,274,1245,1,1,4,2,3,388.0,23.0,17.0,Edwards,1Fam,1Story,Gable,MetalSd,BrkTil,GasA,Y,,WD,Normal
523,325604,16054,2,7,2000,2014,19.0,222,22,975,1219,789,818,1607,2,2,4,1,2,1171.0,99.0,24.0,Edwards,Twnhs,2Story,Gable,VinylSd,Wood,GasA,Y,SBrkr,WD,Normal
524,382678,11421,4,3,2018,2018,,866,69,375,1310,990,81,1071,5,2,7,0,4,2514.0,147.0,41.0,Somerst,1Fam,1Story,Hip,VinylSd,CBlock,GasA,Y,SBrkr,WD,Normal
525,360954,21181,10,8,1892,2005,34.0,57,146,16,219,753,49,802,3,3,11,0,3,1069.0,216.0,146.0,NWAmes,1Fam,SFoyer,Hip,BrkFace,BrkTil,GasA,Y,SBrkr,WD,Normal
526,386093,17006,6,2,1970,1958,8.0,89,23,48,160,1635,610,2245,4,3,9,2,2,443.0,133.0,45.0,NWAmes,1Fam,2Story,Gable,VinylSd,PConc,GasA,Y,SBrkr,WD,Partial
527,393328,16482,7,2,1953,2019,83.0,424,102,560,1086,982,853,1835,6,1,4,1,3,480.0,85.0,7.0,NAmes,1Fam,1Story,Hip,VinylSd,CBlock,GasA,Y,,New,Abnorml
528,282269,18095,3,10,1899,1977,27.0,447,25,503,975,1078,200,1278,5,3,7,0,3,498.0,111.0,0.0,Somerst,1Fam,1.5Fin,Gable,VinylSd,PConc,GasA,Y,SBrkr,ConLw,Normal
529,258478,37356,3,3,1951,1994,72.0,155,9,66,230,846,36,882,2,3,7,0,3,694.0,66.0,95.0,Somerst,Duplex,2.5Unf,Gable,VinylSd,PConc,GasA,Y,,New,Normal
530,401214,7589,10,7,1952,1975,,904,0,24,928,723,199,922,5,2,10,0,2,1061.0,25.0,22.0,NridgHt,1Fam,1Story,Gable,VinylSd,CBlock,GasA,Y,SBrkr,WD,Abnorml
531,341517,16929,8,1,1950,1977,94.0,835,20,345,1200,1153,34,1187,3,3,11,2,2,206.0,213.0,18.0,Sawyer,1Fam,1Story,Hip,MetalSd,BrkTil,GasA,Y,FuseP,WD,Normal
532,297989,8406,5,8,1957,1989,151.0,3,23,403,429,991,644,1635,6,1,10,0,2,188.0,76.0,80.0,OldTown,1Fam,2Story,Gable,Wd Sdng,PConc,GasA,Y,SBrkr,WD,Normal
533,220797,17637,4,7,1907,1964,41.0,56,145,58,259,409,369,778,5,2,4,0,2,215.0,90.0,145.0,NAmes,1Fam,2Story,Hip,MetalSd,PConc,GasA,N,SBrkr,WD,Normal
534,397326,8439,7,4,2009,1955,9.0,514,11,256,781,1599,82,1681,2,2,6,0,2,377.0,461.0,68.0,CollgCr,1Fam,2Story,Hip,MetalSd,PConc,GasA,Y,SBrkr,WD,Normal
535,372140,10843,7,5,2000,1976,136.0,122,24,146,292,1120,653,1773,6,3,4,1,2,522.0,420.0,9.0,Gilbert,1Fam,1Story,Gable,VinylSd,CBlock,GasA,Y,SBrkr,WD,Abnorml
536,375899,11527,9,10,1922,1987,101.0,30,1,1071,1102,800,304,1104,2,1,8,1,2,715.0,88.0,24.0,Gilbert,1Fam,1Story,Gable,VinylSd,PConc,GasA,Y,,New,Normal
537,423635,21761,9,1,1887,2017,99.0,461,72,98,631,1076,918,1994,6,2,6,0,3,213.0,3.0,,Somerst,1Fam,1.5Fin,Hip,VinylSd,PConc,GasA,Y,SBrkr,WD,Normal
538,357866,21146,5,4,1892,2013,59.0,181,123,528,832,1018,1180,2198,4,1,9,1,2,158.0,50.0,118.0,Somerst,Twnhs,SFoyer,Gable,VinylSd,PConc,GasA,Y,SBrkr,WD,Normal
539,378096,7166,8,1,1990,1979,49.0,203,13,292,508,1041,0,1041,3,1,4,0,2,1433.0,,328.0,NWAmes,2fmCon,1.5Fin,Gable,VinylSd,PConc,GasA,Y,SBrkr,WD,Normal
540,304816,13731,10,1,1914,1952,,61,28,4,93,691,38,729,4,3,11,0,2,92.0,34.0,35.0,NridgHt,1Fam,2Story,Gable,BrkFace,CBlock,GasA,Y,SBrkr,WD,Normal
541,216838,9369,1,10,1902,2011,68.0,324,6,291,621,917,237,1154,1,1,7,0,1,87.0,722.0,86.0,Gilbert,1Fam,1Story,Gable,MetalSd,PConc,GasA,Y,SBrkr,WD,Normal
542,398182,7120,9,1,1925,1961,4.0,240,30,41,311,983,936,1919,2,2,3,0,3,439.0,8.0,2.0,NridgHt,1Fam,2Story,Hip,VinylSd,CBlock,GasA,Y,,WD,Normal
543,478455,11985,8,7,1894,1979,15.0,69,7,430,506,1299,1546,2845,4,3,5,0,2,69.0,,16.0,OldTown,1Fam,1Story,Gable,CemntBd,PConc,GasA,Y,,WD,Normal
544,308810,11450,6,7,2009,1987,40.0,124,37,333,494,925,251,1176,2,2,6,3,2,178.0,,23.0,NridgHt,1Fam,2Story,Gable,Wd Sdng,PConc,GasA,Y,SBrkr,New,Normal
545,250675,44952,3,4,1940,2009,30.0,272,66,4,342,1021,57,1078,6,1,5,1,2,121.0,29.0,,OldTown,1Fam,2Story,Gambrel,CemntBd,CBlock,Grav,N,SBrkr,WD,Normal
546,228184,16588,3,2,1994,1987,0.0,776,40,91,907,683,53,736,2,1,8,0,2,64.0,296.0,0.0,Sawyer,Duplex,1Story,Gable,VinylSd,PConc,GasA,Y,SBrkr,Oth,Normal
547,391339,6708,8,3,1943,1964,86.0,759,14,598,1371,916,432,1348,1,3,8,0,2,303.0,96.0,18.0,BrkSide,1Fam,2Story,Flat,VinylSd,BrkTil,GasW,Y,SBrkr,New,Normal
548,317805,10072,5,8,1931,1967,105.0,101,21,129,251,1164,268,1432,2,3,9,1,1,163.0,26.0,133.0,BrkSide,1Fam,1Story,Hip,VinylSd,Stone,GasA,Y,FuseP,ConLI,Abnorml
549,354186,22263,10,8,1948,2001,57.0,399,50,276,725,731,238,969,6,2,11,0,2,217.0,48.0,18.0,NWAmes,1Fam,1.5Fin,Gable,BrkFace,BrkTil,GasA,N,,New,Normal
550,286961,37957,7,6,1946,1978,38.0,448,44,149,641,799,188,987,6,2,11,0,2,76.0,127.0,12.0,OldTown,1Fam,1Story,Gable,VinylSd,CBlock,GasA,Y,,WD,Normal
551,333198,6045,5,10,1962,2009,,496,7,1017,1520,672,387,1059,4,1,9,0,3,511.0,35.0,65.0,NridgHt,1Fam,2Story,Gable,VinylSd,PConc,GasW,Y,,WD,Partial
552,309654,5218,8,9,1881,1970,6.0,253,93,307,653,597,585,1182,3,3,3,0,2,132.0,211.0,68.0,Sawyer,Twnhs,1Story,Gable,HdBoard,CBlock,GasA,Y,FuseA,COD,Normal
553,325937,34046,10,9,1957,1966,66.0,3,32,476,511,693,108,801,5,1,5,0,2,146.0,18.0,31.0,OldTown,1Fam,2Story,Hip,HdBoard,PConc,GasA,Y,SBrkr,WD,Normal
554,357290,16233,10,4,1907,1967,6.0,430,8,34,472,1062,74,1136,4,1,7,0,1,101.0,30.0,146.0,Gilbert,1Fam,2Story,Gable,CemntBd,CBlock,GasA,Y,SBrkr,WD,Normal
555,259022,8654,4,1,1933,2006,24.0,33,6,16,55,833,332,1165,1,2,8,0,2,199.0,15.0,,NridgHt,1Fam,1Story,Gable,CemntBd,CBlock,GasA,Y,FuseP,WD,Normal
556,293739,17453,2,1,1946,1986,44.0,37,168,120,325,694,738,1432,5,2,8,0,2,217.0,11.0,122.0,Edwards,1Fam,2Story,Gable,Wd Sdng,PConc,GasW,Y,SBrkr,WD,Normal
557,322696,3576,3,10,1981,2009,66.0,279,16,147,442,1726,128,1854,2,2,7,0,1,264.0,35.0,70.0,Gilbert,1Fam,2Story,Gable,MetalSd,CBlock,GasA,Y,SBrkr,ConLD,Normal
558,395674,13382,8,5,1999,1987,0.0,1231,119,465,1815,727,95,822,4,3,8,0,2,1200.0,710.0,22.0,NridgHt,1Fam,2Story,Gable,MetalSd,CBlock,GasA,Y,SBrkr,WD,Normal
559,345526,15739,7,2,1927,1961,15.0,83,26,336,445,1082,76,1158,5,2,11,1,2,822.0,9.0,82.0,NridgHt,1Fam,1Story,Gable,MetalSd,PConc,GasW,Y,SBrkr,WD,Alloca
560,240550,21208,2,6,1926,1950,38.0,311,24,187,522,992,88,1080,4,3,3,0,2,329.0,23.0,7.0,NAmes,1Fam,2Story,Gable,MetalSd,CBlock,GasA,Y,,WD,Normal
561,291194,8046,6,7,1900,2007,38.0,108,60,424,592,967,43,1010,2,1,3,0,2,,31.0,7.0,CollgCr,1Fam,1Story,Hip,VinylSd,BrkTil,GasA,Y,SBrkr,WD,Normal
562,334033,13944,9,1,1971,1952,50.0,686,0,71,757,518,272,790,6,3,11,0,3,331.0,96.0,132.0,NAmes,1Fam,2Story,Gable,VinylSd,PConc,GasA,Y,,WD,Normal
563,273676,8410,4,6,2000,2012,18.0,270,20,26,316,1314,98,1412,4,2,10,0,2,32.0,136.0,4.0,NWAmes,1Fam,1Story,Gable,MetalSd,PConc,GasA,N,SBrkr,Oth,Abnorml
564,403550,15179,9,8,1995,1970,38.0,69,18,771,858,988,286,1274,1,3,11,2,2,433.0,139.0,0.0,NridgHt,TwnhsE,1Story,Gable,CemntBd,PConc,GasA,Y,SBrkr,WD,Normal
565,240201,8538,2,5,1880,1972,10.0,91,101,331,523,1182,26,1208,5,3,9,1,4,173.0,0.0,24.0,NridgHt,1Fam,1Story,Gable,BrkFace,PConc,GasA,Y,,WD,Normal
566,252418,10893,2,7,1956,1958,10.0,169,37,418,624,1263,36,1299,5,2,8,0,2,636.0,105.0,,OldTown,1Fam,SLvl,Gable,Wd Sdng,BrkTil,GasA,Y,SBrkr,WD,Normal
567,386695,8120,9,10,1964,2004,,39,22,146,207,1501,230,1731,5,2,11,1,2,999.0,99.0,99.0,Somerst,1Fam,1.5Fin,Gable,VinylSd,CBlock,GasA,Y,SBrkr,ConLw,Normal
568,277765,18500,7,6,1925,1968,57.0,24,15,186,225,665,214,879,4,1,4,0,2,188.0,72.0,127.0,CollgCr,1Fam,SFoyer,Hip,BrkFace,PConc,GasA,Y,SBrkr,WD,Normal
569,296619,20521,7,4,2016,2011,6.0,341,44,34,419,723,95,818,2,3,6,1,1,216.0,47.0,,Somerst,1Fam,2Story,Gable,VinylSd,PConc,GasA,Y,SBrkr,WD,Normal
570,259446,11880,1,7,1926,1988,,156,8,777,941,754,526,1280,4,1,4,3,2,312.0,159.0,27.0,Sawyer,1Fam,1.5Fin,Gable,MetalSd,PConc,GasA,Y,SBrkr,COD,Normal
571,240620,13617,6,10,1938,1976,41.0,388,14,359,761,692,62,754,4,1,8,0,3,76.0,42.0,38.0,BrkSide,1Fam,2Story,Gable,CemntBd,BrkTil,GasA,Y,SBrkr,WD,Normal
572,378252,6475,7,9,1933,1995,15.0,34,17,34,85,1334,134,1468,6,3,3,2,2,917.0,26.0,12.0,OldTown,TwnhsE,1Story,Gable,VinylSd,CBlock,GasA,Y,SBrkr,WD,Normal
573,302258,11500,6,10,1965,1983,24.0,282,46,652,980,664,243,907,5,1,9,1,2,198.0,37.0,17.0,Edwards,Twnhs,1.5Fin,Gable,CemntBd,PConc,GasA,Y,SBrkr,WD,Normal
574,314188,13028,6,10,1891,1982,25.0,175,23,234,432,801,605,1406,2,3,9,0,2,,57.0,5.0,Sawyer,1Fam,2Story,Gable,VinylSd,BrkTil,GasA,Y,SBrkr,WD,Normal
575,232558,49533,2,7,1885,1999,9.0,17,35,579,631,550,162,712,3,1,9,0,2,503.0,24.0,29.0,CollgCr,1Fam,2Story,Gable,CemntBd,PConc,GasA,N,,ConLI,Normal
576,310706,7661,6,5,1932,1969,0.0,236,52,5,293,1118,152,1270,2,1,6,1,2,86.0,93.0,47.0,NAmes,1Fam,SLvl,Gable,MetalSd,Stone,GasA,Y,SBrkr,WD,Family
577,271459,27780,4,7,1969,1989,95.0,25,156,11,192,864,259,1123,4,3,10,0,2,54.0,215.0,133.0,OldTown,1Fam,SLvl,Gable,MetalSd,BrkTil,GasA,Y,SBrkr,WD,Partial
578,352977,21991,9,3,1884,2007,62.0,527,72,74,673,1170,114,1284,1,2,7,2,2,289.0,90.0,67.0,CollgCr,1Fam,1Story,Gable,Wd Sdng,Wood,GasA,Y,SBrkr,WD,Alloca
579,268098,15372,1,2,1952,1980,58.0,299,25,94,418,1107,370,1477,2,3,4,1,2,,59.0,64.0,BrkSide,1Fam,1Story,Gable,VinylSd,BrkTil,GasA,Y,SBrkr,WD,Normal
580,319464,32186,8,5,1893,1987,39.0,244,68,577,889,548,85,633,5,2,7,1,3,295.0,159.0,18.0,CollgCr,1Fam,2Story,Gable,MetalSd,CBlock,GasA,Y,SBrkr,WD,Normal
581,328474,16091,5,4,1985,1994,60.0,42,149,490,681,949,519,1468,1,3,11,0,2,374.0,137.0,109.0,Edwards,1Fam,1Story,Hip,MetalSd,PConc,OthW,Y,FuseA,WD,Partial
582,184256,16229,1,5,1931,1990,137.0,101,34,382,517,647,95,742,3,3,3,2,2,42.0,45.0,146.0,Gilbert,1Fam,SFoyer,Gable,MetalSd,CBlock,GasA,Y,Mix,New,Normal
583,397182,13009,4,8,1995,1958,54.0,203,26,864,1093,936,1476,2412,3,2,4,2,2,226.0,92.0,134.0,BrkSide,TwnhsE,2.5Fin,Gable,CemntBd,CBlock,GasA,Y,SBrkr,WD,Normal
584,207776,24631,1,4,1905,1958,15.0,300,4,113,417,753,114,867,1,2,10,1,2,154.0,130.0,1.0,BrkSide,1Fam,2Story,Hip,VinylSd,PConc,GasA,Y,SBrkr,WD,Normal
585,460013,23114,6,9,1932,2012,42.0,60,111,939,1110,1556,633,2189,3,3,7,0,2,1268.0,28.0,46.0,Somerst,1Fam,2Story,Gable,VinylSd,PConc,GasA,Y,SBrkr,New,Alloca
586,301198,9770,2,7,1988,1971,29.0,2,14,960,976,1996,151,2147,1,3,11,0,3,17.0,45.0,51.0,Edwards,1Fam,1Story,Gable,BrkFace,Wood,GasA,N,SBrkr,WD,Normal
587,259255,6907,5,10,1908,1965,40.0,126,3,227,356,834,84,918,4,3,8,0,2,123.0,11.0,17.0,Sawyer,1Fam,1.5Fin,Gable,MetalSd,PConc,GasA,Y,SBrkr,WD,Normal
588,331236,12070,7,7,1898,1981,36.0,197,38,39,274,924,76,1000,1,2,10,0,2,995.0,439.0,244.0,Somerst,1Fam,SLvl,Gable,VinylSd,PConc,GasA,Y,,New,Normal
589,283977,8955,2,8,1926,2015,97.0,61,93,518,672,452,569,1021,4,3,3,0,3,1436.0,8.0,17.0,CollgCr,1Fam,1Story,Gable,MetalSd,PConc,GasA,N,SBrkr,WD,Normal
590,281054,12942,6,6,2015,1963,52.0,203,26,164,393,548,110,658,5,2,11,0,1,,18.0,12.0,Edwards,1Fam,1Story,Gable,Wd Sdng,PConc,GasA,N,SBrkr,WD,Normal
591,299535,24802,6,8,1902,1987,10.0,123,76,633,832,1008,124,1132,5,1,11,1,2,27.0,65.0,33.0,NridgHt,1Fam,1Story,Gable,Wd Sdng,CBlock,GasA,Y,SBrkr,WD,Normal
592,264189,10629,5,3,1996,1957,3.0,182,90,71,343,889,65,954,3,2,5,1,2,288.0,200.0,19.0,Edwards,2fmCon,2Story,Gable,VinylSd,PConc,GasA,N,FuseP,WD,Normal
593,348841,13076,5,10,1985,1970,27.0,128,30,310,468,1018,975,1993,6,1,3,1,2,178.0,43.0,128.0,Gilbert,1Fam,1Story,Gable,CemntBd,CBlock,GasA,Y,SBrkr,WD,Normal
594,233637,13752,3,10,1932,2005,0.0,297,44,283,624,706,84,790,6,3,10,1,3,574.0,146.0,28.0,CollgCr,1Fam,1Story,Hip,HdBoard,CBlock,GasA,N,SBrkr,WD,Normal
595,331112,20418,10,1,1975,1995,19.0,13,38,42,93,983,85,1068,1,3,10,1,2,19.0,112.0,26.0,NWAmes,TwnhsE,1Story,Gable,HdBoard,BrkTil,GasA,Y,SBrkr,WD,Normal
596,387430,4344,10,6,1884,1992,22.0,56,140,180,376,420,864,1284,4,2,11,3,2,76.0,101.0,49.0,Edwards,2fmCon,2Story,Hip,BrkFace,Stone,GasA,Y,SBrkr,WD,Normal
597,267985,9864,2,1,1895,1995,23.0,170,64,35,269,747,693,1440,5,1,8,0,2,235.0,186.0,4.0,NAmes,1Fam,2.5Fin,Gable,VinylSd,PConc,GasA,Y,,WD,Normal
598,302065,14848,7,9,1896,1997,194.0,132,129,250,511,1032,85,1117,5,3,11,1,2,60.0,1.0,70.0,OldTown,1Fam,2Story,Hip,Wd Sdng,PConc,GasA,Y,SBrkr,WD,Normal
599,317726,24343,1,2,1981,2019,18.0,149,12,740,901,1493,600,2093,5,3,11,1,0,412.0,264.0,73.0,NridgHt,1Fam,2Story,Hip,BrkFace,BrkTil,GasA,Y,SBrkr,WD,Partial
600,306024,10446,6,2,1899,1980,15.0,488,18,125,631,866,86,952,3,1,6,3,3,601.0,176.0,32.0,BrkSide,1Fam,1Story,Gable,VinylSd,PConc,GasA,Y,SBrkr,COD,Normal
601,322083,5227,6,7,1991,1982,6.0,652,3,579,1234,1071,26,1097,5,3,7,0,1,426.0,277.0,155.0,NWAmes,1Fam,2Story,Gable,HdBoard,BrkTil,GasA,Y,SBrkr,WD,Normal
602,281530,18212,3,2,1999,1993,35.0,85,34,81,200,734,515,1249,6,3,8,2,2,,157.0,43.0,Gilbert,1Fam,1Story,Gable,CemntBd,Stone,GasA,Y,FuseP,WD,Normal
603,315536,9723,2,10,1990,1957,8.0,543,103,448,1094,1025,442,1467,2,2,8,0,2,737.0,210.0,59.0,Edwards,1Fam,1Story,Gable,Wd Sdng,Wood,GasA,Y,SBrkr,WD,Normal
604,209621,7369,2,8,1880,1951,47.0,184,19,988,1191,774,104,878,3,3,4,2,3,51.0,22.0,,CollgCr,1Fam,1Story,Hip,MetalSd,Slab,GasW,Y,SBrkr,WD,Normal
605,353392,9777,9,6,1937,1966,8.0,95,6,156,257,1613,28,1641,1,1,6,2,2,105.0,38.0,54.0,NWAmes,2fmCon,1Story,Gable,MetalSd,PConc,GasA,Y,SBrkr,WD,Normal
606,304347,12182,5,7,1972,2001,42.0,1269,3,922,2194,813,69,882,2,3,11,0,2,235.0,37.0,28.0,Sawyer,2fmCon,1Story,Gable,Wd Sdng,PConc,GasA,N,SBrkr,New,Normal
607,324853,9873,7,7,1885,1994,87.0,522,29,281,832,853,442,1295,3,2,9,0,2,22.0,11.0,1.0,NridgHt,1Fam,2Story,Gable,Wd Sdng,PConc,GasA,Y,SBrkr,New,Normal
608,374077,4434,5,6,1987,1986,2.0,1547,8,152,1707,1132,1003,2135,3,3,11,1,2,35.0,130.0,65.0,CollgCr,1Fam,1Story,Gable,HdBoard,BrkTil,GasA,Y,SBrkr,WD,Normal
609,335330,20921,7,10,1982,1991,27.0,55,21,907,983,1043,89,1132,4,1,8,0,2,177.0,14.0,167.0,CollgCr,1Fam,2Story,Gable,MetalSd,PConc,GasA,Y,SBrkr,WD,Normal
610,302440,25271,4,9,1929,1993,30.0,46,85,13,144,804,511,1315,2,3,9,0,3,1008.0,5.0,31.0,Sawyer,1Fam,2Story,Gable,MetalSd,CBlock,Wall,Y,SBrkr,COD,Alloca
611,338106,18504,8,9,1997,1987,78.0,209,24,11,244,1015,77,1092,2,1,11,0,1,836.0,149.0,20.0,NWAmes,1Fam,1Story,Gable,HdBoard,PConc,GasA,Y,Mix,WD,Normal
612,361420,7564,10,7,1989,1955,31.0,305,47,366,718,654,341,995,6,2,6,2,2,219.0,235.0,36.0,NWAmes,1Fam,2Story,Hip,Wd Sdng,CBlock,GasA,Y,SBrkr,WD,Normal
613,383604,12079,10,9,1967,2017,41.0,56,34,637,727,960,26,986,2,3,11,0,2,53.0,144.0,65.0,Sawyer,1Fam,SFoyer,Gable,HdBoard,PConc,GasA,Y,SBrkr,WD,Normal
614,333945,13316,7,10,1899,2000,78.0,590,63,556,1209,1058,264,1322,5,3,5,1,3,68.0,174.0,0.0,NAmes,1Fam,1Story,Hip,BrkFace,PConc,GasA,Y,SBrkr,WD,Normal
615,357309,18022,10,3,1893,1984,41.0,227,8,33,268,790,94,884,6,2,10,1,2,165.0,90.0,109.0,Somerst,1Fam,2Story,Gable,VinylSd,Slab,GasA,N,SBrkr,WD,Normal
616,344241,18660,5,3,2012,2007,,158,126,1200,1484,803,780,1583,5,1,5,0,2,82.0,218.0,108.0,NridgHt,1Fam,1Story,Gable,VinylSd,CBlock,GasA,Y,SBrkr,New,Normal
617,270205,9254,6,1,1919,2006,4.0,276,51,485,812,743,102,845,6,1,5,0,1,30.0,68.0,,BrkSide,1Fam,1Story,Gable,MetalSd,PConc,GasA,Y,SBrkr,Con,Normal
618,280659,13918,5,5,1913,1955,65.0,302,15,1191,1508,583,152,735,1,3,5,1,2,392.0,445.0,,Gilbert,1Fam,1Story,Hip,CemntBd,BrkTil,GasA,Y,SBrkr,WD,Normal
619,363369,16791,7,4,2003,1962,102.0,13,6,159,178,1016,551,1567,6,1,11,0,2,304.0,10.0,55.0,NAmes,1Fam,1Story,Gable,BrkFace,PConc,GasA,Y,SBrkr,WD,Abnorml
620,303327,27664,2,2,1924,2008,175.0,2741,8,473,3222,778,173,951,1,1,5,0,2,120.0,165.0,7.0,BrkSide,2fmCon,2Story,Gable,MetalSd,CBlock,GasA,Y,SBrkr,WD,Normal
621,309573,19001,5,9,1959,1979,130.0,135,76,786,997,1060,81,1141,6,3,8,1,2,528.0,,35.0,Gilbert,1Fam,1Story,Gable,Wd Sdng,CBlock,GasA,Y,SBrkr,WD,Partial
622,325712,19821,10,3,1950,1951,79.0,19,44,191,254,850,237,1087,1,1,6,0,2,,86.0,4.0,Edwards,1Fam,2Story,Gable,HdBoard,BrkTil,Grav,Y,SBrkr,WD,Normal
623,319273,13931,3,8,1957,2007,51.0,573,23,1339,1935,1079,549,1628,5,1,4,0,2,236.0,129.0,44.0,OldTown,Twnhs,2Story,Gable,MetalSd,PConc,GasA,N,SBrkr,WD,Partial
624,354977,27044,9,6,1957,1985,76.0,1489,20,123,1632,536,170,706,6,3,5,1,3,35.0,183.0,19.0,Edwards,1Fam,2.5Unf,Gable,VinylSd,BrkTil,GasA,Y,SBrkr,New,Normal
625,316796,16397,6,5,1912,1994,28.0,508,96,151,755,636,42,678,4,3,7,1,2,877.0,198.0,88.0,Sawyer,1Fam,2Story,Gable,MetalSd,PConc,GasA,N,SBrkr,ConLD,Normal
626,399769,8685,10,1,1912,1958,45.0,572,103,1011,1686,697,144,841,6,1,6,0,2,386.0,19.0,,Gilbert,1Fam,1Story,Gable,VinylSd,CBlock,GasA,Y,SBrkr,WD,Normal
627,358571,26948,3,4,1923,2014,21.0,294,43,1398,1735,1285,926,2211,1,3,7,0,2,99.0,21.0,324.0,NWAmes,1Fam,2Story,Gable,Wd Sdng,PConc,GasA,Y,FuseA,WD,Abnorml
628,332790,18938,7,3,1899,1999,19.0,766,37,134,937,1013,22,1035,3,1,3,1,2,329.0,1.0,14.0,Somerst,1Fam,2Story,Gable,VinylSd,PConc,GasA,Y,SBrkr,Con,Normal
629,237547,10705,4,1,1990,1981,70.0,10,84,58,152,829,157,986,5,1,6,1,2,181.0,14.0,3.0,NWAmes,1Fam,SLvl,Gable,HdBoard,PConc,GasA,Y,FuseF,WD,Normal
630,292022,10511,3,5,1886,1992,30.0,436,69,569,1074,777,313,1090,4,1,5,0,2,353.0,30.0,29.0,Edwards,1Fam,2Story,Gable,MetalSd,Slab,GasA,Y,SBrkr,WD,Normal
631,366660,15495,8,6,1903,2003,11.0,333,25,1061,1419,1073,24,1097,3,1,4,2,1,224.0,127.0,4.0,Edwards,1Fam,2Story,Gable,VinylSd,PConc,GasA,Y,SBrkr,WD,Normal
632,251033,16841,4,2,1949,1996,11.0,15,4,367,386,752,126,878,3,3,9,1,2,232.0,64.0,9.0,Gilbert,1Fam,2Story,Gable,MetalSd,Wood,GasA,Y,,ConLD,Normal
633,296681,14744,1,3,1991,1963,98.0,235,73,402,710,1119,846,1965,5,3,11,0,2,465.0,141.0,45.0,BrkSide,1Fam,1Story,Gable,VinylSd,PConc,GasA,Y,Mix,WD,Normal
634,313235,15609,6,6,1983,1997,,217,9,575,801,841,9,850,6,2,3,1,1,332.0,66.0,,NridgHt,1Fam,2Story,Gable,VinylSd,CBlock,GasA,Y,SBrkr,WD,Normal
635,402146,31256,10,4,1933,2004,39.0,352,0,66,418,1323,417,1740,2,3,9,1,2,29.0,81.0,2.0,CollgCr,1Fam,2Story,Gable,MetalSd,PConc,GasA,Y,SBrkr,WD,Normal
636,267007,22828,1,9,1917,1978,25.0,24,92,1451,1567,676,552,1228,4,2,3,0,2,23.0,11.0,29.0,Edwards,1Fam,1Story,Hip,CemntBd,CBlock,GasA,N,SBrkr,WD,Normal
637,254038,14695,5,5,1953,1996,28.0,490,43,181,714,864,97,961,6,1,7,0,1,127.0,,37.0,Sawyer,1Fam,2Story,Hip,CemntBd,CBlock,GasA,Y,FuseF,New,Normal
638,269894,21389,7,4,1959,2012,2.0,45,111,395,551,681,72,753,5,3,3,0,1,196.0,141.0,15.0,NWAmes,1Fam,1Story,Gable,BrkFace,BrkTil,GasA,Y,SBrkr,WD,Normal
639,372704,7972,6,2,1911,1968,30.0,162,33,252,447,1463,738,2201,2,1,5,2,2,112.0,36.0,102.0,Somerst,1Fam,1.5Fin,Gable,VinylSd,CBlock,GasA,N,SBrkr,WD,Normal
640,322386,16300,2,6,1924,1958,79.0,639,130,252,1021,903,433,1336,5,2,10,0,2,368.0,39.0,8.0,Gilbert,Duplex,SFoyer,Hip,HdBoard,PConc,OthW,Y,SBrkr,WD,Normal
641,219139,33012,4,10,1940,1986,24.0,246,21,485,752,663,36,699,5,3,6,0,3,75.0,24.0,14.0,BrkSide,1Fam,2Story,Gable,VinylSd,PConc,GasA,Y,SBrkr,WD,Normal
642,265800,11979,2,2,1932,2001,24.0,143,64,2093,2300,684,71,755,3,3,3,1,1,426.0,168.0,8.0,NridgHt,1Fam,2Story,Hip,VinylSd,PConc,GasA,Y,FuseA,WD,Normal
643,252340,8744,1,7,2007,2006,0.0,14,17,430,461,1047,291,1338,6,3,3,1,1,519.0,137.0,6.0,NridgHt,1Fam,SFoyer,Gable,BrkFace,PConc,GasA,N,SBrkr,Con,Normal
644,248867,9642,3,3,1955,1977,,334,0,632,966,520,163,683,5,3,10,1,1,46.0,93.0,105.0,OldTown,1Fam,1Story,Gable,Wd Sdng,Wood,GasA,Y,FuseA,WD,Normal
645,284326,7747,3,9,1906,1985,1.0,1292,23,11,1326,851,210,1061,6,1,10,1,2,368.0,27.0,,CollgCr,TwnhsE,1Story,Gable,MetalSd,PConc,GasA,Y,SBrkr,WD,Normal
646,396319,9023,7,5,1941,2013,42.0,728,66,665,1459,695,908,1603,2,3,6,1,2,1139.0,18.0,64.0,BrkSide,1Fam,1Story,Gable,HdBoard,PConc,GasA,Y,SBrkr,WD,Normal
647,204183,11100,1,8,1897,1967,35.0,379,8,142,529,855,163,1018,3,2,6,0,2,74.0,,27.0,Sawyer,1Fam,1Story,Hip,VinylSd,CBlock,GasA,Y,FuseA,ConLw,Normal
648,390427,6615,9,6,2006,1984,91.0,33,35,54,122,925,640,1565,2,3,4,3,3,840.0,4.0,50.0,NWAmes,1Fam,SFoyer,Gable,VinylSd,PConc,GasA,Y,SBrkr,WD,Normal
649,279584,13464,6,10,1988,2017,43.0,82,11,48,141,871,324,1195,2,2,4,1,2,326.0,20.0,131.0,Sawyer,1Fam,1Story,Gable,HdBoard,BrkTil,GasA,Y,SBrkr,New,Partial
650,256596,20976,4,8,1982,1988,19.0,62,3,455,520,828,38,866,3,2,8,0,4,312.0,10.0,93.0,Sawyer,1Fam,2Story,Gable,VinylSd,BrkTil,GasA,Y,SBrkr,WD,Normal
651,333527,8485,3,3,1956,1957,36.0,131,48,2415,2594,943,409,1352,6,1,10,1,1,18.0,81.0,3.0,CollgCr,TwnhsE,1Story,Mansard,Wd Sdng,PConc,GasA,Y,SBrkr,COD,AdjLand
652,339132,28556,3,3,1996,1964,60.0,80,151,438,669,1517,220,1737,2,3,9,1,1,482.0,44.0,93.0,Edwards,Twnhs,1Story,Gable,MetalSd,Slab,GasA,Y,SBrkr,WD,Normal
653,263743,17247,2,5,1983,1956,4.0,84,18,121,223,1315,76,1391,1,2,9,0,2,227.0,58.0,30.0,Gilbert,1Fam,1Story,Gable,VinylSd,PConc,GasA,Y,SBrkr,WD,Normal
654,212217,22365,2,10,1928,1966,48.0,287,43,90,420,811,102,913,6,3,5,2,0,,90.0,21.0,Sawyer,1Fam,1Story,Gable,BrkFace,PConc,GasA,Y,SBrkr,WD,Normal
655,396086,9615,10,3,1995,2013,124.0,115,153,298,566,1115,244,1359,5,1,4,0,3,579.0,107.0,55.0,CollgCr,1Fam,1Story,Hip,MetalSd,Stone,GasA,Y,SBrkr,WD,Normal
656,333172,20481,5,8,1979,1961,17.0,339,52,26,417,1099,276,1375,3,1,9,1,2,259.0,104.0,149.0,Sawyer,1Fam,SFoyer,Gable,Wd Sdng,PConc,GasA,Y,SBrkr,New,Abnorml
657,426494,7739,9,10,2004,2005,49.0,886,55,203,1144,801,1034,1835,3,3,6,0,2,107.0,30.0,4.0,NAmes,1Fam,1Story,Gable,VinylSd,PConc,GasA,Y,SBrkr,WD,Alloca
658,274259,20850,2,8,1904,1995,86.0,305,9,438,752,889,578,1467,6,2,3,1,2,53.0,165.0,73.0,Gilbert,1Fam,1Story,Gable,VinylSd,CBlock,GasA,Y,,WD,Partial
659,264760,14558,2,2,2007,1996,35.0,417,33,1372,1822,1054,69,1123,1,1,3,3,2,,249.0,11.0,Sawyer,1Fam,2Story,Gable,VinylSd,PConc,GasA,Y,SBrkr,WD,Normal
660,321088,17617,6,4,1979,1965,63.0,417,22,221,660,721,446,1167,1,2,6,1,1,705.0,37.0,23.0,Sawyer,1Fam,1Story,Gable,MetalSd,PConc,GasA,Y,SBrkr,WD,Normal
661,307700,7421,10,10,1884,2018,18.0,120,31,89,240,835,2,837,1,2,7,0,2,46.0,1.0,103.0,NridgHt,1Fam,1.5Fin,Hip,VinylSd,CBlock,GasA,Y,SBrkr,WD,Normal
662,226025,8539,2,1,1898,1951,18.0,4,80,680,764,846,41,887,1,3,7,0,2,169.0,,39.0,NridgHt,Twnhs,1.5Fin,Hip,VinylSd,CBlock,GasA,Y,,COD,Normal
663,252275,18008,4,4,1897,2003,55.0,16,30,545,591,828,66,894,4,1,3,1,4,142.0,257.0,3.0,BrkSide,TwnhsE,2.5Unf,Mansard,BrkFace,BrkTil,GasA,Y,SBrkr,WD,Normal
664,333826,8315,6,4,2000,1976,61.0,99,3,785,887,818,272,1090,3,3,5,1,2,702.0,5.0,35.0,NWAmes,1Fam,1.5Fin,Gable,HdBoard,CBlock,GasA,Y,FuseA,WD,AdjLand
665,299997,16841,5,10,1911,1980,138.0,350,117,96,563,1025,64,1089,2,3,8,0,2,227.0,0.0,77.0,CollgCr,Duplex,1Story,Gable,MetalSd,PConc,GasW,Y,FuseA,WD,Normal
666,303150,6744,1,9,1889,1990,12.0,711,39,207,957,905,136,1041,3,3,9,1,0,1973.0,169.0,37.0,NAmes,1Fam,2Story,Gable,VinylSd,PConc,GasA,Y,SBrkr,New,Normal
667,348521,20416,6,3,1916,1985,31.0,956,129,1597,2682,1087,83,1170,3,2,3,1,3,467.0,35.0,9.0,CollgCr,1Fam,2Story,Gable,CemntBd,Wood,GasA,Y,SBrkr,ConLI,Normal
668,299543,7213,1,2,1965,1996,14.0,7,42,68,117,1912,123,2035,3,3,10,1,0,666.0,246.0,29.0,OldTown,1Fam,2Story,Hip,VinylSd,CBlock,GasA,Y,SBrkr,WD,Normal
669,323710,17608,3,9,1892,1992,,1384,3,445,1832,764,856,1620,1,1,6,3,3,36.0,24.0,129.0,NWAmes,1Fam,1Story,Flat,VinylSd,PConc,GasA,Y,SBrkr,WD,Normal
670,467552,18266,10,9,1888,2014,25.0,116,40,108,264,958,1782,2740,1,2,11,2,2,102.0,197.0,53.0,BrkSide,1Fam,1Story,Hip,VinylSd,BrkTil,GasA,Y,SBrkr,WD,Normal
671,309695,9429,5,1,1967,1999,23.0,555,42,277,874,1045,347,1392,4,3,8,2,1,50.0,7.0,65.0,NridgHt,2fmCon,2Story,Gable,CemntBd,PConc,GasA,Y,SBrkr,New,Normal
672,386399,17872,10,6,1925,1950,15.0,59,12,644,715,1245,254,1499,6,1,3,0,2,218.0,30.0,77.0,Somerst,1Fam,1Story,Gable,VinylSd,PConc,GasA,Y,SBrkr,WD,Normal
673,333132,15217,5,10,2015,2006,17.0,19,31,268,318,1022,369,1391,3,3,4,1,4,443.0,361.0,4.0,Somerst,1Fam,1Story,Gable,MetalSd,CBlock,GasA,Y,SBrkr,WD,Normal
674,344264,10204,10,8,1998,1965,22.0,142,30,654,826,646,443,1089,5,3,5,1,2,64.0,26.0,43.0,Gilbert,1Fam,1Story,Hip,HdBoard,BrkTil,GasA,Y,SBrkr,WD,Normal
675,283574,8068,6,3,1898,1977,,587,48,222,857,736,402,1138,6,3,4,0,2,48.0,14.0,23.0,CollgCr,1Fam,2Story,Gable,CemntBd,PConc,GasA,Y,SBrkr,WD,AdjLand
676,406671,5007,10,9,1973,1971,,74,15,2937,3026,938,25,963,4,2,9,0,1,333.0,194.0,7.0,NAmes,1Fam,1.5Fin,Gable,Wd Sdng,Stone,GasA,Y,SBrkr,WD,Abnorml
677,307333,15911,8,2,1905,1990,3.0,50,43,228,321,729,111,840,1,3,3,2,2,91.0,12.0,11.0,NAmes,1Fam,2Story,Gable,MetalSd,PConc,GasA,Y,SBrkr,WD,Normal
678,237491,6109,5,6,1925,1968,102.0,721,13,64,798,576,126,702,3,1,11,0,1,228.0,10.0,75.0,OldTown,1Fam,1.5Fin,Hip,CemntBd,PConc,GasA,Y,SBrkr,WD,Normal
679,223185,14012,1,1,1997,1999,50.0,835,29,205,1069,704,138,842,1,3,4,0,3,18.0,39.0,8.0,NAmes,1Fam,1Story,Gable,VinylSd,PConc,GasA,Y,SBrkr,WD,Normal
680,268281,11710,5,7,1925,2008,110.0,3,6,542,551,706,126,832,6,3,6,1,3,399.0,100.0,18.0,NWAmes,1Fam,1Story,Gable,BrkFace,PConc,GasA,Y,SBrkr,WD,Abnorml
681,270971,18761,3,3,1893,2018,20.0,389,1,753,1143,663,464,1127,2,2,10,0,3,272.0,124.0,16.0,BrkSide,2fmCon,1Story,Gambrel,VinylSd,PConc,GasA,Y,SBrkr,WD,Normal
682,376301,11487,4,7,1964,1983,31.0,110,19,246,375,1916,413,2329,1,3,5,1,1,364.0,213.0,2.0,Somerst,1Fam,2Story,Gable,BrkFace,CBlock,GasA,N,SBrkr,WD,Normal
683,341740,11330,8,4,1942,1988,113.0,140,16,361,517,986,1,987,1,1,11,0,2,112.0,77.0,31.0,NWAmes,1Fam,SLvl,Gable,VinylSd,PConc,GasA,Y,SBrkr,WD,Normal
684,300299,19262,7,9,1951,1956,15.0,189,26,745,960,929,105,1034,4,1,9,0,1,114.0,49.0,72.0,Somerst,1Fam,1Story,Gable,VinylSd,PConc,Grav,Y,SBrkr,WD,Normal
685,329036,15796,5,5,1882,2001,123.0,166,163,671,1000,1183,293,1476,2,3,5,3,2,565.0,44.0,1.0,NAmes,1Fam,2Story,Gable,VinylSd,PConc,GasA,Y,SBrkr,WD,Normal
686,265997,15647,2,3,1907,2009,88.0,217,36,428,681,1539,38,1577,6,1,5,1,3,443.0,187.0,5.0,NridgHt,1Fam,2Story,Gable,VinylSd,PConc,GasA,N,SBrkr,WD,Normal
687,316893,16892,6,8,2004,2001,197.0,261,40,675,976,1008,22,1030,5,1,7,1,2,303.0,128.0,63.0,NridgHt,1Fam,2Story,Gable,Wd Sdng,CBlock,GasA,Y,SBrkr,WD,Normal
688,354339,6199,6,6,1966,1973,19.0,187,142,343,672,1218,528,1746,5,3,7,1,3,346.0,235.0,45.0,Edwards,1Fam,1Story,Gable,HdBoard,Slab,GasA,Y,SBrkr,WD,Normal
689,323477,19504,10,2,1956,1975,13.0,362,127,1,490,772,180,952,5,1,7,2,3,34.0,332.0,62.0,OldTown,2fmCon,1Story,Gable,CemntBd,BrkTil,GasA,Y,SBrkr,WD,Alloca
690,384124,18146,10,3,1955,1959,,380,107,16,503,684,580,1264,3,1,11,3,2,678.0,35.0,13.0,NAmes,2fmCon,1Story,Gable,VinylSd,PConc,GasW,Y,SBrkr,WD,Normal
691,382912,8035,6,8,1993,1966,154.0,174,5,1560,1739,1179,520,1699,5,3,11,0,2,,,81.0,NridgHt,1Fam,1Story,Gable,VinylSd,Slab,GasA,Y,SBrkr,New,Normal
692,412340,11824,9,10,2012,1951,,46,50,62,158,1172,671,1843,3,2,8,2,0,312.0,99.0,32.0,Somerst,1Fam,2Story,Hip,CemntBd,BrkTil,GasA,Y,SBrkr,COD,Normal
693,333228,13099,8,7,1954,1976,41.0,307,82,207,596,1140,14,1154,6,2,9,0,2,877.0,17.0,47.0,BrkSide,1Fam,1Story,Hip,HdBoard,PConc,GasA,Y,SBrkr,WD,Normal
694,368903,12490,8,10,1938,1997,25.0,444,90,1086,1620,932,61,993,6,3,10,0,2,64.0,5.0,4.0,NAmes,1Fam,2Story,Gable,MetalSd,CBlock,GasA,Y,SBrkr,WD,Normal
695,226812,15786,1,6,1938,1958,25.0,304,43,86,433,710,105,815,1,2,11,0,3,406.0,202.0,,NAmes,2fmCon,1Story,Hip,MetalSd,Slab,GasA,Y,SBrkr,WD,Normal
696,300405,27328,5,1,1926,1972,10.0,266,0,742,1008,777,43,820,5,2,8,1,2,1153.0,76.0,74.0,OldTown,1Fam,1Story,Gable,VinylSd,PConc,GasA,Y,SBrkr,WD,Normal
697,358946,22945,7,9,1974,1976,38.0,78,181,682,941,1269,199,1468,4,2,10,0,2,129.0,84.0,12.0,OldTown,1Fam,2Story,Hip,MetalSd,PConc,GasA,Y,Mix,WD,Normal
698,384611,6931,6,3,1957,1992,94.0,310,31,1717,2058,752,481,1233,6,2,4,0,2,5.0,80.0,4.0,CollgCr,1Fam,2Story,Gable,MetalSd,PConc,GasA,Y,SBrkr,WD,Normal
699,353348,18233,5,5,1992,1956,,122,25,132,279,949,905,1854,2,3,10,1,3,464.0,140.0,45.0,Sawyer,1Fam,1Story,Gable,Wd Sdng,PConc,GasA,Y,SBrkr,WD,Normal
700,342086,25964,8,7,1988,2012,110.0,756,25,151,932,712,661,1373,2,2,4,0,2,2.0,15.0,39.0,Sawyer,1Fam,SLvl,Hip,Wd Sdng,PConc,GasA,Y,SBrkr,WD,Normal
701,307854,16210,3,7,1985,1993,54.0,318,27,932,1277,847,183,1030,6,2,10,0,2,720.0,95.0,46.0,Gilbert,1Fam,1Story,Gable,VinylSd,CBlock,GasA,N,SBrkr,WD,Normal
702,280470,23051,6,3,1968,1988,47.0,97,13,106,216,649,303,952,1,3,4,1,2,20.0,63.0,48.0,Somerst,1Fam,2Story,Gable,BrkFace,CBlock,GasW,Y,SBrkr,WD,Normal
703,261817,36538,5,4,1912,1989,49.0,192,19,317,528,877,78,955,2,3,5,1,2,370.0,227.0,34.0,Gilbert,1Fam,1Story,Gable,CemntBd,PConc,GasA,Y,FuseA,WD,Normal
704,324413,22289,8,10,1976,1956,17.0,562,211,491,1264,778,154,932,2,2,9,0,2,165.0,73.0,34.0,NAmes,1Fam,1Story,Hip,HdBoard,PConc,GasA,Y,SBrkr,WD,Normal
705,258088,15133,4,7,1958,2019,26.0,122,22,126,270,538,614,1152,1,1,11,0,0,79.0,286.0,128.0,CollgCr,1Fam,SFoyer,Gable,VinylSd,BrkTil,GasA,Y,SBrkr,WD,Normal
706,400631,22528,8,8,1895,1974,80.0,223,37,1114,1374,1092,8,1100,1,3,5,0,2,799.0,43.0,38.0,NridgHt,1Fam,SLvl,Gable,VinylSd,Stone,GasA,N,SBrkr,New,Normal
707,378787,14363,10,2,1923,2008,18.0,341,94,438,873,1077,228,1305,1,3,7,0,3,479.0,340.0,48.0,NAmes,1Fam,1Story,Gable,HdBoard,CBlock,GasA,Y,SBrkr,Con,Normal
708,267792,13520,2,9,1999,1962,31.0,421,37,19,477,913,618,1531,4,2,11,0,2,145.0,208.0,15.0,Sawyer,1Fam,1.5Fin,Hip,MetalSd,BrkTil,GasA,Y,SBrkr,WD,Normal
709,323661,11206,9,7,2013,2011,0.0,57,19,58,134,640,39,679,1,1,9,0,2,117.0,87.0,102.0,OldTown,1Fam,1Story,Gable,HdBoard,PConc,GasA,Y,SBrkr,WD,Normal
710,405372,29193,9,8,1987,1957,66.0,249,37,84,370,643,1214,1857,1,3,4,1,1,466.0,43.0,1.0,Edwards,2fmCon,1.5Fin,Gable,VinylSd,BrkTil,GasA,Y,SBrkr,New,Normal
711,455477,8873,10,6,1883,1994,27.0,729,6,112,847,1806,3,1809,1,3,7,3,1,633.0,47.0,40.0,NridgHt,1Fam,2Story,Gable,HdBoard,PConc,GasA,N,SBrkr,WD,Normal
712,393913,28743,10,6,1935,1967,37.0,1035,6,524,1565,408,651,1059,6,3,7,1,2,440.0,148.0,24.0,BrkSide,1Fam,1Story,Gable,MetalSd,Wood,GasA,Y,FuseA,WD,Normal
713,299534,17153,6,9,1943,2009,6.0,320,59,37,416,647,130,777,5,1,11,0,2,357.0,86.0,46.0,NridgHt,1Fam,SLvl,Gable,VinylSd,CBlock,GasA,N,Mix,WD,Normal
714,364077,6636,4,4,1974,2009,239.0,1234,124,172,1530,1711,42,1753,6,3,4,0,3,90.0,51.0,22.0,CollgCr,1Fam,1Story,Gable,MetalSd,CBlock,GasA,Y,SBrkr,WD,Normal
715,379057,16055,4,5,1935,1951,,253,64,969,1286,1879,51,1930,5,3,3,1,2,,101.0,,Somerst,1Fam,1Story,Gable,Wd Sdng,PConc,GasA,N,SBrkr,WD,Normal
716,367197,4675,6,9,1911,2015,50.0,175,3,325,503,1494,362,1856,4,1,6,1,2,484.0,132.0,1.0,Sawyer,1Fam,1Story,Gable,MetalSd,BrkTil,GasA,Y,SBrkr,WD,Normal
717,316171,18265,5,1,1995,1963,43.0,240,25,123,388,1053,613,1666,4,3,6,3,2,254.0,,26.0,NWAmes,1Fam,SFoyer,Gable,VinylSd,PConc,GasA,Y,SBrkr,WD,Normal
718,291042,20798,6,4,1888,1997,76.0,36,0,1259,1295,741,307,1048,2,1,3,2,2,250.0,9.0,88.0,Somerst,Duplex,2Story,Hip,BrkFace,CBlock,GasA,Y,SBrkr,WD,Normal
719,331344,9935,7,7,1984,2005,17.0,154,35,112,301,541,792,1333,6,1,9,0,3,294.0,9.0,14.0,CollgCr,1Fam,1Story,Gable,VinylSd,CBlock,GasA,Y,SBrkr,WD,Normal
720,393478,14211,7,9,1957,1961,70.0,183,10,941,1134,1014,554,1568,5,1,4,1,2,616.0,26.0,2.0,Edwards,1Fam,1Story,Gable,CemntBd,BrkTil,Grav,Y,SBrkr,WD,Normal
721,357085,35492,9,10,1966,2004,24.0,566,101,517,1184,714,2,716,4,2,11,1,2,474.0,55.0,34.0,Somerst,1Fam,1Story,Gable,CemntBd,CBlock,GasA,Y,SBrkr,WD,Normal
722,442522,10374,8,6,1900,1977,26.0,426,5,539,970,1387,332,1719,4,3,9,1,2,678.0,162.0,187.0,Gilbert,Twnhs,1Story,Gable,VinylSd,PConc,GasA,N,SBrkr,WD,Normal
723,251469,7867,6,8,1934,1953,55.0,275,0,579,854,514,108,622,6,3,9,0,3,247.0,43.0,3.0,Gilbert,1Fam,1Story,Hip,MetalSd,BrkTil,GasA,Y,FuseP,New,Normal
724,303177,28024,6,9,1955,1985,76.0,127,29,282,438,953,181,1134,2,3,3,0,2,342.0,1.0,3.0,NAmes,Twnhs,1Story,Shed,VinylSd,BrkTil,GasA,Y,SBrkr,WD,Normal
725,328971,35642,5,10,2009,1999,54.0,62,8,674,744,1186,29,1215,1,1,11,1,2,674.0,66.0,45.0,Gilbert,1Fam,1Story,Gable,Wd Sdng,PConc,GasA,Y,SBrkr,WD,Normal
726,236565,13384,1,4,2005,1952,115.0,128,66,723,917,1216,99,1315,3,2,11,2,1,92.0,,14.0,BrkSide,1Fam,1Story,Hip,BrkFace,BrkTil,GasA,Y,SBrkr,WD,Normal
727,387777,22153,9,1,2011,1950,16.0,341,126,178,645,1152,300,1452,2,1,4,0,3,205.0,42.0,,NAmes,2fmCon,2Story,Gable,Wd Sdng,Slab,GasA,Y,,New,Normal
728,345483,26127,9,8,1963,1966,115.0,91,2,204,297,994,73,1067,3,3,11,0,3,339.0,325.0,88.0,Somerst,1Fam,1Story,Gable,VinylSd,CBlock,GasA,Y,SBrkr,WD,Abnorml
729,395085,9216,9,2,1994,2011,7.0,167,25,878,1070,932,312,1244,2,1,4,1,0,863.0,,11.0,NridgHt,1Fam,1.5Fin,Gambrel,VinylSd,PConc,GasA,Y,FuseA,WD,Partial
730,371507,10481,8,1,1927,1997,53.0,146,287,297,730,1178,769,1947,2,2,4,2,3,5.0,19.0,63.0,Sawyer,1Fam,1Story,Gable,VinylSd,Wood,GasA,Y,SBrkr,WD,Normal
731,371209,24721,10,7,2002,2011,39.0,435,65,806,1306,994,1,995,1,3,10,3,2,83.0,128.0,35.0,Somerst,1Fam,2Story,Gable,Wd Sdng,PConc,GasA,Y,SBrkr,WD,Normal
732,306093,31023,3,10,1957,2018,34.0,645,153,394,1192,1004,462,1466,4,1,5,1,2,93.0,69.0,117.0,CollgCr,1Fam,2Story,Hip,CemntBd,CBlock,GasA,Y,SBrkr,WD,Normal
733,207881,17702,1,9,1909,1968,18.0,360,8,360,728,907,307,1214,5,2,5,2,0,138.0,144.0,180.0,OldTown,1Fam,1Story,Gable,Wd Sdng,PConc,GasA,Y,FuseA,WD,Normal
734,284340,8604,8,9,1908,1983,35.0,125,12,12,149,799,14,813,2,1,9,0,3,115.0,199.0,33.0,NridgHt,1Fam,SLvl,Hip,HdBoard,Stone,GasA,Y,SBrkr,WD,Normal
735,307776,36081,7,3,2015,1998,8.0,170,8,130,308,598,468,1066,1,1,8,0,1,312.0,28.0,43.0,BrkSide,1Fam,1Story,Gable,VinylSd,Wood,GasA,Y,,WD,Normal
736,286738,10244,5,6,2019,1996,23.0,46,18,278,342,630,76,706,3,3,9,0,2,758.0,114.0,68.0,Edwards,2fmCon,1Story,Gable,Wd Sdng,BrkTil,OthW,Y,FuseA,WD,Normal
737,328912,11298,10,7,1920,1999,5.0,55,64,354,473,800,92,892,6,2,8,0,0,354.0,93.0,19.0,NAmes,1Fam,SLvl,Gable,VinylSd,PConc,OthW,Y,SBrkr,WD,Normal
738,296583,15853,7,10,1905,1975,42.0,53,9,398,460,865,29,894,6,1,11,1,3,96.0,197.0,12.0,OldTown,1Fam,1.5Fin,Gable,CemntBd,CBlock,GasA,Y,SBrkr,New,Normal
739,373254,29058,10,9,1929,2005,5.0,41,37,503,581,671,229,900,4,2,4,1,0,697.0,56.0,167.0,BrkSide,1Fam,2Story,Gable,VinylSd,CBlock,GasA,Y,SBrkr,WD,Normal
740,254532,20475,4,2,1881,1963,8.0,59,15,427,501,656,206,862,6,3,10,1,2,349.0,5.0,28.0,CollgCr,1Fam,1Story,Gable,Wd Sdng,PConc,GasA,Y,Mix,WD,Normal
741,350264,16439,9,8,1934,1974,4.0,67,88,755,910,804,127,931,2,3,8,0,2,86.0,85.0,0.0,NWAmes,1Fam,1Story,Gable,HdBoard,BrkTil,GasA,Y,SBrkr,WD,Normal
742,389627,16842,10,7,1983,1953,24.0,35,0,140,175,1176,55,1231,3,3,6,1,1,157.0,319.0,,NAmes,1Fam,2Story,Gable,Wd Sdng,PConc,GasA,Y,SBrkr,WD,Normal
743,264228,13653,2,4,1893,1981,92.0,306,12,410,728,475,545,1020,2,2,8,0,2,546.0,1.0,45.0,NWAmes,1Fam,1Story,Hip,VinylSd,CBlock,GasA,Y,SBrkr,WD,Normal
744,395835,17660,9,2,2013,2014,118.0,1393,46,21,1460,677,627,1304,6,2,8,0,2,470.0,27.0,9.0,BrkSide,1Fam,1Story,Hip,MetalSd,PConc,GasA,Y,SBrkr,WD,Normal
745,377211,3771,9,8,2007,2010,3.0,634,5,261,900,942,233,1175,5,1,5,2,4,300.0,37.0,1.0,Somerst,1Fam,2Story,Gable,Wd Sdng,BrkTil,GasA,Y,SBrkr,ConLI,Normal
746,311095,11518,5,5,1983,1969,50.0,14,31,124,169,1320,84,1404,6,2,10,0,2,54.0,145.0,17.0,Gilbert,1Fam,2Story,Gambrel,CemntBd,PConc,GasA,Y,,WD,Normal
747,276088,15073,1,6,1974,1959,57.0,165,28,191,384,1716,30,1746,5,3,7,2,2,,39.0,131.0,Gilbert,1Fam,2Story,Gable,MetalSd,CBlock,GasA,Y,FuseA,WD,Normal
748,356508,7513,7,7,1960,1983,38.0,588,95,175,858,810,608,1418,6,1,6,1,2,128.0,27.0,135.0,Gilbert,1Fam,SLvl,Gable,VinylSd,CBlock,GasA,Y,SBrkr,New,Normal
749,341510,16206,10,10,1940,2010,54.0,43,49,24,116,806,30,836,4,2,4,4,2,516.0,104.0,18.0,NWAmes,1Fam,SFoyer,Gable,MetalSd,CBlock,GasA,N,SBrkr,WD,Abnorml
750,363031,12061,10,1,1891,1976,13.0,564,51,251,866,861,3,864,3,3,3,3,1,365.0,4.0,90.0,NWAmes,2fmCon,1Story,Gable,MetalSd,PConc,GasA,Y,SBrkr,WD,Normal
751,305531,32136,4,8,1892,1989,33.0,269,151,2090,2510,961,190,1151,5,3,9,2,3,107.0,18.0,29.0,BrkSide,1Fam,1Story,Gable,CemntBd,PConc,GasA,Y,SBrkr,New,Normal
752,371246,29334,9,4,1968,2014,24.0,803,201,142,1146,885,394,1279,1,1,5,2,2,83.0,52.0,53.0,NridgHt,2fmCon,1.5Fin,Hip,Wd Sdng,CBlock,GasA,Y,SBrkr,WD,Normal
753,306392,10583,6,9,1974,1982,4.0,626,52,532,1210,929,183,1112,4,3,5,0,3,49.0,43.0,20.0,OldTown,1Fam,1Story,Hip,VinylSd,PConc,GasA,N,SBrkr,WD,Normal
754,220097,12389,3,1,1938,2017,49.0,339,36,317,692,601,15,616,2,2,5,1,2,96.0,42.0,36.0,NridgHt,1Fam,1Story,Gable,BrkFace,PConc,GasA,Y,SBrkr,WD,Normal
755,286634,12874,6,2,1916,1958,34.0,321,46,157,524,545,351,896,6,3,5,0,4,60.0,11.0,,Somerst,1Fam,2Story,Gable,VinylSd,Wood,GasA,Y,SBrkr,WD,Normal
756,349201,10659,10,6,1904,1965,16.0,71,24,37,132,1112,308,1420,3,1,4,0,1,335.0,44.0,3.0,NWAmes,Duplex,2Story,Gable,VinylSd,PConc,GasA,Y,FuseF,WD,Normal
757,308870,14728,6,10,1895,1954,32.0,37,218,97,352,847,343,1190,3,3,8,0,0,319.0,159.0,7.0,Sawyer,1Fam,2Story,Gable,VinylSd,PConc,GasA,Y,SBrkr,WD,Normal
758,330784,9144,5,1,1966,1972,74.0,161,61,609,831,1152,71,1223,6,3,5,0,2,308.0,53.0,17.0,BrkSide,1Fam,1Story,Gable,HdBoard,CBlock,GasA,Y,FuseP,WD,Normal
759,288862,7590,2,4,2013,1992,80.0,61,17,130,208,960,476,1436,1,2,3,0,4,359.0,88.0,187.0,Gilbert,1Fam,SLvl,Gable,CemntBd,PConc,GasA,N,SBrkr,WD,Normal
760,357728,18239,10,8,1902,2006,52.0,32,2,62,96,584,195,779,5,2,11,1,2,590.0,17.0,168.0,Somerst,1Fam,1.5Fin,Gable,VinylSd,CBlock,GasA,Y,SBrkr,WD,Normal
761,438059,18301,10,10,2005,2000,31.0,108,2,160,270,1430,230,1660,6,2,8,1,1,856.0,7.0,87.0,BrkSide,1Fam,2Story,Gable,MetalSd,PConc,GasA,N,,WD,Abnorml
762,270291,8935,2,5,1939,1962,42.0,590,11,350,951,906,236,1142,3,2,8,1,2,91.0,211.0,13.0,CollgCr,1Fam,1Story,Gable,Wd Sdng,CBlock,GasW,Y,SBrkr,New,Normal
763,293318,20903,7,9,2019,1973,24.0,5,13,486,504,717,101,818,1,3,11,3,3,310.0,40.0,,OldTown,1Fam,1Story,Hip,MetalSd,PConc,GasA,Y,SBrkr,WD,Normal
764,207152,9742,2,6,1979,1960,6.0,103,26,195,324,764,86,850,1,2,4,1,0,28.0,43.0,28.0,OldTown,1Fam,1Story,Gable,VinylSd,CBlock,GasA,Y,SBrkr,WD,Normal
765,231747,15162,6,1,1982,2001,24.0,165,12,275,452,624,1,625,2,3,11,1,1,44.0,210.0,24.0,Edwards,1Fam,2Story,Gable,VinylSd,CBlock,GasW,Y,SBrkr,WD,Normal
766,289599,20134,5,6,2013,1966,37.0,214,49,242,505,992,151,1143,1,2,5,1,3,371.0,123.0,2.0,OldTown,1Fam,1.5Fin,Gable,MetalSd,BrkTil,GasA,Y,SBrkr,WD,Normal
767,267437,13137,4,6,1942,1986,,60,11,3,74,868,199,1067,4,2,5,1,3,233.0,141.0,38.0,NridgHt,1Fam,1.5Fin,Gable,HdBoard,PConc,GasA,Y,,Con,Partial
768,429354,16770,7,6,1917,1962,137.0,999,10,201,1210,1645,407,2052,3,2,5,0,2,497.0,114.0,3.0,Gilbert,1Fam,2Story,Gable,VinylSd,PConc,GasA,Y,SBrkr,WD,Normal
769,294507,10319,8,8,2007,2011,75.0,259,31,354,644,1049,20,1069,4,3,3,0,4,194.0,11.0,80.0,Sawyer,Twnhs,1.5Fin,Gable,VinylSd,BrkTil,GasA,Y,SBrkr,WD,Normal
770,370896,12109,4,6,1929,1957,8.0,221,109,337,667,1615,773,2388,1,2,9,1,1,47.0,316.0,58.0,CollgCr,1Fam,2Story,Hip,VinylSd,BrkTil,Wall,Y,SBrkr,WD,Normal
771,211441,12053,1,5,1919,2005,9.0,2,31,554,587,672,91,763,1,3,9,5,2,719.0,239.0,21.0,CollgCr,1Fam,1.5Fin,Gable,Wd Sdng,Slab,GasA,N,SBrkr,WD,Abnorml
772,202735,9197,1,2,1887,2019,5.0,199,26,443,668,813,137,950,4,2,4,0,2,30.0,26.0,52.0,NAmes,1Fam,2.5Fin,Gable,VinylSd,PConc,GasA,Y,SBrkr,WD,Normal
773,250751,12229,1,4,1887,1993,67.0,545,43,129,717,1172,14,1186,2,2,8,1,2,73.0,162.0,13.0,Somerst,1Fam,1.5Fin,Gable,BrkFace,CBlock,GasA,Y,SBrkr,WD,Normal
774,219975,6159,1,10,1983,2009,61.0,74,14,118,206,1071,317,1388,1,1,6,0,3,,52.0,15.0,NridgHt,1Fam,1Story,Gable,MetalSd,PConc,GasA,Y,SBrkr,WD,Normal
775,344808,10450,5,5,1913,1990,214.0,129,21,249,399,893,370,1263,4,2,9,1,3,1874.0,115.0,18.0,NWAmes,1Fam,1.5Fin,Shed,MetalSd,Slab,GasA,Y,SBrkr,WD,Abnorml
776,322357,11586,4,10,1936,1970,36.0,6,12,528,546,650,792,1442,4,3,9,2,2,188.0,18.0,79.0,Somerst,1Fam,1Story,Hip,VinylSd,PConc,GasA,N,FuseA,WD,Normal
777,320666,11753,9,4,1901,1991,,1130,42,39,1211,467,123,590,3,1,6,0,0,243.0,77.0,11.0,NAmes,1Fam,2Story,Gable,VinylSd,Wood,GasA,Y,SBrkr,COD,Normal
778,291469,11840,3,2,1966,1978,42.0,20,59,1185,1264,840,89,929,2,3,5,1,2,513.0,13.0,41.0,OldTown,1Fam,2Story,Gable,MetalSd,CBlock,GasA,Y,SBrkr,WD,Normal
779,348481,12953,7,7,1919,2014,103.0,685,55,313,1053,851,388,1239,5,3,9,0,2,354.0,76.0,11.0,Sawyer,1Fam,1Story,Gable,CemntBd,Wood,GasA,Y,SBrkr,New,Normal
780,357779,16978,8,10,1965,1966,63.0,112,14,146,272,933,368,1301,4,1,11,0,2,644.0,27.0,16.0,OldTown,TwnhsE,1Story,Gable,VinylSd,PConc,GasA,Y,SBrkr,WD,Normal
781,323971,20686,6,10,2012,1979,51.0,265,75,472,812,581,829,1410,3,2,6,1,3,233.0,60.0,13.0,NridgHt,1Fam,2Story,Gable,VinylSd,PConc,GasA,Y,SBrkr,New,Abnorml
782,387477,9653,10,2,1974,1975,41.0,341,14,18,373,689,68,757,5,1,8,0,2,1253.0,110.0,51.0,BrkSide,Twnhs,SLvl,Hip,VinylSd,PConc,GasA,Y,SBrkr,WD,Normal
783,263383,7320,1,1,1892,2002,64.0,45,8,264,317,1009,366,1375,3,3,9,0,0,557.0,209.0,37.0,OldTown,1Fam,SLvl,Hip,HdBoard,PConc,GasA,Y,SBrkr,WD,AdjLand
784,317503,7934,8,5,1907,1968,27.0,175,21,266,462,1070,20,1090,3,2,5,0,2,179.0,18.0,63.0,CollgCr,1Fam,2Story,Gable,VinylSd,Wood,GasA,N,SBrkr,WD,Family
785,353913,10471,10,1,1963,2002,5.0,118,45,70,233,953,196,1149,6,1,7,0,2,,223.0,12.0,BrkSide,1Fam,SFoyer,Gable,VinylSd,CBlock,GasA,Y,SBrkr,WD,Normal
786,278801,11204,3,1,1941,1966,2.0,17,7,726,750,809,38,847,2,3,3,1,2,928.0,49.0,0.0,Gilbert,1Fam,1.5Fin,Gable,MetalSd,PConc,OthW,Y,SBrkr,WD,Normal
787,334672,9090,8,1,1972,1995,32.0,537,52,637,1226,628,317,945,1,2,8,0,2,403.0,185.0,57.0,CollgCr,1Fam,1Story,Gable,MetalSd,PConc,GasA,Y,SBrkr,WD,Normal
788,269803,6987,4,6,1966,2002,,13,99,66,178,1195,275,1470,2,3,7,0,2,339.0,71.0,6.0,BrkSide,1Fam,1Story,Hip,VinylSd,CBlock,GasA,Y,SBrkr,WD,Normal
789,342648,10635,8,9,1903,2013,4.0,317,17,180,514,1116,15,1131,5,2,9,0,1,496.0,198.0,14.0,Somerst,1Fam,1Story,Gable,MetalSd,CBlock,Grav,N,SBrkr,WD,Normal
790,189080,14628,1,10,1977,1994,16.0,113,29,42,184,755,115,870,6,2,11,1,1,288.0,108.0,18.0,Somerst,1Fam,1Story,Gable,VinylSd,PConc,GasA,Y,SBrkr,WD,Normal
791,284065,17988,3,1,1886,1998,19.0,64,12,755,831,1152,150,1302,2,1,6,1,2,60.0,71.0,68.0,Somerst,1Fam,2Story,Gable,VinylSd,PConc,GasA,Y,SBrkr,WD,Normal
792,279307,10110,6,5,1916,1968,41.0,329,22,156,507,879,85,964,1,2,11,1,2,134.0,37.0,49.0,Gilbert,1Fam,2Story,Gable,MetalSd,CBlock,GasA,Y,SBrkr,WD,Family
793,298055,10867,9,9,1947,2014,16.0,256,1,231,488,731,11,742,2,3,8,0,3,285.0,,10.0,OldTown,Duplex,1.5Fin,Gable,HdBoard,PConc,GasA,Y,SBrkr,WD,Partial
794,247990,8405,2,9,1965,1986,5.0,113,153,156,422,1185,115,1300,2,2,7,0,2,6.0,161.0,45.0,BrkSide,2fmCon,2Story,Gable,CemntBd,Stone,GasA,Y,SBrkr,WD,Normal
795,228278,13151,1,1,2012,2019,9.0,215,26,148,389,925,471,1396,2,3,4,1,2,201.0,,61.0,Somerst,1Fam,2Story,Hip,CemntBd,PConc,GasA,Y,SBrkr,Oth,Normal
796,369952,8741,10,8,1966,1975,9.0,84,77,550,711,789,133,922,4,2,3,0,2,493.0,18.0,24.0,Sawyer,1Fam,1Story,Hip,MetalSd,PConc,GasA,Y,SBrkr,WD,Normal
797,203449,17793,3,1,1894,1951,92.0,597,7,550,1154,611,117,728,4,2,10,1,1,62.0,151.0,14.0,Edwards,1Fam,2Story,Hip,HdBoard,BrkTil,GasA,Y,SBrkr,New,Normal
798,294359,5470,4,8,2002,2008,,112,83,291,486,628,852,1480,2,1,8,0,2,23.0,459.0,56.0,Somerst,1Fam,2Story,Gable,Wd Sdng,PConc,GasW,Y,SBrkr,WD,Normal
799,317441,11161,5,1,1986,1954,62.0,84,98,428,610,1157,12,1169,1,2,9,1,2,632.0,32.0,47.0,NAmes,Duplex,1Story,Hip,MetalSd,PConc,GasA,Y,SBrkr,WD,Partial
800,279009,15530,3,5,1968,1986,41.0,418,62,286,766,1028,437,1465,1,2,8,1,3,336.0,247.0,4.0,NAmes,1Fam,2.5Unf,Gable,VinylSd,BrkTil,GasA,Y,SBrkr,WD,Normal
801,342245,14645,10,8,2004,1980,188.0,5,116,11,132,632,197,829,1,3,9,0,2,68.0,13.0,54.0,Sawyer,1Fam,1Story,Hip,MetalSd,CBlock,GasA,Y,,WD,Normal
802,252840,51354,2,6,1992,1997,15.0,93,9,27,129,628,867,1495,1,3,11,0,2,574.0,304.0,,CollgCr,1Fam,1Story,Gable,CemntBd,PConc,GasA,Y,SBrkr,New,Normal
803,308332,15913,2,9,2016,1955,8.0,141,32,193,366,1687,150,1837,6,3,7,3,1,375.0,136.0,69.0,BrkSide,2fmCon,2Story,Hip,Wd Sdng,PConc,GasA,Y,SBrkr,WD,Normal
804,335552,8086,7,1,1986,1964,2.0,641,48,554,1243,1032,369,1401,6,2,3,1,2,142.0,42.0,10.0,BrkSide,1Fam,1Story,Gable,VinylSd,PConc,Grav,Y,SBrkr,WD,Normal
805,386309,12737,9,9,1966,1964,13.0,901,45,977,1923,1290,21,1311,3,3,3,1,2,165.0,36.0,14.0,NridgHt,2fmCon,1.5Fin,Hip,HdBoard,CBlock,GasA,Y,FuseP,WD,Normal
806,444947,5496,10,1,1947,2010,57.0,378,98,12,488,1404,792,2196,2,3,11,0,4,59.0,103.0,39.0,NridgHt,1Fam,2Story,Gable,Wd Sdng,CBlock,GasA,Y,FuseA,WD,Normal
807,233492,12832,2,10,1894,1965,4.0,203,12,183,398,679,126,805,2,2,7,0,2,631.0,90.0,32.0,NWAmes,1Fam,1.5Fin,Gable,Wd Sdng,PConc,GasA,Y,SBrkr,WD,Normal
808,365766,8808,7,10,1944,1969,14.0,307,9,101,417,1514,222,1736,3,3,4,0,3,248.0,251.0,24.0,NAmes,1Fam,1Story,Gable,Wd Sdng,BrkTil,GasA,Y,SBrkr,WD,Normal
809,305021,21114,7,3,1933,1993,96.0,160,14,675,849,649,44,693,1,1,5,1,2,284.0,145.0,68.0,CollgCr,1Fam,1.5Fin,Gable,Wd Sdng,PConc,GasA,Y,,WD,Normal
810,402898,10150,7,1,1972,1991,43.0,106,111,748,965,1117,873,1990,5,1,3,0,1,752.0,77.0,41.0,NAmes,Twnhs,2Story,Gable,CemntBd,CBlock,GasA,Y,SBrkr,WD,Normal
811,247479,12602,3,3,1899,1995,3.0,902,141,92,1135,867,335,1202,5,3,8,1,2,5.0,262.0,61.0,NAmes,1Fam,1Story,Gable,MetalSd,PConc,GasA,Y,SBrkr,ConLw,Normal
812,318864,9722,7,2,1912,1983,2.0,36,42,496,574,1115,16,1131,3,3,8,0,2,24.0,89.0,8.0,Edwards,1Fam,1Story,Gable,Wd Sdng,PConc,GasA,Y,SBrkr,WD,Normal
813,182144,31870,1,2,1979,2013,3.0,127,34,526,687,842,50,892,5,3,5,2,2,61.0,189.0,65.0,Sawyer,1Fam,1Story,Gable,MetalSd,Wood,GasA,Y,SBrkr,Con,Normal
814,351198,11377,10,9,1956,1978,142.0,688,46,77,811,1058,153,1211,4,2,5,1,2,10.0,183.0,30.0,BrkSide,1Fam,2Story,Shed,Wd Sdng,BrkTil,GasA,Y,SBrkr,WD,Normal
815,262468,33398,1,8,2014,1952,94.0,385,47,227,659,1350,73,1423,2,1,9,1,3,375.0,251.0,1.0,Sawyer,1Fam,1Story,Hip,BrkFace,PConc,Grav,Y,SBrkr,WD,Partial
816,315498,20071,5,1,2015,1958,93.0,8,9,387,404,1256,108,1364,5,1,3,0,4,351.0,6.0,13.0,NWAmes,1Fam,2Story,Gable,VinylSd,CBlock,GasA,Y,SBrkr,WD,Normal
817,353240,17001,2,4,1986,1974,128.0,7,57,10,74,881,1796,2677,6,3,7,1,2,82.0,87.0,1.0,CollgCr,1Fam,2Story,Gable,MetalSd,BrkTil,GasA,Y,SBrkr,WD,Normal
818,310498,16064,9,1,1999,1991,35.0,218,30,207,455,674,322,996,6,3,5,2,2,56.0,,30.0,NridgHt,1Fam,2Story,Gable,MetalSd,Stone,GasA,Y,FuseA,WD,Normal
819,341177,16267,7,1,1953,1995,14.0,198,36,67,301,821,766,1587,4,2,7,0,2,55.0,67.0,19.0,Edwards,1Fam,2Story,Gable,MetalSd,CBlock,GasA,Y,SBrkr,WD,Normal
820,291592,5095,4,4,1890,2008,25.0,175,1,312,488,1025,171,1196,2,2,6,0,1,1071.0,61.0,218.0,OldTown,1Fam,2Story,Gable,BrkFace,CBlock,GasA,Y,FuseA,ConLD,Normal
821,322010,11620,4,2,1910,1970,63.0,108,72,740,920,1091,371,1462,4,1,8,3,3,,181.0,101.0,Edwards,1Fam,1Story,Mansard,VinylSd,CBlock,GasA,N,SBrkr,WD,Normal
822,303270,20385,2,3,1891,1971,104.0,1294,90,297,1681,1237,184,1421,2,2,11,0,1,308.0,38.0,87.0,Edwards,1Fam,2Story,Gable,MetalSd,PConc,GasA,Y,SBrkr,ConLD,Normal
823,265560,13037,5,9,2003,1978,28.0,95,48,14,157,721,119,840,2,1,4,0,2,,62.0,34.0,OldTown,1Fam,1Story,Gable,CemntBd,CBlock,GasA,Y,SBrkr,WD,Normal
824,242501,6617,4,2,1957,2012,38.0,202,69,12,283,678,219,897,5,3,10,0,2,198.0,,,NWAmes,1Fam,2Story,Gable,VinylSd,BrkTil,GasA,Y,SBrkr,WD,Normal
825,191162,13014,1,4,1975,2010,134.0,155,36,372,563,661,167,828,6,3,4,0,2,32.0,28.0,15.0,Sawyer,1Fam,2Story,Gable,VinylSd,PConc,GasA,Y,Mix,WD,Abnorml
826,500445,31321,8,1,1929,2013,5.0,55,48,158,261,846,1181,2027,3,1,6,0,2,2202.0,108.0,41.0,BrkSide,1Fam,1Story,Shed,VinylSd,CBlock,GasW,Y,SBrkr,WD,Normal
827,242706,24920,3,2,1996,2018,99.0,67,25,340,432,957,205,1162,5,3,11,1,3,492.0,12.0,24.0,CollgCr,1Fam,2Story,Gable,CemntBd,Wood,GasA,Y,SBrkr,WD,Partial
828,373296,12951,6,5,1896,1989,,751,78,71,900,1003,499,1502,1,2,6,0,1,339.0,20.0,9.0,OldTown,1Fam,1Story,Gable,VinylSd,PConc,GasA,Y,SBrkr,ConLI,Normal
829,279263,21498,4,10,2008,1950,33.0,586,31,599,1216,587,329,916,4,3,9,1,1,310.0,75.0,3.0,BrkSide,1Fam,2Story,Gable,VinylSd,PConc,GasA,Y,SBrkr,WD,Normal
830,318111,11122,9,1,1943,2014,12.0,66,57,788,911,674,195,869,1,3,7,1,2,245.0,4.0,40.0,NridgHt,1Fam,2Story,Gable,VinylSd,PConc,GasA,Y,SBrkr,WD,Normal
831,320590,5699,7,7,2011,2011,46.0,625,48,880,1553,727,192,919,2,1,4,3,1,104.0,13.0,5.0,Somerst,1Fam,1Story,Gable,HdBoard,CBlock,GasA,Y,,WD,Normal
832,388945,8414,9,4,1966,2003,40.0,70,60,145,275,1521,125,1646,5,2,10,0,2,89.0,199.0,63.0,NAmes,1Fam,1.5Fin,Gable,HdBoard,BrkTil,GasA,Y,SBrkr,WD,Normal
833,358318,29185,10,6,1895,2009,23.0,295,76,432,803,800,33,833,1,2,4,0,3,279.0,187.0,127.0,NAmes,1Fam,1.5Fin,Gambrel,VinylSd,PConc,GasA,Y,SBrkr,WD,Normal
834,259965,11649,3,8,1942,1995,99.0,25,35,130,190,576,429,1005,1,3,5,1,3,25.0,42.0,8.0,Sawyer,1Fam,1Story,Gable,CemntBd,PConc,GasA,Y,FuseA,WD,Normal
835,295629,11828,1,6,1955,1954,53.0,637,83,575,1295,1006,750,1756,6,3,9,1,2,27.0,42.0,31.0,Gilbert,1Fam,1Story,Gable,VinylSd,PConc,GasA,Y,SBrkr,WD,Normal
836,267254,11499,5,2,1964,1971,63.0,15,34,51,100,869,73,942,1,2,7,2,3,287.0,275.0,67.0,Edwards,1Fam,1Story,Gable,VinylSd,BrkTil,GasA,Y,SBrkr,WD,Normal
837,335037,34615,3,1,1988,2002,8.0,242,156,575,973,631,779,1410,6,2,5,2,2,883.0,2.0,16.0,OldTown,1Fam,1Story,Hip,MetalSd,CBlock,GasA,Y,SBrkr,New,Normal
838,280382,30121,6,8,1896,2019,107.0,453,69,231,753,778,79,857,6,1,4,0,3,859.0,86.0,126.0,NWAmes,1Fam,1Story,Hip,Wd Sdng,Wood,GasW,Y,SBrkr,WD,Normal
839,322574,40513,8,8,1937,1981,9.0,37,9,773,819,810,226,1036,2,3,8,1,1,3.0,90.0,109.0,NWAmes,1Fam,2Story,Gable,MetalSd,BrkTil,GasA,Y,SBrkr,WD,Abnorml
840,264914,12338,4,9,1958,1960,12.0,155,88,537,780,865,126,991,6,3,3,1,2,39.0,155.0,5.0,Edwards,Duplex,1Story,Gable,CemntBd,PConc,GasA,Y,SBrkr,WD,Abnorml
841,266415,15487,5,6,1940,1959,6.0,12,40,188,240,1186,36,1222,2,2,10,0,4,306.0,303.0,1.0,Sawyer,1Fam,1Story,Flat,Wd Sdng,CBlock,GasA,Y,SBrkr,WD,Normal
842,329761,6258,5,1,1992,1988,29.0,344,208,935,1487,1062,16,1078,6,1,7,0,2,660.0,43.0,187.0,Edwards,1Fam,2Story,Gable,BrkFace,CBlock,GasA,Y,SBrkr,WD,Normal
843,288208,27958,4,9,2000,1980,109.0,110,63,133,306,932,136,1068,6,2,7,0,3,1081.0,57.0,156.0,Sawyer,1Fam,1Story,Gable,VinylSd,CBlock,GasA,N,SBrkr,WD,AdjLand
844,327417,7451,4,3,1913,1961,14.0,245,4,1364,1613,1206,14,1220,2,3,4,0,0,689.0,111.0,,NridgHt,1Fam,1Story,Gable,BrkFace,PConc,Grav,Y,SBrkr,WD,Normal
845,306636,14889,4,6,1949,1987,23.0,809,25,583,1417,793,33,826,1,3,9,0,3,396.0,341.0,2.0,Gilbert,1Fam,1Story,Flat,VinylSd,PConc,GasA,Y,SBrkr,WD,Normal
846,310854,7718,4,10,1896,2016,93.0,109,36,1870,2015,722,46,768,4,3,7,3,2,78.0,221.0,48.0,NridgHt,TwnhsE,1Story,Shed,MetalSd,CBlock,GasW,Y,FuseF,WD,Normal
847,236765,9952,4,10,1899,2015,,14,91,22,127,984,0,984,5,3,10,0,1,26.0,109.0,17.0,Gilbert,Duplex,2Story,Gable,VinylSd,BrkTil,GasA,N,,WD,Normal
848,276852,8789,5,9,1938,2001,69.0,337,65,128,530,962,49,1011,5,1,7,2,0,17.0,194.0,138.0,Gilbert,1Fam,1Story,Hip,VinylSd,PConc,GasA,Y,SBrkr,WD,Normal
849,254436,9858,2,3,1948,1954,12.0,463,23,540,1026,576,258,834,2,3,11,1,2,331.0,,79.0,NridgHt,1Fam,2.5Unf,Gable,CemntBd,PConc,GasW,Y,SBrkr,WD,Normal
850,349511,10203,2,5,1981,1960,63.0,950,52,1021,2023,1405,513,1918,1,2,7,1,3,12.0,47.0,,Edwards,1Fam,1Story,Gable,MetalSd,BrkTil,GasA,Y,FuseA,WD,Normal
851,291959,10156,9,5,1999,1974,12.0,51,43,11,105,661,64,725,4,1,5,0,2,470.0,1.0,16.0,Somerst,1Fam,2Story,Gable,VinylSd,CBlock,GasA,Y,SBrkr,WD,Normal
852,235523,20265,2,10,1936,1984,218.0,149,6,0,155,1052,25,1077,3,1,4,0,3,436.0,19.0,60.0,NWAmes,1Fam,SLvl,Hip,VinylSd,PConc,GasW,Y,SBrkr,WD,Normal
853,317034,7689,6,7,1962,1984,41.0,557,13,118,688,1059,392,1451,2,3,7,0,2,29.0,99.0,17.0,CollgCr,1Fam,1Story,Gable,BrkFace,CBlock,GasA,N,SBrkr,WD,Alloca
854,242711,14917,2,4,2008,1971,59.0,493,20,766,1279,355,2,357,3,1,7,2,3,829.0,216.0,1.0,NWAmes,1Fam,2Story,Gable,MetalSd,Slab,GasA,N,SBrkr,WD,Normal
855,305768,24562,5,4,1892,1986,6.0,294,10,582,886,961,397,1358,5,3,8,0,2,258.0,100.0,35.0,Somerst,1Fam,2Story,Gable,MetalSd,CBlock,GasA,Y,SBrkr,New,Normal
856,316807,10336,4,7,1885,2004,14.0,94,8,166,268,1467,42,1509,5,1,4,0,2,821.0,109.0,33.0,BrkSide,1Fam,1Story,Gable,CemntBd,PConc,GasA,Y,SBrkr,WD,Normal
857,307899,9330,7,9,1976,2013,7.0,100,2,0,102,725,77,802,4,1,7,1,1,811.0,10.0,71.0,NAmes,1Fam,2Story,Gable,CemntBd,PConc,GasA,Y,,WD,Normal
858,251192,11905,7,4,1973,1969,24.0,39,103,323,465,508,38,546,4,2,3,3,4,76.0,109.0,100.0,NridgHt,1Fam,1Story,Gable,HdBoard,PConc,Floor,Y,,WD,Normal
859,281995,24097,6,4,1989,1953,,764,17,108,889,866,85,951,3,2,5,1,2,167.0,,21.0,Somerst,1Fam,2Story,Gable,MetalSd,BrkTil,GasA,Y,SBrkr,WD,Normal
860,374060,14721,10,6,2017,1967,66.0,56,17,547,620,1032,480,1512,5,2,5,2,1,50.0,105.0,29.0,OldTown,1Fam,1Story,Gable,VinylSd,CBlock,GasA,Y,SBrkr,ConLI,Normal
861,305676,10243,5,6,1930,2000,5.0,255,11,236,502,874,42,916,4,1,5,3,0,522.0,,31.0,OldTown,1Fam,2Story,Hip,HdBoard,Wood,OthW,Y,SBrkr,WD,Normal
862,330669,17016,1,7,1930,2017,69.0,263,32,454,749,675,1543,2218,4,2,5,0,2,245.0,87.0,19.0,NAmes,1Fam,SFoyer,Gable,BrkFace,PConc,GasA,Y,,WD,Normal
863,270416,7699,3,1,1966,1969,2.0,138,36,765,939,659,118,777,5,2,10,0,3,924.0,55.0,68.0,NridgHt,Duplex,1.5Fin,Hip,BrkFace,PConc,GasA,N,SBrkr,WD,Normal
864,368224,18782,9,3,1947,1958,11.0,130,11,306,447,551,765,1316,5,2,3,1,2,81.0,81.0,36.0,CollgCr,1Fam,1Story,Gable,Wd Sdng,CBlock,GasA,Y,SBrkr,WD,AdjLand
865,210185,16387,1,9,1963,1975,78.0,331,46,163,540,511,63,574,1,1,8,0,2,408.0,15.0,122.0,Sawyer,1Fam,1Story,Gable,Wd Sdng,PConc,GasA,Y,SBrkr,WD,Normal
866,327746,11454,5,6,1921,1974,67.0,147,64,587,798,810,62,872,6,3,8,0,3,1586.0,50.0,52.0,Edwards,1Fam,2.5Unf,Gable,HdBoard,CBlock,GasA,N,SBrkr,WD,Normal
867,256496,8784,2,6,1936,2017,32.0,88,23,123,234,1019,249,1268,4,2,3,1,2,383.0,46.0,11.0,Edwards,1Fam,2Story,Gable,BrkFace,CBlock,GasA,Y,SBrkr,WD,Normal
868,256746,8575,4,5,1941,1990,2.0,152,44,888,1084,941,15,956,3,1,3,0,3,24.0,133.0,9.0,Somerst,Twnhs,1Story,Hip,VinylSd,PConc,GasA,N,SBrkr,WD,Normal
869,280141,17455,1,3,1886,2008,47.0,494,34,29,557,968,484,1452,2,1,5,0,2,310.0,122.0,23.0,NWAmes,1Fam,1Story,Gable,Wd Sdng,Slab,GasA,Y,SBrkr,WD,Normal
870,301078,24698,3,5,1991,1994,26.0,1018,10,721,1749,1085,173,1258,2,3,10,2,4,69.0,239.0,21.0,NridgHt,1Fam,1Story,Gable,MetalSd,BrkTil,GasA,Y,SBrkr,New,Family
871,410209,9714,10,1,1905,1990,19.0,303,65,38,406,1329,360,1689,5,2,8,0,1,10.0,99.0,26.0,OldTown,1Fam,2Story,Shed,BrkFace,PConc,GasA,Y,SBrkr,COD,Normal
872,317924,16800,7,3,1898,1987,51.0,457,80,23,560,905,57,962,6,1,6,2,2,142.0,37.0,10.0,Edwards,1Fam,1Story,Hip,VinylSd,PConc,GasA,Y,SBrkr,WD,Abnorml
873,369191,4705,10,4,1888,1968,28.0,228,52,180,460,995,308,1303,3,1,7,2,2,108.0,152.0,191.0,NWAmes,1Fam,1Story,Gable,CemntBd,CBlock,GasA,Y,SBrkr,New,Normal
874,329178,9973,3,5,1940,1963,4.0,294,19,1254,1567,997,270,1267,1,1,5,0,1,544.0,68.0,7.0,NAmes,1Fam,1Story,Gable,VinylSd,PConc,GasA,Y,SBrkr,WD,Normal
875,343786,13153,4,10,1899,1970,123.0,1329,130,1641,3100,938,422,1360,4,3,8,2,2,163.0,21.0,52.0,Sawyer,1Fam,SFoyer,Gable,VinylSd,PConc,GasA,N,SBrkr,WD,Normal
876,231205,8477,2,9,1985,1964,75.0,173,30,90,293,903,105,1008,1,2,8,3,2,462.0,137.0,0.0,Sawyer,1Fam,2Story,Gable,VinylSd,CBlock,GasA,Y,SBrkr,COD,Normal
877,296448,8364,3,4,1929,1952,2.0,20,15,64,99,925,811,1736,3,1,8,0,1,5.0,14.0,26.0,NridgHt,1Fam,1Story,Gable,CemntBd,PConc,GasA,Y,SBrkr,WD,Normal
878,454778,9567,9,3,1960,1986,37.0,944,26,174,1144,1434,975,2409,1,1,11,1,2,5.0,19.0,18.0,Gilbert,1Fam,1Story,Gable,Wd Sdng,Stone,GasA,N,SBrkr,WD,Normal
879,344144,15461,3,10,2019,1995,4.0,472,58,164,694,1379,607,1986,5,1,10,0,4,10.0,142.0,24.0,NridgHt,1Fam,2Story,Gable,VinylSd,PConc,GasA,Y,SBrkr,WD,Normal
880,266903,12165,5,1,1889,1965,90.0,152,93,570,815,538,254,792,2,1,8,2,2,86.0,,34.0,BrkSide,1Fam,1Story,Gable,VinylSd,PConc,GasA,Y,SBrkr,WD,Normal
881,299872,4362,2,10,1944,1963,47.0,1211,22,234,1467,958,163,1121,5,2,4,1,2,163.0,156.0,45.0,Edwards,1Fam,1Story,Gable,VinylSd,PConc,GasA,Y,SBrkr,ConLD,Normal
882,261644,4626,4,6,1887,1958,,127,13,605,745,899,17,916,4,2,6,0,0,327.0,,,Edwards,1Fam,2Story,Gable,VinylSd,CBlock,GasA,Y,FuseF,New,Normal
883,457252,9863,7,7,1901,1956,1.0,139,49,552,740,1310,882,2192,5,1,8,2,1,1491.0,201.0,49.0,Somerst,1Fam,1Story,Gable,MetalSd,PConc,GasA,Y,,WD,Normal
884,376714,16795,7,10,1897,1963,1.0,282,127,345,754,888,909,1797,3,1,11,0,2,153.0,128.0,93.0,Edwards,1Fam,1Story,Gable,MetalSd,Wood,GasA,Y,SBrkr,WD,Partial
885,254948,3382,3,8,1888,1955,35.0,96,10,717,823,968,5,973,3,1,4,0,4,20.0,179.0,108.0,Edwards,1Fam,1.5Fin,Gable,Wd Sdng,PConc,GasA,Y,FuseA,New,Normal
886,240767,10405,5,1,1933,1964,66.0,359,81,87,527,738,132,870,4,3,8,2,3,75.0,123.0,66.0,NWAmes,1Fam,1Story,Gable,VinylSd,Wood,GasA,Y,SBrkr,WD,Partial
887,289462,10268,1,4,1905,2001,6.0,49,32,70,151,1145,636,1781,4,3,9,0,2,798.0,86.0,4.0,Gilbert,2fmCon,1Story,Gable,BrkFace,PConc,GasW,Y,FuseF,WD,Partial
888,340083,26746,10,5,1973,1983,12.0,34,80,555,669,618,25,643,2,3,10,1,2,420.0,11.0,162.0,OldTown,TwnhsE,1Story,Gable,MetalSd,CBlock,GasA,Y,SBrkr,WD,AdjLand
889,348698,11020,10,2,1979,1950,19.0,229,35,112,376,819,65,884,1,1,11,1,2,546.0,124.0,147.0,OldTown,1Fam,1Story,Gable,MetalSd,CBlock,GasA,Y,SBrkr,WD,Normal
890,402949,16179,10,1,1905,2018,12.0,243,23,1,267,654,1154,1808,2,3,7,1,2,46.0,117.0,62.0,BrkSide,1Fam,1.5Fin,Gable,HdBoard,CBlock,GasA,Y,SBrkr,New,Normal
891,245057,14337,1,8,1913,1969,24.0,33,59,971,1063,820,563,1383,5,2,11,0,2,50.0,37.0,36.0,Sawyer,1Fam,1.5Fin,Gable,VinylSd,CBlock,GasA,Y,SBrkr,WD,Normal
892,310822,4604,5,6,1887,1956,41.0,998,115,390,1503,761,729,1490,1,3,11,0,3,41.0,,14.0,OldTown,2fmCon,2Story,Gable,VinylSd,BrkTil,GasA,Y,SBrkr,WD,Abnorml
893,385427,19616,10,5,2017,1956,57.0,255,19,235,509,1154,45,1199,4,1,9,2,0,681.0,79.0,70.0,Edwards,1Fam,SLvl,Gable,VinylSd,CBlock,GasA,N,SBrkr,WD,Normal
894,298599,14878,9,9,1927,1999,165.0,49,30,517,596,840,71,911,3,2,4,1,3,82.0,81.0,105.0,Gilbert,1Fam,1Story,Gable,HdBoard,PConc,GasA,Y,SBrkr,WD,Normal
895,272321,17225,1,2,1986,1951,133.0,111,13,162,286,1404,278,1682,5,1,10,0,1,,,54.0,NWAmes,1Fam,1Story,Gable,VinylSd,CBlock,GasA,Y,FuseF,WD,Normal
896,238331,95141,1,10,1933,1996,42.0,483,10,1228,1721,835,208,1043,2,2,7,1,2,254.0,12.0,49.0,Gilbert,1Fam,1Story,Gable,MetalSd,Wood,GasA,Y,SBrkr,WD,Normal
897,254583,4712,4,8,1998,1963,66.0,222,75,28,325,648,106,754,6,3,10,1,3,,24.0,10.0,OldTown,1Fam,2Story,Gable,HdBoard,CBlock,GasA,Y,SBrkr,WD,Normal
898,285112,31645,4,10,1960,1980,150.0,62,11,409,482,834,645,1479,6,3,4,0,2,76.0,146.0,22.0,Gilbert,1Fam,1Story,Gable,MetalSd,PConc,GasA,Y,SBrkr,WD,Normal
899,321678,11571,2,9,1975,1999,4.0,32,78,600,710,1035,694,1729,4,2,9,0,1,352.0,31.0,64.0,Edwards,1Fam,1.5Fin,Gable,MetalSd,BrkTil,GasA,Y,SBrkr,WD,Normal
900,368268,15423,9,1,1981,2010,0.0,169,28,253,450,1489,103,1592,1,2,7,2,2,15.0,0.0,0.0,Somerst,1Fam,1Story,Gable,VinylSd,BrkTil,GasA,Y,,WD,Normal
901,404383,13059,9,7,1941,1990,1.0,123,265,562,950,739,50,789,6,1,6,0,2,1761.0,581.0,51.0,Somerst,1Fam,1Story,Gable,HdBoard,PConc,OthW,Y,SBrkr,WD,Normal
902,293318,10806,2,8,1925,1963,41.0,320,10,1046,1376,1476,48,1524,1,2,8,0,1,9.0,23.0,72.0,OldTown,Duplex,1.5Fin,Hip,Wd Sdng,PConc,GasA,Y,SBrkr,WD,Normal
903,370498,10047,9,3,1966,1954,71.0,778,4,545,1327,848,198,1046,3,1,7,1,2,,106.0,20.0,Somerst,Twnhs,1Story,Gambrel,Wd Sdng,PConc,GasA,Y,SBrkr,ConLD,Normal
904,268425,15752,6,4,1978,1954,22.0,85,3,148,236,785,42,827,4,2,8,2,2,,261.0,3.0,Somerst,Twnhs,SFoyer,Gable,HdBoard,PConc,GasA,Y,SBrkr,WD,Normal
905,396271,6256,8,3,1918,2013,39.0,579,90,330,999,1133,192,1325,4,2,11,2,3,623.0,91.0,85.0,NridgHt,1Fam,2Story,Gable,Wd Sdng,BrkTil,GasA,Y,SBrkr,WD,Abnorml
906,429904,19443,10,7,1932,1978,36.0,759,28,970,1757,1376,185,1561,5,3,3,2,1,104.0,160.0,7.0,NWAmes,1Fam,1Story,Gable,MetalSd,PConc,GasW,Y,SBrkr,WD,Normal
907,340231,10849,4,9,1959,1954,4.0,696,0,238,934,1061,646,1707,5,3,3,1,2,223.0,374.0,23.0,Somerst,1Fam,1.5Fin,Hip,Wd Sdng,PConc,GasA,N,SBrkr,WD,Normal
908,211235,7592,2,3,1895,1985,19.0,911,103,457,1471,587,105,692,1,1,8,1,2,6.0,196.0,61.0,NWAmes,1Fam,1.5Fin,Gable,CemntBd,PConc,GasA,Y,FuseA,WD,Normal
909,269267,10667,2,6,1983,1968,0.0,553,104,250,907,992,246,1238,6,1,4,0,2,28.0,81.0,84.0,Somerst,1Fam,1Story,Gable,Wd Sdng,PConc,GasA,Y,SBrkr,WD,Normal
910,455827,25048,9,8,1949,2013,5.0,270,82,51,403,1723,408,2131,6,1,10,0,2,327.0,45.0,99.0,Edwards,1Fam,1Story,Hip,HdBoard,Stone,GasA,Y,SBrkr,WD,Normal
911,182197,10222,1,6,1987,1971,83.0,158,14,24,196,453,271,724,2,2,9,1,2,75.0,65.0,37.0,Gilbert,TwnhsE,1Story,Gable,MetalSd,PConc,GasA,Y,SBrkr,WD,Normal
912,403680,15982,7,2,1926,1983,88.0,202,23,1216,1441,1004,924,1928,1,2,8,1,2,414.0,184.0,,Sawyer,1Fam,1Story,Gable,Wd Sdng,PConc,GasA,Y,SBrkr,ConLw,Normal
913,265114,9269,3,7,1888,2005,80.0,618,68,379,1065,824,276,1100,6,1,6,0,1,538.0,191.0,94.0,Edwards,TwnhsE,2Story,Hip,VinylSd,BrkTil,GasA,N,,New,Normal
914,261886,19515,3,2,1913,1966,64.0,107,33,43,183,678,696,1374,5,2,11,1,3,664.0,186.0,41.0,Somerst,1Fam,1Story,Hip,MetalSd,CBlock,GasA,Y,SBrkr,WD,Normal
915,240968,18821,2,2,1965,2005,78.0,52,8,779,839,1224,84,1308,5,3,9,0,3,50.0,90.0,43.0,BrkSide,1Fam,1Story,Gable,VinylSd,CBlock,GasA,Y,SBrkr,WD,Normal
916,319980,33668,10,2,1994,1966,55.0,45,13,295,353,533,246,779,5,2,9,0,1,212.0,64.0,28.0,NAmes,1Fam,1.5Fin,Gable,MetalSd,PConc,GasA,N,SBrkr,COD,Normal
917,327411,12236,6,1,1943,1967,55.0,526,179,591,1296,808,235,1043,1,3,7,2,2,1028.0,37.0,23.0,BrkSide,1Fam,SFoyer,Gable,VinylSd,PConc,GasA,Y,,WD,Normal
918,492279,18663,10,1,1913,1994,55.0,429,8,54,491,1212,1365,2577,4,1,3,2,2,517.0,,32.0,NAmes,2fmCon,1Story,Gable,Wd Sdng,BrkTil,GasA,Y,Mix,WD,Normal
919,250487,14031,2,7,1891,2005,36.0,206,64,949,1219,1171,68,1239,2,2,4,0,0,43.0,144.0,22.0,Sawyer,1Fam,1Story,Gable,VinylSd,CBlock,GasA,Y,SBrkr,WD,Normal
920,373636,25538,10,5,1976,1999,22.0,96,32,357,485,1073,45,1118,2,1,10,0,2,244.0,32.0,21.0,NridgHt,1Fam,1Story,Gable,BrkFace,PConc,GasA,N,SBrkr,WD,Normal
921,339055,9326,4,3,2000,2007,65.0,339,69,536,944,945,283,1228,5,3,7,1,4,894.0,39.0,253.0,Somerst,1Fam,2Story,Hip,MetalSd,PConc,GasA,Y,SBrkr,WD,Normal
922,339635,19389,10,1,1966,1967,17.0,11,54,12,77,865,75,940,3,1,4,0,2,202.0,185.0,20.0,NWAmes,2fmCon,2Story,Hip,CemntBd,Wood,GasA,Y,SBrkr,WD,Normal
923,371647,12120,9,10,1981,1956,39.0,251,28,151,430,779,305,1084,1,3,7,0,3,635.0,5.0,14.0,NAmes,1Fam,1Story,Hip,MetalSd,Slab,GasA,Y,SBrkr,COD,Normal
924,382508,12937,9,6,1975,1959,28.0,152,21,124,297,670,1077,1747,6,3,10,0,2,239.0,262.0,,OldTown,TwnhsE,1Story,Shed,BrkFace,CBlock,GasA,Y,SBrkr,ConLD,Normal
925,401907,13986,6,1,1993,2018,16.0,1143,70,1195,2408,1145,878,2023,6,1,6,0,0,39.0,0.0,44.0,Gilbert,1Fam,1Story,Gable,VinylSd,CBlock,GasA,Y,SBrkr,WD,Abnorml
926,225604,15155,4,9,1926,1952,183.0,212,19,81,312,956,78,1034,4,3,5,1,1,55.0,279.0,120.0,NAmes,2fmCon,1Story,Gable,MetalSd,CBlock,GasW,Y,SBrkr,WD,Abnorml
927,317155,12605,7,2,1937,1993,14.0,241,77,491,809,1156,56,1212,5,1,7,2,2,16.0,60.0,77.0,Gilbert,1Fam,1Story,Gable,Wd Sdng,Slab,GasA,Y,SBrkr,WD,Normal
928,208727,14873,1,1,2012,2019,18.0,373,56,17,446,710,246,956,3,1,9,0,2,76.0,10.0,92.0,CollgCr,1Fam,2Story,Gable,VinylSd,CBlock,GasA,Y,SBrkr,WD,Normal
929,277324,29409,4,7,2000,1963,8.0,198,43,88,329,705,265,970,5,1,4,0,1,784.0,112.0,97.0,BrkSide,1Fam,1Story,Hip,Wd Sdng,PConc,GasA,Y,SBrkr,WD,Normal
930,310475,21866,5,6,1997,1953,86.0,76,23,165,264,1042,325,1367,3,3,3,1,2,367.0,226.0,126.0,Somerst,1Fam,SLvl,Gable,VinylSd,PConc,GasA,Y,SBrkr,WD,Abnorml
931,341507,20631,8,6,1884,1967,44.0,231,11,632,874,453,405,858,2,3,7,1,3,469.0,57.0,13.0,BrkSide,2fmCon,1Story,Gable,MetalSd,Slab,GasA,Y,SBrkr,WD,Normal
932,268218,10638,2,5,1975,2001,47.0,866,61,624,1551,420,275,695,3,2,9,0,3,340.0,117.0,30.0,CollgCr,1Fam,1Story,Gable,VinylSd,Wood,GasA,Y,SBrkr,WD,Normal
933,327273,8564,5,4,1900,1987,85.0,158,4,1219,1381,1216,35,1251,2,1,10,0,2,171.0,388.0,24.0,NAmes,1Fam,2Story,Gable,VinylSd,CBlock,GasA,N,SBrkr,WD,Normal
934,339837,21539,6,4,2007,1969,20.0,341,176,994,1511,726,468,1194,2,1,10,0,2,85.0,27.0,24.0,Edwards,1Fam,1Story,Gable,VinylSd,PConc,GasA,Y,SBrkr,WD,Normal
935,324459,20702,5,3,2003,1993,10.0,1145,192,34,1371,951,24,975,1,1,11,1,4,909.0,171.0,52.0,CollgCr,Duplex,1Story,Gambrel,BrkFace,CBlock,GasA,Y,SBrkr,New,Normal
936,336217,27898,9,10,1900,2000,11.0,531,6,708,1245,1006,6,1012,3,1,3,1,3,253.0,34.0,25.0,NWAmes,1Fam,1Story,Gable,Wd Sdng,BrkTil,GasA,Y,SBrkr,WD,Normal
937,397037,9877,10,8,1933,1968,65.0,322,5,239,566,1224,440,1664,4,1,9,0,2,,55.0,47.0,OldTown,1Fam,1Story,Gable,BrkFace,PConc,GasA,Y,SBrkr,WD,Partial
938,308604,11911,1,7,2017,2017,47.0,399,26,803,1228,786,238,1024,4,1,10,2,3,1941.0,,24.0,NWAmes,1Fam,1Story,Gable,CemntBd,BrkTil,Floor,Y,SBrkr,WD,Normal
939,246362,5885,3,9,1983,2015,11.0,826,165,37,1028,799,359,1158,3,1,8,0,1,169.0,59.0,18.0,Edwards,2fmCon,2Story,Gable,MetalSd,CBlock,GasA,N,FuseA,WD,Partial
940,268307,10979,2,1,1990,1962,7.0,963,25,692,1680,746,144,890,1,2,6,0,1,673.0,0.0,21.0,BrkSide,1Fam,1.5Fin,Mansard,MetalSd,CBlock,GasA,Y,SBrkr,WD,Normal
941,311174,21988,3,7,1995,2011,6.0,1041,22,69,1132,1081,3,1084,4,2,9,1,1,694.0,36.0,81.0,NridgHt,1Fam,2Story,Hip,BrkFace,PConc,GasA,N,SBrkr,WD,Normal
942,362325,10580,10,10,1936,2010,49.0,294,60,162,516,1096,120,1216,5,1,5,3,1,92.0,58.0,45.0,NridgHt,1Fam,2Story,Gable,MetalSd,CBlock,GasA,Y,SBrkr,WD,Normal
943,374795,18402,9,4,2007,1979,0.0,145,9,11,165,1317,281,1598,4,1,4,1,3,34.0,100.0,182.0,Gilbert,Duplex,1.5Fin,Gable,BrkFace,PConc,GasA,Y,SBrkr,WD,Normal
944,365855,12145,9,7,1999,1979,0.0,42,22,52,116,617,76,693,1,2,8,0,2,1299.0,101.0,89.0,Sawyer,1Fam,2Story,Gable,MetalSd,CBlock,GasA,Y,SBrkr,ConLI,Normal
945,436948,15709,10,1,1949,2000,24.0,146,17,236,399,1754,349,2103,2,2,4,1,2,194.0,87.0,33.0,Gilbert,1Fam,1Story,Gambrel,MetalSd,PConc,GasA,Y,SBrkr,WD,Normal
946,280480,7526,2,5,1974,1997,58.0,859,46,682,1587,817,474,1291,2,1,8,1,3,0.0,34.0,13.0,NWAmes,1Fam,2Story,Gable,VinylSd,BrkTil,GasA,N,SBrkr,WD,Abnorml
947,283993,13941,3,3,1978,1982,59.0,661,8,594,1263,884,181,1065,2,1,5,2,3,241.0,294.0,56.0,Somerst,1Fam,1Story,Gable,VinylSd,BrkTil,GasA,Y,SBrkr,WD,Normal
948,347807,2994,4,5,1921,1968,28.0,222,39,107,368,942,625,1567,1,2,4,0,1,338.0,49.0,,OldTown,1Fam,2Story,Gable,MetalSd,PConc,GasA,Y,SBrkr,WD,Normal
949,366190,12167,9,4,1949,2006,,231,97,65,393,683,578,1261,2,2,10,1,2,523.0,24.0,31.0,Somerst,1Fam,1Story,Gable,VinylSd,PConc,GasA,Y,SBrkr,WD,Normal
950,301565,5912,3,2,1881,1968,36.0,110,36,197,343,793,631,1424,2,1,6,1,2,1002.0,80.0,13.0,Edwards,1Fam,1Story,Gable,VinylSd,CBlock,GasA,Y,SBrkr,WD,Normal
951,417448,24416,7,4,1988,1990,188.0,181,57,859,1097,1391,324,1715,1,2,6,0,2,863.0,138.0,40.0,OldTown,1Fam,1Story,Gable,VinylSd,CBlock,GasA,Y,SBrkr,ConLD,Normal
952,324837,19706,3,3,1944,1991,8.0,375,3,38,416,1398,109,1507,5,1,9,0,2,985.0,1.0,14.0,NAmes,1Fam,2Story,Hip,MetalSd,Wood,GasW,Y,SBrkr,WD,Normal
953,307647,16870,7,1,1949,2001,45.0,154,29,313,496,954,196,1150,4,3,10,0,1,11.0,32.0,140.0,Sawyer,1Fam,2Story,Shed,Wd Sdng,PConc,GasA,Y,SBrkr,WD,Normal
954,351380,28581,7,10,1948,1953,33.0,62,4,37,103,1227,371,1598,1,1,11,0,2,435.0,174.0,49.0,Edwards,2fmCon,2Story,Gable,BrkFace,BrkTil,GasA,Y,FuseP,WD,Normal
955,339422,8312,9,8,2000,1953,10.0,233,45,254,532,1015,70,1085,1,1,10,1,3,89.0,70.0,17.0,OldTown,1Fam,1Story,Hip,BrkFace,PConc,GasA,Y,SBrkr,WD,Partial
956,250762,32006,2,5,1988,1954,69.0,76,16,54,146,882,402,1284,3,1,6,0,3,72.0,52.0,12.0,Edwards,1Fam,SLvl,Gable,BrkFace,BrkTil,GasA,Y,SBrkr,New,Normal
957,291239,21292,6,4,1939,1990,16.0,1098,16,33,1147,716,238,954,2,2,4,1,2,563.0,267.0,63.0,NAmes,Twnhs,1Story,Gable,Wd Sdng,CBlock,GasA,Y,SBrkr,WD,Abnorml
958,326266,11869,9,10,1972,2010,24.0,148,3,84,235,693,30,723,6,1,7,1,0,188.0,9.0,61.0,Gilbert,1Fam,SLvl,Gable,Wd Sdng,CBlock,GasA,Y,SBrkr,WD,Normal
959,264002,23571,2,5,1891,2004,23.0,721,18,117,856,715,244,959,5,1,9,2,3,869.0,95.0,45.0,OldTown,1Fam,2Story,Hip,CemntBd,Wood,GasA,Y,SBrkr,New,Abnorml
960,222358,7683,2,4,1982,1962,13.0,76,35,129,240,1457,20,1477,6,2,4,0,2,,41.0,47.0,Sawyer,1Fam,1Story,Hip,VinylSd,Wood,GasA,Y,SBrkr,New,Normal
961,272922,8846,5,3,1991,1963,28.0,62,43,414,519,1166,4,1170,3,3,6,1,2,567.0,7.0,46.0,BrkSide,1Fam,1Story,Gable,VinylSd,Wood,GasA,Y,,WD,Normal
962,420883,9854,10,5,1944,2009,32.0,287,3,22,312,1383,661,2044,5,3,8,0,2,51.0,24.0,22.0,Somerst,1Fam,1Story,Hip,VinylSd,CBlock,GasA,Y,SBrkr,WD,Normal
963,332486,10254,10,4,1927,1974,68.0,453,52,33,538,1012,201,1213,2,2,10,0,2,67.0,98.0,138.0,NWAmes,1Fam,SLvl,Gable,BrkFace,CBlock,GasA,Y,SBrkr,ConLI,AdjLand
964,364411,7877,10,1,1967,1993,72.0,250,33,83,366,689,235,924,6,1,8,2,2,227.0,2.0,32.0,NWAmes,1Fam,2.5Fin,Hip,MetalSd,PConc,GasA,Y,FuseA,WD,Normal
965,379332,24625,8,3,1941,1959,8.0,78,38,822,938,1075,98,1173,2,3,8,4,2,,89.0,1.0,CollgCr,1Fam,1Story,Gable,MetalSd,PConc,GasA,N,SBrkr,New,Normal
966,358406,11737,9,10,1923,1999,44.0,11,89,396,496,1314,234,1548,2,3,8,2,1,,314.0,21.0,Somerst,Twnhs,1Story,Hip,BrkFace,CBlock,GasA,Y,SBrkr,WD,Normal
967,271557,15934,2,10,2015,1993,,288,20,524,832,1087,55,1142,4,2,6,1,4,,158.0,6.0,NridgHt,1Fam,1Story,Gable,MetalSd,PConc,GasA,Y,,WD,Normal
968,266597,10044,5,8,1934,1963,5.0,42,9,185,236,604,410,1014,5,3,5,0,3,374.0,42.0,22.0,NridgHt,2fmCon,1Story,Gable,BrkFace,PConc,GasA,Y,FuseP,ConLD,Family
969,304964,5375,7,7,1987,1964,32.0,126,40,95,261,576,520,1096,5,3,3,0,3,120.0,14.0,46.0,BrkSide,2fmCon,2.5Fin,Hip,VinylSd,PConc,GasA,Y,SBrkr,WD,Normal
970,340695,15291,6,2,1926,1965,,337,145,15,497,1086,581,1667,3,2,4,2,3,66.0,62.0,1.0,OldTown,1Fam,2.5Fin,Hip,HdBoard,PConc,GasA,Y,SBrkr,WD,Normal
971,254839,5135,6,1,1881,1951,47.0,30,36,268,334,817,33,850,1,3,4,2,2,190.0,49.0,102.0,NridgHt,Duplex,1Story,Hip,Wd Sdng,CBlock,Floor,Y,SBrkr,WD,Normal
972,345655,12909,7,3,1992,1979,5.0,40,89,341,470,986,244,1230,2,1,9,0,2,210.0,356.0,47.0,NridgHt,2fmCon,1Story,Hip,VinylSd,CBlock,GasA,Y,SBrkr,New,Normal
973,290309,6740,3,5,1890,1979,25.0,19,70,909,998,722,496,1218,2,2,8,1,0,321.0,459.0,17.0,Edwards,1Fam,2Story,Gable,VinylSd,CBlock,GasA,Y,FuseA,WD,Abnorml
974,322606,36085,3,10,2017,1980,35.0,1662,36,855,2553,932,41,973,6,1,10,1,1,108.0,52.0,18.0,NridgHt,Twnhs,1Story,Gambrel,VinylSd,CBlock,GasA,Y,SBrkr,New,Normal
975,336601,21071,10,1,1991,1969,274.0,146,52,221,419,645,31,676,3,1,11,0,2,510.0,,31.0,Sawyer,1Fam,SLvl,Hip,Wd Sdng,CBlock,GasA,Y,FuseA,WD,AdjLand
976,402884,14085,9,3,1969,1998,9.0,708,26,220,954,966,509,1475,5,2,7,2,2,36.0,241.0,14.0,OldTown,Twnhs,1.5Fin,Gable,VinylSd,CBlock,GasA,Y,SBrkr,COD,Normal
977,360372,25130,8,3,1934,1984,202.0,104,37,70,211,1117,477,1594,4,3,5,0,4,287.0,157.0,0.0,CollgCr,1Fam,1Story,Gable,Wd Sdng,PConc,GasW,Y,SBrkr,New,Normal
978,284779,8750,5,5,1896,1972,23.0,419,35,119,573,1135,178,1313,5,2,6,0,2,341.0,71.0,1.0,NWAmes,1Fam,1Story,Shed,HdBoard,CBlock,GasA,Y,SBrkr,COD,Normal
979,293921,17531,6,3,1947,2010,11.0,74,61,1039,1174,606,34,640,4,3,10,1,2,81.0,,22.0,NridgHt,1Fam,2.5Unf,Hip,VinylSd,CBlock,GasA,Y,SBrkr,WD,Normal
980,367468,14763,10,9,2012,2004,26.0,206,26,60,292,1033,217,1250,4,1,5,0,2,612.0,59.0,6.0,NAmes,1Fam,2Story,Gable,HdBoard,PConc,GasA,Y,,New,Normal
981,248482,15245,1,1,1931,2016,47.0,522,5,1385,1912,752,150,902,5,3,4,3,1,334.0,232.0,1.0,BrkSide,1Fam,1Story,Gable,VinylSd,CBlock,GasA,N,SBrkr,WD,Normal
982,409541,25239,10,4,2017,1957,12.0,508,77,281,866,1419,219,1638,6,1,9,0,3,363.0,20.0,98.0,BrkSide,1Fam,1Story,Hip,CemntBd,BrkTil,GasA,Y,SBrkr,WD,Normal
983,277052,19268,1,10,1976,1989,17.0,474,57,243,774,1196,173,1369,2,1,6,0,2,241.0,164.0,16.0,NWAmes,Duplex,1Story,Gable,VinylSd,CBlock,GasA,N,SBrkr,ConLD,Normal
984,297763,15434,4,10,1927,2008,96.0,520,149,76,745,904,252,1156,4,1,10,0,2,841.0,1.0,,Somerst,1Fam,1Story,Mansard,MetalSd,PConc,GasA,Y,SBrkr,WD,Normal
985,331626,5840,2,4,1908,1981,345.0,71,27,433,531,1727,389,2116,6,2,3,1,3,414.0,253.0,9.0,CollgCr,1Fam,1Story,Gable,CemntBd,PConc,GasA,Y,SBrkr,WD,Normal
986,330232,8266,7,1,1906,1956,19.0,197,4,246,447,721,447,1168,3,3,10,1,2,168.0,69.0,2.0,NridgHt,1Fam,2Story,Gable,CemntBd,PConc,GasA,Y,SBrkr,WD,Partial
987,230547,12564,2,2,1983,1951,8.0,199,6,185,390,882,314,1196,3,3,7,1,2,95.0,25.0,68.0,NWAmes,1Fam,2Story,Gable,Wd Sdng,PConc,GasA,Y,SBrkr,WD,Normal
988,369562,13998,10,1,1939,1955,78.0,663,74,122,859,1056,66,1122,4,3,4,1,2,25.0,,6.0,OldTown,1Fam,2Story,Gable,MetalSd,PConc,GasA,Y,SBrkr,COD,Normal
989,275186,7592,2,6,1985,1985,45.0,105,3,27,135,1652,151,1803,2,1,3,1,2,63.0,81.0,1.0,Edwards,1Fam,1Story,Gable,HdBoard,CBlock,GasA,Y,SBrkr,WD,Normal
990,394075,44615,5,3,1948,1981,5.0,804,119,293,1216,1392,22,1414,4,2,8,1,1,1721.0,28.0,44.0,NWAmes,1Fam,1Story,Gable,MetalSd,PConc,GasA,N,SBrkr,WD,Abnorml
991,283144,28515,4,7,1993,1994,146.0,179,16,150,345,1141,180,1321,3,3,11,0,3,182.0,99.0,0.0,CollgCr,1Fam,2Story,Gable,VinylSd,CBlock,GasA,Y,SBrkr,Oth,Normal
992,429749,18052,8,5,1900,1991,4.0,332,114,492,938,690,1055,1745,3,3,11,1,4,801.0,33.0,28.0,Edwards,2fmCon,1Story,Gable,HdBoard,PConc,GasA,Y,SBrkr,WD,Normal
993,260008,13849,4,9,1981,2002,49.0,93,74,514,681,689,307,996,5,2,11,2,2,65.0,9.0,17.0,Somerst,1Fam,1.5Fin,Gable,BrkFace,PConc,GasA,Y,SBrkr,WD,Normal
994,303117,12014,6,7,2010,1958,27.0,158,102,161,421,1106,50,1156,2,3,6,0,2,193.0,70.0,19.0,Edwards,1Fam,2Story,Hip,MetalSd,PConc,GasW,Y,SBrkr,Con,Normal
995,327919,8300,5,4,1974,1998,40.0,371,12,442,825,616,93,709,5,2,8,0,3,1131.0,83.0,,NridgHt,1Fam,1Story,Gambrel,Wd Sdng,CBlock,GasA,Y,SBrkr,WD,Normal
996,201774,13887,2,5,1984,1951,11.0,215,45,119,379,988,20,1008,6,2,8,1,2,33.0,60.0,166.0,Gilbert,1Fam,1Story,Gable,VinylSd,PConc,GasA,N,SBrkr,WD,Normal
997,379007,15197,8,5,2004,2016,58.0,800,4,519,1323,1142,60,1202,6,3,7,1,4,315.0,61.0,36.0,NWAmes,1Fam,2Story,Hip,VinylSd,PConc,GasA,Y,SBrkr,New,Normal
998,261778,7180,2,5,1881,1960,160.0,400,11,6,417,576,200,776,6,2,4,1,2,880.0,89.0,42.0,Edwards,TwnhsE,1Story,Hip,Wd Sdng,PConc,GasA,Y,SBrkr,ConLD,Normal
999,379594,15789,9,10,1945,1999,30.0,249,18,65,332,1090,126,1216,1,2,9,0,2,1046.0,74.0,54.0,NWAmes,1Fam,SLvl,Gable,VinylSd,PConc,GasA,Y,SBrkr,COD,Normal
1000,365300,12361,9,9,1992,1984,37.0,653,67,112,832,1174,68,1242,6,3,3,0,2,654.0,14.0,79.0,NAmes,1Fam,2Story,Gable,CemntBd,CBlock,GasA,Y,SBrkr,WD,Normal
1001,254799,5146,3,10,1921,1964,,328,1,593,922,805,47,852,4,1,8,0,2,678.0,21.0,46.0,Gilbert,1Fam,SLvl,Gable,BrkFace,CBlock,Floor,Y,SBrkr,WD,Normal
1002,273469,8688,4,3,1899,1980,111.0,312,116,27,455,856,320,1176,5,3,7,0,1,369.0,15.0,71.0,NridgHt,1Fam,SFoyer,Hip,Wd Sdng,CBlock,GasA,Y,SBrkr,WD,Normal
1003,311462,10863,8,6,1976,2011,177.0,84,3,83,170,525,245,770,6,3,7,0,3,87.0,118.0,29.0,NWAmes,1Fam,1Story,Gable,CemntBd,BrkTil,GasA,Y,FuseA,WD,Normal
1004,351734,34332,9,8,1947,1977,77.0,150,23,177,350,868,554,1422,2,1,10,1,2,459.0,75.0,23.0,NAmes,1Fam,2Story,Gable,VinylSd,BrkTil,GasA,N,SBrkr,WD,Abnorml
1005,263506,17646,3,9,1954,1974,39.0,344,4,3,351,568,60,628,6,2,11,0,3,1342.0,56.0,86.0,NAmes,1Fam,1Story,Gable,CemntBd,PConc,GasA,Y,,WD,Normal
1006,306598,6851,5,7,2004,1974,157.0,667,73,574,1314,729,565,1294,4,3,9,0,1,261.0,,100.0,CollgCr,1Fam,2Story,Gable,VinylSd,CBlock,GasA,Y,FuseA,WD,Normal
1007,310349,17034,8,3,1926,1950,8.0,113,7,328,448,795,258,1053,4,1,10,0,2,105.0,39.0,7.0,Gilbert,1Fam,1Story,Gable,Wd Sdng,PConc,GasA,Y,SBrkr,WD,Normal
1008,259986,6163,3,1,1884,2008,,72,108,923,1103,634,92,726,4,1,4,0,3,298.0,83.0,39.0,OldTown,2fmCon,SLvl,Gable,MetalSd,PConc,GasA,N,SBrkr,Con,Normal
1009,293379,22956,7,4,1928,2018,38.0,270,37,12,319,617,95,712,4,3,4,0,4,410.0,7.0,57.0,Gilbert,Duplex,SFoyer,Gable,MetalSd,CBlock,GasA,Y,SBrkr,WD,Normal
1010,299997,10555,8,6,2003,1991,33.0,20,148,126,294,626,148,774,4,3,10,1,3,81.0,136.0,4.0,CollgCr,1Fam,2Story,Gable,HdBoard,CBlock,GasA,Y,SBrkr,WD,Normal
1011,424444,12748,10,3,1916,1983,81.0,376,17,525,918,1294,184,1478,2,1,8,1,3,444.0,118.0,132.0,BrkSide,1Fam,1Story,Gable,VinylSd,PConc,GasA,Y,SBrkr,WD,Normal
1012,249817,25923,3,1,1898,2015,55.0,364,30,449,843,879,25,904,1,3,10,4,2,309.0,162.0,36.0,Gilbert,1Fam,2Story,Gable,MetalSd,BrkTil,GasA,Y,SBrkr,WD,Abnorml
1013,299795,7019,2,6,1919,1967,6.0,131,59,111,301,1312,553,1865,3,1,11,0,3,331.0,215.0,51.0,NridgHt,1Fam,2Story,Gable,VinylSd,BrkTil,Grav,Y,SBrkr,WD,AdjLand
1014,348403,6643,10,1,1896,1954,21.0,669,89,362,1120,795,38,833,1,3,11,0,1,127.0,141.0,9.0,Gilbert,Twnhs,2Story,Gable,HdBoard,PConc,GasA,Y,SBrkr,WD,Partial
1015,318791,9978,7,9,1978,1969,20.0,209,27,631,867,800,198,998,3,1,8,0,1,59.0,186.0,15.0,CollgCr,Twnhs,1Story,Gable,Wd Sdng,CBlock,GasA,Y,SBrkr,WD,Normal
1016,341012,22453,9,1,1972,2015,41.0,311,111,13,435,790,144,934,5,3,10,0,1,341.0,42.0,6.0,Somerst,1Fam,1Story,Hip,VinylSd,Wood,GasA,Y,SBrkr,New,Normal
1017,211609,6249,1,6,1921,2011,17.0,70,6,505,581,367,215,582,4,3,4,1,3,308.0,42.0,15.0,BrkSide,1Fam,2Story,Hip,VinylSd,PConc,GasA,Y,SBrkr,WD,Normal
1018,273990,3241,3,1,2002,1981,6.0,162,61,116,339,1045,655,1700,5,3,10,0,1,144.0,288.0,33.0,Gilbert,1Fam,1Story,Gable,VinylSd,PConc,Grav,Y,,WD,AdjLand
1019,409068,10661,5,7,1986,2007,53.0,595,21,1181,1797,869,1355,2224,5,2,5,0,1,122.0,246.0,89.0,Sawyer,1Fam,2Story,Gable,Wd Sdng,BrkTil,GasA,Y,FuseA,New,Normal
1020,230352,17603,3,3,1951,1999,95.0,71,5,309,385,911,6,917,3,3,3,2,2,149.0,79.0,38.0,NWAmes,1Fam,1Story,Gable,Wd Sdng,PConc,Grav,Y,SBrkr,WD,Normal
1021,197192,24346,1,6,1944,1987,134.0,148,24,13,185,479,149,628,2,1,9,0,2,235.0,45.0,14.0,Somerst,TwnhsE,SLvl,Gable,BrkFace,Slab,GasA,Y,SBrkr,WD,Normal
1022,367217,10597,7,7,1988,2004,179.0,114,106,206,426,890,510,1400,4,1,3,0,3,1288.0,,2.0,NridgHt,1Fam,SLvl,Hip,Wd Sdng,CBlock,GasA,Y,SBrkr,WD,Normal
1023,337590,10875,7,1,1932,1977,75.0,49,196,1356,1601,787,118,905,6,2,3,1,2,504.0,39.0,48.0,Edwards,1Fam,1Story,Gable,VinylSd,CBlock,GasA,Y,SBrkr,WD,Normal
1024,397101,23788,10,1,2014,1971,7.0,102,24,524,650,932,314,1246,5,2,3,1,2,668.0,16.0,27.0,BrkSide,1Fam,1Story,Gable,CemntBd,PConc,GasW,Y,SBrkr,WD,Normal
1025,434100,5245,8,5,2012,1992,95.0,79,108,142,329,877,1458,2335,1,2,6,0,1,246.0,102.0,207.0,Somerst,Duplex,2Story,Gable,BrkFace,PConc,GasA,Y,SBrkr,WD,Normal
1026,299444,11000,5,6,1903,1985,25.0,771,35,342,1148,776,312,1088,4,3,6,3,2,261.0,4.0,75.0,NAmes,Twnhs,1Story,Hip,VinylSd,CBlock,GasA,Y,SBrkr,WD,Normal
1027,353087,14694,10,9,1907,2001,65.0,405,63,365,833,1063,35,1098,2,3,8,1,1,79.0,47.0,82.0,OldTown,2fmCon,1Story,Hip,CemntBd,CBlock,GasA,Y,SBrkr,WD,Normal
1028,325572,16724,5,1,1941,1985,37.0,113,2,9,124,1220,555,1775,4,1,5,0,2,446.0,164.0,0.0,CollgCr,1Fam,2Story,Gable,HdBoard,PConc,GasA,Y,SBrkr,WD,Normal
1029,322645,10353,5,4,1896,1977,88.0,432,40,78,550,794,1020,1814,6,1,8,0,2,191.0,34.0,75.0,Gilbert,1Fam,2.5Unf,Gable,MetalSd,Wood,GasA,Y,SBrkr,COD,Normal
1030,201473,13591,1,10,1899,2007,,6,3,320,329,581,373,954,6,3,9,1,2,474.0,267.0,10.0,NWAmes,1Fam,1Story,Gable,MetalSd,BrkTil,GasA,Y,SBrkr,WD,Normal
1031,319731,3850,10,8,1882,1985,3.0,224,15,206,445,593,162,755,5,1,3,0,3,184.0,311.0,44.0,BrkSide,1Fam,1Story,Hip,MetalSd,PConc,GasA,Y,SBrkr,WD,Normal
1032,321008,9613,5,10,1930,2019,40.0,86,41,84,211,1019,889,1908,1,3,8,1,4,40.0,,29.0,OldTown,1Fam,2Story,Gable,HdBoard,Wood,GasA,Y,SBrkr,COD,AdjLand
1033,433261,16760,6,9,2015,1958,9.0,36,82,592,710,1324,1038,2362,5,2,3,0,1,66.0,,42.0,CollgCr,Twnhs,2Story,Gable,VinylSd,BrkTil,GasA,Y,SBrkr,WD,Normal
1034,275021,8175,1,3,1882,1970,168.0,645,41,268,954,521,820,1341,2,3,9,3,0,584.0,75.0,7.0,CollgCr,2fmCon,1Story,Hip,VinylSd,BrkTil,GasA,Y,SBrkr,WD,Normal
1035,267482,13759,7,2,1952,2013,37.0,66,137,148,351,661,159,820,3,3,7,0,3,104.0,84.0,30.0,Gilbert,1Fam,2Story,Hip,MetalSd,PConc,GasA,Y,SBrkr,WD,Partial
1036,247455,16704,1,4,1984,2010,40.0,518,83,70,671,812,467,1279,6,3,6,2,1,107.0,180.0,1.0,BrkSide,1Fam,1Story,Gable,VinylSd,PConc,GasA,Y,SBrkr,ConLD,Abnorml
1037,224127,11256,2,2,1997,1989,,159,8,377,544,486,318,804,1,1,3,1,2,927.0,67.0,2.0,Gilbert,1Fam,1.5Fin,Gable,Wd Sdng,CBlock,GasA,Y,FuseA,WD,Normal
1038,248060,14548,2,1,1913,2005,48.0,4,24,438,466,872,59,931,6,3,11,0,2,375.0,52.0,53.0,Somerst,1Fam,2Story,Hip,CemntBd,PConc,GasA,Y,SBrkr,WD,Abnorml
1039,295677,8255,5,3,2016,1953,18.0,395,55,442,892,1001,230,1231,2,3,9,1,3,42.0,95.0,151.0,NWAmes,1Fam,1Story,Hip,Wd Sdng,BrkTil,GasA,Y,SBrkr,WD,Normal
1040,396903,12048,10,7,1941,1980,17.0,272,139,99,510,1036,413,1449,2,3,4,1,2,54.0,107.0,75.0,NridgHt,1Fam,1.5Fin,Hip,CemntBd,PConc,GasA,N,SBrkr,WD,Normal
1041,349478,18126,7,1,1999,1976,34.0,126,219,361,706,796,678,1474,6,2,6,1,0,111.0,138.0,31.0,NridgHt,Duplex,2Story,Gable,HdBoard,PConc,GasA,Y,SBrkr,WD,Alloca
1042,276902,14450,1,2,1994,2007,,99,72,943,1114,806,595,1401,5,3,6,0,0,315.0,110.0,2.0,NAmes,TwnhsE,2Story,Hip,VinylSd,CBlock,GasW,Y,SBrkr,Oth,Family
1043,329934,9964,10,1,1892,1974,79.0,22,42,174,238,660,50,710,6,3,10,0,1,489.0,136.0,,BrkSide,1Fam,1Story,Gable,BrkFace,PConc,GasA,N,SBrkr,WD,Normal
1044,163630,14944,1,8,1948,2018,164.0,851,70,94,1015,527,200,727,5,3,4,2,2,112.0,112.0,8.0,BrkSide,2fmCon,2Story,Gable,VinylSd,PConc,GasA,Y,SBrkr,WD,Normal
1045,257111,19097,1,5,1956,2019,3.0,204,15,591,810,848,195,1043,6,1,7,0,2,715.0,,186.0,CollgCr,1Fam,1Story,Gable,BrkFace,PConc,GasA,Y,SBrkr,WD,Normal
1046,310910,4793,6,8,1880,1954,15.0,26,16,77,119,1014,687,1701,5,2,10,0,3,40.0,14.0,25.0,OldTown,1Fam,1.5Fin,Gable,HdBoard,PConc,GasA,Y,SBrkr,WD,Partial
1047,227437,23849,2,3,1968,1957,4.0,609,53,117,779,902,0,902,3,2,8,2,2,81.0,153.0,92.0,Somerst,1Fam,2Story,Gable,BrkFace,PConc,GasA,Y,SBrkr,ConLI,Abnorml
1048,308437,11292,1,7,1926,1958,69.0,98,102,42,242,1252,402,1654,4,3,6,1,2,1232.0,3.0,61.0,Edwards,Twnhs,1.5Fin,Gable,VinylSd,BrkTil,GasA,Y,SBrkr,WD,Normal
1049,321082,16526,6,8,1883,1964,7.0,68,175,124,367,995,289,1284,4,3,7,0,2,50.0,489.0,46.0,Sawyer,1Fam,1Story,Gable,BrkFace,BrkTil,GasA,Y,SBrkr,WD,Partial
1050,329928,24309,2,6,1889,1956,5.0,98,20,211,329,1094,763,1857,5,1,4,1,0,766.0,176.0,147.0,Edwards,1Fam,1Story,Gable,Wd Sdng,CBlock,GasA,Y,SBrkr,WD,Normal
1051,287246,6728,6,7,1907,1964,,249,79,26,354,944,183,1127,5,3,7,0,4,426.0,111.0,13.0,Gilbert,1Fam,2Story,Mansard,VinylSd,PConc,GasA,Y,SBrkr,WD,Normal
1052,410132,9370,10,2,2000,1986,26.0,23,95,821,939,1568,321,1889,3,1,5,1,1,26.0,339.0,30.0,NWAmes,1Fam,1Story,Gable,BrkFace,CBlock,GasA,Y,SBrkr,WD,Normal
1053,396009,11564,8,8,2005,1988,62.0,197,48,288,533,775,1080,1855,4,3,5,2,2,231.0,94.0,100.0,CollgCr,1Fam,1Story,Gable,BrkFace,BrkTil,GasA,Y,SBrkr,WD,Normal
1054,301595,9028,2,5,2013,1955,33.0,678,21,354,1053,1100,408,1508,3,1,9,0,1,256.0,5.0,40.0,Sawyer,1Fam,SLvl,Gable,Wd Sdng,CBlock,GasA,Y,SBrkr,ConLI,Alloca
1055,372117,31807,9,7,2019,2006,27.0,62,48,185,295,967,20,987,2,2,5,0,2,941.0,81.0,14.0,Somerst,1Fam,1Story,Hip,MetalSd,PConc,GasA,Y,SBrkr,WD,Normal
1056,350221,8704,8,1,1941,1968,27.0,120,43,443,606,1120,55,1175,6,3,6,1,3,,32.0,11.0,BrkSide,1Fam,1Story,Gable,MetalSd,Wood,GasA,Y,SBrkr,WD,Normal
1057,381125,10119,10,5,1946,2012,102.0,151,46,226,423,992,516,1508,4,1,9,1,1,207.0,46.0,69.0,Gilbert,1Fam,SFoyer,Mansard,Wd Sdng,BrkTil,GasA,Y,,WD,Normal
1058,223390,14797,1,1,1953,1980,25.0,264,48,573,885,886,122,1008,5,1,5,0,2,41.0,61.0,0.0,OldTown,1Fam,1Story,Gable,BrkFace,PConc,GasA,Y,SBrkr,WD,Normal
1059,355270,7324,7,8,1974,1959,20.0,754,93,689,1536,1005,367,1372,1,3,4,2,0,356.0,148.0,122.0,Sawyer,1Fam,1Story,Gable,Wd Sdng,CBlock,GasA,Y,SBrkr,Oth,Normal
1060,398966,10961,10,4,1915,2016,20.0,150,9,445,604,1044,361,1405,2,1,9,0,3,82.0,69.0,0.0,CollgCr,Duplex,2Story,Hip,VinylSd,CBlock,GasA,Y,SBrkr,ConLI,Normal
1061,426105,15657,6,4,1991,2011,10.0,21,22,270,313,1085,1520,2605,6,3,7,1,2,28.0,64.0,,NAmes,1Fam,SLvl,Gable,VinylSd,PConc,Wall,Y,SBrkr,New,Normal
1062,419854,11311,6,2,2010,1952,98.0,128,44,609,781,1392,190,1582,1,3,3,0,2,2023.0,35.0,46.0,NAmes,1Fam,2Story,Gable,Wd Sdng,PConc,GasA,Y,SBrkr,COD,Normal
1063,301541,12750,6,5,1992,1967,7.0,63,16,272,351,951,401,1352,3,1,10,0,2,109.0,77.0,43.0,Sawyer,1Fam,SLvl,Gable,Wd Sdng,CBlock,GasA,Y,SBrkr,WD,Normal
1064,244579,10253,6,1,1989,1974,119.0,316,191,47,554,645,14,659,6,1,5,1,3,53.0,28.0,32.0,CollgCr,1Fam,1Story,Mansard,MetalSd,BrkTil,GasA,Y,SBrkr,WD,Normal
1065,362500,6265,10,9,1993,1969,16.0,8,15,49,72,943,186,1129,3,1,9,2,2,420.0,30.0,95.0,Somerst,TwnhsE,1Story,Hip,VinylSd,Slab,GasW,Y,SBrkr,WD,Normal
1066,317718,15690,7,5,1946,2007,114.0,103,31,1187,1321,785,61,846,3,2,8,2,2,603.0,141.0,53.0,CollgCr,2fmCon,2Story,Gable,VinylSd,PConc,GasA,Y,SBrkr,ConLD,Normal
1067,275903,32127,3,6,2005,1999,78.0,236,104,96,436,779,550,1329,5,3,8,1,2,23.0,41.0,76.0,Edwards,1Fam,2Story,Gable,MetalSd,CBlock,GasA,Y,SBrkr,ConLI,Normal
1068,323221,13483,6,2,1965,1959,43.0,97,4,676,777,815,549,1364,3,3,10,1,2,38.0,,6.0,NWAmes,1Fam,2Story,Hip,MetalSd,BrkTil,OthW,Y,SBrkr,WD,Normal
1069,211350,14952,3,10,1898,1970,55.0,240,85,113,438,684,80,764,1,2,6,2,1,33.0,42.0,2.0,CollgCr,1Fam,2Story,Gable,VinylSd,CBlock,GasA,Y,SBrkr,WD,Normal
1070,268003,18889,7,10,1948,1978,19.0,36,42,225,303,437,114,551,2,2,6,0,2,16.0,101.0,1.0,Edwards,1Fam,1.5Fin,Gable,BrkFace,CBlock,GasA,Y,SBrkr,New,Normal
1071,366705,7082,7,1,1889,1959,42.0,858,1,425,1284,1397,363,1760,5,1,5,0,1,377.0,168.0,7.0,BrkSide,1Fam,2Story,Gable,MetalSd,PConc,Wall,Y,SBrkr,WD,Abnorml
1072,342172,31296,8,4,2007,1962,17.0,103,116,69,288,775,402,1177,2,3,3,1,2,310.0,326.0,54.0,Somerst,1Fam,SFoyer,Gable,MetalSd,BrkTil,GasA,Y,SBrkr,New,Normal
1073,251444,14781,2,7,1978,1996,25.0,769,1,534,1304,536,321,857,3,2,5,1,2,380.0,137.0,34.0,BrkSide,1Fam,2Story,Hip,MetalSd,CBlock,GasA,Y,SBrkr,WD,Normal
1074,468474,30210,9,6,1911,1972,72.0,118,36,468,622,947,1713,2660,4,2,3,0,1,246.0,56.0,69.0,BrkSide,2fmCon,1Story,Hip,Wd Sdng,PConc,GasA,Y,SBrkr,WD,Normal
1075,367191,9260,5,10,1991,1999,13.0,456,2,313,771,1079,609,1688,6,3,8,1,2,595.0,35.0,10.0,Somerst,1Fam,1Story,Gable,VinylSd,Wood,GasA,Y,SBrkr,WD,Normal
1076,354643,33157,9,1,1903,1953,91.0,84,3,333,420,851,161,1012,5,3,10,0,3,,13.0,22.0,Somerst,TwnhsE,2Story,Gable,CemntBd,Stone,GasA,Y,SBrkr,WD,Normal
1077,356731,19684,10,1,1914,2016,23.0,332,109,44,485,609,118,727,3,3,5,2,2,878.0,98.0,109.0,BrkSide,TwnhsE,2Story,Hip,VinylSd,CBlock,GasA,Y,FuseA,WD,Normal
1078,270995,17615,5,8,1962,2002,37.0,117,72,229,418,587,272,859,5,1,6,0,2,232.0,71.0,137.0,BrkSide,1Fam,1.5Fin,Gable,HdBoard,BrkTil,GasA,Y,SBrkr,WD,Normal
1079,408846,15018,7,4,1949,1951,142.0,213,10,36,259,1780,510,2290,4,2,7,1,3,547.0,113.0,127.0,CollgCr,1Fam,2Story,Gable,HdBoard,CBlock,GasA,Y,SBrkr,WD,Normal
1080,310201,11798,9,5,1988,2017,57.0,336,48,147,531,588,193,781,1,1,9,0,2,183.0,27.0,85.0,Sawyer,1Fam,2Story,Gable,VinylSd,PConc,GasA,Y,Mix,WD,Normal
1081,285002,24349,4,7,1978,2014,51.0,266,79,922,1267,550,401,951,1,3,8,1,1,199.0,39.0,58.0,Somerst,1Fam,SFoyer,Gable,CemntBd,PConc,GasA,N,SBrkr,WD,Normal
1082,233968,14330,2,8,1912,2006,62.0,257,110,341,708,818,5,823,6,3,4,0,2,661.0,34.0,122.0,Gilbert,1Fam,2Story,Gable,VinylSd,Slab,GasW,Y,FuseA,WD,Normal
1083,399980,4996,9,10,1935,2019,125.0,20,31,543,594,1148,780,1928,1,2,9,1,2,39.0,159.0,62.0,Sawyer,1Fam,1Story,Hip,MetalSd,PConc,GasA,Y,SBrkr,WD,Normal
1084,328754,7641,2,7,1891,1956,14.0,85,113,341,539,1476,445,1921,4,1,10,1,2,291.0,18.0,153.0,Sawyer,2fmCon,2Story,Hip,MetalSd,CBlock,GasA,Y,SBrkr,WD,Abnorml
1085,267710,12174,3,2,1890,1968,47.0,254,35,86,375,842,150,992,2,1,3,1,2,453.0,93.0,1.0,BrkSide,1Fam,1Story,Gable,BrkFace,PConc,GasA,Y,SBrkr,WD,Normal
1086,339565,15599,10,4,1949,1993,25.0,5,58,361,424,838,145,983,4,1,8,0,2,485.0,5.0,127.0,NridgHt,1Fam,2Story,Gable,VinylSd,PConc,GasA,Y,SBrkr,WD,Alloca
1087,234438,12987,2,10,2019,2012,0.0,86,193,563,842,610,32,642,4,3,11,2,3,313.0,79.0,40.0,Sawyer,1Fam,2Story,Gable,Wd Sdng,PConc,GasA,Y,SBrkr,WD,Normal
1088,305162,24575,3,1,1920,2014,6.0,78,13,59,150,1244,508,1752,3,2,9,1,2,208.0,6.0,5.0,BrkSide,1Fam,1.5Fin,Gable,VinylSd,Wood,GasA,Y,SBrkr,WD,Abnorml
1089,325097,5036,6,10,1985,1988,19.0,86,9,679,774,879,439,1318,1,1,7,2,2,105.0,19.0,12.0,NridgHt,1Fam,2Story,Hip,Wd Sdng,PConc,GasA,Y,SBrkr,WD,Normal
1090,301057,14354,3,9,1882,1975,41.0,230,20,324,574,887,298,1185,5,3,11,0,4,840.0,11.0,95.0,BrkSide,1Fam,2Story,Gable,Wd Sdng,CBlock,GasA,Y,FuseF,WD,Normal
1091,366291,5383,10,3,1882,1993,106.0,261,8,1,270,1022,32,1054,6,3,4,1,2,,42.0,35.0,Gilbert,1Fam,1Story,Gable,VinylSd,CBlock,GasA,Y,SBrkr,WD,Normal
1092,368806,19532,8,3,1963,1961,78.0,719,16,293,1028,982,91,1073,2,1,9,0,3,561.0,42.0,203.0,Somerst,Twnhs,2Story,Gable,VinylSd,CBlock,GasA,Y,SBrkr,WD,Normal
1093,280185,12743,6,10,1986,1971,40.0,146,67,201,414,860,184,1044,5,2,11,1,2,11.0,175.0,6.0,Somerst,1Fam,1.5Fin,Gable,VinylSd,BrkTil,GasA,Y,SBrkr,WD,Normal
1094,345628,16478,7,9,2013,1963,3.0,783,32,140,955,1334,92,1426,3,2,4,1,2,92.0,25.0,26.0,Sawyer,1Fam,1Story,Hip,BrkFace,Wood,GasA,Y,SBrkr,WD,Normal
1095,193829,8673,1,10,1899,1979,16.0,316,23,590,929,554,170,724,3,1,8,2,3,148.0,9.0,20.0,NAmes,1Fam,1Story,Gable,CemntBd,PConc,GasA,Y,SBrkr,WD,Normal
1096,299880,25329,3,3,2018,1993,22.0,731,23,919,1673,956,76,1032,2,3,11,0,0,389.0,92.0,36.0,CollgCr,1Fam,2Story,Gable,MetalSd,BrkTil,GasA,Y,SBrkr,WD,Abnorml
1097,292912,22490,3,8,1975,1987,48.0,537,10,575,1122,1014,129,1143,5,3,5,1,2,134.0,116.0,50.0,NAmes,1Fam,1Story,Gable,BrkFace,CBlock,GasA,Y,FuseA,New,Normal
1098,234543,17885,2,2,2003,2008,3.0,349,29,750,1128,793,316,1109,2,1,10,2,2,14.0,34.0,,BrkSide,1Fam,SFoyer,Gable,MetalSd,Wood,GasA,N,SBrkr,WD,Normal
1099,390116,12521,7,3,1900,1991,37.0,132,48,957,1137,1080,668,1748,2,3,7,0,2,66.0,92.0,0.0,NridgHt,1Fam,1Story,Hip,MetalSd,Wood,GasA,Y,FuseP,WD,Normal
1100,391419,17853,9,2,1993,2001,115.0,82,7,975,1064,1095,145,1240,1,3,9,0,2,104.0,149.0,4.0,NWAmes,1Fam,2Story,Hip,MetalSd,PConc,GasA,Y,SBrkr,WD,Abnorml
1101,270627,9382,4,1,1892,2012,61.0,75,180,48,303,1252,353,1605,5,1,5,1,1,67.0,42.0,1.0,NridgHt,1Fam,2Story,Gable,HdBoard,CBlock,GasA,Y,SBrkr,WD,Normal
1102,279056,20491,5,2,1965,2010,79.0,912,29,243,1184,868,43,911,1,3,10,1,1,79.0,74.0,99.0,NWAmes,1Fam,1Story,Gable,VinylSd,BrkTil,GasA,Y,SBrkr,WD,Normal
1103,262280,30477,3,8,1914,1983,57.0,955,147,0,1102,841,233,1074,1,1,4,0,2,512.0,15.0,18.0,Edwards,1Fam,1.5Fin,Gable,VinylSd,PConc,GasW,Y,SBrkr,WD,Alloca
1104,410930,22818,9,9,1926,1988,11.0,387,7,282,676,1055,764,1819,6,1,10,0,2,185.0,2.0,22.0,NridgHt,2fmCon,2Story,Gable,BrkFace,PConc,GasA,Y,SBrkr,WD,Abnorml
1105,275680,9276,4,2,2004,1990,5.0,645,72,1032,1749,846,8,854,1,1,4,2,2,181.0,,29.0,BrkSide,1Fam,1Story,Gable,CemntBd,PConc,GasA,Y,SBrkr,New,Normal
1106,286614,16005,5,7,1989,1986,88.0,753,48,88,889,568,93,661,4,3,9,3,2,1189.0,35.0,,BrkSide,1Fam,1.5Fin,Mansard,VinylSd,PConc,GasA,Y,SBrkr,WD,Normal
1107,256015,6998,1,5,1916,2014,59.0,214,85,408,707,1162,42,1204,3,1,4,1,2,207.0,32.0,0.0,NridgHt,1Fam,2Story,Gable,HdBoard,BrkTil,GasA,Y,SBrkr,WD,Family
1108,229914,17786,2,3,1900,1981,42.0,297,45,413,755,517,228,745,3,3,9,2,2,919.0,362.0,6.0,BrkSide,1Fam,2Story,Gable,VinylSd,PConc,GasA,Y,SBrkr,WD,Normal
1109,359175,16735,9,9,1893,1957,10.0,162,164,69,395,1012,341,1353,4,1,3,0,3,124.0,130.0,57.0,BrkSide,1Fam,2.5Unf,Gable,VinylSd,BrkTil,GasA,Y,SBrkr,COD,Normal
1110,299838,5245,2,6,1970,1967,46.0,162,49,109,320,1922,17,1939,2,2,8,1,1,179.0,88.0,,CollgCr,1Fam,1Story,Gable,VinylSd,CBlock,GasA,Y,SBrkr,WD,Normal
1111,266897,7473,5,1,1939,1994,1.0,11,76,247,334,1053,21,1074,5,3,9,1,1,176.0,120.0,51.0,CollgCr,1Fam,2Story,Gable,MetalSd,CBlock,GasA,Y,SBrkr,WD,Normal
1112,347583,11596,8,5,2003,1982,6.0,170,105,83,358,729,611,1340,5,3,6,1,2,276.0,123.0,15.0,Sawyer,1Fam,2Story,Hip,VinylSd,BrkTil,GasA,Y,SBrkr,WD,AdjLand
1113,249121,11493,3,7,1902,1954,18.0,335,62,351,748,784,182,966,5,3,3,1,2,307.0,144.0,36.0,CollgCr,Twnhs,1.5Fin,Hip,VinylSd,PConc,GasA,Y,SBrkr,WD,Normal
1114,319039,7297,6,4,1990,1985,,164,37,265,466,1003,186,1189,1,2,8,0,2,99.0,,184.0,NAmes,2fmCon,1Story,Gable,VinylSd,PConc,GasA,Y,SBrkr,WD,Normal
1115,365806,16227,4,8,2003,1972,6.0,617,15,292,924,892,867,1759,5,1,6,0,2,552.0,53.0,37.0,NAmes,1Fam,1.5Fin,Gable,MetalSd,PConc,GasA,Y,,New,Normal
1116,323771,15149,7,10,1909,1989,6.0,121,96,57,274,1126,115,1241,5,2,5,1,2,240.0,34.0,23.0,NAmes,1Fam,2Story,Gable,VinylSd,PConc,GasA,Y,FuseP,New,Normal
1117,448263,12123,10,5,1994,1954,64.0,42,32,291,365,1387,681,2068,5,1,6,1,2,2.0,7.0,24.0,Gilbert,1Fam,1Story,Gable,VinylSd,CBlock,GasA,N,SBrkr,WD,Normal
1118,377257,9155,3,9,1969,1983,42.0,500,48,20,568,1331,1097,2428,3,1,8,1,4,313.0,53.0,170.0,Somerst,1Fam,1Story,Gable,BrkFace,PConc,GasA,Y,SBrkr,ConLI,Alloca
1119,290125,22569,6,9,1917,1973,38.0,336,4,853,1193,634,83,717,4,1,7,1,2,559.0,95.0,63.0,NridgHt,1Fam,1Story,Hip,MetalSd,BrkTil,GasA,Y,SBrkr,ConLI,Normal
1120,340833,30567,10,9,1962,1966,30.0,83,34,168,285,902,216,1118,6,1,4,1,2,100.0,19.0,58.0,OldTown,2fmCon,2Story,Gable,HdBoard,BrkTil,GasA,Y,SBrkr,ConLI,Normal
1121,394964,10490,9,1,1906,1971,187.0,230,59,776,1065,1040,229,1269,2,1,4,0,3,13.0,36.0,13.0,Somerst,1Fam,1Story,Gable,MetalSd,PConc,GasA,N,,WD,Normal
1122,466320,9837,10,2,1983,1964,2.0,154,43,483,680,1415,603,2018,4,2,5,0,2,576.0,101.0,40.0,CollgCr,Twnhs,1.5Fin,Gable,VinylSd,PConc,GasA,Y,,WD,Abnorml
1123,301687,17078,1,3,1995,1964,9.0,838,29,581,1448,999,108,1107,5,3,8,0,2,1309.0,86.0,22.0,NWAmes,1Fam,1Story,Gable,MetalSd,CBlock,GasA,Y,SBrkr,WD,Normal
1124,253851,11169,3,4,1894,1974,52.0,280,12,151,443,731,479,1210,2,2,3,0,2,27.0,203.0,13.0,NWAmes,1Fam,1Story,Gable,BrkFace,BrkTil,GasA,Y,FuseA,WD,Normal
1125,335976,12460,2,10,1882,2002,7.0,51,18,103,172,1023,1062,2085,2,3,9,0,2,973.0,156.0,112.0,Edwards,1Fam,2.5Fin,Hip,VinylSd,CBlock,GasA,Y,SBrkr,WD,Normal
1126,438335,19337,8,9,1889,1970,44.0,209,60,208,477,1549,550,2099,4,3,10,0,3,155.0,337.0,24.0,CollgCr,Duplex,1Story,Gable,BrkFace,PConc,GasA,Y,SBrkr,WD,Normal
1127,375295,5142,7,10,1999,2015,41.0,595,12,9,616,832,719,1551,4,3,9,1,1,993.0,90.0,16.0,BrkSide,1Fam,2Story,Gable,Wd Sdng,PConc,GasA,Y,SBrkr,WD,AdjLand
1128,287255,25826,2,6,2007,1981,177.0,333,48,1004,1385,727,369,1096,4,2,5,0,3,366.0,119.0,134.0,Sawyer,1Fam,1Story,Hip,CemntBd,PConc,GasA,Y,SBrkr,WD,Abnorml
1129,384937,13854,6,1,1890,1970,107.0,554,44,195,793,889,702,1591,6,1,8,0,2,773.0,196.0,10.0,Edwards,1Fam,1Story,Gable,CemntBd,PConc,GasA,Y,SBrkr,WD,Normal
1130,281824,10875,3,9,2012,2017,145.0,86,176,1788,2050,738,54,792,4,1,6,1,3,539.0,183.0,68.0,Somerst,1Fam,1Story,Shed,BrkFace,CBlock,GasW,N,SBrkr,WD,Normal
1131,365315,12776,8,6,1948,1993,6.0,657,3,573,1233,1150,373,1523,6,3,7,2,0,,126.0,,Edwards,1Fam,1.5Fin,Gable,VinylSd,BrkTil,GasA,Y,SBrkr,Oth,Normal
1132,330708,13111,10,4,1943,2015,101.0,422,5,33,460,740,394,1134,1,1,5,0,3,23.0,69.0,126.0,CollgCr,1Fam,1Story,Gable,VinylSd,PConc,GasA,Y,FuseA,WD,Normal
1133,280968,5621,3,4,1893,1963,6.0,391,35,431,857,1323,173,1496,3,1,7,1,1,261.0,31.0,89.0,Gilbert,1Fam,2Story,Gable,MetalSd,PConc,GasA,Y,SBrkr,WD,Normal
1134,354543,28211,10,3,1929,1964,50.0,127,37,126,290,1041,24,1065,6,2,8,2,2,48.0,209.0,61.0,NAmes,1Fam,2Story,Mansard,Wd Sdng,BrkTil,GasA,Y,SBrkr,WD,Normal
1135,374387,13638,9,7,1951,1969,63.0,655,2,111,768,1106,292,1398,3,1,10,2,2,216.0,149.0,18.0,Sawyer,1Fam,1Story,Hip,Wd Sdng,Wood,GasW,Y,SBrkr,WD,Normal
1136,270145,16672,1,3,1948,1983,8.0,304,87,118,509,1104,15,1119,5,1,8,0,2,1082.0,181.0,34.0,NAmes,1Fam,1.5Fin,Gable,VinylSd,CBlock,GasA,Y,SBrkr,WD,Alloca
1137,345207,21499,5,2,2014,1985,50.0,572,34,991,1597,1159,144,1303,1,2,11,2,2,122.0,15.0,144.0,Somerst,1Fam,1Story,Gable,HdBoard,BrkTil,GasA,Y,SBrkr,WD,Normal
1138,244879,8017,3,10,2006,1958,2.0,134,21,277,432,818,150,968,2,1,6,1,1,234.0,37.0,1.0,NWAmes,1Fam,2.5Unf,Gable,VinylSd,PConc,GasA,Y,SBrkr,WD,Partial
1139,410582,16928,6,8,1895,1979,17.0,47,19,442,508,669,2049,2718,4,3,4,2,2,169.0,55.0,79.0,NAmes,1Fam,1.5Fin,Gable,MetalSd,Wood,GasA,Y,SBrkr,WD,Family
1140,352301,11686,10,4,1957,2012,127.0,121,98,131,350,778,106,884,5,2,11,1,2,347.0,182.0,14.0,BrkSide,1Fam,1Story,Gable,Wd Sdng,Wood,GasA,Y,,WD,Normal
1141,245585,20401,2,8,1980,1984,9.0,182,10,296,488,1185,515,1700,2,1,5,2,2,75.0,,10.0,NridgHt,1Fam,1Story,Gable,BrkFace,BrkTil,GasA,N,SBrkr,WD,Normal
1142,310024,4611,9,1,1935,1962,3.0,228,8,172,408,528,16,544,3,1,9,0,2,105.0,33.0,13.0,NridgHt,1Fam,1Story,Gable,Wd Sdng,PConc,GasA,Y,,COD,Normal
1143,252222,12713,6,5,1984,1995,29.0,214,11,154,379,492,226,718,2,2,6,2,1,685.0,115.0,3.0,Somerst,1Fam,2Story,Hip,CemntBd,CBlock,GasA,Y,SBrkr,WD,Normal
1144,317267,9883,7,9,2011,2005,,236,49,113,398,960,230,1190,4,3,3,3,2,583.0,8.0,241.0,Edwards,2fmCon,2Story,Gable,CemntBd,PConc,GasA,Y,SBrkr,ConLD,Normal
1145,328789,16582,5,1,1927,1958,3.0,552,83,210,845,1156,297,1453,4,2,10,0,2,544.0,52.0,101.0,NWAmes,1Fam,SLvl,Hip,MetalSd,CBlock,GasA,N,SBrkr,WD,Normal
1146,384285,16899,9,4,1896,1985,21.0,55,20,431,506,1204,498,1702,6,3,6,1,2,515.0,66.0,36.0,Somerst,1Fam,1Story,Gable,VinylSd,PConc,Grav,Y,SBrkr,WD,Normal
1147,190617,9378,1,6,1990,1952,115.0,113,9,100,222,675,430,1105,6,2,8,1,4,215.0,145.0,62.0,NAmes,1Fam,2Story,Gable,VinylSd,CBlock,GasA,Y,SBrkr,New,Normal
1148,337402,9357,5,10,1949,1968,6.0,658,11,1346,2015,630,429,1059,3,1,9,1,2,456.0,222.0,40.0,NWAmes,1Fam,2Story,Gable,BrkFace,PConc,GasA,Y,FuseA,WD,Normal
1149,329939,12640,10,8,1959,1977,18.0,246,48,53,347,730,169,899,4,2,10,1,1,171.0,41.0,83.0,Somerst,1Fam,2Story,Gable,MetalSd,BrkTil,GasA,Y,SBrkr,WD,Partial
1150,293540,8532,6,3,1972,1972,75.0,262,14,261,537,798,390,1188,1,2,4,0,1,37.0,75.0,93.0,NWAmes,1Fam,1Story,Gable,MetalSd,CBlock,GasA,N,SBrkr,WD,Normal
1151,295344,20353,7,5,1917,1956,39.0,195,104,35,334,811,202,1013,5,3,11,1,2,,104.0,13.0,Sawyer,1Fam,1Story,Gable,VinylSd,PConc,GasA,Y,SBrkr,WD,Normal
1152,224714,11107,4,7,1980,1963,89.0,238,5,9,252,931,20,951,3,2,5,0,2,60.0,39.0,30.0,BrkSide,2fmCon,1Story,Gable,VinylSd,BrkTil,GasA,Y,SBrkr,WD,Normal
1153,324223,3122,1,1,1941,1995,5.0,66,1,1023,1090,1368,662,2030,3,3,3,2,1,173.0,423.0,50.0,NridgHt,1Fam,1Story,Hip,VinylSd,PConc,GasA,N,SBrkr,WD,Normal
1154,361947,11076,8,7,2000,1964,126.0,237,4,665,906,881,662,1543,2,2,4,1,0,123.0,208.0,191.0,Gilbert,1Fam,1Story,Gable,VinylSd,PConc,GasA,Y,,WD,Normal
1155,440384,7948,10,8,1927,2016,136.0,1760,93,473,2326,1189,116,1305,3,1,10,3,2,319.0,35.0,57.0,NWAmes,1Fam,2Story,Gable,Wd Sdng,CBlock,GasA,Y,SBrkr,WD,Normal
1156,337326,5909,4,8,1889,1964,8.0,250,52,801,1103,1092,735,1827,5,2,8,2,2,157.0,70.0,,Edwards,1Fam,1Story,Gable,MetalSd,CBlock,GasA,Y,SBrkr,ConLD,Partial
1157,271822,7196,3,9,1915,2000,1.0,13,158,649,820,725,425,1150,1,1,3,1,1,427.0,26.0,93.0,Somerst,1Fam,1.5Fin,Gambrel,CemntBd,PConc,GasA,Y,SBrkr,WD,Normal
1158,329860,14110,7,6,1883,1957,229.0,477,20,416,913,1088,153,1241,2,3,11,0,2,251.0,72.0,,NAmes,1Fam,1Story,Flat,Wd Sdng,PConc,GasA,Y,SBrkr,WD,Normal
1159,296729,25960,2,6,1923,2018,32.0,151,11,751,913,1066,120,1186,5,3,9,0,4,881.0,114.0,,NridgHt,1Fam,2Story,Hip,BrkFace,PConc,GasA,Y,SBrkr,WD,Normal
1160,403997,15624,8,2,1935,2011,42.0,50,41,198,289,897,1108,2005,6,3,5,1,4,33.0,8.0,23.0,Gilbert,1Fam,2Story,Gable,VinylSd,Wood,GasA,Y,SBrkr,WD,Normal
1161,351939,9864,6,3,1921,2000,47.0,595,38,321,954,945,374,1319,3,3,9,1,3,,204.0,23.0,NridgHt,1Fam,1Story,Gable,MetalSd,PConc,GasA,N,SBrkr,WD,Normal
1162,320093,16780,7,4,1993,2012,77.0,66,44,598,708,882,142,1024,4,2,8,0,3,390.0,90.0,75.0,NAmes,1Fam,1Story,Gable,VinylSd,PConc,GasA,Y,,WD,Normal
1163,313209,10619,5,4,1900,2017,83.0,760,21,35,816,647,308,955,6,2,5,1,2,1052.0,456.0,7.0,NridgHt,TwnhsE,1Story,Gable,BrkFace,CBlock,GasA,Y,SBrkr,WD,Normal
1164,422617,9439,9,8,1958,1965,10.0,174,0,782,956,1825,254,2079,4,2,10,2,1,162.0,2.0,18.0,NridgHt,1Fam,2Story,Gable,VinylSd,CBlock,GasA,Y,SBrkr,WD,Normal
1165,300524,7501,5,1,1948,1973,13.0,407,1,68,476,1232,223,1455,5,1,3,1,2,127.0,178.0,46.0,Sawyer,1Fam,2Story,Gable,BrkFace,PConc,GasA,Y,SBrkr,WD,Normal
1166,298522,5564,5,10,1949,1955,104.0,237,54,799,1090,1051,310,1361,1,2,7,0,2,66.0,157.0,27.0,CollgCr,1Fam,2.5Unf,Mansard,CemntBd,PConc,GasA,Y,SBrkr,WD,Normal
1167,227949,10993,3,4,1946,2006,85.0,88,37,149,274,795,231,1026,4,1,10,0,3,107.0,14.0,141.0,NAmes,TwnhsE,1Story,Gable,MetalSd,PConc,GasA,N,SBrkr,New,Normal
1168,238172,14458,1,4,1927,1980,48.0,333,86,158,577,873,319,1192,5,1,5,0,2,243.0,40.0,159.0,NAmes,Twnhs,SFoyer,Gable,MetalSd,CBlock,GasA,Y,SBrkr,WD,AdjLand
1169,287278,12729,2,1,1915,1955,261.0,950,17,30,997,631,714,1345,2,2,8,1,2,,216.0,34.0,Sawyer,1Fam,2Story,Gable,Wd Sdng,PConc,GasA,Y,SBrkr,WD,Normal
1170,456189,10851,8,3,1906,1978,66.0,440,84,868,1392,1033,1500,2533,3,1,4,1,2,117.0,73.0,38.0,NridgHt,1Fam,1Story,Gable,HdBoard,PConc,GasA,Y,SBrkr,WD,Normal
1171,249421,8325,1,5,1951,2016,12.0,277,27,76,380,993,370,1363,1,3,11,1,2,60.0,51.0,64.0,NWAmes,1Fam,1Story,Gable,Wd Sdng,PConc,GasA,Y,SBrkr,WD,Normal
1172,378466,18108,7,6,1980,1952,93.0,1401,5,397,1803,843,788,1631,1,2,4,0,2,,235.0,30.0,CollgCr,1Fam,1Story,Gable,VinylSd,CBlock,GasA,Y,SBrkr,WD,Normal
1173,315734,6914,5,9,1975,1977,26.0,92,190,413,695,905,586,1491,2,2,7,1,2,37.0,9.0,10.0,Edwards,Duplex,2Story,Hip,HdBoard,PConc,GasA,Y,FuseA,WD,Normal
1174,297167,19692,3,9,2007,1997,1.0,19,35,132,186,820,104,924,1,1,5,3,4,914.0,64.0,68.0,Sawyer,1Fam,SFoyer,Hip,VinylSd,BrkTil,GasA,Y,SBrkr,WD,Normal
1175,431086,8094,7,9,1905,1959,19.0,9,49,1697,1755,774,810,1584,5,2,11,0,2,721.0,105.0,66.0,Gilbert,1Fam,1Story,Gable,MetalSd,CBlock,GasA,Y,SBrkr,WD,Normal
1176,301693,9170,9,1,1945,1982,72.0,372,55,26,453,711,22,733,1,2,11,0,2,129.0,93.0,14.0,CollgCr,1Fam,1Story,Hip,VinylSd,CBlock,GasA,Y,SBrkr,WD,Normal
1177,243487,6416,2,9,2019,2016,161.0,531,22,374,927,661,120,781,1,1,9,1,2,99.0,30.0,89.0,BrkSide,1Fam,1Story,Hip,CemntBd,CBlock,GasA,Y,SBrkr,WD,Normal
1178,340132,10397,8,8,1901,2018,16.0,302,68,261,631,727,306,1033,1,2,7,0,2,825.0,82.0,47.0,CollgCr,2fmCon,1Story,Gable,MetalSd,CBlock,GasA,N,SBrkr,WD,Normal
1179,341332,21756,9,2,1896,1961,14.0,706,102,112,920,744,224,968,5,2,11,0,2,0.0,123.0,13.0,NridgHt,1Fam,1.5Fin,Gable,MetalSd,PConc,GasA,Y,SBrkr,WD,Normal
1180,310639,17288,3,1,1886,2006,41.0,359,24,71,454,1244,234,1478,6,2,9,0,2,321.0,87.0,52.0,NWAmes,1Fam,1Story,Hip,VinylSd,BrkTil,GasA,Y,FuseA,Con,Normal
1181,278644,21790,2,1,1986,1993,83.0,139,53,534,726,745,475,1220,3,1,4,1,2,866.0,115.0,13.0,Sawyer,1Fam,1Story,Gable,BrkFace,Wood,GasA,Y,SBrkr,WD,Normal
1182,301778,17345,7,6,1947,1962,68.0,59,70,992,1121,487,64,551,4,2,3,0,0,248.0,29.0,15.0,CollgCr,Twnhs,SLvl,Hip,VinylSd,CBlock,GasA,Y,SBrkr,WD,Normal
1183,372728,7693,5,9,2007,1973,41.0,775,10,45,830,979,1206,2185,6,2,6,0,2,1.0,178.0,,OldTown,1Fam,1Story,Gable,MetalSd,PConc,GasA,Y,SBrkr,WD,Normal
1184,270266,11323,5,7,1916,1993,49.0,32,20,86,138,1082,172,1254,1,2,10,2,2,86.0,59.0,132.0,Sawyer,Twnhs,1Story,Gable,CemntBd,CBlock,GasW,Y,SBrkr,WD,Normal
1185,517835,9044,10,5,1917,2006,13.0,234,5,1715,1954,1200,897,2097,2,3,8,1,3,894.0,436.0,14.0,Edwards,Duplex,2Story,Gable,VinylSd,PConc,GasA,Y,SBrkr,WD,Abnorml
1186,273865,25985,5,2,1975,1965,28.0,113,46,6,165,943,144,1087,2,2,4,3,0,6.0,2.0,131.0,Gilbert,1Fam,2Story,Hip,HdBoard,PConc,GasA,N,SBrkr,WD,Normal
1187,234724,7343,4,1,2018,1970,14.0,94,80,283,457,637,276,913,5,1,7,0,0,175.0,47.0,13.0,CollgCr,TwnhsE,2Story,Gable,VinylSd,BrkTil,GasA,Y,SBrkr,WD,Partial
1188,276340,20886,5,2,1880,2000,107.0,311,47,290,648,706,179,885,3,3,11,0,3,545.0,19.0,6.0,NAmes,1Fam,2Story,Gable,MetalSd,CBlock,GasA,Y,SBrkr,WD,Normal
1189,283163,20878,4,1,1921,1970,5.0,78,9,122,209,1074,338,1412,1,1,8,0,1,637.0,81.0,2.0,Gilbert,TwnhsE,1Story,Gable,MetalSd,BrkTil,GasA,Y,SBrkr,WD,Normal
1190,323678,33349,6,3,1942,2009,56.0,744,39,435,1218,1390,60,1450,5,2,8,0,0,227.0,27.0,13.0,Sawyer,1Fam,1Story,Flat,CemntBd,BrkTil,GasA,Y,SBrkr,WD,Normal
1191,264537,10885,4,6,1960,2000,15.0,156,90,1159,1405,637,153,790,4,2,9,0,1,92.0,,24.0,Somerst,1Fam,1.5Fin,Gable,VinylSd,PConc,GasA,Y,SBrkr,WD,Normal
1192,238192,19075,2,8,1887,1970,32.0,339,18,239,596,956,21,977,3,2,7,0,3,320.0,213.0,131.0,NAmes,1Fam,1Story,Hip,MetalSd,CBlock,GasA,N,SBrkr,ConLD,Normal
1193,362838,41807,9,3,1906,1955,17.0,390,89,553,1032,760,273,1033,3,3,5,1,3,107.0,23.0,,BrkSide,1Fam,2.5Fin,Gable,BrkFace,PConc,GasA,Y,,WD,Alloca
1194,267573,9810,2,10,1931,2014,19.0,344,76,415,835,701,986,1687,5,2,5,5,2,103.0,,22.0,CollgCr,1Fam,1Story,Gable,CemntBd,BrkTil,GasA,Y,SBrkr,WD,Normal
1195,341803,6201,9,9,1970,2007,15.0,701,1,256,958,907,14,921,6,1,7,0,2,576.0,208.0,66.0,OldTown,1Fam,1.5Fin,Gable,VinylSd,CBlock,GasA,Y,FuseA,WD,Normal
1196,370644,5218,10,10,1965,1955,69.0,78,13,20,111,862,323,1185,2,3,6,2,2,58.0,,17.0,CollgCr,1Fam,2Story,Gable,VinylSd,CBlock,GasA,Y,SBrkr,WD,Normal
1197,266470,19079,6,5,1895,2014,22.0,26,39,541,606,489,447,936,6,1,7,0,3,1.0,57.0,57.0,NWAmes,TwnhsE,1Story,Gable,MetalSd,PConc,GasA,Y,SBrkr,WD,Normal
1198,306240,5210,9,7,1945,1983,64.0,17,63,180,260,953,71,1024,3,1,11,1,1,143.0,24.0,28.0,BrkSide,1Fam,1Story,Gable,HdBoard,CBlock,GasA,N,,WD,Normal
1199,376146,11090,9,8,1884,2005,30.0,630,106,101,837,990,95,1085,2,1,7,1,3,236.0,55.0,10.0,CollgCr,1Fam,2Story,Hip,VinylSd,CBlock,GasA,Y,SBrkr,WD,Normal
1200,322927,16624,3,3,1961,1952,39.0,1086,51,1184,2321,1123,67,1190,3,1,6,1,1,427.0,26.0,66.0,OldTown,Duplex,2Story,Gable,HdBoard,BrkTil,GasA,Y,SBrkr,WD,Normal
1201,220343,14655,1,2,2010,1991,39.0,108,23,594,725,756,105,861,3,1,6,1,2,531.0,109.0,1.0,NWAmes,Duplex,2Story,Gable,MetalSd,PConc,GasW,Y,FuseA,WD,Normal
1202,217137,16526,1,2,1997,2011,186.0,354,10,1310,1674,557,34,591,3,2,3,1,1,381.0,69.0,17.0,OldTown,1Fam,1Story,Gable,VinylSd,CBlock,GasA,Y,,WD,Normal
1203,222416,14930,3,5,1960,1955,22.0,2,71,118,191,791,138,929,4,1,6,0,2,344.0,155.0,22.0,Sawyer,1Fam,2Story,Gable,Wd Sdng,BrkTil,GasA,Y,SBrkr,ConLD,Abnorml
1204,309315,25322,5,1,1949,1955,11.0,62,11,722,795,1109,138,1247,2,1,6,0,2,383.0,,30.0,Sawyer,1Fam,1Story,Gable,Wd Sdng,PConc,Floor,Y,SBrkr,WD,Normal
1205,287256,8298,3,2,1994,2012,121.0,350,59,374,783,877,493,1370,4,2,11,0,2,110.0,70.0,56.0,OldTown,1Fam,1Story,Gable,Wd Sdng,Slab,GasA,Y,SBrkr,WD,Normal
1206,422695,9523,9,9,1886,1969,9.0,20,9,1596,1625,1158,484,1642,2,3,6,1,2,168.0,30.0,30.0,BrkSide,2fmCon,1Story,Hip,HdBoard,PConc,GasW,Y,SBrkr,WD,Normal
1207,345448,9078,9,7,1929,1970,89.0,189,4,1169,1362,607,477,1084,4,2,9,0,2,335.0,272.0,45.0,BrkSide,1Fam,1Story,Gable,VinylSd,Wood,GasA,Y,SBrkr,WD,Normal
1208,333376,20233,3,6,1990,1951,8.0,325,14,1444,1783,1145,251,1396,4,3,3,0,3,23.0,73.0,45.0,OldTown,1Fam,SLvl,Gable,Wd Sdng,BrkTil,GasA,Y,,ConLI,Alloca
1209,280373,20956,3,9,1926,2005,53.0,435,16,1212,1663,967,118,1085,4,1,9,1,2,122.0,19.0,23.0,Sawyer,1Fam,1Story,Gable,BrkFace,BrkTil,GasW,Y,FuseP,WD,Normal
1210,271432,16740,5,7,1991,1959,,181,52,3,236,807,158,965,5,2,4,0,2,182.0,31.0,135.0,OldTown,1Fam,1Story,Gable,MetalSd,PConc,GasA,Y,SBrkr,WD,Abnorml
1211,281809,24142,2,5,1922,2019,,298,8,540,846,1237,114,1351,4,3,10,3,1,266.0,8.0,156.0,Edwards,1Fam,2Story,Gable,MetalSd,PConc,GasA,Y,SBrkr,WD,Normal
1212,305013,7412,6,9,1970,1972,,232,133,126,491,964,261,1225,6,3,3,0,2,,2.0,,Somerst,1Fam,1Story,Hip,HdBoard,PConc,Wall,Y,SBrkr,WD,Normal
1213,361997,30748,7,6,1908,1979,19.0,16,40,488,544,668,834,1502,6,2,5,3,2,443.0,74.0,3.0,NridgHt,1Fam,1.5Fin,Gable,VinylSd,BrkTil,GasA,Y,SBrkr,WD,Normal
1214,411292,28613,9,6,2007,1986,7.0,407,33,1577,2017,1205,100,1305,3,2,10,1,2,224.0,41.0,33.0,NAmes,1Fam,1Story,Gable,VinylSd,PConc,GasA,Y,FuseF,WD,Normal
1215,303647,19299,6,4,2012,2004,,56,28,16,100,835,184,1019,1,2,10,1,2,820.0,331.0,10.0,Sawyer,1Fam,SFoyer,Gable,BrkFace,CBlock,GasA,Y,SBrkr,WD,Normal
1216,261356,32561,3,1,1975,1998,61.0,9,41,334,384,907,319,1226,4,2,7,0,2,167.0,18.0,33.0,OldTown,1Fam,1Story,Gable,MetalSd,BrkTil,GasA,Y,SBrkr,WD,Normal
1217,298161,5835,5,5,1996,1983,24.0,179,1,531,711,692,558,1250,1,2,7,1,2,260.0,157.0,10.0,NridgHt,TwnhsE,1Story,Gable,BrkFace,CBlock,GasA,Y,,WD,Alloca
1218,251213,10278,4,9,1949,1993,14.0,602,230,116,948,884,87,971,1,1,10,2,2,1.0,37.0,60.0,BrkSide,1Fam,2Story,Gable,VinylSd,BrkTil,GasA,Y,SBrkr,WD,Normal
1219,250367,9249,5,8,2009,1971,43.0,49,40,102,191,675,98,773,3,1,7,0,3,130.0,25.0,4.0,OldTown,1Fam,2Story,Gable,MetalSd,CBlock,GasA,Y,SBrkr,COD,AdjLand
1220,368913,19163,8,8,1949,1980,27.0,3,1,24,28,852,649,1501,1,2,11,2,2,704.0,349.0,153.0,NWAmes,1Fam,2Story,Gable,BrkFace,CBlock,GasA,Y,SBrkr,WD,Normal
1221,307069,7902,8,5,1989,1956,,34,44,39,117,906,25,931,1,2,3,1,2,,162.0,10.0,BrkSide,1Fam,1Story,Hip,VinylSd,CBlock,GasA,Y,FuseA,WD,Abnorml
1222,342144,19511,6,9,2011,1970,8.0,135,28,427,590,1076,279,1355,6,1,7,0,3,102.0,99.0,54.0,Somerst,1Fam,1Story,Gable,BrkFace,BrkTil,GasA,Y,SBrkr,WD,Partial
1223,237826,26509,1,3,1935,1965,61.0,260,1,281,542,588,590,1178,1,3,5,1,3,274.0,119.0,124.0,OldTown,1Fam,2Story,Gable,VinylSd,PConc,GasA,N,SBrkr,WD,Normal
1224,378466,18912,8,3,1968,1969,183.0,64,129,12,205,1213,764,1977,2,1,5,0,2,28.0,475.0,14.0,OldTown,1Fam,1Story,Gable,CemntBd,PConc,GasA,Y,SBrkr,WD,Normal
1225,389232,15396,8,1,2016,1992,13.0,485,0,1398,1883,1224,3,1227,4,2,4,0,2,265.0,89.0,136.0,Edwards,1Fam,1Story,Gable,BrkFace,Slab,GasA,Y,FuseA,WD,Normal
1226,274870,8152,2,9,2010,1993,74.0,419,43,426,888,848,138,986,4,3,5,1,2,126.0,10.0,24.0,Somerst,1Fam,1.5Fin,Gable,MetalSd,PConc,GasA,Y,SBrkr,WD,Normal
1227,255075,8747,4,6,1979,1996,,357,163,289,809,933,89,1022,1,2,9,0,2,169.0,6.0,161.0,Somerst,1Fam,2Story,Gable,HdBoard,PConc,GasA,Y,SBrkr,WD,Abnorml
1228,287110,24954,2,2,2008,1968,,200,13,127,340,984,251,1235,3,3,10,1,2,548.0,109.0,177.0,Sawyer,1Fam,SFoyer,Hip,Wd Sdng,CBlock,GasA,Y,SBrkr,WD,Alloca
1229,293208,19725,4,8,1936,1997,35.0,136,14,429,579,920,300,1220,2,2,10,1,3,379.0,107.0,10.0,BrkSide,Duplex,2Story,Gable,BrkFace,BrkTil,GasA,Y,FuseF,WD,Normal
1230,553185,13101,10,9,1930,2018,15.0,141,0,181,322,1076,2519,3595,3,1,10,1,1,,137.0,88.0,Gilbert,1Fam,1Story,Gable,MetalSd,PConc,GasA,N,SBrkr,WD,Normal
1231,314320,10840,7,9,1991,1960,37.0,209,3,484,696,799,215,1014,3,2,3,1,2,301.0,11.0,10.0,Somerst,2fmCon,1Story,Gable,CemntBd,PConc,GasA,Y,SBrkr,WD,Normal
1232,339178,4851,9,2,1983,1978,107.0,24,2,459,485,714,240,954,1,1,9,3,3,509.0,289.0,12.0,CollgCr,1Fam,1.5Fin,Gable,VinylSd,CBlock,GasA,Y,SBrkr,WD,Normal
1233,322483,7821,8,2,2006,1994,144.0,343,86,38,467,1020,160,1180,5,3,4,1,1,479.0,80.0,4.0,Somerst,1Fam,1Story,Hip,Wd Sdng,CBlock,GasA,Y,FuseF,WD,Normal
1234,321613,34742,9,7,1934,2017,5.0,129,90,959,1178,568,47,615,1,1,6,1,2,71.0,104.0,8.0,NridgHt,1Fam,2Story,Hip,VinylSd,PConc,GasA,Y,SBrkr,WD,Normal
1235,339640,7042,8,4,1880,1985,15.0,76,64,266,406,1081,108,1189,6,3,7,0,3,125.0,3.0,50.0,OldTown,1Fam,1Story,Gable,VinylSd,Slab,GasA,Y,,COD,AdjLand
1236,237733,14687,2,1,1969,1997,193.0,97,21,199,317,1115,85,1200,5,2,3,0,3,149.0,324.0,29.0,NridgHt,1Fam,2Story,Gable,MetalSd,CBlock,GasA,Y,,WD,Normal
1237,334993,22108,7,8,1932,1964,15.0,59,86,1244,1389,710,484,1194,2,1,6,1,2,72.0,82.0,78.0,NAmes,1Fam,2Story,Hip,MetalSd,CBlock,GasA,Y,SBrkr,WD,Normal
1238,274337,7133,2,2,1952,1993,58.0,695,38,230,963,1375,236,1611,5,3,6,0,0,4.0,82.0,20.0,Gilbert,2fmCon,2Story,Gable,VinylSd,PConc,GasA,Y,SBrkr,WD,Normal
1239,223601,14652,2,3,1987,2016,14.0,55,18,510,583,808,105,913,1,3,11,2,1,66.0,287.0,173.0,NAmes,1Fam,2.5Fin,Hip,MetalSd,Wood,GasA,Y,FuseA,WD,Normal
1240,298044,21353,4,5,1887,1989,22.0,643,28,425,1096,787,201,988,1,3,11,1,2,578.0,265.0,2.0,NridgHt,1Fam,1Story,Gable,CemntBd,PConc,GasA,Y,SBrkr,WD,Normal
1241,212240,13443,1,3,1921,1963,10.0,254,3,72,329,737,74,811,3,3,3,1,1,276.0,24.0,3.0,Gilbert,Twnhs,2Story,Gable,MetalSd,CBlock,GasA,Y,SBrkr,WD,Normal
1242,314136,56061,5,7,1904,2012,97.0,606,144,1890,2640,1027,61,1088,1,2,10,1,1,146.0,267.0,60.0,BrkSide,1Fam,1Story,Gable,VinylSd,PConc,GasA,Y,SBrkr,New,Family
1243,317479,5800,6,7,1917,2000,107.0,192,48,249,489,798,589,1387,6,2,6,2,3,328.0,,109.0,NAmes,1Fam,1Story,Gable,CemntBd,CBlock,GasA,Y,,WD,Normal
1244,410622,22682,9,2,1964,2007,17.0,787,65,200,1052,583,869,1452,1,2,6,0,3,471.0,1.0,79.0,NWAmes,TwnhsE,SLvl,Gable,MetalSd,CBlock,GasA,Y,SBrkr,WD,Normal
1245,349183,12253,10,7,1903,1964,86.0,71,56,1008,1135,994,25,1019,4,3,7,0,3,153.0,27.0,33.0,Somerst,TwnhsE,1Story,Hip,VinylSd,PConc,GasA,Y,SBrkr,New,Normal
1246,341418,19652,8,6,1939,2014,22.0,242,55,301,598,822,434,1256,4,2,4,0,1,,53.0,15.0,NridgHt,1Fam,2Story,Gable,HdBoard,PConc,GasA,Y,SBrkr,WD,Normal
1247,271559,16658,2,10,1990,2004,5.0,40,0,488,528,1243,181,1424,3,3,3,2,1,23.0,87.0,0.0,NAmes,1Fam,2.5Fin,Gable,VinylSd,PConc,GasA,Y,SBrkr,WD,Normal
1248,242965,9259,1,9,1945,1959,70.0,177,37,748,962,984,147,1131,5,3,7,1,3,318.0,120.0,35.0,Sawyer,1Fam,1Story,Gable,VinylSd,BrkTil,GasA,Y,SBrkr,New,Normal
1249,252871,14980,2,9,1932,1991,45.0,253,86,107,446,972,350,1322,5,3,9,1,2,154.0,23.0,32.0,Sawyer,1Fam,1Story,Gable,VinylSd,CBlock,GasA,Y,,WD,Normal
1250,310330,5276,7,2,1985,1960,16.0,279,2,74,355,1217,92,1309,4,1,11,1,3,198.0,181.0,21.0,NWAmes,1Fam,1Story,Gable,MetalSd,PConc,GasA,Y,SBrkr,ConLD,Normal
1251,243721,18063,4,7,1975,1965,14.0,136,156,28,320,941,6,947,6,2,4,0,4,192.0,186.0,43.0,CollgCr,1Fam,1Story,Flat,Wd Sdng,CBlock,GasA,Y,SBrkr,WD,Normal
1252,389663,15507,10,5,1918,1968,185.0,23,27,909,959,1135,72,1207,2,2,10,1,3,,100.0,65.0,Gilbert,1Fam,1Story,Gable,MetalSd,PConc,GasA,Y,SBrkr,WD,Normal
1253,271192,18385,5,6,1921,1980,99.0,319,17,89,425,738,61,799,6,1,9,4,2,297.0,253.0,60.0,BrkSide,1Fam,1Story,Hip,HdBoard,PConc,GasA,N,SBrkr,WD,Alloca
1254,336734,22675,7,1,1990,2002,82.0,201,37,147,385,1471,10,1481,4,1,4,2,2,191.0,167.0,15.0,Somerst,1Fam,2Story,Gable,HdBoard,CBlock,GasA,Y,FuseA,WD,Normal
1255,257041,16055,3,7,1983,1957,6.0,44,80,134,258,975,116,1091,6,1,7,2,2,5.0,25.0,44.0,Gilbert,Duplex,2Story,Gable,VinylSd,PConc,GasA,Y,SBrkr,WD,Normal
1256,357283,14386,10,6,1956,1973,70.0,824,32,145,1001,626,193,819,2,1,9,0,2,339.0,160.0,8.0,Somerst,Duplex,1.5Fin,Gable,VinylSd,PConc,GasA,Y,SBrkr,WD,Normal
1257,303293,8599,2,4,1887,1957,12.0,934,51,441,1426,935,399,1334,5,3,5,1,2,740.0,306.0,6.0,NAmes,1Fam,1Story,Hip,VinylSd,Wood,GasA,Y,SBrkr,WD,Normal
1258,382737,9357,7,1,1905,1997,189.0,582,34,1232,1848,949,118,1067,4,2,4,1,3,513.0,14.0,77.0,CollgCr,1Fam,1Story,Gable,Wd Sdng,PConc,GasA,Y,SBrkr,WD,Normal
1259,303563,24182,5,9,2019,1979,2.0,557,49,159,765,932,64,996,1,2,8,0,1,1398.0,384.0,59.0,OldTown,1Fam,1Story,Hip,BrkFace,CBlock,GasA,N,SBrkr,ConLw,Normal
1260,125896,27396,1,4,1922,2007,21.0,31,7,209,247,450,78,528,2,2,8,3,3,52.0,2.0,73.0,NridgHt,1Fam,1Story,Gable,VinylSd,BrkTil,GasA,Y,FuseP,WD,Normal
1261,308176,11860,1,2,1989,2004,27.0,1507,1,589,2097,761,665,1426,2,3,6,1,0,88.0,73.0,8.0,BrkSide,1Fam,SLvl,Hip,CemntBd,CBlock,GasA,Y,,WD,Normal
1262,305102,13670,9,8,1979,2011,86.0,153,7,226,386,592,68,660,2,2,3,1,2,271.0,148.0,123.0,NWAmes,1Fam,2.5Fin,Gable,VinylSd,CBlock,GasA,Y,SBrkr,WD,Normal
1263,314357,8498,5,2,1942,1997,72.0,53,16,1041,1110,595,634,1229,5,1,7,0,3,94.0,156.0,7.0,CollgCr,1Fam,1Story,Gable,CemntBd,PConc,OthW,Y,FuseA,WD,Normal
1264,225604,24013,1,5,1928,1953,,501,14,279,794,943,177,1120,6,2,3,1,1,12.0,132.0,102.0,BrkSide,1Fam,1Story,Gable,BrkFace,PConc,GasA,Y,SBrkr,WD,Normal
1265,353766,18633,7,6,1994,1986,41.0,76,47,170,293,758,817,1575,3,2,10,1,2,180.0,75.0,21.0,NAmes,Duplex,1Story,Gable,MetalSd,CBlock,GasA,Y,SBrkr,WD,Normal
1266,378141,35263,9,8,2016,1957,90.0,224,30,1424,1678,805,157,962,1,3,4,3,1,118.0,105.0,5.0,NAmes,Duplex,1Story,Gable,VinylSd,PConc,GasA,Y,SBrkr,WD,Normal
1267,199698,8611,1,1,1944,1950,0.0,41,1,221,263,686,58,744,4,1,11,2,3,107.0,120.0,16.0,Edwards,1Fam,1.5Fin,Gable,MetalSd,CBlock,GasA,N,SBrkr,WD,Partial
1268,433414,11058,10,1,1950,2019,81.0,193,1,105,299,1358,238,1596,6,1,11,0,3,1071.0,68.0,10.0,NWAmes,1Fam,2Story,Gable,VinylSd,CBlock,GasA,Y,,WD,Normal
1269,278931,14998,4,4,1886,1996,146.0,245,4,78,327,908,265,1173,2,1,5,2,3,95.0,90.0,33.0,Edwards,1Fam,SLvl,Gable,Wd Sdng,BrkTil,GasA,Y,SBrkr,ConLD,Normal
1270,276540,18457,3,5,1959,1954,1.0,177,21,2134,2332,568,302,870,5,2,8,1,3,48.0,187.0,149.0,OldTown,1Fam,1.5Fin,Gable,Wd Sdng,PConc,GasA,Y,SBrkr,WD,Alloca
1271,297886,11994,5,9,1946,1999,2.0,21,0,559,580,1089,159,1248,2,1,11,2,2,46.0,37.0,19.0,BrkSide,1Fam,1Story,Hip,HdBoard,Slab,GasA,N,FuseA,WD,Normal
1272,286982,8634,7,7,2017,1973,21.0,199,34,210,443,810,14,824,6,1,9,0,1,574.0,74.0,47.0,Sawyer,1Fam,1Story,Gable,MetalSd,Slab,GasA,Y,SBrkr,New,Normal
1273,379911,20758,8,7,1980,1996,4.0,189,22,700,911,1284,295,1579,4,2,6,1,2,439.0,0.0,111.0,NWAmes,1Fam,1Story,Flat,VinylSd,PConc,GasA,Y,,WD,Normal
1274,290942,19159,2,8,1974,1967,,90,40,316,446,895,811,1706,1,3,5,1,2,48.0,116.0,49.0,Somerst,1Fam,2Story,Hip,CemntBd,PConc,GasA,Y,FuseF,WD,Normal
1275,381720,8449,7,5,1966,1977,65.0,763,63,152,978,728,947,1675,2,2,4,1,2,86.0,21.0,22.0,CollgCr,1Fam,2Story,Gable,VinylSd,PConc,GasA,Y,SBrkr,WD,Normal
1276,234392,26310,1,5,1970,1954,41.0,162,14,544,720,763,272,1035,5,3,3,0,3,481.0,65.0,234.0,Edwards,2fmCon,1Story,Gable,BrkFace,PConc,GasA,Y,SBrkr,WD,Normal
1277,325209,23982,7,1,1982,1979,10.0,598,8,548,1154,795,6,801,5,3,3,0,2,112.0,23.0,10.0,BrkSide,TwnhsE,1Story,Gable,MetalSd,CBlock,GasA,Y,SBrkr,WD,Partial
1278,347045,14287,8,9,2005,1950,,34,16,277,327,1039,33,1072,3,1,6,1,1,1397.0,2.0,37.0,Sawyer,1Fam,1Story,Gable,VinylSd,CBlock,GasW,Y,SBrkr,WD,Normal
1279,259501,13902,2,6,1992,1995,57.0,115,0,18,133,709,538,1247,5,1,6,0,2,272.0,66.0,,CollgCr,1Fam,1Story,Gable,VinylSd,PConc,GasA,Y,SBrkr,ConLD,Normal
1280,379030,17624,9,9,1883,2018,134.0,58,6,32,96,1303,531,1834,3,2,11,2,1,74.0,55.0,0.0,NWAmes,1Fam,1.5Fin,Gable,VinylSd,CBlock,GasA,Y,SBrkr,WD,Normal
1281,288121,8683,1,3,1967,1980,7.0,157,69,621,847,1002,875,1877,1,3,3,2,2,685.0,55.0,60.0,Somerst,Duplex,2Story,Hip,VinylSd,BrkTil,GasW,Y,SBrkr,WD,Family
1282,293105,13561,6,5,1882,2019,58.0,35,12,693,740,960,248,1208,4,2,6,0,2,134.0,23.0,15.0,NridgHt,1Fam,2Story,Flat,MetalSd,CBlock,GasA,Y,SBrkr,WD,Normal
1283,258800,4554,1,2,1970,2005,121.0,174,258,453,885,917,598,1515,3,1,5,1,2,119.0,294.0,9.0,Somerst,1Fam,1Story,Gable,VinylSd,PConc,GasA,Y,SBrkr,WD,Normal
1284,268216,20707,3,10,1882,1977,34.0,131,9,730,870,892,522,1414,2,3,11,0,1,138.0,0.0,16.0,OldTown,1Fam,1.5Fin,Mansard,MetalSd,PConc,GasA,Y,SBrkr,WD,Normal
1285,283782,6119,6,5,1960,1965,22.0,75,77,508,660,613,267,880,6,1,7,2,4,511.0,222.0,170.0,CollgCr,1Fam,2Story,Gable,VinylSd,CBlock,GasA,Y,SBrkr,WD,Normal
1286,309690,28330,3,8,2017,2003,9.0,308,61,908,1277,980,459,1439,2,1,11,0,0,66.0,133.0,111.0,OldTown,1Fam,2Story,Hip,Wd Sdng,CBlock,GasA,Y,SBrkr,WD,Normal
1287,377671,11326,8,2,1973,2002,100.0,904,19,65,988,1599,40,1639,4,1,8,0,2,168.0,18.0,12.0,CollgCr,1Fam,1Story,Gable,Wd Sdng,CBlock,GasA,Y,SBrkr,WD,Normal
1288,263883,12018,5,8,2005,1961,25.0,69,20,196,285,1104,305,1409,5,3,11,1,2,10.0,63.0,6.0,CollgCr,1Fam,1.5Fin,Gable,CemntBd,PConc,GasA,Y,SBrkr,WD,Normal
1289,333824,9760,2,4,1992,1969,,373,41,249,663,1024,920,1944,6,3,3,2,0,613.0,449.0,22.0,CollgCr,1Fam,1.5Fin,Gable,VinylSd,CBlock,GasA,N,SBrkr,WD,Normal
1290,224109,11567,4,10,1979,1983,94.0,406,95,141,642,566,53,619,2,1,6,1,1,145.0,103.0,44.0,CollgCr,1Fam,SLvl,Gable,BrkFace,PConc,GasA,Y,SBrkr,New,Alloca
1291,410466,27153,9,10,1932,2002,,206,24,516,746,1243,408,1651,6,3,6,0,1,99.0,13.0,100.0,Sawyer,1Fam,2Story,Gable,VinylSd,BrkTil,GasA,Y,SBrkr,ConLD,Normal
1292,309528,3851,4,1,1966,2013,42.0,683,3,974,1660,1142,116,1258,3,1,8,1,2,303.0,61.0,,Somerst,2fmCon,1Story,Flat,VinylSd,CBlock,GasA,Y,SBrkr,WD,Normal
1293,419529,25298,10,5,1968,1972,1.0,1017,23,212,1252,1274,509,1783,4,1,3,3,3,427.0,63.0,69.0,NWAmes,1Fam,1Story,Gable,Wd Sdng,Slab,GasA,Y,FuseF,WD,Normal
1294,387940,15819,10,1,1933,1976,15.0,134,11,1135,1280,684,358,1042,2,1,7,0,2,586.0,162.0,45.0,Somerst,1Fam,1Story,Gable,MetalSd,BrkTil,GasA,Y,SBrkr,WD,Normal
1295,353297,7306,8,7,1899,1966,61.0,315,140,290,745,796,781,1577,5,3,5,0,2,149.0,247.0,,NAmes,1Fam,1Story,Gable,VinylSd,CBlock,GasA,Y,SBrkr,WD,Normal
1296,279327,7803,5,8,1992,1997,56.0,325,59,295,679,574,373,947,6,2,3,2,2,585.0,8.0,3.0,Sawyer,1Fam,1Story,Gable,VinylSd,Stone,GasA,Y,SBrkr,WD,Normal
1297,323528,30890,10,3,1928,1970,21.0,155,2,366,523,560,158,718,5,2,8,3,0,218.0,37.0,45.0,OldTown,TwnhsE,1Story,Gable,Wd Sdng,PConc,GasA,Y,SBrkr,WD,Normal
1298,183041,8326,1,3,2014,1999,82.0,114,17,124,255,755,3,758,6,3,5,2,0,37.0,35.0,38.0,BrkSide,1Fam,SLvl,Gambrel,MetalSd,PConc,GasA,Y,SBrkr,WD,Normal
1299,372531,7505,7,7,1908,1989,13.0,814,2,193,1009,1033,472,1505,2,3,6,4,3,655.0,553.0,93.0,BrkSide,1Fam,2Story,Gable,VinylSd,PConc,GasA,Y,,WD,Normal
1300,251311,23591,3,4,1927,1952,30.0,468,88,322,878,792,157,949,4,1,11,0,1,277.0,81.0,19.0,CollgCr,1Fam,2Story,Gable,CemntBd,PConc,GasA,Y,SBrkr,WD,Abnorml
1301,390580,15823,10,3,1892,1966,31.0,36,118,1138,1292,734,333,1067,1,1,4,0,4,322.0,211.0,2.0,Gilbert,1Fam,1Story,Gable,MetalSd,BrkTil,GasA,Y,SBrkr,ConLD,Normal
1302,345574,8358,8,8,1882,2010,20.0,38,5,411,454,994,33,1027,2,2,3,1,1,970.0,55.0,27.0,Edwards,1Fam,1Story,Hip,VinylSd,PConc,GasA,Y,SBrkr,WD,Normal
1303,263059,14888,3,3,1881,1999,154.0,767,29,162,958,339,664,1003,5,1,8,0,2,286.0,128.0,173.0,Edwards,1Fam,1Story,Gable,MetalSd,BrkTil,GasA,Y,SBrkr,WD,Normal
1304,201574,7999,1,7,1895,1955,59.0,25,134,4,163,763,171,934,1,2,3,1,3,1.0,33.0,79.0,NWAmes,Duplex,2Story,Gable,VinylSd,CBlock,GasA,Y,SBrkr,WD,Normal
1305,391859,23165,5,2,1973,1977,38.0,349,7,1599,1955,993,756,1749,4,2,3,0,2,715.0,242.0,1.0,BrkSide,2fmCon,1Story,Gable,VinylSd,BrkTil,GasA,Y,SBrkr,WD,Abnorml
1306,237672,22712,2,1,1981,2004,35.0,77,17,271,365,795,368,1163,5,3,9,0,2,117.0,60.0,103.0,Sawyer,1Fam,1Story,Gable,CemntBd,PConc,GasA,N,SBrkr,New,Partial
1307,315020,17430,4,6,2013,2007,,10,18,1115,1143,1325,38,1363,4,3,4,0,2,243.0,162.0,31.0,OldTown,1Fam,1Story,Gable,VinylSd,CBlock,GasA,Y,SBrkr,WD,Normal
1308,183124,16007,1,8,1924,1994,23.0,18,1,318,337,736,259,995,6,3,6,0,2,80.0,29.0,22.0,NWAmes,1Fam,2Story,Gable,Wd Sdng,CBlock,GasA,Y,SBrkr,New,Normal
1309,338266,32228,9,1,1950,1968,55.0,140,1,372,513,751,722,1473,2,2,6,0,2,,,21.0,NAmes,1Fam,1Story,Hip,VinylSd,PConc,GasA,Y,SBrkr,WD,AdjLand
1310,319615,13357,6,10,2012,1978,129.0,24,152,497,673,667,482,1149,4,3,4,0,3,406.0,51.0,45.0,NridgHt,1Fam,1Story,Gable,VinylSd,BrkTil,GasA,Y,SBrkr,New,Normal
1311,293036,7398,8,9,1935,1972,84.0,272,42,154,468,715,162,877,5,2,8,0,2,196.0,3.0,37.0,NridgHt,1Fam,2Story,Gable,VinylSd,BrkTil,GasA,Y,FuseP,COD,AdjLand
1312,374992,16726,4,3,2006,1981,17.0,312,18,480,810,975,930,1905,2,3,4,0,2,345.0,53.0,53.0,CollgCr,Twnhs,2Story,Gable,MetalSd,PConc,GasA,N,SBrkr,WD,Normal
1313,378222,37912,9,3,1911,1959,,140,23,299,462,1144,93,1237,5,2,10,1,4,607.0,79.0,42.0,NridgHt,1Fam,1Story,Hip,MetalSd,PConc,GasA,Y,,COD,Normal
1314,292577,8043,2,4,1928,1998,4.0,407,62,446,915,1713,141,1854,5,1,6,1,2,145.0,16.0,7.0,NridgHt,1Fam,2Story,Gable,VinylSd,PConc,GasA,Y,SBrkr,WD,Normal
1315,361308,11150,9,1,1892,2014,5.0,202,22,722,946,1067,415,1482,1,1,3,0,2,294.0,20.0,14.0,NWAmes,1Fam,1Story,Gable,HdBoard,BrkTil,GasA,N,FuseF,WD,Normal
1316,237130,16452,5,9,1904,1978,31.0,168,12,81,261,630,79,709,3,2,9,0,4,526.0,62.0,91.0,Gilbert,1Fam,2.5Fin,Gable,Wd Sdng,PConc,GasA,Y,SBrkr,ConLI,Normal
1317,343887,13004,6,3,1939,2008,37.0,156,5,380,541,1303,217,1520,4,2,8,1,2,439.0,41.0,54.0,BrkSide,1Fam,2Story,Gable,Wd Sdng,CBlock,GasA,Y,SBrkr,WD,Normal
1318,270245,8175,3,10,1938,1994,15.0,169,65,21,255,1039,391,1430,4,1,8,1,2,271.0,58.0,29.0,BrkSide,1Fam,2Story,Gable,VinylSd,PConc,GasA,N,SBrkr,WD,Normal
1319,303789,23410,4,4,1937,2016,51.0,1031,9,43,1083,905,309,1214,1,2,5,0,3,169.0,61.0,10.0,NWAmes,1Fam,1Story,Gable,VinylSd,CBlock,GasA,Y,SBrkr,WD,Normal
1320,303024,42617,6,1,1899,2000,60.0,343,3,449,795,1236,50,1286,6,2,9,1,2,183.0,15.0,0.0,OldTown,1Fam,2Story,Hip,BrkFace,PConc,GasA,Y,SBrkr,WD,Normal
1321,395622,14736,7,4,2012,1960,17.0,113,27,29,169,1826,298,2124,4,1,8,0,2,198.0,19.0,18.0,Sawyer,1Fam,1.5Fin,Gable,MetalSd,CBlock,GasA,Y,SBrkr,WD,Normal
1322,233712,8501,1,1,1936,1955,71.0,397,2,361,760,848,255,1103,1,2,11,0,2,150.0,188.0,2.0,Edwards,1Fam,2Story,Gable,VinylSd,PConc,GasA,Y,SBrkr,WD,Normal
1323,324361,6158,7,5,1933,2016,11.0,120,167,99,386,699,244,943,4,3,5,0,2,420.0,17.0,32.0,NAmes,1Fam,2Story,Hip,MetalSd,CBlock,GasA,Y,SBrkr,WD,Normal
1324,275052,15199,1,5,1991,2011,,40,49,145,234,1337,524,1861,4,1,5,0,0,46.0,109.0,86.0,NridgHt,1Fam,1Story,Gable,VinylSd,PConc,GasA,Y,SBrkr,WD,Normal
1325,379868,23200,5,7,1965,1954,81.0,193,8,55,256,1991,60,2051,5,3,6,1,2,1198.0,54.0,16.0,OldTown,Duplex,1Story,Gable,VinylSd,BrkTil,GasA,Y,SBrkr,COD,Abnorml
1326,351268,16942,6,8,1916,1958,38.0,417,9,114,540,937,417,1354,1,2,5,1,2,528.0,344.0,94.0,Edwards,1Fam,2Story,Gable,VinylSd,BrkTil,GasA,Y,SBrkr,WD,Normal
1327,261976,13343,2,4,1963,1977,119.0,142,42,688,872,906,429,1335,6,2,6,1,2,123.0,6.0,60.0,OldTown,Duplex,1Story,Gable,Wd Sdng,BrkTil,Floor,Y,SBrkr,WD,Normal
1328,378252,9950,10,7,1927,1987,3.0,610,22,407,1039,945,384,1329,4,3,8,2,2,15.0,,6.0,Gilbert,1Fam,1Story,Gable,MetalSd,PConc,GasA,Y,SBrkr,WD,Normal
1329,395537,7738,9,4,1997,1992,,146,74,1196,1416,1027,211,1238,6,2,3,0,2,434.0,67.0,51.0,BrkSide,1Fam,1Story,Gable,VinylSd,PConc,GasA,N,SBrkr,WD,Normal
1330,347692,20279,10,3,1927,1970,41.0,129,39,19,187,588,151,739,3,2,4,0,2,463.0,0.0,8.0,NAmes,1Fam,1Story,Gable,CemntBd,CBlock,GasA,Y,,WD,Normal
1331,419286,21096,6,6,1991,2011,53.0,1903,28,628,2559,984,150,1134,1,3,8,0,2,1159.0,,53.0,BrkSide,1Fam,2Story,Gable,MetalSd,BrkTil,GasA,Y,SBrkr,WD,Normal
1332,352033,6168,7,4,1989,1995,89.0,197,164,480,841,974,397,1371,1,2,8,0,2,102.0,52.0,7.0,NridgHt,1Fam,2Story,Gable,HdBoard,PConc,GasA,Y,SBrkr,WD,Normal
1333,370817,29581,10,3,1885,2019,64.0,490,24,120,634,957,206,1163,1,1,3,1,2,30.0,37.0,,BrkSide,1Fam,2Story,Gable,VinylSd,PConc,GasA,Y,SBrkr,WD,Normal
1334,375002,17801,8,9,1957,1987,78.0,490,25,522,1037,943,123,1066,5,3,8,1,1,863.0,45.0,41.0,Sawyer,1Fam,2Story,Gable,CemntBd,CBlock,GasA,Y,SBrkr,ConLD,Normal
1335,373029,26897,10,5,1902,1998,17.0,782,54,504,1340,924,294,1218,1,3,11,1,1,104.0,248.0,2.0,OldTown,1Fam,2Story,Gable,HdBoard,CBlock,GasA,Y,SBrkr,WD,Normal
1336,239593,6829,1,7,2005,1988,24.0,26,82,245,353,477,544,1021,5,3,10,0,2,447.0,44.0,8.0,NWAmes,1Fam,2Story,Gable,MetalSd,CBlock,GasA,Y,SBrkr,WD,Normal
1337,259603,6748,8,6,1963,1979,49.0,94,49,466,609,723,19,742,3,3,7,0,2,21.0,54.0,19.0,CollgCr,1Fam,1Story,Gable,CemntBd,CBlock,GasA,Y,SBrkr,WD,Normal
1338,374878,12400,4,10,1892,1970,40.0,437,59,235,731,1160,1074,2234,2,1,6,0,1,500.0,143.0,31.0,BrkSide,2fmCon,SLvl,Gable,HdBoard,PConc,GasA,N,,WD,Normal
1339,363891,17178,10,5,1926,1950,162.0,248,23,163,434,1245,30,1275,5,3,8,2,2,47.0,157.0,97.0,BrkSide,1Fam,2Story,Gable,MetalSd,CBlock,GasA,Y,SBrkr,WD,Normal
1340,361585,32799,8,7,1923,1981,10.0,246,32,251,529,790,215,1005,4,3,7,2,4,416.0,8.0,10.0,NWAmes,1Fam,2Story,Gable,CemntBd,BrkTil,GasA,Y,SBrkr,WD,Normal
1341,287720,19016,6,6,1984,1957,21.0,54,10,902,966,673,246,919,1,2,8,1,1,266.0,121.0,21.0,Somerst,2fmCon,1Story,Gable,VinylSd,Wood,Grav,Y,,WD,Normal
1342,391243,11833,9,10,1893,2018,42.0,99,57,194,350,1113,44,1157,2,3,5,0,2,1089.0,65.0,32.0,Gilbert,1Fam,1Story,Hip,VinylSd,PConc,GasA,Y,SBrkr,WD,Normal
1343,314119,7996,4,2,2000,1979,101.0,221,12,206,439,974,741,1715,5,2,9,1,2,13.0,14.0,17.0,CollgCr,1Fam,SLvl,Gable,BrkFace,CBlock,GasA,Y,SBrkr,New,Normal
1344,224051,24710,2,3,1915,1957,132.0,97,0,375,472,865,191,1056,6,3,10,1,0,120.0,30.0,49.0,Somerst,1Fam,2.5Fin,Gable,HdBoard,PConc,GasA,Y,,WD,Normal
1345,216803,8247,2,2,1887,1968,20.0,70,135,559,764,1162,46,1208,6,3,7,2,3,25.0,4.0,14.0,Gilbert,1Fam,1.5Fin,Hip,VinylSd,Wood,GasA,Y,SBrkr,WD,Normal
1346,299981,30158,5,3,1895,2008,3.0,27,18,530,575,630,373,1003,4,1,7,3,4,739.0,44.0,73.0,Somerst,1Fam,SLvl,Gable,VinylSd,PConc,GasA,Y,SBrkr,WD,Normal
1347,394283,11588,10,1,1970,2004,27.0,50,10,7,67,1271,326,1597,2,2,6,1,1,315.0,29.0,35.0,Edwards,1Fam,1Story,Gable,VinylSd,Wood,GasA,Y,SBrkr,WD,Normal
1348,394105,29592,9,8,1999,1979,25.0,439,15,465,919,572,987,1559,3,1,7,1,3,267.0,48.0,4.0,Sawyer,1Fam,1Story,Gable,VinylSd,PConc,GasA,Y,SBrkr,WD,Normal
1349,257661,18759,3,6,1939,1985,215.0,380,20,239,639,700,174,874,5,2,10,1,2,49.0,86.0,49.0,CollgCr,1Fam,1.5Fin,Hip,VinylSd,PConc,Floor,Y,SBrkr,ConLD,Normal
1350,311212,12475,8,2,1889,2004,28.0,14,32,297,343,657,93,750,6,3,7,1,1,235.0,131.0,42.0,NAmes,TwnhsE,1Story,Gable,VinylSd,Wood,Grav,Y,SBrkr,WD,Normal
1351,233719,10304,4,8,1910,1993,18.0,68,3,329,400,753,18,771,6,1,11,0,2,178.0,92.0,20.0,CollgCr,TwnhsE,1Story,Gable,HdBoard,Wood,GasA,Y,SBrkr,WD,Normal
1352,340515,11266,6,6,1900,1976,22.0,246,2,526,774,984,396,1380,5,2,3,3,1,132.0,113.0,0.0,Edwards,1Fam,1.5Fin,Gable,VinylSd,BrkTil,GasA,Y,SBrkr,WD,Normal
1353,424596,16550,10,7,1960,2003,25.0,116,17,711,844,1100,288,1388,6,2,9,0,2,517.0,200.0,11.0,NAmes,1Fam,2Story,Gable,MetalSd,PConc,GasA,Y,SBrkr,WD,Normal
1354,361576,13885,6,1,1912,1997,86.0,519,17,415,951,876,1079,1955,3,1,7,0,0,22.0,207.0,26.0,NWAmes,1Fam,1Story,Gable,MetalSd,PConc,GasA,N,SBrkr,WD,Abnorml
1355,242297,9927,3,7,1910,1979,4.0,461,6,331,798,611,373,984,6,2,6,0,2,364.0,197.0,11.0,NAmes,1Fam,2Story,Hip,CemntBd,CBlock,GasA,Y,SBrkr,WD,Normal
1356,307395,12297,5,3,1915,1988,19.0,666,25,187,878,492,811,1303,5,3,5,0,2,606.0,16.0,43.0,Somerst,1Fam,1.5Fin,Gable,MetalSd,CBlock,GasA,Y,SBrkr,WD,Normal
1357,410935,13895,3,8,2011,1962,169.0,248,16,59,323,1157,1433,2590,1,2,9,0,2,832.0,28.0,62.0,Sawyer,1Fam,2Story,Hip,VinylSd,BrkTil,GasA,Y,SBrkr,ConLD,Normal
1358,271112,4608,1,6,1947,1965,8.0,130,1,1273,1404,1115,167,1282,6,3,4,0,1,479.0,69.0,,NWAmes,1Fam,2Story,Hip,VinylSd,PConc,GasA,Y,SBrkr,WD,Normal
1359,319197,16799,7,4,1969,1993,67.0,279,108,247,634,1238,48,1286,5,2,7,0,2,116.0,44.0,52.0,NWAmes,1Fam,2.5Fin,Hip,HdBoard,PConc,GasA,Y,SBrkr,WD,AdjLand
1360,276091,8185,4,8,2011,1976,22.0,28,108,334,470,862,65,927,1,1,4,2,1,321.0,14.0,58.0,Sawyer,1Fam,2Story,Gable,VinylSd,CBlock,GasA,Y,SBrkr,WD,Abnorml
1361,310774,7505,7,9,1888,1994,43.0,2,11,556,569,1097,114,1211,6,3,9,0,2,53.0,33.0,46.0,Gilbert,1Fam,1Story,Gable,CemntBd,PConc,GasA,Y,SBrkr,WD,Normal
1362,204109,5746,3,10,1909,1984,5.0,5,8,28,41,741,213,954,6,2,8,0,1,43.0,370.0,211.0,Gilbert,1Fam,1Story,Gable,Wd Sdng,CBlock,GasA,Y,SBrkr,WD,Normal
1363,326516,5448,5,2,1994,1977,18.0,157,39,772,968,1037,39,1076,5,3,9,0,2,356.0,42.0,15.0,NWAmes,1Fam,1Story,Gable,MetalSd,CBlock,GasA,Y,SBrkr,WD,Normal
1364,307320,6783,5,6,1924,1956,34.0,77,49,637,763,777,107,884,4,1,11,0,2,666.0,54.0,15.0,CollgCr,1Fam,1Story,Gable,Wd Sdng,CBlock,GasA,Y,,WD,Normal
1365,204673,9372,2,5,1883,2011,13.0,51,157,595,803,703,110,813,4,2,4,1,2,24.0,0.0,6.0,OldTown,1Fam,1Story,Gable,VinylSd,PConc,GasA,N,SBrkr,WD,Partial
1366,324073,35476,10,5,1948,2000,39.0,286,23,8,317,962,1,963,2,2,11,2,2,39.0,127.0,33.0,Gilbert,1Fam,1Story,Gable,MetalSd,BrkTil,GasA,N,SBrkr,COD,Normal
1367,278600,10270,2,10,1902,1995,12.0,1595,48,299,1942,947,131,1078,4,3,9,0,2,291.0,53.0,5.0,Sawyer,1Fam,1Story,Gable,VinylSd,PConc,GasA,Y,SBrkr,ConLI,Normal
1368,270975,14601,4,3,1895,1969,52.0,58,105,22,185,1180,37,1217,3,1,4,2,2,86.0,10.0,15.0,NridgHt,1Fam,1Story,Gable,BrkFace,PConc,GasA,Y,SBrkr,WD,Partial
1369,265191,16321,4,8,1901,1987,117.0,237,29,320,586,610,168,778,2,1,4,1,2,,345.0,32.0,Sawyer,1Fam,1Story,Hip,MetalSd,PConc,GasA,N,SBrkr,WD,Normal
1370,261188,14264,4,8,1951,2010,4.0,38,6,506,550,1185,65,1250,4,2,6,0,3,84.0,150.0,158.0,Somerst,1Fam,1Story,Hip,HdBoard,Slab,GasA,Y,SBrkr,WD,Normal
1371,306364,12852,6,5,1927,1981,12.0,816,23,51,890,933,517,1450,1,3,4,0,2,43.0,129.0,165.0,NWAmes,1Fam,1Story,Gable,CemntBd,CBlock,GasA,Y,SBrkr,WD,Normal
1372,255643,7349,2,8,1986,1975,93.0,103,7,474,584,1236,25,1261,5,2,3,0,2,276.0,316.0,68.0,Gilbert,1Fam,1Story,Gable,Wd Sdng,CBlock,GasA,Y,SBrkr,WD,Normal
1373,375037,27597,6,10,2012,2007,49.0,631,0,238,869,1233,602,1835,4,2,8,0,3,693.0,52.0,24.0,BrkSide,1Fam,1Story,Gable,MetalSd,BrkTil,GasA,Y,SBrkr,WD,Normal
1374,291752,32978,7,8,1886,1988,4.0,99,69,667,835,432,260,692,1,3,7,0,3,404.0,126.0,100.0,CollgCr,Duplex,2Story,Gable,Wd Sdng,CBlock,GasA,Y,SBrkr,WD,Normal
1375,398677,5759,10,3,1930,1969,33.0,492,13,305,810,1229,184,1413,2,1,5,2,2,597.0,23.0,104.0,Gilbert,1Fam,1Story,Gable,MetalSd,PConc,GasW,Y,FuseA,WD,Abnorml
1376,247863,8006,3,2,1944,1999,11.0,70,0,163,233,1246,239,1485,5,2,3,0,1,108.0,,120.0,Edwards,Duplex,2Story,Gable,Wd Sdng,PConc,GasA,Y,SBrkr,WD,AdjLand
1377,341681,11615,8,9,1888,2001,11.0,103,102,161,366,615,141,756,4,2,11,1,2,759.0,1.0,51.0,Somerst,1Fam,2Story,Hip,MetalSd,Stone,GasW,Y,SBrkr,WD,Normal
1378,214745,8248,2,2,1961,1971,141.0,64,29,911,1004,561,40,601,2,3,10,2,2,165.0,13.0,11.0,Somerst,1Fam,1Story,Gable,VinylSd,CBlock,GasA,Y,SBrkr,WD,Normal
1379,391785,17205,8,9,1924,2002,71.0,92,13,241,346,1132,435,1567,4,3,8,0,2,669.0,55.0,4.0,NAmes,1Fam,1Story,Hip,HdBoard,CBlock,GasA,Y,SBrkr,WD,Normal
1380,311159,9282,5,4,2001,2015,59.0,540,15,208,763,928,788,1716,2,2,8,1,2,222.0,1.0,,BrkSide,1Fam,1Story,Gable,MetalSd,Wood,GasA,Y,SBrkr,WD,Normal
1381,258871,39439,2,2,1889,1992,13.0,305,13,16,334,740,899,1639,4,1,6,0,2,109.0,61.0,2.0,Somerst,1Fam,1.5Fin,Gable,VinylSd,PConc,GasA,Y,SBrkr,WD,Normal
1382,344241,24228,7,10,1952,1972,6.0,156,10,181,347,1382,333,1715,1,3,4,1,2,105.0,73.0,17.0,BrkSide,2fmCon,2.5Unf,Gable,BrkFace,CBlock,GasA,Y,SBrkr,WD,Normal
1383,301806,14857,2,1,1927,2013,102.0,1067,92,757,1916,983,158,1141,3,2,6,0,2,293.0,97.0,33.0,NWAmes,1Fam,1Story,Gable,BrkFace,CBlock,GasA,Y,,ConLw,Normal
1384,292020,22325,6,4,1966,1958,0.0,187,9,572,768,480,195,675,1,1,4,1,1,28.0,10.0,1.0,Sawyer,1Fam,1Story,Gable,Wd Sdng,CBlock,GasA,N,SBrkr,COD,Partial
1385,383063,23224,10,9,1990,1956,,1049,41,99,1189,661,320,981,5,3,9,0,1,931.0,19.0,118.0,Sawyer,1Fam,1Story,Hip,CemntBd,CBlock,GasA,Y,SBrkr,WD,Normal
1386,294706,10077,3,9,1895,1990,16.0,65,4,213,282,1227,519,1746,4,3,11,1,2,110.0,95.0,,OldTown,1Fam,1Story,Gable,CemntBd,PConc,Grav,Y,SBrkr,New,Normal
1387,368659,8882,9,4,1932,2003,42.0,705,149,87,941,907,140,1047,3,2,4,0,2,,107.0,1.0,NWAmes,1Fam,2Story,Gable,BrkFace,BrkTil,GasA,Y,SBrkr,WD,Alloca
1388,290311,13892,3,9,1919,2014,14.0,4,46,1233,1283,723,745,1468,3,3,11,0,3,92.0,2.0,,NWAmes,1Fam,2.5Fin,Gable,VinylSd,Wood,GasA,Y,SBrkr,WD,Normal
1389,245458,20554,3,6,1979,1951,18.0,236,116,364,716,1028,117,1145,5,2,11,0,1,1.0,77.0,18.0,BrkSide,1Fam,SLvl,Gable,VinylSd,PConc,GasA,Y,SBrkr,WD,Normal
1390,294714,14321,5,1,1899,1953,,165,25,561,751,748,227,975,5,3,10,0,1,412.0,153.0,104.0,NridgHt,1Fam,2Story,Gable,MetalSd,CBlock,GasA,Y,SBrkr,WD,Normal
1391,342501,6072,7,10,1948,1981,46.0,223,83,500,806,617,976,1593,3,1,3,3,2,312.0,7.0,30.0,Gilbert,1Fam,1Story,Gable,BrkFace,PConc,GasA,Y,SBrkr,WD,Normal
1392,407920,8942,8,6,1924,1951,7.0,241,96,827,1164,1218,835,2053,5,1,7,2,2,580.0,53.0,54.0,NWAmes,1Fam,1Story,Gable,BrkFace,BrkTil,GasA,Y,FuseP,WD,Normal
1393,325573,12874,7,9,1885,2013,64.0,147,60,1192,1399,1274,356,1630,5,3,6,0,2,14.0,39.0,13.0,Gilbert,1Fam,2Story,Gable,HdBoard,CBlock,GasA,Y,SBrkr,WD,Normal
1394,427837,12863,9,2,1918,1963,11.0,1895,4,13,1912,1037,117,1154,4,2,9,0,2,924.0,244.0,34.0,OldTown,1Fam,2Story,Gable,MetalSd,CBlock,GasA,Y,SBrkr,WD,Normal
1395,329521,35820,5,6,1981,1969,28.0,1125,0,1480,2605,566,74,640,1,3,10,1,0,,20.0,14.0,Gilbert,1Fam,1Story,Gable,VinylSd,CBlock,Wall,N,SBrkr,WD,Normal
1396,465992,6680,10,2,2009,1998,52.0,979,9,817,1805,1564,25,1589,6,2,10,2,0,,38.0,150.0,CollgCr,1Fam,1Story,Hip,VinylSd,PConc,GasA,Y,FuseF,WD,Abnorml
1397,355156,17202,3,4,1986,1957,15.0,1160,6,193,1359,1548,369,1917,2,3,4,1,1,39.0,228.0,3.0,CollgCr,1Fam,2Story,Gable,Wd Sdng,PConc,GasW,Y,SBrkr,WD,Normal
1398,332547,28129,6,8,1918,2012,24.0,472,64,725,1261,1315,210,1525,3,1,5,3,2,476.0,40.0,16.0,NridgHt,1Fam,2Story,Mansard,CemntBd,PConc,GasW,N,SBrkr,COD,Partial
1399,352304,41594,5,7,1997,1995,66.0,1341,40,533,1914,983,254,1237,2,2,9,0,3,303.0,75.0,111.0,Sawyer,1Fam,1Story,Gable,VinylSd,CBlock,GasA,Y,SBrkr,WD,Normal
1400,295501,10913,4,9,1961,1970,138.0,668,37,630,1335,922,191,1113,3,1,6,1,2,155.0,3.0,32.0,NridgHt,1Fam,2Story,Gable,Wd Sdng,PConc,GasA,Y,SBrkr,WD,Normal
1401,220550,17080,2,7,1933,1981,37.0,161,14,99,274,1023,197,1220,3,1,8,0,0,28.0,419.0,45.0,Somerst,1Fam,1Story,Gable,BrkFace,PConc,GasA,Y,SBrkr,WD,Normal
1402,320733,17763,7,1,1989,1957,0.0,460,8,418,886,637,254,891,1,1,10,0,2,,174.0,52.0,Edwards,1Fam,1Story,Gable,VinylSd,PConc,GasA,Y,FuseP,WD,Normal
1403,339145,14731,5,2,1891,1965,20.0,729,11,10,750,762,736,1498,3,3,10,0,3,9.0,100.0,3.0,Sawyer,1Fam,SFoyer,Mansard,BrkFace,PConc,GasA,N,SBrkr,WD,Normal
1404,278336,12715,4,6,1989,1989,25.0,374,25,754,1153,753,8,761,3,2,9,1,1,243.0,6.0,0.0,NWAmes,1Fam,2Story,Gable,Wd Sdng,PConc,GasA,Y,SBrkr,WD,Normal
1405,387766,16613,8,7,1917,1976,20.0,164,67,1206,1437,1077,485,1562,1,1,4,0,2,324.0,7.0,138.0,NridgHt,1Fam,1Story,Gable,Wd Sdng,Slab,GasA,Y,SBrkr,New,Normal
1406,341853,3766,9,3,1886,1967,28.0,20,14,434,468,966,148,1114,5,2,4,0,1,461.0,78.0,15.0,NAmes,1Fam,2Story,Gable,HdBoard,BrkTil,GasA,Y,,Oth,Normal
1407,417455,18789,9,9,1957,1984,50.0,497,59,287,843,673,409,1082,6,2,5,3,1,1661.0,33.0,23.0,Edwards,1Fam,1Story,Hip,VinylSd,PConc,GasA,Y,SBrkr,WD,Normal
1408,314960,14229,3,7,1944,2001,6.0,915,33,517,1465,556,890,1446,2,1,6,0,2,105.0,97.0,57.0,Edwards,1Fam,1Story,Gable,Wd Sdng,CBlock,GasA,Y,SBrkr,WD,Normal
1409,238158,11953,3,6,1981,1964,15.0,135,108,158,401,998,109,1107,3,3,3,0,4,136.0,91.0,13.0,BrkSide,1Fam,1Story,Gable,VinylSd,CBlock,GasA,Y,SBrkr,WD,Normal
1410,274670,37176,5,6,1980,2012,35.0,49,13,393,455,652,28,680,1,1,7,3,2,146.0,182.0,66.0,OldTown,1Fam,1.5Fin,Gable,VinylSd,Slab,GasA,Y,SBrkr,WD,Normal
1411,263908,9533,5,1,1923,2002,18.0,118,29,507,654,616,79,695,3,1,9,1,4,460.0,33.0,30.0,Edwards,1Fam,1Story,Gable,Wd Sdng,PConc,GasA,Y,FuseA,Oth,Normal
1412,450701,10921,10,5,1910,2015,236.0,262,5,61,328,1684,75,1759,1,2,7,0,2,939.0,86.0,97.0,NWAmes,Duplex,2Story,Gable,VinylSd,PConc,GasW,Y,,WD,Normal
1413,355874,36162,2,10,1956,1980,,114,20,60,194,1795,406,2201,2,3,9,2,3,1281.0,150.0,16.0,NAmes,1Fam,1Story,Gable,HdBoard,CBlock,GasA,Y,SBrkr,WD,Normal
1414,273831,8812,1,3,1927,2010,101.0,282,35,503,820,784,19,803,4,2,7,1,2,1020.0,67.0,11.0,CollgCr,1Fam,1Story,Gable,MetalSd,BrkTil,GasA,Y,SBrkr,WD,Normal
1415,335211,10147,8,7,1961,2013,113.0,1022,65,226,1313,519,15,534,5,3,10,0,1,,177.0,89.0,NridgHt,1Fam,SLvl,Gable,Wd Sdng,PConc,GasA,Y,SBrkr,WD,AdjLand
1416,351921,12412,3,10,2006,1983,90.0,333,11,880,1224,1291,354,1645,4,1,9,0,2,,14.0,19.0,NWAmes,Twnhs,1Story,Hip,BrkFace,PConc,GasA,Y,SBrkr,WD,Normal
1417,214708,20340,1,3,1963,2004,2.0,135,12,149,296,993,244,1237,1,3,3,2,2,165.0,132.0,26.0,NridgHt,1Fam,1Story,Hip,VinylSd,PConc,GasA,Y,SBrkr,WD,Normal
1418,288032,14822,1,5,1889,2008,147.0,823,49,17,889,1131,162,1293,3,2,3,2,2,1036.0,,78.0,NAmes,1Fam,1Story,Gable,VinylSd,PConc,GasA,Y,,WD,Normal
1419,268896,7000,2,7,1908,1952,6.0,250,24,419,693,742,256,998,5,1,7,1,2,500.0,40.0,50.0,NridgHt,1Fam,1Story,Gable,MetalSd,PConc,GasA,Y,SBrkr,WD,Normal
1420,291875,10238,6,3,1927,1966,1.0,41,32,461,534,657,398,1055,2,3,4,2,2,64.0,45.0,29.0,Gilbert,1Fam,2Story,Gable,HdBoard,BrkTil,GasA,Y,SBrkr,WD,Normal
1421,260018,9860,6,10,1995,1995,26.0,207,90,322,619,835,32,867,6,3,11,1,2,16.0,8.0,14.0,NAmes,1Fam,2Story,Gable,BrkFace,Wood,GasA,Y,SBrkr,WD,Normal
1422,260947,12853,3,2,1892,1987,10.0,318,34,459,811,946,241,1187,5,2,4,0,2,84.0,102.0,72.0,NAmes,1Fam,2Story,Gable,VinylSd,PConc,GasA,Y,SBrkr,WD,Normal
1423,309217,16529,4,6,1926,1984,10.0,546,52,296,894,720,521,1241,3,3,11,0,3,527.0,80.0,9.0,CollgCr,2fmCon,2Story,Gable,HdBoard,BrkTil,GasA,Y,SBrkr,WD,Normal
1424,312480,16466,2,8,1982,1950,16.0,826,53,471,1350,1324,135,1459,4,1,4,2,2,349.0,4.0,131.0,Gilbert,1Fam,1Story,Gable,VinylSd,PConc,GasA,Y,SBrkr,WD,Normal
1425,237041,5497,2,4,1970,1978,14.0,114,81,17,212,533,431,964,1,3,6,1,2,88.0,139.0,8.0,Edwards,TwnhsE,1Story,Gable,Wd Sdng,CBlock,GasA,Y,SBrkr,WD,Abnorml
1426,373872,22742,7,9,1932,1953,57.0,50,50,183,283,1015,560,1575,4,2,5,0,0,474.0,176.0,81.0,Edwards,1Fam,1.5Fin,Gable,VinylSd,BrkTil,GasA,Y,SBrkr,WD,Normal
1427,234288,15158,1,8,1971,2010,10.0,23,3,94,120,932,515,1447,5,3,8,0,3,53.0,237.0,27.0,Gilbert,1Fam,2Story,Hip,VinylSd,PConc,GasA,Y,SBrkr,WD,Normal
1428,344927,26695,7,7,1956,1966,39.0,402,20,41,463,1294,315,1609,6,1,6,1,2,603.0,78.0,10.0,NWAmes,1Fam,1Story,Gable,VinylSd,PConc,GasA,Y,SBrkr,WD,Normal
1429,255826,16682,1,7,1923,1977,214.0,475,226,106,807,673,379,1052,3,1,11,1,1,553.0,60.0,25.0,NAmes,1Fam,1Story,Gable,MetalSd,PConc,GasA,Y,SBrkr,WD,Abnorml
1430,360338,23171,6,3,1881,1999,28.0,157,10,84,251,1109,464,1573,1,3,11,0,2,1258.0,208.0,12.0,CollgCr,1Fam,2Story,Gable,CemntBd,CBlock,GasA,Y,SBrkr,ConLD,Normal
1431,334180,16869,3,6,1980,1957,51.0,151,44,1446,1641,1036,396,1432,3,3,11,1,2,56.0,50.0,7.0,Sawyer,1Fam,1Story,Gable,VinylSd,BrkTil,GasA,Y,SBrkr,WD,Normal
1432,386065,26189,8,5,1936,1983,174.0,925,92,135,1152,966,180,1146,3,1,5,1,2,829.0,106.0,13.0,Sawyer,2fmCon,SLvl,Hip,VinylSd,CBlock,GasA,Y,SBrkr,WD,Normal
1433,275354,17346,6,1,1936,2008,7.0,745,44,105,894,688,51,739,6,2,5,0,2,146.0,95.0,101.0,Gilbert,1Fam,1Story,Gable,CemntBd,PConc,GasA,Y,,WD,AdjLand
1434,255351,12721,2,3,1913,1967,27.0,79,23,720,822,711,111,822,5,1,6,1,2,188.0,,5.0,Gilbert,1Fam,2.5Fin,Gable,MetalSd,CBlock,GasA,Y,SBrkr,WD,Normal
1435,324115,41615,8,1,1937,2008,94.0,455,4,217,676,821,69,890,4,3,11,0,2,221.0,9.0,179.0,Sawyer,1Fam,2Story,Hip,VinylSd,BrkTil,GasA,Y,SBrkr,WD,Normal
1436,291292,20837,5,4,1914,1976,134.0,292,22,218,532,772,134,906,3,3,8,1,3,345.0,2.0,0.0,CollgCr,1Fam,1.5Fin,Hip,Wd Sdng,CBlock,GasA,Y,SBrkr,WD,Normal
1437,409771,17798,8,10,1954,1965,45.0,50,10,234,294,1310,201,1511,3,2,11,0,0,1838.0,55.0,53.0,CollgCr,1Fam,1Story,Gable,MetalSd,PConc,GasA,Y,SBrkr,WD,Normal
1438,380553,7057,8,3,1912,1959,7.0,132,162,215,509,935,958,1893,3,1,10,0,2,320.0,65.0,97.0,NAmes,1Fam,1Story,Gable,BrkFace,BrkTil,GasA,Y,SBrkr,New,Normal
1439,369943,7015,6,4,1994,1971,115.0,58,62,158,278,1139,961,2100,1,1,9,1,2,914.0,172.0,135.0,Gilbert,1Fam,2Story,Gable,VinylSd,Wood,GasA,Y,SBrkr,WD,Normal
1440,236326,15465,2,9,1954,1965,9.0,104,69,134,307,580,440,1020,3,2,7,0,2,103.0,53.0,7.0,Gilbert,1Fam,1Story,Gable,CemntBd,PConc,Wall,Y,SBrkr,WD,Abnorml
1441,390394,14368,8,3,1952,1961,21.0,286,28,854,1168,516,1175,1691,3,1,11,1,0,177.0,33.0,59.0,Gilbert,1Fam,SFoyer,Gable,VinylSd,PConc,GasA,N,SBrkr,WD,Normal
1442,456398,9827,6,6,1957,2000,23.0,141,5,70,216,851,1866,2717,5,2,6,1,2,245.0,62.0,,CollgCr,1Fam,1Story,Gable,MetalSd,CBlock,GasA,Y,,WD,Normal
1443,302491,14335,6,6,1888,1950,29.0,150,15,79,244,611,649,1260,3,1,6,0,1,136.0,27.0,21.0,NridgHt,1Fam,2Story,Gable,Wd Sdng,Stone,GasA,Y,SBrkr,WD,Normal
1444,365860,29564,8,7,1927,1976,78.0,232,15,339,586,908,24,932,6,2,10,1,2,1318.0,9.0,65.0,OldTown,1Fam,1.5Fin,Gable,MetalSd,BrkTil,Floor,Y,SBrkr,COD,Normal
1445,226948,18914,1,9,1946,2016,81.0,27,33,168,228,697,166,863,6,2,6,1,2,452.0,11.0,21.0,NAmes,1Fam,1Story,Gable,VinylSd,BrkTil,GasA,Y,FuseA,WD,Normal
1446,252581,7551,2,7,1998,1961,63.0,402,30,218,650,984,229,1213,3,2,9,0,1,228.0,38.0,18.0,NAmes,1Fam,SFoyer,Hip,BrkFace,PConc,GasA,Y,SBrkr,New,Normal
1447,332795,12635,9,1,2012,1979,,154,28,657,839,709,39,748,6,3,6,2,2,487.0,1.0,6.0,NWAmes,1Fam,1Story,Gable,MetalSd,BrkTil,GasW,Y,FuseF,WD,Normal
1448,370526,8933,8,8,1998,1958,41.0,196,34,935,1165,1062,496,1558,5,3,3,0,2,220.0,24.0,3.0,OldTown,Twnhs,2Story,Gable,VinylSd,CBlock,GasA,Y,SBrkr,WD,Normal
1449,321581,11005,7,5,1965,2002,68.0,1098,217,625,1940,689,48,737,1,3,11,1,3,,,6.0,Sawyer,1Fam,2Story,Gable,HdBoard,Wood,GasW,Y,SBrkr,WD,Normal
1450,281115,10863,7,9,1985,2010,,126,17,107,250,513,145,658,6,1,6,1,1,274.0,26.0,104.0,BrkSide,1Fam,1Story,Shed,VinylSd,CBlock,GasA,Y,SBrkr,WD,Normal
1451,330776,10521,5,10,1955,2003,144.0,313,47,1564,1924,1159,21,1180,6,2,5,0,2,343.0,11.0,0.0,NridgHt,1Fam,1Story,Gable,VinylSd,BrkTil,GasA,Y,SBrkr,WD,Normal
1452,287810,7132,2,5,1919,1986,86.0,149,13,180,342,712,223,935,4,1,5,0,3,,297.0,59.0,CollgCr,1Fam,1Story,Gable,VinylSd,PConc,GasA,Y,SBrkr,WD,Normal
1453,309661,12533,6,5,1898,2014,50.0,674,31,74,779,1355,272,1627,5,1,11,0,3,14.0,97.0,73.0,CollgCr,1Fam,1Story,Mansard,MetalSd,CBlock,GasA,Y,SBrkr,WD,Normal
1454,384676,10093,10,2,1926,1991,3.0,562,11,276,849,740,398,1138,6,2,10,2,2,251.0,6.0,41.0,Edwards,1Fam,1Story,Gable,VinylSd,PConc,GasA,Y,FuseA,WD,Normal
1455,213008,3087,3,3,1944,1998,52.0,82,40,516,638,701,124,825,1,3,9,3,2,36.0,6.0,65.0,CollgCr,1Fam,1Story,Hip,CemntBd,PConc,GasA,Y,SBrkr,WD,Normal
1456,269264,37290,4,10,1909,1953,121.0,353,15,34,402,824,267,1091,4,1,9,0,3,56.0,,52.0,Somerst,1Fam,1Story,Gable,Wd Sdng,CBlock,GasA,Y,SBrkr,WD,Normal
1457,370561,23026,10,9,2005,2013,23.0,20,1,402,423,758,397,1155,3,1,6,1,2,329.0,77.0,30.0,BrkSide,1Fam,1Story,Gable,CemntBd,CBlock,GasA,Y,SBrkr,WD,Normal
1458,297751,11068,2,7,1945,2000,,990,84,780,1854,932,430,1362,5,1,5,1,2,92.0,7.0,24.0,NridgHt,1Fam,2.5Unf,Gable,BrkFace,CBlock,GasA,Y,SBrkr,New,Normal
1459,249269,13486,2,1,1884,2009,18.0,128,6,121,255,1013,107,1120,6,3,6,0,1,484.0,,,CollgCr,1Fam,2Story,Hip,VinylSd,PConc,OthW,Y,SBrkr,WD,Normal
1460,357852,7436,8,3,1972,1980,42.0,534,22,472,1028,1060,21,1081,3,2,8,0,0,252.0,264.0,178.0,NWAmes,1Fam,1Story,Gable,VinylSd,PConc,GasA,Y,SBrkr,WD,Normal
1461,299386,31190,8,2,1976,2007,52.0,115,32,204,351,875,11,886,5,2,6,1,2,86.0,,52.0,NAmes,1Fam,2Story,Gable,VinylSd,PConc,GasA,Y,FuseA,WD,Normal
1462,360713,34497,10,1,1973,1953,56.0,300,28,213,541,572,438,1010,4,1,6,0,3,238.0,58.0,10.0,CollgCr,1Fam,2Story,Gambrel,BrkFace,PConc,GasA,Y,SBrkr,New,Normal
1463,374948,14448,6,9,1985,1971,107.0,1232,64,131,1427,1505,146,1651,6,2,4,3,3,0.0,28.0,29.0,NridgHt,1Fam,1Story,Gable,Wd Sdng,CBlock,GasA,Y,FuseA,WD,Partial
1464,326498,22287,5,8,2012,1952,13.0,628,45,391,1064,803,43,846,1,3,9,1,3,695.0,14.0,34.0,Somerst,1Fam,1.5Fin,Gable,VinylSd,PConc,GasA,Y,SBrkr,WD,Normal
1465,301744,14583,8,5,1964,1996,15.0,52,17,179,248,791,61,852,5,2,8,0,2,4.0,,70.0,NAmes,1Fam,2Story,Gable,CemntBd,Slab,GasA,Y,SBrkr,WD,Normal
1466,284508,6847,4,2,1937,1987,60.0,237,2,710,949,874,435,1309,1,1,4,1,2,2.0,255.0,55.0,Edwards,1Fam,1.5Fin,Gable,HdBoard,PConc,GasA,Y,SBrkr,WD,Normal
1467,333151,10873,4,1,1958,1982,9.0,128,72,1317,1517,830,274,1104,3,1,7,1,2,330.0,4.0,36.0,Sawyer,1Fam,2Story,Hip,HdBoard,PConc,GasA,Y,,WD,Normal
1468,337381,14270,5,7,1887,1997,31.0,170,21,1093,1284,531,208,739,3,2,8,0,2,1270.0,470.0,57.0,Somerst,1Fam,2Story,Hip,VinylSd,CBlock,GasA,Y,,WD,Normal
1469,269350,10643,1,2,1891,2014,1.0,122,110,71,303,1066,292,1358,4,1,7,1,2,678.0,23.0,1.0,CollgCr,1Fam,1Story,Gable,VinylSd,BrkTil,GasA,Y,SBrkr,New,Normal
1470,186193,11976,1,1,1973,1975,7.0,122,25,5,152,701,44,745,4,3,6,0,3,101.0,52.0,74.0,NWAmes,1Fam,1Story,Gable,Wd Sdng,PConc,GasA,Y,SBrkr,WD,Normal
1471,220980,12762,2,2,1970,1957,56.0,234,63,230,527,814,115,929,2,3,11,0,2,76.0,4.0,11.0,NAmes,1Fam,2Story,Hip,Wd Sdng,BrkTil,GasA,Y,SBrkr,WD,Normal
1472,360964,12830,8,7,1912,1999,68.0,63,140,522,725,1522,140,1662,2,3,5,1,0,344.0,87.0,53.0,NAmes,1Fam,1Story,Gable,Wd Sdng,CBlock,GasA,Y,SBrkr,WD,Normal
1473,404559,13713,7,7,1979,1987,6.0,231,52,1516,1799,1191,113,1304,4,3,4,0,3,605.0,66.0,6.0,BrkSide,1Fam,1Story,Gable,BrkFace,BrkTil,Grav,Y,SBrkr,WD,Normal
1474,391368,7861,10,10,1894,1959,12.0,98,26,611,735,1456,599,2055,6,1,11,1,1,157.0,109.0,6.0,Somerst,1Fam,1Story,Gable,VinylSd,Wood,GasW,Y,SBrkr,WD,Normal
1475,339953,9334,9,6,1993,1991,5.0,102,41,347,490,732,261,993,3,1,10,0,2,198.0,,1.0,NWAmes,1Fam,1Story,Hip,VinylSd,PConc,OthW,Y,SBrkr,ConLD,Normal
1476,307059,7028,5,5,2008,1986,28.0,402,39,10,451,1117,392,1509,1,2,11,1,3,42.0,50.0,120.0,Gilbert,1Fam,1Story,Gable,Wd Sdng,CBlock,GasA,Y,SBrkr,WD,Normal
1477,244838,21783,2,3,1890,1975,,9,43,698,750,1013,81,1094,4,1,5,0,2,58.0,133.0,46.0,Somerst,1Fam,1Story,Hip,MetalSd,BrkTil,GasA,Y,SBrkr,WD,Normal
1478,294359,4661,7,3,1934,1961,28.0,143,7,77,227,883,91,974,6,2,3,2,3,294.0,2.0,22.0,Gilbert,1Fam,2Story,Gable,MetalSd,BrkTil,GasA,Y,SBrkr,WD,Normal
1479,288283,23784,8,9,1881,1998,65.0,157,59,22,238,716,76,792,1,1,3,0,2,37.0,77.0,77.0,Gilbert,1Fam,1Story,Gable,CemntBd,CBlock,GasA,Y,SBrkr,New,Normal
1480,353830,26720,7,4,1944,1963,57.0,199,7,759,965,1243,349,1592,2,2,5,1,3,78.0,12.0,,NWAmes,1Fam,1Story,Gable,Wd Sdng,Wood,GasA,Y,SBrkr,WD,Normal
1481,297150,11486,7,9,1895,1995,16.0,331,0,334,665,769,128,897,1,2,6,1,1,93.0,57.0,48.0,NWAmes,1Fam,1Story,Gable,Wd Sdng,CBlock,GasA,Y,SBrkr,WD,Normal
1482,265316,3635,5,4,1985,1984,56.0,138,49,55,242,935,155,1090,4,3,4,0,2,205.0,156.0,33.0,Somerst,1Fam,2Story,Gable,MetalSd,CBlock,GasA,Y,SBrkr,WD,Normal
1483,257641,11151,2,2,1909,1978,131.0,71,6,195,272,1180,370,1550,3,2,10,1,2,16.0,,0.0,Edwards,1Fam,2Story,Gable,VinylSd,PConc,GasA,Y,SBrkr,WD,AdjLand
1484,343533,12937,6,4,1889,1961,21.0,648,73,35,756,669,1070,1739,4,2,5,0,2,242.0,274.0,14.0,NAmes,1Fam,1Story,Gable,CemntBd,CBlock,GasA,Y,SBrkr,Con,Alloca
1485,327423,8060,4,6,1941,1993,19.0,1189,100,406,1695,647,52,699,5,2,6,1,2,924.0,219.0,5.0,Gilbert,1Fam,1Story,Gable,Wd Sdng,PConc,GasA,Y,SBrkr,WD,Normal
1486,387517,10325,10,6,1964,2015,42.0,6,144,132,282,1909,19,1928,6,2,8,1,3,8.0,53.0,54.0,NridgHt,1Fam,2Story,Hip,BrkFace,PConc,GasA,Y,,WD,Normal
1487,224003,28712,2,5,2013,1951,14.0,237,54,804,1095,693,65,758,6,2,8,1,2,348.0,0.0,14.0,NridgHt,1Fam,SLvl,Hip,MetalSd,Wood,GasA,Y,SBrkr,WD,Normal
1488,410464,18628,9,1,1946,2008,52.0,125,32,177,334,1458,398,1856,6,3,4,1,4,632.0,155.0,29.0,NAmes,1Fam,1Story,Gable,VinylSd,Wood,GasW,Y,SBrkr,WD,Normal
1489,286395,8414,7,3,1920,1966,,97,21,272,390,883,64,947,5,2,8,3,2,131.0,212.0,21.0,Gilbert,1Fam,2Story,Gable,VinylSd,PConc,GasA,N,SBrkr,WD,Normal
1490,288932,6010,6,5,1897,1959,30.0,122,33,26,181,790,263,1053,5,2,6,0,2,49.0,19.0,7.0,Sawyer,1Fam,1Story,Gable,VinylSd,PConc,GasA,Y,SBrkr,WD,Normal
1491,272235,11344,5,6,1937,1967,56.0,305,10,128,443,814,267,1081,3,2,7,0,2,15.0,247.0,158.0,OldTown,2fmCon,1Story,Gable,Wd Sdng,BrkTil,GasA,Y,SBrkr,WD,Normal
1492,239818,12007,3,1,1939,1971,52.0,63,21,451,535,881,104,985,6,1,9,0,4,361.0,245.0,135.0,NAmes,1Fam,2Story,Gable,VinylSd,BrkTil,GasA,Y,SBrkr,WD,Normal
1493,402848,17121,10,9,1967,2007,1.0,732,63,533,1328,1341,21,1362,4,1,9,1,1,281.0,63.0,4.0,NridgHt,1Fam,1Story,Gable,MetalSd,PConc,GasA,Y,SBrkr,COD,Normal
1494,370053,10222,10,3,1906,2002,10.0,188,12,111,311,1126,152,1278,5,3,8,2,2,91.0,159.0,87.0,Edwards,1Fam,2Story,Gable,VinylSd,CBlock,Grav,Y,SBrkr,WD,Normal
1495,233952,17253,4,10,1947,1950,111.0,118,15,280,413,842,62,904,4,2,8,1,2,623.0,,,Somerst,1Fam,1Story,Gable,MetalSd,Wood,GasA,N,FuseF,WD,Normal
1496,223316,35156,3,3,1901,2010,139.0,435,69,680,1184,512,61,573,2,2,8,0,2,465.0,83.0,74.0,CollgCr,1Fam,2Story,Gable,CemntBd,CBlock,GasA,Y,SBrkr,WD,Normal
1497,311408,20085,8,2,1919,1980,75.0,4,9,191,204,903,221,1124,6,1,6,1,3,113.0,38.0,8.0,NridgHt,1Fam,1Story,Gable,VinylSd,CBlock,GasA,Y,SBrkr,WD,Normal
1498,275946,13042,3,8,1988,1980,127.0,169,14,57,240,934,335,1269,5,2,5,0,2,489.0,17.0,7.0,NAmes,Twnhs,1Story,Gable,VinylSd,CBlock,GasA,Y,SBrkr,ConLD,Normal
1499,323229,12190,7,3,1953,2015,18.0,131,0,226,357,1309,23,1332,5,3,3,2,3,98.0,,110.0,Edwards,1Fam,1Story,Gable,Wd Sdng,CBlock,GasA,Y,SBrkr,WD,Normal
1500,304976,11177,7,6,1945,1968,,123,63,367,553,577,259,836,3,2,5,1,2,393.0,0.0,114.0,Sawyer,1Fam,1Story,Gable,Wd Sdng,Wood,GasA,Y,SBrkr,WD,Normal
1501,272844,24108,7,2,1885,2002,24.0,123,48,2,173,774,84,858,4,3,5,2,3,44.0,86.0,,NridgHt,1Fam,1Story,Gable,MetalSd,Wood,OthW,Y,SBrkr,WD,Normal
1502,327036,9762,7,7,1991,1971,2.0,9,59,171,239,766,335,1101,3,1,11,1,2,412.0,200.0,102.0,NridgHt,1Fam,1Story,Gable,MetalSd,PConc,GasA,Y,SBrkr,WD,Normal
1503,247686,13665,2,4,1897,1972,83.0,49,12,374,435,882,498,1380,3,3,5,0,2,,25.0,55.0,NridgHt,1Fam,1Story,Gable,BrkFace,PConc,GasA,Y,SBrkr,WD,Normal
1504,401399,13706,10,9,1960,1964,207.0,45,58,1213,1316,922,493,1415,4,3,10,1,2,297.0,40.0,10.0,Somerst,1Fam,2Story,Gable,CemntBd,PConc,GasA,Y,,WD,Normal
1505,269055,10395,3,10,1981,1975,86.0,1342,45,210,1597,1024,138,1162,2,3,10,1,2,66.0,88.0,19.0,BrkSide,1Fam,2Story,Gable,Wd Sdng,PConc,GasA,Y,SBrkr,WD,Normal
1506,326581,6726,10,9,1989,1952,40.0,6,22,71,99,508,251,759,4,3,5,0,2,453.0,28.0,7.0,OldTown,1Fam,1Story,Gable,MetalSd,PConc,GasA,Y,SBrkr,WD,Normal
1507,354201,15701,9,7,1909,1969,17.0,54,28,305,387,945,473,1418,2,3,8,0,2,21.0,188.0,74.0,BrkSide,TwnhsE,1Story,Hip,VinylSd,BrkTil,GasA,Y,SBrkr,WD,Normal
1508,259216,12958,3,8,2001,1989,11.0,1096,41,134,1271,966,18,984,3,3,10,1,1,63.0,45.0,210.0,NridgHt,1Fam,2Story,Gable,VinylSd,CBlock,GasA,Y,,WD,Normal
1509,213583,17156,2,3,1941,1988,22.0,296,33,96,425,918,279,1197,2,3,10,0,2,71.0,87.0,39.0,Sawyer,1Fam,1.5Fin,Gable,VinylSd,PConc,GasA,Y,SBrkr,New,Normal
1510,369525,10231,9,5,2017,1967,54.0,179,51,357,587,851,543,1394,6,3,11,0,2,14.0,25.0,53.0,NridgHt,1Fam,1Story,Gable,VinylSd,Wood,GasW,Y,SBrkr,WD,Normal
1511,336205,24597,10,2,1999,1990,29.0,24,9,990,1023,321,139,460,2,3,11,2,2,478.0,4.0,68.0,Gilbert,1Fam,1Story,Gable,BrkFace,Wood,GasA,Y,SBrkr,WD,Normal
1512,430911,8618,9,10,1986,2019,135.0,332,38,721,1091,1064,182,1246,2,1,10,0,2,1386.0,19.0,12.0,NWAmes,1Fam,2Story,Gable,BrkFace,Wood,GasA,Y,SBrkr,WD,Normal
1513,262154,31445,4,7,1955,1976,,44,29,80,153,670,359,1029,5,3,9,2,4,527.0,4.0,20.0,Gilbert,1Fam,1Story,Hip,CemntBd,BrkTil,GasA,Y,SBrkr,WD,Normal
1514,357926,5575,9,8,1888,1964,5.0,333,30,580,943,1079,21,1100,5,3,5,1,2,689.0,,26.0,Somerst,1Fam,1Story,Gable,HdBoard,PConc,GasA,Y,FuseP,WD,Normal
1515,294285,16603,3,9,1918,1986,7.0,1161,31,104,1296,1306,146,1452,3,2,9,1,2,2.0,88.0,45.0,Gilbert,1Fam,2Story,Gable,HdBoard,CBlock,GasA,N,SBrkr,New,Normal
1516,295844,16944,7,7,1903,2007,56.0,227,106,137,470,543,105,648,4,2,6,1,1,43.0,4.0,95.0,BrkSide,2fmCon,1Story,Gable,MetalSd,PConc,GasA,N,SBrkr,WD,Normal
1517,326725,8975,7,10,2004,1954,13.0,72,85,1010,1167,1069,5,1074,2,2,4,1,2,286.0,9.0,14.0,Edwards,1Fam,1Story,Gable,BrkFace,CBlock,Grav,Y,SBrkr,COD,Normal
1518,362541,16517,8,10,1997,1956,78.0,294,49,967,1310,619,65,684,6,3,10,1,2,1333.0,66.0,31.0,Gilbert,1Fam,2Story,Hip,MetalSd,PConc,GasA,Y,SBrkr,WD,Normal
1519,340528,25330,10,8,1913,1990,44.0,215,63,73,351,886,151,1037,5,1,4,1,2,378.0,160.0,69.0,Edwards,1Fam,1Story,Hip,VinylSd,Wood,GasA,Y,SBrkr,WD,Normal
1520,244180,4409,4,9,1940,1959,13.0,228,2,26,256,864,65,929,4,1,3,0,1,164.0,98.0,4.0,Somerst,1Fam,2Story,Hip,Wd Sdng,Wood,GasA,Y,SBrkr,WD,Normal
1521,258931,17177,3,6,2012,2011,32.0,195,68,138,401,1126,276,1402,6,2,7,2,2,55.0,11.0,35.0,Gilbert,1Fam,SLvl,Gable,MetalSd,CBlock,GasA,Y,SBrkr,WD,Normal
1522,262736,3840,3,10,1958,1975,26.0,336,33,348,717,1077,178,1255,2,2,11,2,3,58.0,218.0,7.0,NAmes,1Fam,2Story,Gable,MetalSd,BrkTil,GasA,Y,SBrkr,COD,Normal
1523,306233,8243,5,2,1929,2017,103.0,254,19,837,1110,971,12,983,4,3,7,3,2,157.0,249.0,38.0,Gilbert,1Fam,2Story,Gable,MetalSd,BrkTil,GasA,Y,SBrkr,WD,Normal
1524,236023,30169,1,2,2011,1973,1.0,1302,7,50,1359,548,96,644,6,1,4,3,4,437.0,39.0,73.0,Gilbert,1Fam,2Story,Gambrel,MetalSd,PConc,GasA,Y,SBrkr,WD,Normal
1525,301225,9987,10,4,1930,1990,113.0,524,3,214,741,422,5,427,1,1,6,0,3,11.0,95.0,13.0,NAmes,1Fam,1.5Fin,Gable,VinylSd,CBlock,GasA,Y,SBrkr,WD,AdjLand
1526,278680,7428,3,9,1931,2014,52.0,92,2,126,220,1180,133,1313,6,2,10,1,1,669.0,67.0,94.0,NridgHt,1Fam,1Story,Hip,VinylSd,PConc,GasW,Y,SBrkr,WD,Normal
1527,350427,12100,6,7,2001,1966,66.0,388,8,6,402,1123,89,1212,6,1,9,0,0,993.0,284.0,20.0,BrkSide,1Fam,1Story,Gable,VinylSd,Stone,OthW,N,SBrkr,WD,Normal
1528,242598,37569,3,2,1887,1973,0.0,72,1,621,694,665,349,1014,2,2,7,0,2,768.0,71.0,10.0,Somerst,TwnhsE,SLvl,Gable,VinylSd,Wood,GasA,Y,SBrkr,WD,Normal
1529,325366,5346,5,8,1992,1976,49.0,457,65,671,1193,996,110,1106,4,2,6,0,2,854.0,321.0,31.0,Sawyer,1Fam,2Story,Gable,VinylSd,CBlock,GasA,Y,SBrkr,WD,AdjLand
1530,336097,7897,9,7,1924,1956,44.0,47,14,100,161,843,141,984,2,3,7,3,2,5.0,22.0,104.0,Somerst,1Fam,1Story,Hip,CemntBd,CBlock,GasA,Y,SBrkr,WD,Normal
1531,331518,28246,2,9,1967,1961,38.0,192,23,65,280,1243,387,1630,2,2,9,0,1,1332.0,,3.0,BrkSide,Duplex,1.5Fin,Hip,BrkFace,PConc,GasA,Y,SBrkr,WD,Normal
1532,235859,33821,2,8,1907,1952,77.0,469,86,62,617,920,196,1116,1,3,7,0,1,159.0,152.0,19.0,Somerst,1Fam,1Story,Gable,VinylSd,PConc,GasA,Y,SBrkr,WD,Normal
1533,312359,12686,6,3,1998,1959,40.0,98,6,249,353,1176,243,1419,6,1,10,0,0,712.0,153.0,52.0,CollgCr,1Fam,2Story,Gable,VinylSd,PConc,GasA,N,SBrkr,WD,Normal
1534,289708,7190,6,1,1986,1982,97.0,544,90,113,747,746,552,1298,4,1,9,1,3,72.0,131.0,22.0,Edwards,Duplex,SFoyer,Gable,HdBoard,PConc,GasA,Y,FuseF,WD,Family
1535,300160,38098,8,2,1906,1995,13.0,309,51,286,646,977,69,1046,3,2,9,0,3,,196.0,3.0,Edwards,1Fam,2Story,Gable,CemntBd,PConc,GasA,Y,SBrkr,WD,Normal
1536,294236,29650,2,2,1960,2008,81.0,152,20,194,366,793,1358,2151,5,2,11,0,1,15.0,121.0,20.0,BrkSide,1Fam,2Story,Gable,MetalSd,PConc,GasA,Y,SBrkr,WD,Normal
1537,343351,18759,9,4,1980,2001,9.0,165,6,94,265,745,691,1436,2,3,10,0,2,14.0,101.0,86.0,BrkSide,Duplex,2Story,Mansard,MetalSd,BrkTil,GasA,Y,SBrkr,WD,Normal
1538,265898,8899,2,6,1941,1955,83.0,781,4,556,1341,446,101,547,2,3,10,0,1,1004.0,,172.0,Sawyer,1Fam,1.5Fin,Gable,VinylSd,CBlock,GasA,Y,SBrkr,ConLD,Normal
1539,266516,13036,1,4,1941,1951,141.0,73,20,65,158,1184,670,1854,2,1,8,1,3,582.0,62.0,2.0,OldTown,1Fam,SFoyer,Gable,Wd Sdng,BrkTil,GasA,Y,SBrkr,New,Normal
1540,428650,12330,10,9,1905,1978,20.0,354,7,641,1002,1517,420,1937,2,1,9,1,4,264.0,52.0,42.0,NAmes,1Fam,1Story,Gable,MetalSd,CBlock,GasA,Y,SBrkr,WD,Normal
1541,281102,15763,2,4,2000,1989,37.0,368,15,329,712,592,801,1393,5,2,10,2,2,260.0,96.0,5.0,NridgHt,1Fam,1Story,Gable,VinylSd,CBlock,GasA,Y,SBrkr,WD,Normal
1542,381696,27598,7,6,1903,2010,53.0,767,2,713,1482,1105,352,1457,3,2,7,2,2,483.0,52.0,57.0,NWAmes,Duplex,2Story,Gable,MetalSd,BrkTil,GasA,Y,SBrkr,New,Normal
1543,354266,20737,8,6,1918,2017,4.0,374,45,1,420,1091,336,1427,1,3,4,0,2,146.0,15.0,0.0,Gilbert,1Fam,SFoyer,Hip,MetalSd,BrkTil,GasA,Y,SBrkr,WD,Family
1544,280168,7795,5,10,2003,2017,34.0,263,7,553,823,769,1,770,3,2,9,0,2,502.0,11.0,0.0,CollgCr,1Fam,1Story,Gable,BrkFace,PConc,GasA,Y,SBrkr,WD,Normal
1545,307718,26588,6,10,1900,1978,22.0,698,70,21,789,719,193,912,5,3,5,0,2,232.0,258.0,75.0,CollgCr,1Fam,1.5Fin,Gable,HdBoard,CBlock,GasW,Y,SBrkr,WD,Normal
1546,296674,15624,1,1,1973,2011,102.0,530,12,1199,1741,1279,67,1346,4,1,10,1,2,355.0,2.0,3.0,NAmes,1Fam,2Story,Shed,HdBoard,PConc,GasA,Y,SBrkr,WD,Normal
1547,356273,18836,6,8,1994,2009,104.0,378,79,485,942,1239,117,1356,1,1,8,1,4,1171.0,11.0,18.0,Gilbert,Duplex,1Story,Hip,VinylSd,CBlock,GasA,Y,SBrkr,WD,Normal
1548,398524,27813,8,3,2000,1990,60.0,9,10,154,173,1028,1156,2184,1,2,6,4,1,223.0,58.0,158.0,Sawyer,1Fam,2Story,Gable,VinylSd,BrkTil,GasA,Y,SBrkr,WD,Normal
1549,223792,7663,3,6,1892,2014,53.0,140,63,154,357,768,26,794,4,3,4,1,3,189.0,30.0,210.0,NAmes,Twnhs,1Story,Gable,BrkFace,PConc,GasA,Y,FuseP,WD,Normal
1550,312426,13122,1,3,2010,2013,66.0,299,20,790,1109,1244,384,1628,6,2,9,1,2,826.0,52.0,8.0,NAmes,1Fam,1Story,Hip,VinylSd,PConc,GasA,Y,FuseF,New,Abnorml
1551,298737,10242,4,2,1898,2012,22.0,221,43,932,1196,698,56,754,2,2,3,0,2,815.0,12.0,41.0,NAmes,1Fam,1.5Fin,Hip,Wd Sdng,PConc,GasA,Y,Mix,WD,Alloca
1552,338922,6100,1,5,1960,1997,25.0,115,1,888,1004,1374,2,1376,5,3,9,1,2,1708.0,14.0,40.0,BrkSide,1Fam,1Story,Hip,Wd Sdng,BrkTil,GasA,Y,FuseP,WD,Normal
1553,402745,15888,8,1,2002,1969,40.0,46,34,661,741,1465,208,1673,4,2,9,0,3,280.0,161.0,30.0,Somerst,TwnhsE,SLvl,Gable,CemntBd,PConc,GasA,Y,SBrkr,WD,Alloca
1554,310648,46900,5,9,1947,1986,139.0,241,8,683,932,1279,52,1331,3,3,5,0,2,147.0,142.0,129.0,NridgHt,1Fam,1Story,Gable,VinylSd,PConc,GasA,Y,SBrkr,WD,Normal
1555,304226,5323,1,7,1898,2013,64.0,101,33,340,474,995,1009,2004,3,3,6,2,3,96.0,11.0,70.0,Edwards,1Fam,1Story,Gable,HdBoard,PConc,GasA,Y,SBrkr,WD,Normal
1556,277379,13145,8,3,1943,1954,40.0,79,7,11,97,418,68,486,6,2,6,1,3,12.0,110.0,72.0,NAmes,1Fam,1Story,Gable,MetalSd,PConc,GasA,Y,SBrkr,WD,Normal
1557,333954,18403,9,4,1980,1983,73.0,152,28,36,216,849,63,912,4,3,6,1,2,454.0,93.0,15.0,NAmes,2fmCon,SLvl,Hip,VinylSd,PConc,GasA,Y,SBrkr,WD,Normal
1558,375347,14207,10,6,1945,1988,23.0,461,5,419,885,1524,9,1533,5,1,11,1,3,93.0,124.0,28.0,BrkSide,1Fam,1Story,Gable,BrkFace,Wood,GasA,Y,SBrkr,ConLD,Normal
1559,241980,12625,2,3,1945,2016,65.0,200,12,205,417,1189,120,1309,6,1,8,0,3,326.0,64.0,33.0,OldTown,1Fam,2Story,Gable,BrkFace,PConc,GasA,Y,FuseA,New,Normal
1560,355639,6977,9,7,1954,2011,26.0,73,45,335,453,1023,7,1030,6,1,11,0,2,869.0,31.0,17.0,Somerst,1Fam,1Story,Gable,VinylSd,BrkTil,GasA,Y,SBrkr,Con,Normal
1561,336462,15008,8,6,1924,1973,16.0,37,187,105,329,731,207,938,6,1,6,0,2,1050.0,108.0,4.0,Somerst,2fmCon,1Story,Gable,HdBoard,Slab,GasW,Y,SBrkr,WD,Normal
1562,326045,9150,7,9,1966,1952,47.0,207,29,419,655,1220,211,1431,1,2,9,0,3,1.0,46.0,6.0,NWAmes,1Fam,1Story,Gable,VinylSd,CBlock,GasA,Y,,WD,Normal
1563,207044,4469,3,5,1946,2016,58.0,474,58,111,643,560,16,576,1,1,11,0,3,133.0,24.0,9.0,NWAmes,1Fam,1Story,Gable,Wd Sdng,PConc,GasA,N,SBrkr,New,Normal
1564,249728,24277,2,4,1882,1999,30.0,317,38,247,602,852,82,934,2,1,5,0,2,635.0,52.0,11.0,NWAmes,1Fam,1Story,Gable,Wd Sdng,BrkTil,GasW,Y,SBrkr,ConLI,Alloca
1565,389398,21572,7,3,1903,1978,41.0,79,34,260,373,1513,535,2048,5,1,5,0,3,269.0,144.0,13.0,Sawyer,1Fam,2Story,Gable,Wd Sdng,PConc,GasA,Y,SBrkr,WD,Normal
1566,267450,13709,5,10,1967,1981,59.0,172,3,78,253,705,186,891,3,1,8,2,3,576.0,64.0,14.0,NWAmes,1Fam,1Story,Hip,VinylSd,Wood,GasA,Y,SBrkr,WD,Normal
1567,361393,14980,6,1,1896,1988,72.0,579,7,835,1421,1077,171,1248,3,2,10,2,2,671.0,35.0,30.0,Sawyer,1Fam,1Story,Gable,Wd Sdng,PConc,GasA,Y,SBrkr,WD,Normal
1568,257113,22860,4,3,1919,1958,112.0,58,107,298,463,529,359,888,2,1,3,1,2,204.0,178.0,35.0,Sawyer,1Fam,1Story,Gable,VinylSd,PConc,OthW,Y,SBrkr,WD,Normal
1569,257892,14945,2,3,1885,1963,21.0,227,26,806,1059,738,376,1114,3,3,6,1,1,155.0,213.0,18.0,Sawyer,1Fam,1Story,Gable,HdBoard,PConc,GasA,N,SBrkr,WD,Abnorml
1570,363265,20994,9,7,1998,2017,151.0,132,47,121,300,947,430,1377,6,3,10,0,1,212.0,56.0,118.0,Sawyer,1Fam,2Story,Hip,VinylSd,Slab,GasA,Y,FuseA,WD,Normal
1571,291277,11513,3,7,1999,2013,50.0,39,37,75,151,998,532,1530,2,2,8,2,2,370.0,46.0,40.0,Somerst,1Fam,1Story,Gable,HdBoard,BrkTil,GasA,Y,SBrkr,ConLD,Normal
1572,347896,25744,7,1,1914,1969,77.0,15,23,7,45,1669,79,1748,2,2,4,1,3,160.0,94.0,77.0,BrkSide,1Fam,1Story,Gable,BrkFace,CBlock,GasA,Y,SBrkr,WD,Abnorml
1573,308208,15683,8,3,1992,1977,60.0,243,24,39,306,771,20,791,4,2,10,1,0,,5.0,129.0,OldTown,1Fam,2Story,Gable,VinylSd,Wood,GasA,Y,SBrkr,WD,Normal
1574,268325,14720,2,8,1908,1963,11.0,6,40,63,109,1073,143,1216,1,1,3,0,3,820.0,117.0,8.0,Edwards,1Fam,1Story,Gable,HdBoard,Slab,GasA,Y,SBrkr,WD,Normal
1575,336471,7079,6,9,1886,1993,3.0,32,7,32,71,1064,579,1643,5,2,3,1,2,116.0,152.0,27.0,NWAmes,1Fam,1Story,Gable,MetalSd,PConc,GasA,Y,SBrkr,WD,Normal
1576,345291,15420,8,7,1932,1988,64.0,128,24,908,1060,752,24,776,5,1,9,0,3,1173.0,50.0,28.0,NridgHt,1Fam,2Story,Gable,HdBoard,BrkTil,GasA,N,FuseF,COD,Abnorml
1577,395229,8813,7,7,1902,1977,35.0,13,29,969,1011,1196,257,1453,1,2,5,0,3,,19.0,21.0,NWAmes,1Fam,1.5Fin,Hip,Wd Sdng,BrkTil,GasA,Y,SBrkr,WD,Normal
1578,317830,9709,3,8,1976,2013,60.0,153,210,1108,1471,1097,362,1459,6,3,10,0,3,736.0,2.0,0.0,NridgHt,1Fam,2Story,Gable,VinylSd,CBlock,GasA,Y,,WD,Normal
1579,238603,8886,1,6,2015,1981,32.0,41,21,1286,1348,827,196,1023,5,3,11,1,3,38.0,101.0,84.0,Sawyer,TwnhsE,1Story,Gable,VinylSd,PConc,GasA,Y,SBrkr,WD,Normal
1580,297577,7839,6,3,1955,1958,18.0,129,51,270,450,951,88,1039,3,1,10,1,3,101.0,31.0,5.0,OldTown,1Fam,1Story,Hip,CemntBd,Wood,GasA,Y,SBrkr,WD,Normal
1581,310471,38653,8,1,1889,1977,16.0,469,7,302,778,673,118,791,3,2,3,0,1,,62.0,269.0,Sawyer,1Fam,1Story,Gable,BrkFace,PConc,GasA,Y,,WD,Normal
1582,247655,25995,6,7,1996,1966,65.0,295,3,56,354,688,22,710,5,3,3,0,2,126.0,48.0,74.0,Edwards,Twnhs,SFoyer,Gable,Wd Sdng,CBlock,GasA,Y,,WD,AdjLand
1583,265632,34897,5,1,1903,2004,16.0,176,102,58,336,892,103,995,4,1,8,1,2,66.0,19.0,43.0,Gilbert,1Fam,2Story,Gable,VinylSd,PConc,GasA,Y,SBrkr,New,Normal
1584,378265,7248,8,1,1918,1959,62.0,28,65,592,685,1123,13,1136,5,3,3,1,2,709.0,71.0,8.0,NAmes,1Fam,1Story,Gable,MetalSd,PConc,GasA,Y,SBrkr,WD,Normal
1585,260158,13844,2,9,1945,1955,24.0,289,19,774,1082,812,388,1200,2,2,10,1,1,189.0,61.0,36.0,CollgCr,1Fam,1Story,Gable,Wd Sdng,CBlock,GasA,N,SBrkr,New,Normal
1586,269550,6997,1,10,1885,1997,73.0,53,35,614,702,746,684,1430,6,1,8,1,1,1155.0,97.0,15.0,NridgHt,1Fam,1Story,Gable,VinylSd,PConc,GasA,Y,SBrkr,New,Normal
1587,214603,9434,1,7,1900,2016,7.0,23,7,719,749,837,301,1138,2,3,7,0,3,306.0,29.0,,Gilbert,1Fam,SFoyer,Gable,CemntBd,CBlock,GasA,Y,SBrkr,New,Normal
1588,309544,8441,4,4,1952,1990,11.0,327,61,129,517,1151,320,1471,1,2,8,0,2,52.0,24.0,88.0,BrkSide,1Fam,2Story,Gable,VinylSd,PConc,GasA,Y,SBrkr,WD,Normal
1589,285985,24829,6,6,1953,2009,57.0,729,3,250,982,598,191,789,6,1,6,0,3,276.0,168.0,23.0,Somerst,1Fam,1.5Fin,Gable,HdBoard,PConc,GasA,N,SBrkr,COD,Normal
1590,412833,10958,9,1,1915,1991,41.0,185,70,245,500,1162,50,1212,6,3,3,2,1,1765.0,121.0,29.0,NridgHt,1Fam,1Story,Gable,MetalSd,CBlock,GasA,Y,FuseP,WD,Normal
1591,281467,22792,1,7,2010,1977,11.0,12,39,2142,2193,1046,2,1048,3,3,9,1,2,291.0,147.0,92.0,CollgCr,1Fam,1.5Fin,Gable,HdBoard,Slab,GasA,Y,SBrkr,WD,Normal
1592,185451,18070,1,6,1923,1962,116.0,636,16,1191,1843,597,126,723,6,1,11,0,2,0.0,13.0,4.0,BrkSide,1Fam,1Story,Gable,VinylSd,CBlock,GasA,Y,SBrkr,WD,AdjLand
1593,341669,42269,5,4,1970,1964,16.0,20,99,365,484,836,417,1253,4,2,6,0,0,946.0,25.0,45.0,Edwards,1Fam,1Story,Gable,MetalSd,CBlock,GasA,Y,SBrkr,WD,Abnorml
1594,468440,6375,10,7,1939,1985,27.0,606,213,59,878,1086,968,2054,5,1,6,1,2,,85.0,43.0,Somerst,1Fam,1Story,Gable,MetalSd,Slab,GasA,Y,SBrkr,WD,Normal
1595,246258,25074,5,3,1972,1964,11.0,149,14,119,282,506,169,675,2,3,11,1,2,408.0,194.0,27.0,Sawyer,1Fam,2.5Fin,Gable,VinylSd,BrkTil,GasA,Y,SBrkr,WD,Normal
1596,256899,23699,5,1,1962,2005,24.0,136,82,180,398,658,136,794,3,3,6,0,1,253.0,222.0,88.0,Gilbert,1Fam,1Story,Hip,BrkFace,PConc,GasA,Y,SBrkr,WD,Normal
1597,357595,8211,10,4,1962,1953,33.0,234,69,826,1129,568,177,745,3,3,6,0,2,137.0,178.0,,Gilbert,TwnhsE,1Story,Gable,CemntBd,Wood,GasA,Y,,WD,Normal
1598,291655,22105,6,3,1956,2001,17.0,944,68,74,1086,754,167,921,4,2,10,0,2,116.0,4.0,,Somerst,1Fam,2Story,Gable,MetalSd,BrkTil,GasA,Y,FuseA,WD,Normal
1599,418378,15804,8,1,1905,1959,73.0,687,157,99,943,1225,294,1519,4,3,6,0,0,924.0,171.0,30.0,BrkSide,1Fam,SLvl,Gable,MetalSd,PConc,GasA,Y,SBrkr,COD,Normal
1600,316494,11923,3,2,1900,1994,25.0,190,33,171,394,1140,397,1537,4,3,11,0,2,850.0,229.0,34.0,Somerst,2fmCon,1.5Fin,Hip,Wd Sdng,PConc,GasA,Y,SBrkr,ConLI,Normal
1601,406195,8848,9,5,1999,1978,65.0,357,56,1046,1459,771,461,1232,4,1,10,0,2,251.0,5.0,64.0,NAmes,1Fam,1Story,Gable,Wd Sdng,BrkTil,GasA,N,,WD,AdjLand
1602,243802,9324,1,8,2009,2002,11.0,260,86,280,626,1222,314,1536,2,3,7,1,3,,53.0,55.0,Edwards,1Fam,SFoyer,Flat,BrkFace,CBlock,GasA,Y,SBrkr,WD,Normal
1603,291554,37231,4,1,1987,1978,23.0,354,32,416,802,1095,172,1267,4,1,11,1,2,37.0,76.0,12.0,NWAmes,1Fam,2Story,Gable,MetalSd,PConc,GasA,Y,SBrkr,WD,Alloca
1604,438783,13364,9,4,1906,1972,0.0,530,32,195,757,1316,899,2215,3,3,10,1,4,59.0,,3.0,CollgCr,1Fam,1.5Fin,Gable,HdBoard,CBlock,GasA,Y,SBrkr,WD,Normal
1605,341504,19753,8,4,1950,2006,71.0,10,19,83,112,874,372,1246,3,1,6,0,3,258.0,,149.0,Gilbert,1Fam,SLvl,Gable,VinylSd,CBlock,GasA,Y,SBrkr,WD,Normal
1606,356122,8996,10,5,1929,1999,49.0,118,75,100,293,1055,166,1221,6,1,6,1,2,128.0,217.0,15.0,CollgCr,1Fam,1Story,Hip,Wd Sdng,PConc,OthW,Y,FuseA,WD,Normal
1607,482083,9045,9,7,1974,1970,85.0,960,57,649,1666,2468,177,2645,5,1,3,1,2,15.0,201.0,50.0,NWAmes,1Fam,1Story,Hip,MetalSd,CBlock,GasA,Y,SBrkr,WD,Normal
1608,257307,22948,1,8,1902,1992,30.0,894,29,895,1818,818,511,1329,3,1,6,0,0,212.0,281.0,88.0,Somerst,1Fam,2Story,Gable,Wd Sdng,CBlock,GasA,Y,,WD,AdjLand
1609,337335,6803,9,6,1960,1959,80.0,3,27,271,301,880,174,1054,3,2,10,4,2,479.0,66.0,17.0,NWAmes,1Fam,1.5Fin,Gable,MetalSd,CBlock,GasA,Y,SBrkr,WD,Normal
1610,260313,10855,3,1,2011,1979,52.0,67,3,176,246,856,217,1073,2,3,7,0,2,777.0,52.0,50.0,BrkSide,1Fam,1Story,Gable,VinylSd,CBlock,GasA,Y,SBrkr,WD,Normal
1611,394479,13588,10,7,1899,2000,0.0,1523,0,659,2182,873,103,976,6,2,8,1,3,308.0,109.0,5.0,Somerst,1Fam,1Story,Gable,MetalSd,PConc,GasA,Y,SBrkr,WD,Normal
1612,399530,14124,9,3,2003,1982,14.0,203,37,447,687,1061,547,1608,3,3,6,0,2,449.0,53.0,175.0,NWAmes,1Fam,2Story,Gable,BrkFace,PConc,GasA,N,SBrkr,ConLD,Normal
1613,196372,12215,1,6,1892,1967,34.0,255,27,16,298,913,221,1134,1,1,7,1,4,,4.0,,CollgCr,1Fam,2Story,Gable,Wd Sdng,PConc,GasA,Y,SBrkr,WD,AdjLand
1614,179343,16283,1,8,1882,1971,48.0,54,79,172,305,596,241,837,3,3,10,0,3,239.0,127.0,28.0,NridgHt,1Fam,SLvl,Hip,Wd Sdng,PConc,GasA,Y,SBrkr,WD,Normal
1615,405130,18890,9,7,2010,2013,3.0,674,39,458,1171,902,637,1539,5,1,11,1,4,457.0,32.0,38.0,Sawyer,1Fam,2Story,Gable,HdBoard,CBlock,GasA,Y,,WD,Normal
1616,353282,19289,6,10,2008,1970,61.0,78,137,341,556,766,759,1525,5,3,5,0,2,455.0,5.0,78.0,OldTown,1Fam,1Story,Gable,HdBoard,BrkTil,GasA,Y,SBrkr,WD,Normal
1617,288855,8160,4,6,1969,1950,39.0,63,10,1527,1600,534,521,1055,6,1,6,2,1,193.0,2.0,6.0,NAmes,1Fam,SFoyer,Gable,VinylSd,BrkTil,GasW,Y,,WD,AdjLand
1618,353729,11590,7,9,1914,1964,37.0,77,231,804,1112,1265,20,1285,6,3,3,0,3,274.0,267.0,,CollgCr,1Fam,2Story,Hip,VinylSd,CBlock,GasA,Y,SBrkr,WD,Normal
1619,330760,24279,5,9,1893,1985,17.0,756,17,24,797,765,175,940,4,3,7,0,3,901.0,29.0,17.0,BrkSide,1Fam,2Story,Gable,MetalSd,CBlock,GasA,Y,SBrkr,WD,Partial
1620,378596,20896,10,1,1929,1996,45.0,364,51,517,932,1007,126,1133,2,3,6,1,2,349.0,59.0,18.0,Somerst,1Fam,SLvl,Gable,VinylSd,PConc,GasA,Y,SBrkr,New,Normal
1621,294384,6724,7,1,1957,2003,1.0,439,34,163,636,348,72,420,5,1,8,0,3,360.0,300.0,75.0,NWAmes,1Fam,2Story,Gable,MetalSd,PConc,GasA,Y,SBrkr,WD,Normal
1622,412856,15926,8,1,1882,1981,3.0,141,22,458,621,1042,718,1760,1,3,8,1,2,537.0,63.0,0.0,Somerst,1Fam,1Story,Hip,Wd Sdng,PConc,GasA,Y,FuseA,COD,Normal
1623,377250,4968,8,8,1919,2007,66.0,719,7,384,1110,817,662,1479,1,1,8,0,1,,8.0,69.0,NAmes,1Fam,1Story,Gable,VinylSd,Slab,GasA,Y,FuseA,WD,Normal
1624,197234,13676,1,10,1930,1995,19.0,467,7,279,753,563,187,750,4,2,5,3,2,258.0,80.0,,NAmes,1Fam,SFoyer,Gable,VinylSd,CBlock,GasA,Y,SBrkr,WD,Normal
1625,356819,34505,8,7,1880,2003,21.0,416,62,766,1244,760,43,803,2,3,9,2,3,1121.0,9.0,115.0,CollgCr,1Fam,1Story,Gable,CemntBd,PConc,GasA,Y,FuseF,WD,Normal
1626,315046,8316,6,3,1983,1982,11.0,1061,23,493,1577,730,4,734,2,1,5,1,2,157.0,9.0,49.0,NAmes,1Fam,1Story,Gable,CemntBd,CBlock,GasA,Y,,WD,Normal
1627,305682,8802,4,2,2014,1988,29.0,136,162,881,1179,1124,173,1297,6,1,8,2,3,122.0,190.0,20.0,Sawyer,1Fam,1.5Fin,Gable,MetalSd,CBlock,GasA,Y,SBrkr,WD,Normal
1628,349162,19575,8,4,1996,1972,2.0,283,19,132,434,922,12,934,3,1,3,0,0,321.0,34.0,27.0,CollgCr,1Fam,1Story,Hip,Wd Sdng,PConc,GasA,Y,SBrkr,WD,Normal
1629,244399,6177,3,3,1995,1992,17.0,722,205,171,1098,568,282,850,1,2,10,1,2,87.0,113.0,174.0,Sawyer,1Fam,1Story,Gable,VinylSd,Wood,GasA,Y,SBrkr,ConLD,Normal
1630,296521,9736,4,7,1931,2004,37.0,469,11,389,869,1024,281,1305,1,1,9,2,3,284.0,71.0,106.0,Somerst,2fmCon,1Story,Gable,VinylSd,CBlock,GasA,Y,SBrkr,COD,Normal
1631,362392,18001,6,10,1999,1951,31.0,248,5,1358,1611,482,687,1169,1,2,11,0,2,59.0,25.0,31.0,NAmes,1Fam,2.5Unf,Gable,HdBoard,CBlock,GasA,N,SBrkr,WD,Normal
1632,265983,9728,7,8,2018,2015,400.0,23,18,185,226,640,63,703,1,2,5,1,2,303.0,72.0,143.0,Edwards,Duplex,2Story,Hip,BrkFace,PConc,GasA,N,SBrkr,WD,Abnorml
1633,298400,11872,4,6,1965,1987,24.0,317,108,13,438,901,139,1040,5,1,10,1,2,322.0,7.0,86.0,CollgCr,1Fam,1Story,Gable,MetalSd,PConc,GasA,Y,FuseP,WD,Normal
1634,252663,19381,4,3,1925,1978,24.0,224,36,236,496,744,588,1332,2,3,4,1,3,189.0,42.0,115.0,Gilbert,1Fam,1.5Fin,Gable,VinylSd,CBlock,GasA,Y,SBrkr,WD,Normal
1635,326184,16494,7,6,1955,2016,35.0,61,7,314,382,1283,192,1475,3,2,11,2,1,168.0,73.0,57.0,Somerst,1Fam,1Story,Gable,Wd Sdng,PConc,GasA,N,SBrkr,New,Normal
1636,287328,15266,6,2,1889,1985,10.0,641,11,645,1297,944,18,962,5,1,3,0,2,98.0,25.0,97.0,NWAmes,1Fam,1Story,Gable,HdBoard,CBlock,GasA,Y,SBrkr,WD,Abnorml
1637,306913,11276,8,7,1940,1978,104.0,126,18,521,665,1083,35,1118,2,2,9,1,1,140.0,107.0,111.0,OldTown,1Fam,1Story,Hip,CemntBd,CBlock,GasA,Y,SBrkr,WD,Normal
1638,282903,16075,1,10,1897,1986,42.0,147,44,1337,1528,1096,503,1599,4,1,3,1,2,241.0,5.0,4.0,Somerst,2fmCon,2Story,Hip,Wd Sdng,PConc,GasA,Y,SBrkr,WD,Normal
1639,369735,12558,10,7,1965,1994,10.0,334,20,610,964,786,408,1194,1,1,8,0,2,99.0,66.0,167.0,BrkSide,1Fam,2Story,Gable,VinylSd,PConc,GasA,Y,SBrkr,ConLw,Normal
1640,344371,16796,7,4,2016,1965,78.0,201,68,141,410,652,625,1277,3,2,3,0,3,534.0,125.0,20.0,NridgHt,1Fam,1Story,Gable,VinylSd,CBlock,GasA,Y,SBrkr,WD,Normal
1641,279696,10420,7,8,2007,1980,1.0,28,47,410,485,884,37,921,2,1,6,0,2,432.0,56.0,28.0,NWAmes,1Fam,2Story,Gable,VinylSd,BrkTil,GasA,Y,SBrkr,ConLD,Normal
1642,383746,12194,7,4,1983,1983,202.0,147,103,446,696,1164,428,1592,4,2,9,2,2,109.0,,78.0,OldTown,1Fam,1Story,Gable,VinylSd,PConc,GasA,N,SBrkr,New,Normal
1643,366027,8143,7,7,1980,1999,100.0,29,34,2489,2552,837,319,1156,1,1,4,0,3,35.0,100.0,54.0,Edwards,1Fam,2.5Fin,Gable,VinylSd,BrkTil,GasA,Y,SBrkr,WD,Normal
1644,343738,13127,10,4,1885,2014,43.0,63,20,59,142,1072,79,1151,4,3,5,1,2,0.0,318.0,111.0,NAmes,1Fam,1Story,Gable,MetalSd,BrkTil,GasA,Y,SBrkr,New,Family
1645,421251,8906,10,5,1964,2011,5.0,2,279,84,365,890,1093,1983,4,3,6,0,2,317.0,33.0,25.0,CollgCr,1Fam,2Story,Gable,VinylSd,CBlock,GasA,Y,SBrkr,WD,Normal
1646,289604,7653,8,7,1930,1992,12.0,60,21,67,148,563,253,816,5,2,8,0,3,83.0,279.0,23.0,OldTown,2fmCon,2Story,Gable,CemntBd,CBlock,GasA,Y,SBrkr,WD,Normal
1647,353148,15204,9,10,1915,2005,16.0,120,27,355,502,578,712,1290,4,2,11,0,2,4.0,93.0,1.0,BrkSide,1Fam,2Story,Gable,MetalSd,CBlock,GasA,Y,SBrkr,WD,Normal
1648,421655,14859,9,3,1950,1964,13.0,231,82,58,371,1434,587,2021,5,2,6,1,1,155.0,136.0,31.0,NridgHt,1Fam,1Story,Hip,BrkFace,CBlock,GasA,Y,SBrkr,WD,Family
1649,244186,19760,2,10,1979,1997,34.0,755,4,426,1185,632,121,753,6,2,8,1,2,1144.0,232.0,64.0,NridgHt,1Fam,1Story,Gable,VinylSd,BrkTil,GasA,Y,FuseF,WD,Abnorml
1650,348450,10769,7,5,1904,1998,144.0,233,24,651,908,741,230,971,5,3,9,0,2,409.0,80.0,17.0,NAmes,1Fam,2.5Fin,Gable,BrkFace,CBlock,GasA,Y,SBrkr,ConLI,Normal
1651,321281,16383,7,3,2018,1993,29.0,366,4,226,596,1182,169,1351,4,2,6,1,2,682.0,198.0,31.0,NWAmes,1Fam,1Story,Gable,MetalSd,CBlock,GasA,Y,SBrkr,New,Normal
1652,255799,17595,4,5,1923,1959,54.0,132,7,329,468,627,370,997,2,1,8,1,4,54.0,78.0,12.0,OldTown,1Fam,2Story,Gable,VinylSd,PConc,GasA,Y,SBrkr,ConLD,Normal
1653,356504,16687,9,3,1893,1969,58.0,417,0,975,1392,731,266,997,4,1,5,0,2,26.0,,74.0,OldTown,1Fam,1Story,Hip,MetalSd,PConc,GasA,Y,,ConLI,Family
1654,327849,8841,8,10,1908,2019,102.0,290,0,337,627,842,460,1302,4,2,7,1,3,4.0,58.0,3.0,CollgCr,1Fam,1Story,Hip,VinylSd,Wood,GasA,Y,SBrkr,WD,Normal
1655,228548,14395,1,7,1953,1957,1.0,184,23,93,300,810,3,813,2,1,6,2,1,1090.0,15.0,61.0,OldTown,1Fam,2Story,Gable,VinylSd,PConc,GasA,Y,SBrkr,WD,Normal
1656,225338,16027,2,1,1929,1994,25.0,64,82,168,314,671,349,1020,1,2,9,0,3,124.0,80.0,23.0,Gilbert,1Fam,1Story,Gable,Wd Sdng,Wood,Grav,Y,SBrkr,WD,Normal
1657,210296,13407,2,9,1884,1983,76.0,108,44,301,453,847,115,962,3,1,8,0,3,215.0,379.0,2.0,BrkSide,Twnhs,SFoyer,Flat,MetalSd,CBlock,GasA,Y,SBrkr,WD,Normal
1658,292126,4706,8,9,1989,2000,84.0,291,50,67,408,1100,76,1176,6,1,9,1,3,175.0,154.0,96.0,Edwards,TwnhsE,1.5Fin,Gable,BrkFace,Wood,GasA,Y,SBrkr,WD,Normal
1659,251520,14475,1,5,2001,1953,131.0,166,36,379,581,865,484,1349,1,2,8,2,2,458.0,137.0,33.0,CollgCr,1Fam,SLvl,Gable,CemntBd,BrkTil,GasA,Y,SBrkr,WD,Normal
1660,361422,40387,4,9,1967,1988,60.0,660,85,2876,3621,736,28,764,4,2,4,1,2,,103.0,45.0,Sawyer,1Fam,2Story,Hip,Wd Sdng,BrkTil,GasA,Y,SBrkr,WD,Normal
1661,361397,11158,10,10,1936,1973,14.0,80,106,422,608,1192,77,1269,1,3,9,1,2,268.0,42.0,65.0,NAmes,1Fam,1Story,Gable,BrkFace,CBlock,Grav,Y,SBrkr,WD,Normal
1662,372096,9283,5,6,1905,2004,35.0,22,94,186,302,1498,68,1566,3,2,10,0,3,,18.0,53.0,BrkSide,1Fam,2Story,Gable,VinylSd,BrkTil,GasA,Y,FuseP,New,Normal
1663,353991,16101,9,5,1885,1975,1.0,267,83,161,511,1195,163,1358,1,3,9,0,3,205.0,25.0,65.0,Sawyer,1Fam,2Story,Gable,VinylSd,CBlock,GasA,N,SBrkr,WD,Partial
1664,318144,15618,7,3,1939,1974,52.0,651,10,1072,1733,640,116,756,3,2,6,1,1,280.0,0.0,71.0,CollgCr,1Fam,1Story,Gable,VinylSd,PConc,GasA,Y,SBrkr,WD,Normal
1665,317950,24254,8,8,1979,1985,40.0,136,45,820,1001,646,382,1028,1,1,6,1,3,244.0,111.0,44.0,NWAmes,1Fam,1.5Fin,Gable,VinylSd,CBlock,GasA,Y,SBrkr,New,Normal
1666,393609,7122,9,4,1891,2007,54.0,312,43,255,610,1023,360,1383,5,3,7,1,3,568.0,167.0,22.0,Edwards,1Fam,2Story,Hip,Wd Sdng,CBlock,GasW,N,FuseA,New,Abnorml
1667,305427,19258,7,10,1954,1961,133.0,78,37,174,289,945,118,1063,4,1,11,1,2,108.0,31.0,13.0,Edwards,TwnhsE,2Story,Gable,BrkFace,PConc,GasA,N,SBrkr,WD,Normal
1668,253534,17947,5,3,1882,1950,58.0,245,32,495,772,621,172,793,3,2,7,0,1,65.0,9.0,116.0,NridgHt,Duplex,2Story,Gable,VinylSd,BrkTil,GasA,Y,SBrkr,WD,Normal
1669,276135,12443,5,6,1942,1999,,463,4,151,618,978,69,1047,6,2,4,2,3,490.0,40.0,175.0,OldTown,1Fam,1.5Fin,Gable,MetalSd,PConc,GasA,Y,SBrkr,WD,Normal
1670,368401,15824,10,8,2013,1974,11.0,605,5,50,660,924,333,1257,4,2,7,1,2,188.0,34.0,22.0,BrkSide,1Fam,1Story,Hip,VinylSd,PConc,GasA,Y,SBrkr,WD,Normal
1671,359240,22353,6,9,1898,1954,96.0,33,116,148,297,1398,151,1549,5,2,5,0,3,857.0,59.0,,OldTown,1Fam,1Story,Gable,MetalSd,CBlock,GasA,N,FuseP,COD,Normal
1672,268562,20664,5,6,1897,2017,10.0,132,49,227,408,787,42,829,1,3,10,1,3,361.0,30.0,12.0,Edwards,1Fam,2Story,Gable,VinylSd,PConc,GasA,N,FuseP,WD,Normal
1673,368438,7543,9,5,1959,1955,8.0,306,15,117,438,1361,40,1401,4,3,4,3,1,290.0,41.0,55.0,BrkSide,2fmCon,2Story,Gable,MetalSd,PConc,GasA,Y,FuseP,WD,Normal
1674,274576,20132,3,2,1952,1975,,10,16,97,123,1379,116,1495,1,2,6,2,2,25.0,238.0,9.0,OldTown,1Fam,SFoyer,Gable,VinylSd,CBlock,GasA,N,SBrkr,WD,Normal
1675,297996,12934,3,2,2010,2004,35.0,351,47,2,400,733,412,1145,1,1,7,0,2,,,75.0,BrkSide,1Fam,1Story,Hip,BrkFace,PConc,GasA,Y,FuseA,WD,Abnorml
1676,337846,13855,7,9,2005,1988,6.0,225,26,398,649,998,7,1005,4,3,6,1,3,405.0,153.0,128.0,Sawyer,Duplex,1.5Fin,Gable,VinylSd,BrkTil,GasA,Y,SBrkr,ConLI,Normal
1677,287240,13857,7,2,1951,1958,139.0,102,29,381,512,842,89,931,3,1,7,2,2,357.0,98.0,165.0,NWAmes,1Fam,2Story,Gable,VinylSd,PConc,GasA,Y,SBrkr,WD,Normal
1678,304098,12392,6,2,1917,1994,169.0,505,3,83,591,832,53,885,3,2,6,1,2,109.0,41.0,0.0,Somerst,1Fam,2Story,Gable,CemntBd,PConc,GasA,Y,,COD,Normal
1679,369928,24242,3,3,1947,1963,182.0,102,7,1150,1259,966,940,1906,4,3,5,0,3,1026.0,170.0,158.0,OldTown,1Fam,1Story,Gable,Wd Sdng,PConc,GasA,Y,SBrkr,WD,Alloca
1680,355392,12812,7,3,1959,2004,1.0,1427,24,210,1661,708,366,1074,3,3,3,1,1,135.0,90.0,67.0,NridgHt,1Fam,2Story,Gable,HdBoard,CBlock,GasA,N,SBrkr,WD,Normal
1681,237066,7632,5,4,1921,1958,146.0,508,60,10,578,556,79,635,2,3,6,1,2,57.0,0.0,4.0,OldTown,1Fam,2Story,Gable,BrkFace,Slab,GasA,Y,SBrkr,WD,Normal
1682,317467,10973,7,7,1943,1964,297.0,369,2,99,470,765,69,834,1,1,11,1,2,1525.0,7.0,26.0,Gilbert,1Fam,1Story,Gable,MetalSd,BrkTil,GasA,Y,SBrkr,COD,Normal
1683,314803,14608,2,9,1957,1986,142.0,18,20,471,509,1279,585,1864,4,2,3,2,2,479.0,,60.0,Edwards,1Fam,2Story,Gable,VinylSd,PConc,GasA,Y,SBrkr,WD,Normal
1684,316146,24701,6,2,2006,1999,55.0,703,59,90,852,844,63,907,6,2,9,0,2,187.0,59.0,156.0,NridgHt,Duplex,1Story,Gable,MetalSd,PConc,GasA,Y,SBrkr,WD,Normal
1685,470721,18061,8,4,1984,1970,60.0,468,78,22,568,891,1748,2639,5,3,5,2,2,961.0,52.0,8.0,Gilbert,2fmCon,2Story,Gable,Wd Sdng,PConc,GasA,Y,SBrkr,WD,Partial
1686,220787,8731,1,9,1955,2006,6.0,78,10,384,472,1138,99,1237,4,3,10,1,4,33.0,15.0,6.0,NridgHt,1Fam,2Story,Gable,MetalSd,CBlock,GasA,Y,SBrkr,WD,Normal
1687,254266,46286,4,2,2011,1968,103.0,149,65,292,506,556,26,582,4,2,8,0,1,32.0,17.0,31.0,Edwards,1Fam,2Story,Gable,MetalSd,CBlock,GasA,Y,,WD,Normal
1688,285440,15250,1,10,2009,2007,3.0,93,155,572,820,1024,352,1376,1,1,3,1,2,401.0,159.0,172.0,Gilbert,1Fam,1Story,Gable,BrkFace,PConc,GasA,Y,SBrkr,WD,Normal
1689,330957,25278,1,1,2001,1955,19.0,1248,118,592,1958,1481,282,1763,5,3,7,3,2,68.0,176.0,177.0,BrkSide,1Fam,1Story,Hip,VinylSd,PConc,GasA,Y,SBrkr,New,Normal
1690,630337,12383,10,10,1923,1953,236.0,577,77,1286,1940,922,2590,3512,1,1,10,0,2,871.0,82.0,12.0,NridgHt,1Fam,1.5Fin,Gable,VinylSd,Stone,GasA,Y,SBrkr,Con,Normal
1691,354772,17442,8,8,1981,1992,27.0,798,62,23,883,504,485,989,6,1,5,0,2,642.0,,19.0,BrkSide,1Fam,1Story,Gable,MetalSd,Slab,GasA,Y,SBrkr,New,Normal
1692,292361,20327,7,9,1941,1991,7.0,466,13,15,494,877,168,1045,3,2,6,1,1,128.0,269.0,119.0,Sawyer,1Fam,1.5Fin,Gable,VinylSd,PConc,GasA,Y,FuseA,WD,Normal
1693,439448,24565,10,7,1880,1952,174.0,182,50,1743,1975,1078,338,1416,4,2,9,1,3,768.0,97.0,66.0,BrkSide,1Fam,1Story,Gable,MetalSd,PConc,GasA,Y,,ConLD,Normal
1694,261211,22667,1,8,1896,1950,207.0,68,51,414,533,928,510,1438,1,1,8,3,2,15.0,159.0,179.0,NWAmes,1Fam,2Story,Gable,MetalSd,Wood,GasA,Y,SBrkr,WD,Normal
1695,246562,20662,2,4,1895,2004,10.0,69,26,502,597,974,216,1190,6,1,9,0,2,278.0,0.0,111.0,OldTown,1Fam,1Story,Hip,CemntBd,CBlock,GasA,Y,SBrkr,WD,Normal
1696,258147,11412,4,4,1888,1964,100.0,49,33,40,122,1010,95,1105,6,2,11,0,2,959.0,59.0,12.0,Somerst,1Fam,1Story,Gambrel,MetalSd,Slab,GasA,Y,SBrkr,WD,Normal
1697,210028,10037,1,2,1938,1996,24.0,237,59,28,324,678,70,748,2,3,11,2,2,676.0,204.0,71.0,BrkSide,1Fam,SFoyer,Gable,MetalSd,CBlock,Grav,Y,FuseA,WD,Normal
1698,215553,15776,3,8,1998,1995,24.0,757,151,69,977,704,104,808,4,1,4,2,1,154.0,41.0,2.0,OldTown,1Fam,1Story,Gable,VinylSd,CBlock,GasA,N,FuseF,WD,Normal
1699,372881,21302,8,2,2016,2007,15.0,1441,17,222,1680,803,565,1368,6,3,5,0,1,70.0,129.0,85.0,Somerst,1Fam,1Story,Gable,VinylSd,PConc,GasA,Y,SBrkr,WD,Normal
1700,295140,11951,8,9,2019,1988,2.0,101,14,46,161,1010,143,1153,3,1,6,1,1,,107.0,46.0,CollgCr,1Fam,2Story,Gable,VinylSd,BrkTil,GasA,Y,SBrkr,WD,Normal
1701,307395,22756,8,4,1998,1952,15.0,358,46,236,640,628,101,729,1,2,8,0,1,252.0,16.0,156.0,OldTown,Twnhs,SLvl,Gable,VinylSd,BrkTil,GasA,Y,FuseA,WD,Normal
1702,392957,27620,6,1,1920,1979,2.0,272,7,329,608,1663,491,2154,1,3,7,0,2,317.0,149.0,160.0,NridgHt,1Fam,1Story,Gable,BrkFace,PConc,GasA,Y,SBrkr,WD,Normal
1703,252568,8449,6,4,1945,1984,129.0,201,43,0,244,433,9,442,2,2,8,2,2,11.0,11.0,2.0,Sawyer,1Fam,1.5Fin,Gable,VinylSd,CBlock,GasA,Y,SBrkr,WD,Normal
1704,264858,8791,5,3,1954,2006,54.0,328,4,48,380,538,270,808,3,1,10,0,2,186.0,130.0,8.0,Somerst,1Fam,2Story,Flat,CemntBd,PConc,GasA,Y,SBrkr,WD,Alloca
1705,392184,12454,9,6,1890,1978,108.0,139,33,188,360,1060,620,1680,6,2,4,0,0,620.0,470.0,33.0,OldTown,1Fam,1Story,Hip,BrkFace,CBlock,GasW,Y,FuseA,WD,Normal
1706,272219,15580,4,7,1887,1999,63.0,867,48,21,936,1033,158,1191,2,3,8,0,3,205.0,316.0,105.0,Edwards,1Fam,1Story,Gable,Wd Sdng,BrkTil,GasW,Y,SBrkr,WD,Partial
1707,350492,10277,10,8,2013,2011,7.0,366,3,57,426,878,94,972,6,2,11,0,3,64.0,161.0,84.0,OldTown,1Fam,1Story,Gable,BrkFace,PConc,GasA,Y,SBrkr,WD,Normal
1708,342135,26267,7,2,1978,2001,141.0,420,11,105,536,1099,203,1302,6,3,7,0,4,1084.0,76.0,166.0,OldTown,1Fam,2Story,Gable,BrkFace,BrkTil,GasA,Y,SBrkr,ConLw,Normal
1709,264848,16515,1,6,1951,1963,115.0,83,20,224,327,1064,379,1443,4,2,3,0,2,108.0,112.0,48.0,NWAmes,1Fam,2Story,Gable,HdBoard,Slab,GasW,Y,SBrkr,New,Normal
1710,369932,13625,9,6,1992,1984,21.0,55,22,501,578,897,218,1115,5,2,10,1,2,560.0,130.0,14.0,Edwards,1Fam,1Story,Gable,MetalSd,PConc,GasA,Y,SBrkr,WD,Normal
1711,275562,6516,7,10,1986,1977,5.0,150,56,56,262,973,2,975,6,3,6,0,1,75.0,0.0,1.0,Gilbert,1Fam,2Story,Gable,CemntBd,BrkTil,GasA,Y,SBrkr,WD,Normal
1712,301204,6919,10,5,1913,2007,60.0,436,37,535,1008,349,24,373,1,3,10,0,3,192.0,10.0,12.0,OldTown,1Fam,1Story,Gable,BrkFace,PConc,GasA,Y,SBrkr,WD,Normal
1713,381903,15375,9,10,1936,1979,65.0,838,24,772,1634,862,383,1245,6,3,6,1,1,235.0,90.0,56.0,Sawyer,1Fam,1Story,Gable,VinylSd,PConc,GasA,Y,SBrkr,WD,Abnorml
1714,314713,4599,7,10,1996,1956,113.0,167,29,421,617,885,153,1038,2,1,10,1,2,243.0,0.0,130.0,Edwards,Duplex,SFoyer,Gable,MetalSd,PConc,GasA,Y,SBrkr,WD,Normal
1715,322751,22166,2,7,1999,1988,,446,0,17,463,1593,460,2053,6,2,11,2,2,254.0,239.0,19.0,Sawyer,1Fam,1.5Fin,Gable,MetalSd,CBlock,OthW,Y,SBrkr,WD,Normal
1716,282975,12343,6,3,1950,2018,7.0,190,73,232,495,700,314,1014,1,3,7,0,2,89.0,67.0,104.0,CollgCr,2fmCon,1Story,Gable,MetalSd,PConc,GasA,Y,FuseF,New,Normal
1717,368993,67612,10,4,1919,1984,45.0,104,2,431,537,888,261,1149,1,1,7,1,2,253.0,29.0,25.0,NWAmes,1Fam,SFoyer,Gable,MetalSd,Wood,GasA,Y,SBrkr,WD,Normal
1718,387670,42359,4,10,1982,2001,48.0,403,88,1536,2027,1376,694,2070,2,1,4,0,1,230.0,50.0,18.0,CollgCr,1Fam,SLvl,Hip,MetalSd,BrkTil,GasA,Y,SBrkr,WD,Normal
1719,307404,12201,3,9,2003,1963,1.0,480,38,1213,1731,1062,6,1068,1,3,11,4,2,81.0,190.0,35.0,OldTown,1Fam,1Story,Gable,VinylSd,CBlock,GasA,Y,SBrkr,Oth,Alloca
1720,289198,12667,2,4,2002,2012,25.0,68,37,201,306,904,50,954,3,3,6,1,3,1553.0,261.0,29.0,OldTown,1Fam,1Story,Gable,Wd Sdng,CBlock,GasA,Y,SBrkr,WD,Alloca
1721,369233,21977,6,3,1979,1985,43.0,109,60,382,551,1198,293,1491,3,3,5,1,3,702.0,12.0,122.0,Somerst,1Fam,2Story,Gable,MetalSd,CBlock,GasW,Y,,WD,Normal
1722,350590,31306,8,2,2016,1973,66.0,204,98,885,1187,707,20,727,5,1,4,1,2,764.0,150.0,31.0,OldTown,1Fam,SFoyer,Gable,HdBoard,CBlock,GasA,Y,,WD,Normal
1723,393267,5889,6,5,1937,1989,19.0,61,142,711,914,1506,310,1816,3,1,5,0,2,404.0,86.0,16.0,Sawyer,1Fam,1.5Fin,Gable,Wd Sdng,CBlock,GasW,Y,SBrkr,WD,Normal
1724,424116,5468,9,4,1988,1978,,792,39,261,1092,1088,1242,2330,2,2,6,1,1,60.0,88.0,92.0,BrkSide,1Fam,1Story,Hip,VinylSd,PConc,GasA,Y,SBrkr,WD,Normal
1725,293083,9788,5,8,2000,2002,84.0,268,8,121,397,551,633,1184,6,1,11,1,2,293.0,151.0,334.0,NridgHt,1Fam,1Story,Hip,MetalSd,Wood,GasA,Y,SBrkr,WD,Normal
1726,262534,17878,2,7,1971,1971,153.0,38,105,58,201,748,268,1016,3,3,8,1,2,602.0,25.0,52.0,NAmes,2fmCon,1Story,Gable,HdBoard,PConc,GasA,Y,SBrkr,WD,Normal
1727,333442,17127,8,6,1929,1964,,61,2,267,330,470,673,1143,5,2,7,0,2,13.0,75.0,14.0,Gilbert,1Fam,1Story,Gambrel,VinylSd,PConc,GasA,Y,SBrkr,WD,Normal
1728,392669,22808,9,2,1984,2018,14.0,926,82,513,1521,1139,37,1176,4,2,11,1,2,239.0,38.0,,CollgCr,1Fam,1Story,Hip,Wd Sdng,CBlock,GasA,Y,SBrkr,New,Normal
1729,401699,7333,10,3,1996,2013,140.0,402,57,1399,1858,1063,181,1244,4,2,10,0,2,176.0,9.0,2.0,Sawyer,1Fam,2Story,Hip,CemntBd,BrkTil,GasA,Y,SBrkr,WD,Normal
1730,283974,4196,4,10,1906,1953,25.0,397,117,791,1305,782,167,949,2,2,8,1,1,83.0,,4.0,BrkSide,1Fam,1Story,Gable,VinylSd,PConc,GasA,Y,SBrkr,WD,Alloca
1731,318941,20516,6,9,1911,1967,63.0,22,113,91,226,1287,123,1410,5,3,5,1,2,166.0,14.0,123.0,Sawyer,1Fam,1Story,Hip,VinylSd,CBlock,GasA,N,SBrkr,WD,Normal
1732,387440,8829,10,9,1880,1991,47.0,676,2,508,1186,875,0,875,3,2,9,3,1,1436.0,95.0,5.0,NridgHt,1Fam,SLvl,Gable,MetalSd,CBlock,GasA,Y,SBrkr,WD,AdjLand
1733,470167,4869,8,5,1896,1979,16.0,175,47,136,358,1972,665,2637,5,3,8,1,3,449.0,,33.0,Sawyer,1Fam,1Story,Gable,HdBoard,CBlock,GasA,Y,FuseP,WD,Normal
1734,347886,14364,9,3,2016,1964,53.0,323,6,460,789,626,451,1077,1,1,10,3,1,124.0,84.0,59.0,NAmes,2fmCon,1Story,Hip,VinylSd,PConc,GasA,Y,SBrkr,WD,Abnorml
1735,325904,19862,5,2,1963,2019,53.0,963,4,438,1405,1088,317,1405,5,3,8,1,2,325.0,88.0,94.0,Sawyer,Twnhs,2Story,Gable,VinylSd,CBlock,GasA,Y,FuseA,WD,Normal
1736,244369,12568,6,8,1924,2004,44.0,31,29,127,187,796,41,837,3,2,6,0,2,99.0,234.0,9.0,NAmes,2fmCon,1Story,Gable,VinylSd,PConc,GasA,Y,,New,Normal
1737,241846,10626,4,6,1945,2002,5.0,197,5,106,308,732,142,874,2,1,9,1,2,330.0,98.0,28.0,OldTown,TwnhsE,2Story,Hip,Wd Sdng,BrkTil,GasA,N,SBrkr,WD,Partial
1738,339900,12336,5,10,1911,1965,266.0,15,65,43,123,852,774,1626,1,1,9,0,1,792.0,423.0,14.0,Edwards,1Fam,1.5Fin,Hip,HdBoard,CBlock,GasA,N,,WD,Normal
1739,320975,11100,7,7,1924,1983,25.0,207,173,20,400,1002,287,1289,5,1,10,1,2,284.0,3.0,14.0,OldTown,1Fam,2Story,Hip,CemntBd,Wood,GasA,Y,SBrkr,WD,Normal
1740,356925,6808,9,1,1888,1976,50.0,87,42,782,911,913,277,1190,4,2,4,2,1,462.0,121.0,18.0,CollgCr,1Fam,2Story,Hip,HdBoard,PConc,GasA,Y,,WD,Normal
1741,412866,9345,10,1,1909,1962,108.0,725,13,20,758,1100,732,1832,3,3,8,0,2,211.0,2.0,44.0,OldTown,1Fam,1Story,Gable,MetalSd,CBlock,GasA,N,SBrkr,WD,Normal
1742,315529,17337,6,10,1963,1976,27.0,152,92,37,281,1077,246,1323,2,3,5,3,3,259.0,130.0,0.0,NWAmes,1Fam,1Story,Gable,VinylSd,PConc,GasA,Y,SBrkr,WD,Normal
1743,365804,15690,6,2,1939,2018,74.0,301,95,109,505,1387,273,1660,6,2,10,2,2,415.0,48.0,26.0,CollgCr,1Fam,1Story,Hip,CemntBd,PConc,GasA,Y,SBrkr,COD,Normal
1744,344425,14530,8,10,1880,1980,178.0,590,65,874,1529,626,127,753,3,2,6,0,2,585.0,94.0,10.0,Somerst,1Fam,SLvl,Gable,MetalSd,PConc,GasA,Y,SBrkr,WD,Partial
1745,295248,8122,4,3,1884,1952,22.0,1234,47,161,1442,562,139,701,5,1,6,1,3,377.0,37.0,170.0,OldTown,1Fam,2Story,Hip,Wd Sdng,PConc,GasA,Y,SBrkr,WD,Normal
1746,291704,12200,3,1,1942,1979,25.0,210,101,85,396,879,347,1226,2,3,4,1,2,1327.0,17.0,43.0,NWAmes,1Fam,1Story,Gable,MetalSd,PConc,GasA,Y,SBrkr,WD,Normal
1747,303020,4498,7,5,1944,1970,117.0,182,8,502,692,707,115,822,4,2,8,0,4,599.0,128.0,101.0,NridgHt,1Fam,2Story,Mansard,VinylSd,BrkTil,GasA,N,SBrkr,WD,Normal
1748,324408,14606,5,3,1957,1955,8.0,23,134,153,310,1166,245,1411,1,2,8,2,1,525.0,234.0,10.0,BrkSide,1Fam,1Story,Gable,MetalSd,CBlock,GasA,Y,SBrkr,WD,Normal
1749,223451,27294,2,1,2011,1981,1.0,3,147,162,312,651,98,749,5,3,3,0,2,652.0,20.0,83.0,OldTown,1Fam,2Story,Gable,BrkFace,PConc,GasA,Y,SBrkr,WD,Normal
1750,244129,6392,2,8,1993,1991,,281,102,537,920,761,54,815,2,1,10,0,2,115.0,253.0,26.0,CollgCr,Duplex,1Story,Hip,MetalSd,CBlock,GasA,Y,SBrkr,WD,AdjLand
1751,256639,9967,6,6,1904,2011,86.0,20,14,115,149,812,181,993,1,1,5,0,3,198.0,15.0,9.0,CollgCr,1Fam,2Story,Gable,Wd Sdng,PConc,GasA,Y,SBrkr,WD,Normal
1752,398849,15749,8,9,2014,1981,179.0,143,97,908,1148,1524,73,1597,2,1,3,0,1,290.0,133.0,71.0,Somerst,1Fam,2Story,Gable,VinylSd,Slab,GasA,Y,Mix,ConLD,Normal
1753,331033,24994,1,3,1922,1988,3.0,1,34,329,364,1689,686,2375,6,3,3,0,2,217.0,320.0,71.0,NWAmes,1Fam,1Story,Gable,CemntBd,PConc,GasA,Y,SBrkr,WD,Normal
1754,264699,10677,6,9,1936,2013,8.0,286,45,308,639,637,108,745,5,2,3,2,1,658.0,15.0,274.0,CollgCr,1Fam,SLvl,Gable,CemntBd,PConc,GasA,Y,SBrkr,New,Normal
1755,178471,9450,2,9,1951,1979,5.0,166,91,123,380,464,272,736,2,2,7,1,3,9.0,57.0,75.0,CollgCr,1Fam,1Story,Gable,MetalSd,PConc,GasA,Y,SBrkr,WD,Normal
1756,209784,4991,2,1,1906,2012,57.0,40,1,720,761,755,91,846,4,2,7,2,2,82.0,41.0,7.0,Sawyer,1Fam,1Story,Hip,MetalSd,PConc,GasA,Y,SBrkr,WD,Partial
1757,307016,14068,7,3,2007,1980,46.0,105,22,340,467,887,89,976,2,2,3,0,3,747.0,49.0,19.0,OldTown,2fmCon,2Story,Gable,VinylSd,PConc,GasA,N,SBrkr,WD,Normal
1758,342046,37087,10,6,1985,1989,22.0,252,84,67,403,886,129,1015,5,3,7,0,2,21.0,139.0,30.0,OldTown,1Fam,SFoyer,Gable,VinylSd,CBlock,GasA,Y,SBrkr,WD,Normal
1759,270605,15347,1,8,1950,1982,2.0,320,84,92,496,875,742,1617,2,1,9,1,1,,108.0,6.0,Gilbert,Duplex,1Story,Gable,Wd Sdng,Wood,GasA,Y,SBrkr,WD,Abnorml
1760,304900,13211,6,4,1946,2012,51.0,186,94,252,532,1146,149,1295,1,1,7,0,2,151.0,346.0,77.0,Gilbert,2fmCon,SLvl,Gable,Wd Sdng,BrkTil,GasA,Y,SBrkr,ConLI,Normal
1761,371942,15694,7,5,1969,1974,42.0,488,9,605,1102,795,516,1311,1,1,11,1,2,486.0,20.0,37.0,Gilbert,1Fam,2Story,Gable,VinylSd,CBlock,GasA,Y,SBrkr,ConLD,Normal
1762,328429,13285,8,9,1883,1985,5.0,35,61,1120,1216,957,65,1022,6,1,6,1,3,287.0,78.0,144.0,Somerst,2fmCon,2Story,Gable,MetalSd,PConc,GasA,Y,SBrkr,WD,Normal
1763,337982,8897,7,6,1985,1973,119.0,26,7,435,468,1089,14,1103,3,2,11,0,2,1082.0,59.0,44.0,Edwards,1Fam,SFoyer,Gable,MetalSd,PConc,GasA,Y,SBrkr,WD,Normal
1764,305488,20163,6,7,1958,2007,11.0,13,76,282,371,958,456,1414,6,2,10,0,3,90.0,251.0,37.0,NWAmes,1Fam,2Story,Gable,CemntBd,PConc,GasA,Y,,WD,Normal
1765,376771,14956,9,7,1975,1988,68.0,230,14,115,359,1099,234,1333,3,3,3,0,2,719.0,1.0,3.0,Edwards,1Fam,2Story,Hip,VinylSd,PConc,GasA,Y,SBrkr,WD,Normal
1766,209654,13477,3,4,1972,1995,108.0,367,66,446,879,537,210,747,4,1,6,1,2,116.0,452.0,8.0,NAmes,Duplex,2Story,Gable,Wd Sdng,PConc,GasA,Y,SBrkr,WD,Normal
1767,302136,8203,6,4,1953,1959,43.0,41,30,1612,1683,929,95,1024,1,2,9,1,2,98.0,65.0,94.0,Sawyer,1Fam,2Story,Gable,VinylSd,CBlock,GasA,Y,SBrkr,WD,Normal
1768,247780,25636,4,4,2005,1981,14.0,305,214,258,777,961,22,983,3,2,3,0,2,241.0,98.0,233.0,Sawyer,TwnhsE,1Story,Gable,MetalSd,BrkTil,GasA,Y,SBrkr,WD,Normal
1769,222563,18626,2,5,1895,1985,18.0,194,43,70,307,854,197,1051,2,2,10,2,0,25.0,44.0,26.0,OldTown,1Fam,2Story,Gable,MetalSd,PConc,GasA,Y,FuseP,New,Normal
1770,277044,10132,1,5,1995,1977,108.0,1310,50,43,1403,750,605,1355,4,1,4,2,2,169.0,191.0,83.0,NWAmes,1Fam,2Story,Gable,VinylSd,PConc,GasA,Y,SBrkr,WD,Normal
1771,170681,22046,1,8,1897,1965,17.0,379,22,125,526,1031,38,1069,5,2,10,1,0,153.0,82.0,49.0,NridgHt,1Fam,2Story,Gable,VinylSd,PConc,GasA,Y,SBrkr,New,Partial
1772,431550,10417,10,9,1895,1965,68.0,321,66,337,724,931,794,1725,3,1,6,0,3,61.0,108.0,159.0,NridgHt,1Fam,1Story,Gable,MetalSd,PConc,GasA,Y,SBrkr,COD,Normal
1773,265818,9036,3,2,2009,1967,231.0,253,34,1173,1460,883,96,979,6,1,10,1,4,690.0,104.0,13.0,Somerst,1Fam,2Story,Gable,VinylSd,BrkTil,GasA,Y,SBrkr,WD,Normal
1774,317983,9137,4,7,1935,1957,430.0,1781,0,142,1923,813,227,1040,3,3,3,0,2,170.0,45.0,39.0,OldTown,1Fam,1Story,Hip,VinylSd,PConc,GasA,N,SBrkr,New,Normal
1775,308457,5510,2,1,1958,2019,38.0,1180,46,145,1371,823,20,843,6,3,7,0,2,1404.0,7.0,26.0,BrkSide,2fmCon,SFoyer,Gable,VinylSd,CBlock,GasA,Y,SBrkr,WD,Normal
1776,251088,16911,1,1,1982,1950,87.0,231,88,262,581,713,166,879,6,1,11,2,2,804.0,164.0,39.0,Somerst,2fmCon,1Story,Mansard,VinylSd,PConc,GasA,Y,SBrkr,WD,Normal
1777,249983,5347,4,4,1907,2011,231.0,182,13,1003,1198,778,40,818,1,1,9,1,1,75.0,34.0,15.0,OldTown,1Fam,2Story,Hip,MetalSd,PConc,GasA,Y,SBrkr,WD,Normal
1778,278415,7228,7,10,1884,1987,23.0,186,12,217,415,677,14,691,4,1,5,3,3,246.0,189.0,34.0,OldTown,1Fam,1Story,Mansard,HdBoard,CBlock,GasA,Y,SBrkr,WD,Normal
1779,414215,4732,10,7,1985,1994,14.0,167,46,101,314,799,1019,1818,6,2,6,1,2,322.0,93.0,49.0,NAmes,1Fam,2Story,Gable,BrkFace,PConc,GasA,Y,SBrkr,WD,Normal
1780,358966,12796,6,2,1901,2007,6.0,227,85,71,383,1001,392,1393,1,2,9,1,2,598.0,43.0,4.0,Edwards,1Fam,2Story,Gable,VinylSd,CBlock,GasA,Y,SBrkr,WD,Normal
1781,348974,12392,6,2,1996,1950,,95,14,244,353,1148,380,1528,1,2,8,0,3,758.0,90.0,67.0,NWAmes,TwnhsE,2Story,Gable,CemntBd,Slab,GasA,Y,SBrkr,WD,Normal
1782,388296,11346,9,1,1979,1981,96.0,784,134,645,1563,884,28,912,6,3,6,0,2,342.0,103.0,61.0,Gilbert,1Fam,1Story,Gambrel,VinylSd,PConc,GasA,N,SBrkr,WD,AdjLand
1783,257648,7932,2,10,1892,1957,44.0,202,131,137,470,876,795,1671,4,1,5,0,1,12.0,122.0,106.0,Gilbert,1Fam,SFoyer,Gable,VinylSd,CBlock,GasA,Y,SBrkr,WD,Normal
1784,272707,7434,4,2,1944,1989,103.0,553,11,287,851,937,190,1127,2,2,4,2,3,229.0,172.0,27.0,Gilbert,TwnhsE,1Story,Gable,CemntBd,PConc,GasA,Y,SBrkr,WD,Normal
1785,358510,16851,5,7,1965,2005,77.0,193,15,369,577,1205,573,1778,3,2,11,0,2,756.0,17.0,3.0,Somerst,1Fam,SFoyer,Gable,MetalSd,Stone,GasA,Y,SBrkr,New,Normal
1786,217681,10144,1,9,1943,2012,56.0,380,60,239,679,839,3,842,1,3,5,1,3,438.0,288.0,30.0,CollgCr,1Fam,2Story,Gable,MetalSd,Slab,GasA,Y,SBrkr,WD,Normal
1787,345034,15649,8,6,1911,1985,46.0,123,151,85,359,1031,106,1137,3,3,9,0,2,714.0,52.0,7.0,Somerst,1Fam,1Story,Gable,BrkFace,PConc,GasA,Y,SBrkr,WD,Normal
1788,478912,8581,8,10,1959,2006,2.0,294,61,1019,1374,1003,1659,2662,4,1,3,0,2,392.0,196.0,52.0,BrkSide,Twnhs,2Story,Gable,HdBoard,Slab,GasA,Y,SBrkr,New,Normal
1789,245349,14625,6,2,1930,1994,102.0,206,29,333,568,744,167,911,2,1,10,1,1,15.0,24.0,2.0,OldTown,1Fam,2Story,Hip,BrkFace,CBlock,GasA,Y,SBrkr,WD,Normal
1790,363507,25633,5,10,1958,1951,27.0,137,9,522,668,1109,658,1767,5,2,3,0,2,1204.0,2.0,23.0,BrkSide,1Fam,2Story,Gable,VinylSd,Stone,GasA,Y,SBrkr,New,Normal
1791,342792,17909,8,10,1985,2017,41.0,639,30,404,1073,482,119,601,2,2,4,0,2,875.0,85.0,4.0,CollgCr,1Fam,1Story,Gable,BrkFace,BrkTil,GasA,Y,FuseF,WD,Normal
1792,350996,10870,3,9,1942,1999,1.0,35,46,2495,2576,1234,223,1457,4,2,3,1,2,47.0,39.0,0.0,Edwards,1Fam,2.5Fin,Gable,Wd Sdng,PConc,GasA,Y,SBrkr,WD,Abnorml
1793,250349,15193,3,7,1955,1978,137.0,200,20,243,463,627,577,1204,2,2,6,0,2,41.0,,,BrkSide,1Fam,2Story,Gable,HdBoard,BrkTil,GasA,N,SBrkr,WD,Normal
1794,226438,11845,2,1,1939,1959,116.0,64,35,221,320,861,279,1140,5,2,4,2,2,271.0,11.0,277.0,NWAmes,1Fam,1Story,Gable,VinylSd,CBlock,GasA,Y,SBrkr,WD,Normal
1795,313051,13412,5,9,1944,1976,39.0,592,6,178,776,1151,387,1538,1,3,3,1,2,495.0,4.0,40.0,NridgHt,1Fam,2Story,Gable,VinylSd,PConc,GasA,Y,SBrkr,WD,AdjLand
1796,250468,11352,3,2,1996,1964,43.0,87,30,179,296,789,77,866,2,1,3,1,2,168.0,4.0,13.0,BrkSide,TwnhsE,1Story,Hip,MetalSd,BrkTil,GasA,Y,,WD,Normal
1797,247196,12305,3,4,1960,2009,61.0,301,4,129,434,963,50,1013,6,3,4,3,2,51.0,24.0,121.0,NWAmes,TwnhsE,1Story,Gable,Wd Sdng,CBlock,GasA,Y,FuseA,WD,Partial
1798,328466,14854,6,9,1984,1980,15.0,54,2,1577,1633,1156,78,1234,6,1,8,0,2,250.0,86.0,128.0,OldTown,1Fam,1Story,Gable,Wd Sdng,Stone,GasA,Y,SBrkr,WD,Normal
1799,404521,8130,8,4,2007,1970,12.0,155,97,818,1070,1563,203,1766,4,1,4,0,2,144.0,70.0,96.0,CollgCr,1Fam,1.5Fin,Hip,MetalSd,CBlock,GasA,Y,SBrkr,WD,Normal
1800,270313,8039,2,3,1950,2009,56.0,688,11,152,851,893,484,1377,2,1,4,0,1,151.0,,39.0,NWAmes,1Fam,1Story,Gable,Wd Sdng,PConc,GasA,Y,FuseF,New,Normal
1801,281766,6672,4,1,1965,2007,5.0,54,42,145,241,947,131,1078,5,3,10,1,2,362.0,9.0,,Gilbert,1Fam,2Story,Gable,HdBoard,Slab,GasA,Y,SBrkr,WD,Normal
1802,342679,6002,7,7,2019,1990,30.0,326,8,43,377,908,249,1157,4,2,7,1,2,758.0,26.0,4.0,BrkSide,2fmCon,1Story,Gable,Wd Sdng,CBlock,GasA,Y,SBrkr,Con,Normal
1803,256629,7268,1,6,1950,1995,,68,15,838,921,840,490,1330,2,1,10,3,2,286.0,20.0,113.0,Edwards,1Fam,1Story,Gable,VinylSd,PConc,GasA,N,SBrkr,WD,AdjLand
1804,202203,14468,1,10,1925,1994,24.0,161,22,185,368,599,81,680,4,1,10,1,4,407.0,136.0,104.0,Edwards,1Fam,1Story,Gable,MetalSd,PConc,GasA,Y,SBrkr,WD,Normal
1805,396222,8549,10,4,1926,1975,10.0,233,7,340,580,641,643,1284,6,3,4,0,1,377.0,151.0,28.0,BrkSide,1Fam,1.5Fin,Hip,HdBoard,BrkTil,GasA,Y,SBrkr,WD,Normal
1806,394588,17271,7,6,1958,2000,21.0,258,2,922,1182,894,917,1811,5,3,9,0,2,280.0,150.0,19.0,BrkSide,1Fam,1Story,Gable,BrkFace,PConc,GasA,Y,SBrkr,WD,Normal
1807,291911,13593,7,6,2009,1985,20.0,276,104,209,589,994,11,1005,1,2,11,1,1,130.0,347.0,51.0,Gilbert,1Fam,1Story,Gable,MetalSd,Wood,GasA,Y,SBrkr,WD,Abnorml
1808,265748,4992,1,4,2006,2001,34.0,306,0,657,963,1310,18,1328,5,2,10,1,3,166.0,215.0,82.0,NridgHt,1Fam,1Story,Gable,CemntBd,Slab,GasA,Y,FuseF,WD,Normal
1809,208389,18536,1,6,1988,2000,56.0,95,3,225,323,843,28,871,1,1,11,1,3,,,65.0,BrkSide,1Fam,1Story,Gable,VinylSd,PConc,GasA,Y,SBrkr,WD,Normal
1810,370582,20038,4,10,1998,1952,172.0,153,81,482,716,1420,449,1869,3,3,10,0,2,873.0,53.0,47.0,Somerst,1Fam,SFoyer,Gable,VinylSd,PConc,GasA,Y,SBrkr,WD,Normal
1811,267318,8127,5,8,1980,1963,7.0,11,16,225,252,625,62,687,6,2,6,0,3,,247.0,13.0,Sawyer,Twnhs,SLvl,Gable,MetalSd,CBlock,GasA,Y,Mix,WD,Alloca
1812,302285,16483,5,3,1885,1998,103.0,439,64,199,702,956,388,1344,6,2,9,0,2,303.0,94.0,15.0,BrkSide,2fmCon,1Story,Gable,MetalSd,PConc,GasA,N,,WD,Normal
1813,349117,8705,4,4,2005,1950,16.0,544,7,1871,2422,828,174,1002,6,2,11,1,1,851.0,34.0,64.0,NAmes,1Fam,1Story,Hip,MetalSd,CBlock,GasA,Y,SBrkr,WD,Normal
1814,369445,14028,8,10,1982,2006,44.0,66,13,379,458,605,542,1147,5,3,11,0,2,761.0,83.0,81.0,NAmes,1Fam,2Story,Gable,MetalSd,PConc,GasA,Y,SBrkr,COD,Normal
1815,335517,7099,7,1,1916,1966,39.0,67,42,183,292,540,495,1035,1,3,6,0,2,919.0,484.0,6.0,Edwards,1Fam,1Story,Gable,MetalSd,BrkTil,GasA,Y,SBrkr,WD,Normal
1816,399174,5450,9,4,1916,1999,40.0,12,223,119,354,788,963,1751,3,3,9,1,2,87.0,189.0,10.0,Sawyer,1Fam,1.5Fin,Hip,VinylSd,Stone,GasA,Y,SBrkr,WD,Normal
1817,334435,11032,7,10,1887,1963,64.0,1055,3,16,1074,805,86,891,3,3,8,0,2,442.0,33.0,57.0,Sawyer,1Fam,1Story,Gable,VinylSd,CBlock,GasA,Y,SBrkr,WD,Normal
1818,379697,12558,10,10,1956,2008,24.0,493,25,490,1008,687,78,765,3,3,5,2,2,328.0,305.0,24.0,Gilbert,1Fam,1Story,Gable,CemntBd,CBlock,GasA,Y,SBrkr,New,Normal
1819,247215,10950,1,9,1919,1952,19.0,134,2,186,322,1128,9,1137,4,1,8,1,2,463.0,398.0,41.0,Somerst,1Fam,1Story,Gable,HdBoard,PConc,Grav,Y,SBrkr,ConLD,Normal
1820,303416,7390,7,8,1986,1989,,197,11,688,896,794,158,952,5,1,10,0,2,106.0,26.0,47.0,BrkSide,1Fam,SLvl,Gable,BrkFace,BrkTil,GasA,Y,,WD,Normal
1821,203583,10938,1,4,1971,2015,12.0,103,119,180,402,667,184,851,5,3,4,1,0,415.0,225.0,74.0,BrkSide,Twnhs,1Story,Hip,MetalSd,PConc,GasA,Y,SBrkr,WD,Abnorml
1822,340559,15285,7,7,1897,1983,9.0,272,5,186,463,836,1001,1837,6,1,5,0,2,184.0,214.0,81.0,CollgCr,1Fam,1Story,Gable,MetalSd,CBlock,GasA,Y,SBrkr,Con,Normal
1823,394210,13063,10,10,1936,1958,0.0,379,97,604,1080,742,532,1274,5,3,10,0,2,628.0,4.0,16.0,Somerst,1Fam,1Story,Gable,CemntBd,PConc,GasA,Y,SBrkr,WD,Normal
1824,383111,14636,8,3,1962,1970,11.0,177,9,268,454,1471,54,1525,5,1,6,1,1,555.0,110.0,38.0,Somerst,1Fam,1Story,Gable,CemntBd,PConc,GasA,Y,SBrkr,WD,Normal
1825,398691,9556,9,9,1911,1974,36.0,620,98,864,1582,816,480,1296,4,1,6,0,1,83.0,36.0,6.0,CollgCr,1Fam,1Story,Gable,CemntBd,CBlock,GasA,N,SBrkr,WD,Partial
1826,206508,24001,3,10,1904,1993,38.0,218,38,356,612,681,58,739,5,2,4,0,2,71.0,112.0,92.0,Sawyer,1Fam,1Story,Gable,Wd Sdng,PConc,GasA,Y,SBrkr,WD,Normal
1827,312844,7419,4,4,1912,1974,14.0,46,105,110,261,1470,24,1494,1,3,3,1,2,442.0,244.0,93.0,BrkSide,1Fam,SFoyer,Gable,VinylSd,CBlock,GasA,Y,SBrkr,WD,Normal
1828,323632,17047,4,2,1967,1958,3.0,292,8,335,635,1116,544,1660,3,1,9,0,3,279.0,69.0,17.0,Somerst,1Fam,1Story,Gable,Wd Sdng,PConc,GasA,Y,SBrkr,WD,Partial
1829,433987,24123,9,10,1983,2011,68.0,186,71,1,258,926,1118,2044,4,1,6,0,1,285.0,53.0,8.0,Somerst,1Fam,1Story,Gable,Wd Sdng,CBlock,GasA,Y,SBrkr,WD,Alloca
1830,327515,16991,7,5,1913,1975,70.0,823,57,149,1029,707,27,734,4,2,8,0,0,488.0,254.0,3.0,NAmes,2fmCon,SLvl,Hip,CemntBd,PConc,GasW,N,SBrkr,WD,Normal
1831,316121,12073,3,2,1981,2006,306.0,149,39,93,281,1129,504,1633,6,1,10,0,2,675.0,365.0,42.0,NAmes,1Fam,1.5Fin,Hip,VinylSd,BrkTil,GasA,Y,SBrkr,WD,Normal
1832,362274,10258,10,10,2006,1986,115.0,154,83,424,661,578,588,1166,5,2,9,0,4,95.0,6.0,4.0,NAmes,2fmCon,2Story,Gable,VinylSd,CBlock,GasW,N,SBrkr,COD,Normal
1833,292460,22427,5,6,1948,1965,130.0,315,52,58,425,1105,37,1142,3,1,9,0,2,283.0,256.0,57.0,Sawyer,1Fam,2Story,Gable,VinylSd,PConc,GasW,Y,SBrkr,WD,Normal
1834,339725,6558,7,10,1919,1986,80.0,224,104,137,465,967,99,1066,1,2,8,1,2,618.0,8.0,56.0,BrkSide,1Fam,1.5Fin,Gable,VinylSd,PConc,GasA,Y,SBrkr,WD,Normal
1835,403491,8225,8,1,1959,1973,47.0,140,23,160,323,1208,396,1604,3,2,6,1,0,721.0,41.0,47.0,CollgCr,1Fam,1Story,Gable,Wd Sdng,PConc,GasA,Y,SBrkr,WD,Alloca
1836,228440,10951,1,6,1910,1975,6.0,1374,44,1,1419,442,494,936,2,3,6,2,2,118.0,143.0,104.0,Sawyer,1Fam,2Story,Gable,BrkFace,PConc,Floor,Y,SBrkr,ConLD,Normal
1837,222679,24805,2,4,1995,1969,48.0,107,102,19,228,681,131,812,3,3,11,2,2,38.0,150.0,23.0,Gilbert,1Fam,1Story,Flat,MetalSd,PConc,GasA,Y,SBrkr,WD,Normal
1838,268752,16153,7,3,1942,1958,2.0,97,12,149,258,665,52,717,1,1,7,1,2,92.0,129.0,116.0,Somerst,1Fam,1Story,Hip,VinylSd,PConc,GasA,Y,SBrkr,WD,Normal
1839,305171,8233,2,2,1927,1978,108.0,599,33,100,732,642,313,955,1,3,11,0,2,1018.0,3.0,1.0,Gilbert,1Fam,1Story,Gable,VinylSd,CBlock,GasA,Y,SBrkr,WD,Normal
1840,321357,11439,7,7,1966,1980,32.0,1,161,49,211,1019,363,1382,1,3,11,1,2,,14.0,5.0,Edwards,1Fam,2Story,Gable,MetalSd,BrkTil,GasA,Y,SBrkr,COD,Normal
1841,313607,9826,9,9,1927,1968,59.0,67,32,66,165,821,210,1031,4,3,6,3,1,189.0,275.0,26.0,OldTown,1Fam,SLvl,Gable,Wd Sdng,PConc,GasA,Y,SBrkr,Con,Normal
1842,229647,9368,2,3,1940,1969,2.0,267,14,722,1003,691,46,737,4,1,4,1,3,4.0,8.0,45.0,Edwards,1Fam,2Story,Gable,MetalSd,PConc,GasA,Y,SBrkr,New,Normal
1843,330523,21795,7,6,2019,1976,38.0,53,21,459,533,644,558,1202,2,1,4,0,2,18.0,8.0,1.0,NWAmes,1Fam,1Story,Gable,VinylSd,PConc,GasA,Y,SBrkr,WD,Normal
1844,283637,6728,4,9,1957,1993,17.0,1276,108,264,1648,672,310,982,3,3,11,1,3,386.0,180.0,41.0,Sawyer,1Fam,2Story,Gable,CemntBd,PConc,GasA,Y,SBrkr,WD,Normal
1845,317119,29863,2,2,1897,1984,16.0,187,154,958,1299,1164,610,1774,5,3,11,1,2,311.0,102.0,18.0,Sawyer,TwnhsE,2Story,Gable,MetalSd,PConc,GasA,Y,SBrkr,WD,Normal
1846,369391,20213,7,7,1907,1971,24.0,272,149,11,432,880,810,1690,6,1,5,0,2,299.0,43.0,109.0,NAmes,2fmCon,2Story,Hip,MetalSd,CBlock,GasA,Y,SBrkr,WD,Normal
1847,315071,23050,5,5,1959,1964,0.0,52,60,169,281,1152,491,1643,2,3,7,2,1,40.0,18.0,38.0,Somerst,1Fam,2Story,Gable,CemntBd,PConc,GasA,Y,SBrkr,WD,Partial
1848,391116,10599,1,5,1895,1962,31.0,102,35,693,830,1997,955,2952,5,2,7,0,2,151.0,215.0,44.0,Gilbert,Duplex,1Story,Hip,BrkFace,CBlock,GasA,Y,SBrkr,WD,Normal
1849,368634,12394,5,7,1956,1953,33.0,286,10,395,691,893,925,1818,5,1,4,1,2,585.0,446.0,145.0,NWAmes,1Fam,2Story,Gable,BrkFace,BrkTil,GasA,Y,SBrkr,WD,Normal
1850,286371,6525,3,9,2016,2005,99.0,239,6,1600,1845,586,289,875,2,1,4,1,3,67.0,5.0,72.0,BrkSide,1Fam,1Story,Hip,VinylSd,Wood,GasA,Y,SBrkr,WD,Normal
1851,382738,10277,7,4,1905,1972,29.0,460,3,1156,1619,861,390,1251,3,2,3,0,2,750.0,80.0,28.0,BrkSide,2fmCon,2Story,Gable,BrkFace,CBlock,GasA,Y,,WD,Abnorml
1852,362390,17099,6,9,1907,1983,22.0,94,0,74,168,1577,360,1937,6,3,4,0,3,45.0,30.0,,Gilbert,1Fam,1.5Fin,Hip,MetalSd,PConc,GasA,N,SBrkr,WD,Normal
1853,415526,25540,8,10,1984,1966,262.0,317,105,1430,1852,1243,291,1534,5,2,9,0,2,64.0,178.0,52.0,NAmes,1Fam,1Story,Hip,VinylSd,CBlock,GasA,Y,FuseF,WD,Normal
1854,284660,7680,5,9,1956,1977,42.0,103,82,1164,1349,739,5,744,4,3,3,1,2,227.0,42.0,11.0,NAmes,Duplex,1Story,Gable,CemntBd,BrkTil,GasA,N,SBrkr,WD,Normal
1855,255644,11128,2,4,1888,1963,31.0,265,41,187,493,819,131,950,4,3,3,2,3,1017.0,125.0,4.0,NridgHt,TwnhsE,2.5Fin,Gable,VinylSd,PConc,GasA,Y,SBrkr,WD,Normal
1856,392080,12386,9,3,1930,1983,34.0,278,333,1627,2238,1132,31,1163,2,1,11,2,2,139.0,77.0,18.0,OldTown,1Fam,1.5Fin,Flat,CemntBd,CBlock,OthW,N,SBrkr,ConLI,Normal
1857,326350,6648,8,2,1955,2006,,38,152,14,204,1036,107,1143,6,1,4,1,2,375.0,77.0,75.0,NridgHt,Twnhs,1Story,Gable,VinylSd,Wood,GasA,Y,SBrkr,WD,Normal
1858,321522,17955,6,9,2001,2004,20.0,238,53,432,723,1136,21,1157,6,3,6,1,2,310.0,195.0,14.0,Somerst,1Fam,1Story,Gable,MetalSd,CBlock,GasA,Y,SBrkr,WD,Normal
1859,390914,9302,10,2,1911,2015,24.0,3,31,123,157,835,757,1592,5,2,5,1,2,56.0,63.0,7.0,NAmes,1Fam,1Story,Gable,VinylSd,PConc,GasA,N,SBrkr,WD,Normal
1860,326461,12116,7,6,1936,1986,70.0,208,8,55,271,1008,180,1188,2,1,6,0,3,99.0,186.0,12.0,Sawyer,1Fam,1Story,Gable,CemntBd,PConc,GasA,Y,SBrkr,New,Normal
1861,335989,10657,9,5,1933,2017,3.0,358,36,344,738,819,62,881,6,3,9,1,2,931.0,,56.0,NWAmes,Twnhs,1.5Fin,Gable,VinylSd,PConc,GasA,N,SBrkr,WD,AdjLand
1862,308617,9003,7,5,1995,1975,100.0,22,8,146,176,1363,263,1626,6,1,4,0,0,71.0,19.0,47.0,Gilbert,1Fam,1Story,Gable,Wd Sdng,CBlock,GasA,Y,SBrkr,WD,Normal
1863,246090,13312,3,4,1941,2010,28.0,837,25,439,1301,567,65,632,4,1,4,1,3,415.0,60.0,58.0,CollgCr,TwnhsE,2Story,Gable,Wd Sdng,BrkTil,GasA,Y,SBrkr,WD,Normal
1864,340609,11994,6,6,1963,2016,43.0,184,142,310,636,568,489,1057,2,1,11,0,3,1170.0,68.0,19.0,NWAmes,Twnhs,SLvl,Gable,HdBoard,Slab,GasA,Y,SBrkr,ConLD,Normal
1865,272593,11093,7,5,1935,2001,70.0,836,20,199,1055,724,109,833,5,2,8,0,2,44.0,65.0,115.0,CollgCr,Duplex,1Story,Hip,HdBoard,PConc,GasA,Y,SBrkr,WD,Normal
1866,206871,9281,2,4,1902,1967,15.0,34,8,80,122,732,113,845,5,2,9,1,1,178.0,165.0,30.0,Gilbert,1Fam,1Story,Gable,VinylSd,PConc,GasA,Y,SBrkr,WD,Normal
1867,260027,15674,3,9,1896,2002,110.0,898,43,367,1308,567,611,1178,4,3,7,0,2,88.0,83.0,36.0,BrkSide,1Fam,1.5Fin,Hip,MetalSd,PConc,GasA,Y,SBrkr,WD,Normal
1868,249581,30540,4,6,1957,2012,,34,46,706,786,538,245,783,1,2,7,2,1,87.0,219.0,148.0,Edwards,1Fam,2Story,Gable,VinylSd,BrkTil,GasA,Y,SBrkr,Oth,Normal
1869,386158,14327,10,10,1901,2002,34.0,185,10,366,561,1237,654,1891,1,3,6,1,2,44.0,72.0,193.0,Gilbert,1Fam,1Story,Gable,CemntBd,CBlock,GasA,Y,SBrkr,COD,Abnorml
1870,313250,21983,6,10,1987,1976,138.0,834,10,377,1221,853,159,1012,6,3,10,0,1,366.0,25.0,54.0,Edwards,Twnhs,2Story,Gable,HdBoard,PConc,GasA,Y,Mix,WD,Normal
1871,227546,6666,1,10,1896,1980,0.0,79,228,286,593,834,126,960,3,1,9,2,2,480.0,13.0,144.0,OldTown,1Fam,1.5Fin,Gable,HdBoard,CBlock,GasA,Y,SBrkr,WD,Normal
1872,350663,14456,9,3,1894,1950,112.0,10,13,196,219,913,211,1124,4,1,4,0,0,395.0,202.0,38.0,Sawyer,1Fam,1Story,Gable,MetalSd,CBlock,GasA,Y,Mix,WD,Normal
1873,354146,7718,5,10,1993,1955,18.0,472,91,244,807,1450,19,1469,3,2,4,0,2,904.0,,18.0,Somerst,1Fam,1Story,Gable,BrkFace,BrkTil,GasA,Y,SBrkr,WD,Normal
1874,329361,6383,7,6,1927,1960,18.0,271,31,1824,2126,929,50,979,6,3,8,0,2,55.0,12.0,18.0,NAmes,1Fam,1Story,Gable,VinylSd,PConc,GasA,Y,SBrkr,WD,Normal
1875,345029,9230,9,1,1992,1983,12.0,216,28,553,797,868,74,942,4,3,3,1,2,134.0,6.0,40.0,Sawyer,1Fam,2.5Unf,Hip,VinylSd,CBlock,GasA,Y,SBrkr,WD,Normal
1876,334329,24244,9,5,1976,2012,19.0,10,17,225,252,741,508,1249,5,1,9,1,1,147.0,55.0,46.0,OldTown,TwnhsE,1Story,Hip,Wd Sdng,CBlock,GasA,Y,SBrkr,WD,Normal
1877,260777,21482,1,10,1970,2002,12.0,317,74,244,635,1074,397,1471,4,1,10,1,1,92.0,76.0,28.0,Edwards,Twnhs,1Story,Gable,MetalSd,PConc,GasA,Y,FuseA,WD,Normal
1878,225632,15085,1,6,1895,1967,118.0,56,106,276,438,880,64,944,2,1,10,2,2,53.0,2.0,107.0,NWAmes,1Fam,1Story,Gable,MetalSd,PConc,GasA,Y,FuseP,WD,Normal
1879,311498,6208,3,8,1977,1970,114.0,802,15,430,1247,1473,97,1570,3,2,5,2,2,233.0,72.0,27.0,OldTown,1Fam,2.5Fin,Gable,MetalSd,BrkTil,GasA,Y,SBrkr,WD,Normal
1880,401647,12110,6,9,1990,1968,5.0,347,4,250,601,855,866,1721,4,3,9,0,2,629.0,50.0,15.0,Somerst,1Fam,1Story,Hip,VinylSd,PConc,GasA,Y,SBrkr,WD,Normal
1881,300775,15534,2,3,1880,1953,7.0,368,7,463,838,1214,26,1240,3,3,3,1,0,1081.0,148.0,0.0,Sawyer,1Fam,2Story,Gable,VinylSd,PConc,GasW,N,FuseF,WD,Normal
1882,330712,14585,10,2,1920,1978,99.0,79,78,159,316,725,237,962,6,3,5,1,2,48.0,177.0,176.0,Gilbert,TwnhsE,1Story,Gable,VinylSd,PConc,GasA,Y,SBrkr,WD,AdjLand
1883,265844,5314,1,4,1927,1974,25.0,637,28,211,876,723,221,944,4,1,8,1,2,606.0,115.0,86.0,OldTown,1Fam,2Story,Gable,MetalSd,PConc,GasA,Y,SBrkr,WD,Normal
1884,242377,8559,1,8,1987,2005,9.0,231,7,798,1036,519,388,907,1,2,11,0,2,609.0,64.0,47.0,Sawyer,1Fam,2Story,Gable,BrkFace,PConc,GasA,Y,SBrkr,WD,Normal
1885,289050,12938,5,8,1982,2012,35.0,583,20,159,762,1139,90,1229,3,2,7,0,2,172.0,24.0,88.0,Somerst,2fmCon,1Story,Gable,MetalSd,PConc,GasA,Y,,WD,Normal
1886,333040,17468,4,3,2007,1976,26.0,94,36,1334,1464,887,818,1705,5,1,7,1,3,40.0,187.0,83.0,Gilbert,1Fam,1Story,Gable,BrkFace,BrkTil,GasA,Y,SBrkr,WD,Family
1887,293480,4455,1,4,1909,2009,12.0,422,95,75,592,1087,158,1245,5,2,11,0,3,1612.0,41.0,134.0,OldTown,1Fam,1Story,Gambrel,VinylSd,Slab,GasA,N,SBrkr,WD,Normal
1888,300673,12319,4,3,1924,1998,63.0,256,51,110,417,1493,100,1593,4,2,11,0,4,373.0,44.0,24.0,Sawyer,1Fam,1Story,Hip,VinylSd,CBlock,GasA,Y,SBrkr,WD,Normal
1889,267578,14350,3,10,1959,2014,49.0,14,9,249,272,696,123,819,5,3,8,0,2,1409.0,247.0,40.0,Edwards,1Fam,2Story,Hip,VinylSd,CBlock,GasA,Y,SBrkr,New,Normal
1890,213587,20430,2,2,1918,1987,5.0,155,8,638,801,665,128,793,5,1,7,0,3,231.0,371.0,5.0,NWAmes,2fmCon,1Story,Gable,MetalSd,BrkTil,GasW,N,FuseA,WD,Normal
1891,327162,18890,9,4,1924,2001,129.0,60,26,526,612,709,66,775,3,1,4,1,1,175.0,228.0,168.0,Somerst,1Fam,2Story,Gambrel,VinylSd,CBlock,GasA,Y,SBrkr,WD,Normal
1892,254207,17877,1,6,1957,1950,40.0,133,3,76,212,477,789,1266,4,1,10,1,2,99.0,633.0,210.0,NAmes,1Fam,1Story,Gable,HdBoard,BrkTil,Grav,Y,SBrkr,WD,Normal
1893,340615,8955,7,5,1960,1989,14.0,145,70,108,323,847,57,904,3,1,10,0,2,1438.0,203.0,77.0,NWAmes,1Fam,1Story,Gable,VinylSd,BrkTil,GasA,N,SBrkr,WD,Normal
1894,313469,5146,4,3,2019,1970,11.0,193,25,342,560,1170,643,1813,4,3,9,1,2,102.0,121.0,30.0,Sawyer,1Fam,1Story,Hip,MetalSd,CBlock,GasA,Y,,WD,Normal
1895,271182,10976,5,2,1972,1964,7.0,275,21,139,435,911,155,1066,5,2,10,2,2,8.0,34.0,34.0,Somerst,1Fam,1Story,Gable,MetalSd,CBlock,GasA,Y,SBrkr,WD,Normal
1896,308510,22044,10,9,1911,1999,27.0,253,35,219,507,560,94,654,4,2,5,0,1,251.0,305.0,28.0,OldTown,1Fam,1Story,Gable,VinylSd,PConc,GasA,Y,SBrkr,WD,Normal
1897,303664,26815,5,1,1903,1997,7.0,11,61,266,338,806,66,872,6,3,5,0,3,165.0,209.0,17.0,NWAmes,1Fam,2Story,Gable,Wd Sdng,CBlock,GasA,Y,SBrkr,WD,Normal
1898,251219,19058,1,9,1995,1981,26.0,416,42,360,818,932,210,1142,4,2,4,0,2,106.0,,37.0,NridgHt,1Fam,1Story,Hip,MetalSd,PConc,GasA,Y,SBrkr,COD,Normal
1899,376966,16558,6,1,1892,1998,8.0,893,81,115,1089,1198,331,1529,2,1,3,1,3,352.0,67.0,2.0,Sawyer,1Fam,1.5Fin,Hip,VinylSd,PConc,GasA,Y,SBrkr,WD,Normal
1900,405274,16152,9,7,1958,2017,53.0,128,49,71,248,1140,685,1825,4,3,5,1,0,158.0,7.0,240.0,OldTown,1Fam,SLvl,Gable,BrkFace,BrkTil,GasA,Y,SBrkr,WD,Normal
1901,216410,10116,2,6,1935,1994,76.0,59,77,203,339,809,317,1126,2,3,5,2,2,180.0,306.0,27.0,Gilbert,1Fam,1.5Fin,Shed,Wd Sdng,Slab,GasA,Y,SBrkr,COD,Normal
1902,298473,12518,7,7,1932,1981,39.0,232,59,34,325,809,198,1007,3,1,9,0,2,8.0,85.0,131.0,Edwards,1Fam,2.5Fin,Hip,VinylSd,PConc,GasA,Y,SBrkr,WD,Normal
1903,312964,30777,6,3,1947,1953,56.0,366,10,299,675,1073,10,1083,2,1,11,1,2,311.0,28.0,64.0,OldTown,1Fam,SLvl,Gable,MetalSd,PConc,GasA,Y,SBrkr,WD,Normal
1904,340384,8339,5,3,1913,2014,139.0,340,2,732,1074,751,741,1492,3,1,3,0,2,45.0,34.0,17.0,Edwards,Duplex,1Story,Gable,VinylSd,PConc,GasA,Y,FuseF,WD,Normal
1905,326221,29953,4,1,1907,2014,50.0,284,116,50,450,1160,697,1857,4,2,10,0,2,84.0,394.0,12.0,CollgCr,1Fam,1Story,Gable,CemntBd,BrkTil,GasA,Y,FuseF,Con,Normal
1906,239077,11372,4,4,1929,1967,22.0,47,145,47,239,736,142,878,3,1,3,1,2,,95.0,272.0,Somerst,1Fam,2Story,Hip,HdBoard,BrkTil,GasA,Y,SBrkr,WD,Normal
1907,360727,25918,6,2,2009,2003,29.0,543,64,33,640,1429,8,1437,5,3,5,0,2,131.0,54.0,73.0,Sawyer,1Fam,1Story,Gable,Wd Sdng,CBlock,GasA,Y,SBrkr,WD,Normal
1908,313022,6611,4,10,1990,1996,98.0,166,64,753,983,963,396,1359,6,2,6,2,2,62.0,69.0,14.0,Somerst,1Fam,SFoyer,Gable,VinylSd,CBlock,GasA,Y,SBrkr,WD,Normal
1909,261960,17907,5,8,1973,1955,7.0,75,15,33,123,498,470,968,4,2,10,1,2,301.0,,3.0,CollgCr,1Fam,1Story,Gable,CemntBd,CBlock,GasA,Y,SBrkr,WD,Normal
1910,346686,9242,6,3,1926,2015,19.0,27,39,1640,1706,1088,234,1322,2,3,3,2,2,84.0,7.0,59.0,NridgHt,2fmCon,2Story,Gambrel,VinylSd,PConc,GasW,Y,SBrkr,COD,Abnorml
1911,289437,6583,5,7,1905,1958,43.0,161,242,177,580,969,154,1123,6,2,4,0,2,110.0,89.0,18.0,Sawyer,1Fam,2Story,Hip,MetalSd,PConc,GasA,Y,SBrkr,WD,Normal
1912,356882,14902,7,7,1963,2017,56.0,288,96,159,543,1038,571,1609,1,1,7,0,2,339.0,71.0,12.0,Edwards,1Fam,SFoyer,Gable,Wd Sdng,PConc,GasA,Y,SBrkr,WD,Normal
1913,412776,22131,9,9,1985,1972,72.0,328,18,38,384,1764,64,1828,6,1,8,1,0,471.0,,66.0,OldTown,1Fam,2Story,Gable,MetalSd,PConc,GasA,Y,SBrkr,ConLI,Normal
1914,393393,8756,10,6,1971,1992,19.0,986,17,352,1355,830,173,1003,4,1,7,0,2,471.0,83.0,,Sawyer,1Fam,1Story,Hip,BrkFace,CBlock,GasW,N,SBrkr,WD,Alloca
1915,270198,6313,7,1,1999,2000,7.0,49,33,352,434,563,7,570,6,1,5,0,2,230.0,7.0,32.0,BrkSide,1Fam,1Story,Gable,BrkFace,PConc,GasA,Y,SBrkr,Oth,Normal
1916,378574,12760,7,8,1954,1974,154.0,1275,25,272,1572,1313,53,1366,6,2,9,0,2,211.0,288.0,142.0,CollgCr,1Fam,1.5Fin,Gable,VinylSd,BrkTil,GasA,Y,SBrkr,WD,Normal
1917,301779,12788,4,1,2001,1984,,318,23,149,490,526,848,1374,5,3,3,0,3,542.0,34.0,56.0,NridgHt,1Fam,SLvl,Gable,Wd Sdng,PConc,GasA,Y,SBrkr,WD,Normal
1918,195176,17573,1,3,1920,1966,5.0,181,49,183,413,717,258,975,3,2,4,2,2,75.0,7.0,111.0,BrkSide,1Fam,1.5Fin,Gable,VinylSd,PConc,GasA,Y,,WD,Normal
1919,370178,21478,8,5,1931,1967,34.0,657,0,154,811,909,491,1400,6,3,11,0,2,57.0,18.0,10.0,Sawyer,1Fam,2Story,Gable,HdBoard,PConc,GasA,Y,SBrkr,WD,Normal
1920,273169,12968,4,8,1961,1976,85.0,355,72,222,649,685,199,884,2,3,6,0,1,382.0,10.0,17.0,Somerst,1Fam,1Story,Shed,HdBoard,BrkTil,GasA,Y,SBrkr,WD,AdjLand
1921,247187,33784,1,9,2013,1964,74.0,128,67,167,362,880,540,1420,2,1,10,1,2,184.0,19.0,5.0,NridgHt,TwnhsE,2Story,Gable,VinylSd,BrkTil,GasA,N,SBrkr,WD,Abnorml
1922,303283,14944,5,7,1953,2018,138.0,646,88,450,1184,862,232,1094,5,2,11,2,1,433.0,,18.0,NWAmes,1Fam,SLvl,Gable,HdBoard,Stone,GasA,Y,SBrkr,WD,Normal
1923,365007,11234,8,9,1945,1964,7.0,329,92,140,561,1423,1,1424,6,1,9,2,3,103.0,133.0,178.0,Sawyer,1Fam,1Story,Gable,Wd Sdng,PConc,GasA,Y,SBrkr,WD,Normal
1924,266924,5968,4,3,1903,1991,23.0,360,41,172,573,434,689,1123,6,2,3,1,3,137.0,31.0,164.0,Somerst,1Fam,1Story,Gable,MetalSd,BrkTil,GasA,Y,SBrkr,Oth,Normal
1925,350651,11715,8,5,1907,1983,16.0,680,75,228,983,921,48,969,5,2,7,1,2,794.0,57.0,71.0,Edwards,1Fam,1Story,Gable,MetalSd,PConc,GasA,Y,SBrkr,WD,Normal
1926,293977,11291,8,10,1996,1997,98.0,178,33,1,212,681,179,860,4,1,8,0,2,191.0,,36.0,OldTown,1Fam,2Story,Gable,VinylSd,PConc,GasA,Y,FuseA,New,Normal
1927,237710,21593,3,8,1993,1957,33.0,320,151,270,741,758,194,952,1,2,10,0,1,312.0,35.0,75.0,Gilbert,1Fam,2Story,Gable,MetalSd,PConc,GasA,Y,SBrkr,WD,Normal
1928,354102,16835,9,1,1940,1959,1.0,409,10,118,537,1101,14,1115,1,1,10,0,3,39.0,158.0,40.0,Edwards,1Fam,2Story,Gable,VinylSd,CBlock,GasA,Y,SBrkr,New,Normal
1929,227013,7407,3,8,1948,1954,61.0,181,123,23,327,1048,16,1064,3,3,11,2,3,68.0,17.0,0.0,Edwards,1Fam,1Story,Hip,Wd Sdng,PConc,GasA,N,SBrkr,COD,Normal
1930,238889,14561,1,7,1993,1997,24.0,26,14,967,1007,995,431,1426,2,1,11,1,2,12.0,19.0,,NridgHt,1Fam,1Story,Hip,Wd Sdng,PConc,GasA,Y,SBrkr,New,Normal
1931,209905,18690,2,1,1954,1975,37.0,442,5,155,602,615,107,722,4,2,6,1,2,193.0,60.0,45.0,BrkSide,1Fam,2Story,Hip,VinylSd,PConc,GasA,Y,SBrkr,WD,Normal
1932,377333,28681,6,10,1938,1972,,14,28,222,264,1281,158,1439,2,2,8,1,2,1575.0,26.0,15.0,Somerst,1Fam,2.5Unf,Gable,VinylSd,Slab,GasA,Y,SBrkr,ConLD,Normal
1933,411080,20821,10,10,2009,2011,14.0,379,47,702,1128,690,249,939,4,3,5,3,2,724.0,233.0,11.0,NAmes,1Fam,1Story,Gable,MetalSd,CBlock,GasA,Y,SBrkr,ConLI,Normal
1934,287722,19543,2,6,1894,1962,13.0,725,13,72,810,1360,140,1500,5,3,3,0,0,350.0,5.0,15.0,Somerst,Duplex,1Story,Hip,MetalSd,PConc,GasA,N,SBrkr,New,Normal
1935,309043,13767,6,1,1984,1958,15.0,127,40,759,926,738,447,1185,3,3,8,0,2,690.0,90.0,48.0,Gilbert,1Fam,2Story,Gable,HdBoard,BrkTil,GasA,Y,FuseA,WD,Normal
1936,268087,16222,1,2,1977,1969,20.0,32,82,110,224,1223,647,1870,5,1,3,1,1,315.0,92.0,7.0,NAmes,1Fam,1Story,Gable,VinylSd,PConc,GasA,Y,,New,Normal
1937,228892,24953,1,5,1914,2006,5.0,79,14,355,448,925,18,943,2,1,11,0,0,161.0,6.0,63.0,OldTown,1Fam,1Story,Gable,MetalSd,PConc,GasA,Y,SBrkr,WD,Normal
1938,262939,6861,5,2,1910,1973,59.0,247,43,462,752,543,302,845,3,2,8,1,1,66.0,131.0,27.0,Gilbert,Duplex,2Story,Hip,VinylSd,CBlock,GasA,N,SBrkr,WD,Normal
1939,377329,11218,10,10,2006,1982,11.0,857,20,941,1818,807,114,921,6,3,3,1,2,370.0,63.0,21.0,NridgHt,1Fam,2Story,Hip,MetalSd,PConc,GasA,Y,SBrkr,WD,Partial
1940,372187,9078,9,1,1898,1969,130.0,215,37,374,626,1496,262,1758,4,3,5,0,2,75.0,128.0,82.0,NridgHt,1Fam,1Story,Gable,Wd Sdng,PConc,GasA,Y,SBrkr,WD,Normal
1941,349306,16148,8,6,1903,2009,12.0,35,54,241,330,1149,198,1347,4,1,3,1,2,189.0,175.0,35.0,NridgHt,1Fam,2.5Unf,Gambrel,Wd Sdng,BrkTil,GasA,Y,SBrkr,WD,Normal
1942,246130,24713,3,8,1963,1997,14.0,296,21,339,656,787,121,908,3,2,4,0,3,611.0,38.0,23.0,NWAmes,1Fam,1Story,Gable,MetalSd,PConc,GasA,Y,FuseF,WD,Normal
1943,274783,9912,3,8,1971,2013,,395,259,90,744,1327,29,1356,5,3,8,2,2,48.0,66.0,105.0,CollgCr,1Fam,1Story,Gable,Wd Sdng,Wood,GasA,Y,SBrkr,New,Normal
1944,228414,4043,1,8,1997,1979,73.0,149,41,467,657,977,245,1222,3,1,9,2,2,48.0,30.0,22.0,OldTown,1Fam,1Story,Gable,Wd Sdng,PConc,GasA,Y,SBrkr,WD,Normal
1945,308105,10871,3,6,1926,1966,27.0,383,86,82,551,1469,35,1504,5,1,3,4,2,88.0,22.0,,NridgHt,1Fam,2Story,Gable,MetalSd,BrkTil,GasA,Y,SBrkr,WD,Normal
1946,198276,21093,1,3,1982,1963,85.0,117,64,325,506,876,50,926,3,3,7,0,2,280.0,0.0,35.0,Gilbert,1Fam,1.5Fin,Hip,MetalSd,CBlock,GasA,Y,SBrkr,WD,Partial
1947,436709,17480,8,1,2000,1968,76.0,466,95,417,978,822,1208,2030,5,3,8,2,1,101.0,331.0,11.0,NAmes,2fmCon,1Story,Gable,VinylSd,CBlock,GasA,Y,SBrkr,WD,Normal
1948,294245,16549,1,2,1973,2008,132.0,125,9,915,1049,1207,114,1321,1,2,6,0,2,244.0,58.0,,BrkSide,TwnhsE,1Story,Gable,MetalSd,PConc,GasA,Y,SBrkr,WD,Alloca
1949,268963,11614,5,5,1921,2016,70.0,88,12,239,339,968,263,1231,3,3,8,1,3,,1.0,16.0,NridgHt,1Fam,1Story,Flat,HdBoard,PConc,GasA,Y,SBrkr,ConLI,Normal
1950,353291,7047,9,10,1990,1993,2.0,634,33,597,1264,1061,95,1156,5,1,7,0,2,246.0,0.0,7.0,CollgCr,1Fam,1Story,Gable,VinylSd,CBlock,GasA,Y,SBrkr,WD,Normal
1951,325224,17285,7,5,1908,1981,90.0,238,95,73,406,693,601,1294,6,3,9,0,3,113.0,,4.0,Edwards,1Fam,2Story,Gable,HdBoard,PConc,GasA,Y,SBrkr,WD,Normal
1952,331182,8803,4,10,2003,1960,139.0,100,11,67,178,1275,99,1374,2,3,6,1,1,1369.0,1.0,13.0,NridgHt,1Fam,2Story,Hip,Wd Sdng,PConc,GasA,Y,SBrkr,New,Normal
1953,405770,39816,9,1,1896,1951,253.0,820,177,297,1294,1205,137,1342,2,2,3,1,2,237.0,46.0,66.0,Edwards,1Fam,1Story,Gable,VinylSd,PConc,Grav,Y,SBrkr,WD,Normal
1954,382559,17769,9,1,1893,2017,6.0,352,6,362,720,1346,281,1627,3,1,4,1,2,476.0,6.0,91.0,Gilbert,1Fam,SFoyer,Gable,VinylSd,PConc,Grav,Y,SBrkr,WD,Normal
1955,257906,9993,2,9,1929,1966,47.0,74,9,400,483,597,612,1209,3,3,8,0,2,422.0,4.0,98.0,NWAmes,1Fam,2Story,Gable,VinylSd,BrkTil,GasW,Y,SBrkr,WD,Normal
1956,379451,9840,10,2,1936,1989,11.0,286,9,547,842,633,508,1141,4,1,4,1,4,236.0,110.0,15.0,Somerst,2fmCon,1Story,Gable,HdBoard,BrkTil,GasA,Y,SBrkr,New,Normal
1957,343185,12753,10,7,1983,1995,15.0,612,44,139,795,717,91,808,5,2,7,0,3,95.0,237.0,54.0,OldTown,1Fam,1Story,Gable,VinylSd,PConc,GasA,Y,SBrkr,WD,Abnorml
1958,325131,11851,6,10,1918,1953,68.0,357,124,389,870,835,530,1365,3,1,6,0,0,250.0,52.0,13.0,Gilbert,2fmCon,1Story,Gable,Wd Sdng,CBlock,GasA,Y,SBrkr,WD,Normal
1959,256477,23351,4,4,1975,1987,190.0,84,14,83,181,601,362,963,2,3,9,2,2,399.0,181.0,48.0,Edwards,1Fam,2Story,Gable,MetalSd,CBlock,GasA,Y,SBrkr,WD,Normal
1960,481382,14664,8,7,1915,2012,45.0,313,40,98,451,1087,1376,2463,2,3,6,0,0,215.0,,109.0,NWAmes,1Fam,2Story,Gable,MetalSd,BrkTil,GasA,Y,SBrkr,WD,Abnorml
1961,318819,9266,7,8,1993,1978,95.0,289,9,27,325,787,822,1609,2,2,9,0,0,29.0,150.0,2.0,CollgCr,1Fam,2Story,Gable,BrkFace,PConc,Floor,Y,,ConLD,Normal
1962,391557,34379,7,5,1916,1968,0.0,515,49,549,1113,1308,228,1536,5,2,10,0,1,6.0,6.0,210.0,BrkSide,2fmCon,1Story,Gable,BrkFace,PConc,GasA,Y,SBrkr,WD,Normal
1963,421178,13693,10,1,1893,1978,1.0,58,6,282,346,1685,415,2100,1,2,9,0,2,139.0,182.0,87.0,Somerst,Duplex,1Story,Gable,MetalSd,BrkTil,GasA,Y,FuseP,WD,Normal
1964,315542,19622,9,4,2002,1984,45.0,360,33,108,501,751,253,1004,3,1,4,1,2,56.0,214.0,71.0,NWAmes,1Fam,1.5Fin,Gable,VinylSd,BrkTil,GasA,Y,SBrkr,New,Normal
1965,280347,9856,5,10,1962,2019,24.0,8,53,324,385,713,271,984,1,1,3,0,2,828.0,154.0,58.0,BrkSide,1Fam,1.5Fin,Gable,VinylSd,BrkTil,GasA,Y,SBrkr,WD,Alloca
1966,297832,16019,6,3,1952,1972,110.0,357,43,174,574,1123,32,1155,5,1,7,2,2,67.0,171.0,73.0,NridgHt,1Fam,SLvl,Hip,CemntBd,PConc,GasA,Y,SBrkr,WD,Normal
1967,248013,15608,1,10,1981,1995,17.0,968,7,726,1701,924,0,924,6,1,9,3,3,175.0,82.0,261.0,Somerst,1Fam,SFoyer,Gable,VinylSd,PConc,GasA,Y,SBrkr,WD,Normal
1968,298889,5193,6,5,1960,1993,28.0,57,8,300,365,1003,14,1017,3,2,3,0,1,435.0,30.0,73.0,Sawyer,TwnhsE,1Story,Gable,BrkFace,PConc,GasA,Y,SBrkr,WD,Normal
1969,339761,36593,2,10,1962,1997,37.0,111,55,12,178,1337,1020,2357,4,1,10,1,1,591.0,103.0,21.0,CollgCr,TwnhsE,1Story,Gable,MetalSd,Wood,GasA,Y,,New,Partial
1970,349625,25471,6,10,1923,2001,15.0,262,82,1682,2026,827,40,867,3,1,5,0,2,227.0,57.0,47.0,Edwards,1Fam,1.5Fin,Hip,VinylSd,PConc,GasA,Y,SBrkr,ConLD,Normal
1971,287587,10953,9,6,1947,1957,119.0,395,119,30,544,652,13,665,3,1,9,1,2,69.0,0.0,20.0,Gilbert,1Fam,SFoyer,Shed,CemntBd,BrkTil,GasA,Y,SBrkr,WD,Abnorml
1972,294320,7699,8,2,1927,2004,31.0,126,83,476,685,620,111,731,3,1,5,1,1,110.0,64.0,175.0,NridgHt,1Fam,1Story,Gable,CemntBd,Stone,GasA,Y,SBrkr,WD,Normal
1973,350448,15895,9,7,1936,2015,27.0,327,182,229,738,851,266,1117,3,2,6,1,3,190.0,105.0,115.0,Sawyer,1Fam,1Story,Gable,Wd Sdng,PConc,GasA,Y,FuseA,Con,Normal
1974,413873,13951,10,3,1954,1989,94.0,688,26,114,828,807,889,1696,6,2,10,1,2,,1.0,41.0,Edwards,1Fam,1Story,Gable,MetalSd,BrkTil,GasA,Y,SBrkr,WD,Normal
1975,352112,15959,8,1,1901,1980,18.0,389,20,451,860,1163,361,1524,3,3,4,1,2,150.0,97.0,75.0,NWAmes,1Fam,2Story,Gable,Wd Sdng,PConc,GasA,Y,SBrkr,WD,Normal
1976,278556,14702,3,10,2011,1997,85.0,372,1,53,426,1363,97,1460,5,3,8,1,2,49.0,105.0,120.0,NridgHt,1Fam,2Story,Gable,Wd Sdng,PConc,GasA,N,SBrkr,COD,Normal
1977,460939,17207,8,3,1925,2010,6.0,144,29,781,954,1361,839,2200,3,1,11,3,2,,17.0,,CollgCr,1Fam,2Story,Gable,Wd Sdng,CBlock,GasA,Y,SBrkr,WD,Normal
1978,276901,27547,6,9,1890,2001,,727,52,115,894,727,11,738,6,1,11,1,2,10.0,56.0,43.0,NWAmes,1Fam,1Story,Gable,HdBoard,PConc,GasA,Y,SBrkr,WD,Partial
1979,360011,17748,6,10,1910,1987,150.0,97,84,179,360,705,1159,1864,5,2,7,0,2,202.0,333.0,32.0,NridgHt,1Fam,1Story,Hip,VinylSd,PConc,GasA,Y,SBrkr,WD,Normal
1980,292384,7904,6,6,2018,1985,92.0,68,15,400,483,521,18,539,3,3,5,0,2,1374.0,215.0,73.0,Somerst,1Fam,1Story,Hip,VinylSd,CBlock,GasA,Y,,WD,Normal
1981,253930,26404,3,6,1999,2004,24.0,135,36,0,171,898,420,1318,3,1,8,1,3,377.0,52.0,23.0,OldTown,1Fam,1Story,Gable,VinylSd,CBlock,GasA,N,SBrkr,WD,Normal
1982,352709,30342,10,4,1935,1962,50.0,315,54,256,625,1170,13,1183,5,3,11,0,2,153.0,43.0,61.0,NWAmes,1Fam,2.5Fin,Hip,VinylSd,PConc,GasA,Y,SBrkr,New,Normal
1983,269387,64603,1,8,1917,1986,143.0,593,40,898,1531,726,804,1530,3,3,8,0,2,55.0,13.0,25.0,NridgHt,TwnhsE,1Story,Gable,Wd Sdng,PConc,GasA,Y,SBrkr,WD,Normal
1984,230504,7617,4,5,1900,1996,11.0,42,16,456,514,575,34,609,6,3,6,2,2,1162.0,3.0,5.0,OldTown,1Fam,1Story,Gable,VinylSd,PConc,GasA,Y,SBrkr,WD,Normal
1985,397391,15084,10,7,1989,1971,3.0,504,79,196,779,1580,15,1595,2,2,7,1,2,4.0,35.0,5.0,Somerst,1Fam,2Story,Hip,MetalSd,Stone,GasA,Y,SBrkr,WD,Normal
1986,341770,4717,6,9,1973,1988,38.0,502,9,432,943,726,660,1386,3,1,9,2,2,400.0,281.0,6.0,OldTown,1Fam,1Story,Gable,VinylSd,CBlock,GasA,Y,FuseA,WD,Alloca
1987,381517,17616,10,5,2017,2007,7.0,265,117,1103,1485,868,30,898,4,1,5,0,3,,318.0,1.0,OldTown,1Fam,SFoyer,Gable,MetalSd,CBlock,GasA,Y,SBrkr,WD,Normal
1988,259083,10156,2,5,2015,1979,10.0,428,152,83,663,780,479,1259,5,2,11,2,2,8.0,167.0,38.0,NridgHt,1Fam,1Story,Mansard,CemntBd,PConc,GasA,Y,SBrkr,WD,Normal
1989,306397,34951,7,4,1887,1967,,60,22,303,385,601,412,1013,6,2,3,2,0,452.0,43.0,,NWAmes,1Fam,1.5Fin,Hip,BrkFace,CBlock,GasA,N,FuseA,WD,Normal
1990,425779,9069,7,6,1951,1967,0.0,55,23,107,185,1176,274,1450,3,2,10,0,1,2365.0,15.0,6.0,Somerst,1Fam,1.5Fin,Hip,CemntBd,PConc,GasA,Y,FuseA,WD,Normal
1991,262696,5741,4,2,1998,1988,84.0,595,67,770,1432,531,142,673,3,3,7,1,3,357.0,90.0,47.0,Edwards,2fmCon,1Story,Gable,Wd Sdng,PConc,GasA,Y,SBrkr,WD,Normal
1992,337241,10555,4,3,1913,1975,36.0,206,30,510,746,1258,741,1999,5,3,11,0,3,187.0,103.0,45.0,Edwards,1Fam,1Story,Gable,MetalSd,PConc,GasA,Y,SBrkr,ConLI,Alloca
1993,304234,4975,1,1,1984,1956,40.0,84,1,645,730,973,614,1587,1,1,4,3,2,726.0,55.0,7.0,OldTown,1Fam,1Story,Gable,BrkFace,PConc,GasA,Y,SBrkr,WD,Normal
1994,244953,19448,2,2,1966,2018,55.0,350,126,1145,1621,828,166,994,6,1,3,2,2,282.0,117.0,25.0,Sawyer,1Fam,1Story,Gable,VinylSd,CBlock,GasA,Y,SBrkr,WD,Normal
1995,348209,4757,9,2,1943,2014,28.0,667,28,105,800,832,79,911,6,3,9,1,3,484.0,137.0,70.0,BrkSide,1Fam,1Story,Gable,CemntBd,Wood,GasA,Y,SBrkr,WD,Normal
1996,362474,13551,10,8,1881,1995,6.0,300,11,19,330,1028,95,1123,2,3,11,1,1,,152.0,0.0,NAmes,1Fam,SLvl,Gable,MetalSd,PConc,GasA,Y,SBrkr,WD,Normal
1997,310922,4727,8,8,1988,1967,5.0,128,40,137,305,740,74,814,2,2,7,0,2,13.0,69.0,,OldTown,1Fam,1Story,Gable,Wd Sdng,CBlock,GasA,Y,SBrkr,New,Normal
1998,330148,11382,8,2,1905,1962,70.0,198,12,203,413,946,233,1179,3,3,6,0,2,83.0,156.0,273.0,CollgCr,1Fam,1Story,Gambrel,HdBoard,CBlock,GasA,Y,SBrkr,WD,Normal
1999,347222,30384,9,6,1962,1974,12.0,418,11,392,821,687,608,1295,5,1,6,3,2,28.0,2.0,66.0,NridgHt,1Fam,1Story,Gable,Wd Sdng,Wood,GasA,N,SBrkr,WD,Abnorml
2000,292105,15999,7,5,1986,1957,1.0,20,39,639,698,470,445,915,4,1,10,0,0,39.0,,31.0,Gilbert,1Fam,2Story,Gable,BrkFace,PConc,GasA,Y,SBrkr,WD,Normal
