order_id,order_date,customer_id,customer_age,customer_gender,product_id,product_name,category,quantity,unit_price,discount,region,total_amount
10000,2022-01-01 00:00:00,103,20.0,Male,84,Product_70,Books,3,32.69,0.1,East,88.26
10001,2022-01-01 01:00:00,436,54.0,Female,35,Product_50,Books,3,35.57,0.0,South,106.71
10002,2022-01-01 02:00:00,349,60.0,Female,5,Product_32,Sports,2,41.46,0.0,East,82.92
10003,2022-01-01 03:00:00,271,57.0,Female,73,Product_67,Books,2,94.14,0.2,West,150.62
10004,2022-01-01 04:00:00,107,43.0,Male,29,Product_3,Sports,3,58.85,0.0,East,176.55
10005,2022-01-01 05:00:00,72,72.0,Female,70,Product_86,Books,2,26.47,0.0,South,52.94
10006,2022-01-01 06:00:00,189,40.0,Male,25,Product_86,Clothing,1,60.48,0.15,South,51.41
10007,2022-01-01 07:00:00,21,61.0,Female,95,Product_74,Sports,3,56.42,0.0,West,169.26
10008,2022-01-01 08:00:00,103,46.0,Female,22,Product_51,Beauty,4,138.7,0.15,North,471.58
10009,2022-01-01 09:00:00,122,32.0,Male,66,Product_67,Sports,4,97.07,0.05,South,368.87
10010,2022-01-01 10:00:00,467,73.0,Female,45,Product_76,Electronics,1,57.13,0.0,East,57.13
10011,2022-01-01 11:00:00,215,66.0,Male,69,Product_93,Home & Garden,4,25.89,0.0,East,103.56
10012,2022-01-01 12:00:00,331,21.0,Female,91,Product_48,Home & Garden,4,80.61,0.1,East,290.2
10013,2022-01-01 13:00:00,459,46.0,Male,89,Product_17,Electronics,3,47.81,0.0,South,143.43
10014,2022-01-01 14:00:00,88,39.0,Male,72,Product_7,Beauty,1,215.89,0.15,North,183.51
10015,2022-01-01 15:00:00,373,42.0,Female,1,Product_13,Electronics,3,19.22,0.15,West,49.01
10016,2022-01-01 16:00:00,100,46.0,Male,84,Product_66,Electronics,1,9.15,0.0,North,9.15
10017,2022-01-01 17:00:00,360,35.0,Female,44,Product_4,Beauty,3,8.62,0.0,North,25.86
10018,2022-01-01 18:00:00,152,50.0,Male,87,Product_10,Home & Garden,3,56.09,0.15,South,143.03
10019,2022-01-01 19:00:00,131,33.0,Female,96,Product_88,Electronics,2,145.06,0.0,West,290.12
10020,2022-01-01 20:00:00,150,62.0,Female,75,Product_17,Home & Garden,4,5.1,0.0,East,20.4
10021,2022-01-01 21:00:00,309,59.0,Male,39,Product_52,Sports,1,69.69,0.1,West,62.72
10022,2022-01-01 22:00:00,258,61.0,Male,54,Product_6,Electronics,4,58.51,0.15,North,198.93
10023,2022-01-01 23:00:00,344,19.0,Male,88,Product_83,Beauty,2,70.9,0.05,South,134.71
10024,2022-01-02 00:00:00,492,72.0,Male,75,Product_69,Home & Garden,1,26.96,0.0,North,26.96
10025,2022-01-02 01:00:00,414,52.0,Male,29,Product_96,Home & Garden,2,90.88,0.05,West,172.67
10026,2022-01-02 02:00:00,294,59.0,Female,54,Product_74,Home & Garden,4,7.29,0.05,South,27.7
10027,2022-01-02 03:00:00,386,51.0,Female,90,Product_9,Sports,3,75.41,0.15,North,192.3
10028,2022-01-02 04:00:00,192,47.0,Female,16,Product_91,Clothing,2,20.54,0.2,East,32.86
10029,2022-01-02 05:00:00,444,72.0,Female,99,Product_77,Clothing,2,37.39,0.0,South,74.78
10030,2022-01-02 06:00:00,277,30.0,Female,20,Product_83,Home & Garden,3,91.48,0.1,South,247.0
10031,2022-01-02 07:00:00,161,30.0,Female,46,Product_21,Books,4,20.83,0.2,West,66.66
10032,2022-01-02 08:00:00,460,35.0,Male,67,Product_24,Electronics,2,15.24,0.0,North,30.48
10033,2022-01-02 09:00:00,314,49.0,Female,65,Product_4,Sports,4,62.18,0.0,North,248.72
10034,2022-01-02 10:00:00,22,49.0,Female,58,Product_24,Books,3,43.11,0.15,North,109.93
10035,2022-01-02 11:00:00,253,52.0,Female,53,Product_59,Electronics,1,41.12,0.0,South,41.12
10036,2022-01-02 12:00:00,236,56.0,Male,1,Product_99,Electronics,2,19.84,0.0,North,39.68
10037,2022-01-02 13:00:00,345,63.0,Male,81,Product_3,Clothing,4,6.78,0.0,East,27.12
10038,2022-01-02 14:00:00,49,69.0,Male,66,Product_68,Home & Garden,3,31.4,0.0,North,94.2
10039,2022-01-02 15:00:00,475,46.0,Female,29,Product_40,Electronics,3,10.63,0.0,West,31.89
10040,2022-01-02 16:00:00,59,66.0,Female,84,Product_48,Clothing,2,123.22,0.0,North,246.44
10041,2022-01-02 17:00:00,170,46.0,Male,70,Product_54,Home & Garden,1,7.11,0.2,North,5.69
10042,2022-01-02 18:00:00,476,70.0,Female,8,Product_35,Home & Garden,2,33.25,0.05,North,63.18
10043,2022-01-02 19:00:00,188,61.0,Male,29,Product_95,Clothing,4,7.68,0.05,East,29.18
10044,2022-01-02 20:00:00,464,74.0,Male,51,Product_56,Clothing,3,10.02,0.0,South,30.06
10045,2022-01-02 21:00:00,271,33.0,Male,33,Product_89,Books,1,58.77,0.05,West,55.83
10046,2022-01-02 22:00:00,190,73.0,Female,3,Product_40,Beauty,4,57.08,0.05,East,216.9
10047,2022-01-02 23:00:00,446,61.0,Female,60,Product_77,Books,2,6.68,0.05,West,12.69
10048,2022-01-03 00:00:00,175,64.0,Male,35,Product_68,Home & Garden,3,5.06,0.0,East,15.18
10049,2022-01-03 01:00:00,446,74.0,Male,69,Product_46,Clothing,2,9.1,0.0,North,18.2
10050,2022-01-03 02:00:00,51,27.0,Male,91,Product_78,Clothing,1,76.98,0.1,West,69.28
10051,2022-01-03 03:00:00,364,47.0,Female,76,Product_13,Electronics,1,48.92,0.05,West,46.47
10052,2022-01-03 04:00:00,55,42.0,Female,84,Product_27,Electronics,1,6.94,0.05,West,6.59
10053,2022-01-03 05:00:00,244,56.0,Female,20,Product_6,Sports,1,38.48,0.0,North,38.48
10054,2022-01-03 06:00:00,320,37.0,Male,73,Product_17,Clothing,1,67.24,0.0,East,67.24
10055,2022-01-03 07:00:00,131,22.0,Female,39,Product_36,Clothing,2,106.61,0.1,North,191.9
10056,2022-01-03 08:00:00,485,18.0,Female,4,Product_99,Beauty,1,140.93,0.0,North,140.93
10057,2022-01-03 09:00:00,307,47.0,Male,19,Product_81,Electronics,1,24.83,0.05,East,23.59
10058,2022-01-03 10:00:00,135,66.0,Female,91,Product_2,Electronics,3,12.3,0.2,West,29.52
10059,2022-01-03 11:00:00,21,20.0,Male,45,Product_77,Electronics,1,18.52,0.1,East,16.67
10060,2022-01-03 12:00:00,329,62.0,Female,43,Product_52,Home & Garden,3,79.84,0.0,West,239.52
10061,2022-01-03 13:00:00,167,31.0,Male,13,Product_66,Sports,3,182.86,0.0,North,548.58
10062,2022-01-03 14:00:00,274,73.0,Female,13,Product_52,Clothing,3,36.4,0.05,North,103.74
10063,2022-01-03 15:00:00,388,47.0,Female,60,Product_92,Home & Garden,2,23.22,0.15,East,39.47
10064,2022-01-03 16:00:00,89,67.0,Male,57,Product_43,Books,2,33.03,0.0,South,66.06
10065,2022-01-03 17:00:00,316,21.0,Male,86,Product_90,Books,4,23.18,0.0,West,92.72
10066,2022-01-03 18:00:00,14,35.0,Male,92,Product_22,Beauty,4,19.82,0.0,South,79.28
10067,2022-01-03 19:00:00,242,54.0,Male,52,Product_55,Books,3,50.04,0.05,South,142.61
10068,2022-01-03 20:00:00,265,42.0,Male,53,Product_67,Home & Garden,2,5.79,0.05,South,11.0
10069,2022-01-03 21:00:00,346,65.0,Female,86,Product_99,Electronics,1,20.03,0.2,North,16.02
10070,2022-01-03 22:00:00,53,18.0,Male,43,Product_60,Electronics,4,59.14,0.0,West,236.56
10071,2022-01-03 23:00:00,386,70.0,Male,83,Product_58,Electronics,2,6.63,0.1,South,11.93
10072,2022-01-04 00:00:00,340,63.0,Female,72,Product_12,Sports,1,9.34,0.0,South,9.34
10073,2022-01-04 01:00:00,92,32.0,Male,72,Product_88,Books,1,22.36,0.0,West,22.36
10074,2022-01-04 02:00:00,367,26.0,Female,42,Product_69,Home & Garden,2,110.11,0.1,South,198.2
10075,2022-01-04 03:00:00,444,32.0,Female,90,Product_84,Electronics,4,77.38,0.0,West,309.52
10076,2022-01-04 04:00:00,455,66.0,Female,26,Product_39,Home & Garden,2,6.12,0.0,North,12.24
10077,2022-01-04 05:00:00,428,74.0,Female,23,Product_13,Beauty,4,39.83,0.1,North,143.39
10078,2022-01-04 06:00:00,264,41.0,Male,43,Product_41,Home & Garden,3,21.06,0.0,West,63.18
10079,2022-01-04 07:00:00,431,21.0,Male,77,Product_57,Books,2,57.3,0.0,West,114.6
10080,2022-01-04 08:00:00,35,29.0,Male,28,Product_53,Electronics,2,68.93,0.0,South,137.86
10081,2022-01-04 09:00:00,206,54.0,Male,9,Product_12,Beauty,4,104.34,0.0,East,417.36
10082,2022-01-04 10:00:00,81,54.0,Female,20,Product_13,Books,4,37.26,0.15,West,126.68
10083,2022-01-04 11:00:00,420,60.0,Male,56,Product_74,Sports,2,264.7,0.0,North,529.4
10084,2022-01-04 12:00:00,50,23.0,Female,83,Product_97,Electronics,1,200.57,0.1,North,180.51
10085,2022-01-04 13:00:00,360,56.0,Female,39,Product_57,Electronics,1,111.92,0.0,South,111.92
10086,2022-01-04 14:00:00,388,73.0,Female,51,Product_40,Electronics,1,47.77,0.0,North,47.77
10087,2022-01-04 15:00:00,2,63.0,Female,12,Product_80,Electronics,3,30.38,0.0,North,91.14
10088,2022-01-04 16:00:00,390,41.0,Male,79,Product_45,Beauty,3,27.66,0.15,West,70.53
10089,2022-01-04 17:00:00,54,28.0,Female,95,Product_35,Clothing,4,5.61,0.0,North,22.44
10090,2022-01-04 18:00:00,106,30.0,Female,55,Product_3,Books,3,19.33,0.1,West,52.19
10091,2022-01-04 19:00:00,260,51.0,Male,78,Product_5,Clothing,1,68.44,0.0,South,68.44
10092,2022-01-04 20:00:00,310,42.0,Male,11,Product_90,Clothing,2,51.27,0.2,East,82.03
10093,2022-01-04 21:00:00,477,24.0,Female,26,Product_11,Beauty,3,129.1,0.1,East,348.57
10094,2022-01-04 22:00:00,191,69.0,Female,42,Product_71,Clothing,3,7.57,0.05,South,21.57
10095,2022-01-04 23:00:00,402,21.0,Female,27,Product_56,Clothing,1,13.44,0.15,North,11.42
10096,2022-01-05 00:00:00,218,25.0,Female,11,Product_10,Electronics,3,82.85,0.05,North,236.12
10097,2022-01-05 01:00:00,44,37.0,Female,38,Product_34,Sports,4,27.2,0.1,East,97.92
10098,2022-01-05 02:00:00,162,46.0,Male,98,Product_67,Clothing,2,11.3,0.0,North,22.6
10099,2022-01-05 03:00:00,202,71.0,Male,43,Product_72,Home & Garden,1,287.05,0.0,North,287.05
10100,2022-01-05 04:00:00,446,70.0,Male,19,Product_31,Home & Garden,4,82.38,0.05,West,313.04
10101,2022-01-05 05:00:00,484,68.0,Male,64,Product_75,Sports,1,31.28,0.0,West,31.28
10102,2022-01-05 06:00:00,270,62.0,Female,6,Product_71,Sports,4,91.68,0.0,South,366.72
10103,2022-01-05 07:00:00,351,63.0,Female,46,Product_66,Home & Garden,2,62.07,0.0,North,124.14
10104,2022-01-05 08:00:00,304,27.0,Female,42,Product_70,Clothing,2,83.03,0.0,East,166.06
10105,2022-01-05 09:00:00,271,60.0,Male,92,Product_41,Books,4,89.43,0.05,West,339.83
10106,2022-01-05 10:00:00,456,51.0,Female,65,Product_63,Clothing,4,9.43,0.0,North,37.72
10107,2022-01-05 11:00:00,462,74.0,Female,99,Product_32,Home & Garden,4,53.77,0.2,North,172.06
10108,2022-01-05 12:00:00,215,43.0,Female,72,Product_20,Clothing,4,5.34,0.15,West,18.16
10109,2022-01-05 13:00:00,252,58.0,Female,59,Product_57,Books,4,7.22,0.15,West,24.55
10110,2022-01-05 14:00:00,190,66.0,Male,52,Product_98,Clothing,4,122.16,0.0,East,488.64
10111,2022-01-05 15:00:00,296,20.0,Male,47,Product_50,Clothing,2,42.49,0.0,North,84.98
10112,2022-01-05 16:00:00,213,73.0,Male,7,Product_80,Sports,4,71.57,0.2,South,229.02
10113,2022-01-05 17:00:00,208,23.0,Male,11,Product_25,Sports,3,96.16,0.15,East,245.21
10114,2022-01-05 18:00:00,237,22.0,Male,61,Product_12,Electronics,2,154.38,0.1,North,277.88
10115,2022-01-05 19:00:00,338,22.0,Female,68,Product_71,Home & Garden,1,106.76,0.0,North,106.76
10116,2022-01-05 20:00:00,367,71.0,Female,25,Product_39,Sports,2,38.02,0.0,North,76.04
10117,2022-01-05 21:00:00,53,64.0,Female,12,Product_17,Beauty,1,25.47,0.1,South,22.92
10118,2022-01-05 22:00:00,280,40.0,Female,26,Product_45,Sports,1,13.39,0.0,South,13.39
10119,2022-01-05 23:00:00,410,66.0,Male,12,Product_11,Clothing,3,30.57,0.05,West,87.12
10120,2022-01-06 00:00:00,217,26.0,Female,43,Product_70,Electronics,4,27.82,0.1,East,100.15
10121,2022-01-06 01:00:00,252,52.0,Male,51,Product_23,Books,4,46.0,0.05,West,174.8
10122,2022-01-06 02:00:00,188,37.0,Male,37,Product_91,Books,2,59.76,0.0,West,119.52
10123,2022-01-06 03:00:00,380,66.0,Male,46,Product_70,Electronics,4,196.58,0.0,North,786.32
10124,2022-01-06 04:00:00,493,59.0,Male,53,Product_38,Electronics,3,70.17,0.2,South,168.41
10125,2022-01-06 05:00:00,41,52.0,Male,88,Product_2,Sports,2,56.61,0.05,South,107.56
10126,2022-01-06 06:00:00,157,67.0,Male,80,Product_86,Clothing,2,25.41,0.1,North,45.74
10127,2022-01-06 07:00:00,15,35.0,Male,13,Product_84,Clothing,2,6.76,0.05,West,12.84
10128,2022-01-06 08:00:00,301,34.0,Female,89,Product_89,Electronics,4,21.99,0.05,North,83.56
10129,2022-01-06 09:00:00,65,41.0,Male,54,Product_79,Clothing,4,78.15,0.05,South,296.97
10130,2022-01-06 10:00:00,345,20.0,Male,57,Product_93,Clothing,4,16.49,0.0,East,65.96
10131,2022-01-06 11:00:00,327,49.0,Male,4,Product_72,Sports,2,67.27,0.0,South,134.54
10132,2022-01-06 12:00:00,9,52.0,Male,75,Product_37,Clothing,2,48.35,0.0,East,96.7
10133,2022-01-06 13:00:00,344,55.0,Male,96,Product_49,Clothing,1,14.43,0.0,South,14.43
10134,2022-01-06 14:00:00,129,30.0,Male,49,Product_52,Clothing,1,20.17,0.0,North,20.17
10135,2022-01-06 15:00:00,492,73.0,Male,7,Product_33,Home & Garden,4,39.29,0.0,North,157.16
10136,2022-01-06 16:00:00,136,64.0,Male,11,Product_22,Electronics,2,32.1,0.15,West,54.57
10137,2022-01-06 17:00:00,472,42.0,Male,92,Product_5,Home & Garden,4,80.38,0.0,North,321.52
10138,2022-01-06 18:00:00,63,26.0,Male,54,Product_18,Sports,4,71.29,0.0,North,285.16
10139,2022-01-06 19:00:00,139,21.0,Male,87,Product_38,Electronics,1,47.73,0.0,South,47.73
10140,2022-01-06 20:00:00,499,31.0,Male,45,Product_37,Electronics,3,91.38,0.05,North,260.43
10141,2022-01-06 21:00:00,81,54.0,Male,23,Product_94,Electronics,4,46.35,0.0,South,185.4
10142,2022-01-06 22:00:00,392,51.0,Female,28,Product_95,Home & Garden,3,171.76,0.0,East,515.28
10143,2022-01-06 23:00:00,163,28.0,Female,57,Product_64,Books,3,17.25,0.0,East,51.75
10144,2022-01-07 00:00:00,419,58.0,Male,26,Product_10,Electronics,2,67.61,0.1,East,121.7
10145,2022-01-07 01:00:00,289,73.0,Male,25,Product_79,Beauty,2,28.1,0.2,North,44.96
10146,2022-01-07 02:00:00,379,20.0,Female,54,Product_42,Electronics,4,21.35,0.2,South,68.32
10147,2022-01-07 03:00:00,261,45.0,Male,29,Product_48,Books,1,14.95,0.0,North,14.95
10148,2022-01-07 04:00:00,490,46.0,Male,83,Product_44,Home & Garden,1,45.2,0.05,North,42.94
10149,2022-01-07 05:00:00,231,26.0,Male,97,Product_82,Sports,4,17.13,0.0,South,68.52
10150,2022-01-07 06:00:00,41,20.0,Male,36,Product_87,Home & Garden,4,16.18,0.0,North,64.72
10151,2022-01-07 07:00:00,28,42.0,Male,14,Product_97,Home & Garden,1,237.99,0.0,East,237.99
10152,2022-01-07 08:00:00,135,51.0,Male,78,Product_16,Books,3,85.91,0.0,East,257.73
10153,2022-01-07 09:00:00,201,29.0,Female,35,Product_54,Books,4,73.97,0.1,West,266.29
10154,2022-01-07 10:00:00,328,59.0,Male,30,Product_35,Home & Garden,3,84.01,0.0,East,252.03
10155,2022-01-07 11:00:00,268,26.0,Female,92,Product_98,Electronics,4,178.56,0.0,North,714.24
10156,2022-01-07 12:00:00,418,32.0,Female,17,Product_28,Electronics,4,47.58,0.0,South,190.32
10157,2022-01-07 13:00:00,33,57.0,Male,67,Product_2,Books,3,17.44,0.0,North,52.32
10158,2022-01-07 14:00:00,48,42.0,Male,80,Product_94,Home & Garden,3,104.1,0.1,South,281.07
10159,2022-01-07 15:00:00,407,22.0,Male,30,Product_13,Home & Garden,1,72.88,0.05,North,69.24
10160,2022-01-07 16:00:00,62,28.0,Male,93,Product_41,Sports,4,31.75,0.05,North,120.65
10161,2022-01-07 17:00:00,216,51.0,Male,45,Product_80,Books,2,37.08,0.0,South,74.16
10162,2022-01-07 18:00:00,293,41.0,Female,79,Product_59,Sports,2,31.49,0.0,East,62.98
10163,2022-01-07 19:00:00,99,46.0,Female,89,Product_69,Books,4,137.92,0.0,East,551.68
10164,2022-01-07 20:00:00,172,55.0,Female,51,Product_92,Books,4,26.04,0.2,South,83.33
10165,2022-01-07 21:00:00,360,25.0,Male,47,Product_53,Clothing,4,170.5,0.2,South,545.6
10166,2022-01-07 22:00:00,214,22.0,Female,53,Product_45,Clothing,3,125.55,0.05,South,357.82
10167,2022-01-07 23:00:00,475,65.0,Female,64,Product_20,Books,2,54.78,0.0,East,109.56
10168,2022-01-08 00:00:00,35,43.0,Female,38,Product_24,Clothing,2,48.35,0.0,North,96.7
10169,2022-01-08 01:00:00,449,46.0,Male,64,Product_61,Beauty,2,28.11,0.0,East,56.22
10170,2022-01-08 02:00:00,227,23.0,Female,87,Product_91,Electronics,4,5.93,0.15,East,20.16
10171,2022-01-08 03:00:00,101,54.0,Male,89,Product_94,Electronics,3,11.83,0.05,North,33.72
10172,2022-01-08 04:00:00,431,65.0,Male,7,Product_58,Beauty,4,75.17,0.15,North,255.58
10173,2022-01-08 05:00:00,462,30.0,Male,22,Product_27,Sports,1,36.89,0.05,North,35.05
10174,2022-01-08 06:00:00,131,45.0,Female,81,Product_26,Clothing,1,13.12,0.0,South,13.12
10175,2022-01-08 07:00:00,257,22.0,Female,82,Product_7,Books,2,20.32,0.0,East,40.64
10176,2022-01-08 08:00:00,5,30.0,Male,41,Product_42,Sports,4,152.67,0.0,South,610.68
10177,2022-01-08 09:00:00,218,34.0,Male,74,Product_47,Home & Garden,1,27.87,0.0,South,27.87
10178,2022-01-08 10:00:00,255,67.0,Male,10,Product_53,Electronics,1,124.13,0.0,West,124.13
10179,2022-01-08 11:00:00,398,57.0,Male,57,Product_59,Books,4,23.17,0.05,North,88.05
10180,2022-01-08 12:00:00,359,62.0,Male,7,Product_38,Books,3,44.18,0.05,North,125.91
10181,2022-01-08 13:00:00,283,49.0,Male,50,Product_69,Electronics,4,6.03,0.0,South,24.12
10182,2022-01-08 14:00:00,393,46.0,Female,91,Product_87,Books,4,41.89,0.0,East,167.56
10183,2022-01-08 15:00:00,207,68.0,Male,52,Product_92,Books,3,55.66,0.0,East,166.98
10184,2022-01-08 16:00:00,15,20.0,Male,33,Product_98,Electronics,2,18.35,0.05,South,34.86
10185,2022-01-08 17:00:00,346,46.0,Male,1,Product_53,Sports,2,48.25,0.0,West,96.5
10186,2022-01-08 18:00:00,42,57.0,Female,53,Product_15,Clothing,2,57.09,0.0,East,114.18
10187,2022-01-08 19:00:00,380,51.0,Female,60,Product_96,Clothing,3,63.06,0.15,North,160.8
10188,2022-01-08 20:00:00,461,57.0,Female,34,Product_26,Sports,1,79.9,0.0,East,79.9
10189,2022-01-08 21:00:00,179,44.0,Male,4,Product_48,Books,3,23.65,0.0,North,70.95
10190,2022-01-08 22:00:00,63,30.0,Female,17,Product_95,Sports,4,46.94,0.05,East,178.37
10191,2022-01-08 23:00:00,352,62.0,Male,4,Product_19,Home & Garden,3,204.71,0.1,North,552.72
10192,2022-01-09 00:00:00,231,50.0,Female,43,Product_9,Electronics,1,119.21,0.05,East,113.25
10193,2022-01-09 01:00:00,241,23.0,Female,90,Product_64,Electronics,1,157.53,0.0,South,157.53
10194,2022-01-09 02:00:00,52,41.0,Female,4,Product_93,Clothing,4,29.4,0.0,West,117.6
10195,2022-01-09 03:00:00,96,36.0,Female,1,Product_54,Electronics,2,82.31,0.1,South,148.16
10196,2022-01-09 04:00:00,388,33.0,Female,71,Product_51,Home & Garden,1,53.37,0.0,East,53.37
10197,2022-01-09 05:00:00,222,57.0,Male,94,Product_39,Clothing,1,9.32,0.05,North,8.85
10198,2022-01-09 06:00:00,485,45.0,Female,50,Product_4,Books,1,91.86,0.15,West,78.08
10199,2022-01-09 07:00:00,407,50.0,Male,73,Product_3,Clothing,4,61.52,0.15,East,209.17
10200,2022-01-09 08:00:00,231,65.0,Female,61,Product_64,Home & Garden,1,16.09,0.0,North,16.09
10201,2022-01-09 09:00:00,237,58.0,Male,35,Product_29,Home & Garden,2,9.15,0.0,West,18.3
10202,2022-01-09 10:00:00,143,30.0,Male,8,Product_11,Electronics,4,95.71,0.0,South,382.84
10203,2022-01-09 11:00:00,171,60.0,Male,24,Product_97,Electronics,2,9.11,0.1,East,16.4
10204,2022-01-09 12:00:00,29,62.0,Male,83,Product_58,Clothing,1,9.79,0.0,East,9.79
10205,2022-01-09 13:00:00,36,42.0,Male,36,Product_75,Books,1,32.88,0.0,North,32.88
10206,2022-01-09 14:00:00,13,70.0,Female,50,Product_27,Electronics,2,12.24,0.0,West,24.48
10207,2022-01-09 15:00:00,160,59.0,Male,43,Product_97,Sports,4,127.48,0.0,South,509.92
10208,2022-01-09 16:00:00,327,53.0,Male,27,Product_21,Beauty,4,36.77,0.0,North,147.08
10209,2022-01-09 17:00:00,187,44.0,Female,32,Product_39,Books,2,47.1,0.0,West,94.2
10210,2022-01-09 18:00:00,243,55.0,Male,78,Product_95,Electronics,1,136.63,0.05,East,129.8
10211,2022-01-09 19:00:00,86,24.0,Female,18,Product_46,Beauty,3,42.78,0.0,North,128.34
10212,2022-01-09 20:00:00,284,22.0,Female,28,Product_66,Electronics,2,26.82,0.0,North,53.64
10213,2022-01-09 21:00:00,66,60.0,Female,29,Product_91,Home & Garden,2,84.77,0.1,East,152.59
10214,2022-01-09 22:00:00,170,62.0,Female,16,Product_36,Books,2,34.25,0.1,North,61.65
10215,2022-01-09 23:00:00,45,74.0,Male,99,Product_75,Sports,1,24.17,0.0,West,24.17
10216,2022-01-10 00:00:00,62,68.0,Female,47,Product_82,Clothing,4,69.23,0.0,East,276.92
10217,2022-01-10 01:00:00,441,48.0,Male,59,Product_65,Clothing,1,85.87,0.05,South,81.58
10218,2022-01-10 02:00:00,134,40.0,Male,31,Product_63,Clothing,2,83.44,0.0,South,166.88
10219,2022-01-10 03:00:00,284,59.0,Female,4,Product_99,Home & Garden,1,195.1,0.0,South,195.1
10220,2022-01-10 04:00:00,28,27.0,Male,37,Product_35,Clothing,1,82.25,0.0,South,82.25
10221,2022-01-10 05:00:00,108,49.0,Female,17,Product_31,Beauty,2,78.47,0.0,East,156.94
10222,2022-01-10 06:00:00,44,60.0,Female,39,Product_28,Beauty,1,102.42,0.0,West,102.42
10223,2022-01-10 07:00:00,340,70.0,Female,48,Product_1,Books,3,5.01,0.15,East,12.78
10224,2022-01-10 08:00:00,286,47.0,Female,46,Product_25,Clothing,1,27.5,0.1,South,24.75
10225,2022-01-10 09:00:00,446,56.0,Male,90,Product_43,Sports,1,71.89,0.0,North,71.89
10226,2022-01-10 10:00:00,331,46.0,Male,48,Product_84,Beauty,4,50.78,0.0,East,203.12
10227,2022-01-10 11:00:00,128,35.0,Female,39,Product_67,Books,4,14.77,0.05,East,56.13
10228,2022-01-10 12:00:00,348,53.0,Male,4,Product_63,Clothing,2,23.1,0.0,East,46.2
10229,2022-01-10 13:00:00,473,19.0,Female,30,Product_51,Electronics,2,25.53,0.0,North,51.06
10230,2022-01-10 14:00:00,231,31.0,Female,30,Product_2,Electronics,4,46.95,0.05,West,178.41
10231,2022-01-10 15:00:00,190,30.0,Female,22,Product_82,Home & Garden,3,94.07,0.15,South,239.88
10232,2022-01-10 16:00:00,225,46.0,Male,75,Product_64,Sports,1,139.78,0.0,East,139.78
10233,2022-01-10 17:00:00,385,29.0,Male,66,Product_74,Books,3,74.33,0.1,East,200.69
10234,2022-01-10 18:00:00,377,56.0,Male,12,Product_69,Clothing,3,97.56,0.0,East,292.68
10235,2022-01-10 19:00:00,283,19.0,Male,94,Product_9,Electronics,4,36.75,0.0,South,147.0
10236,2022-01-10 20:00:00,446,49.0,Female,36,Product_2,Clothing,2,29.7,0.0,East,59.4
10237,2022-01-10 21:00:00,121,30.0,Male,18,Product_34,Clothing,1,29.94,0.05,North,28.44
10238,2022-01-10 22:00:00,116,63.0,Male,90,Product_60,Electronics,2,52.86,0.1,East,95.15
10239,2022-01-10 23:00:00,461,44.0,Male,53,Product_61,Sports,3,11.63,0.05,North,33.15
10240,2022-01-11 00:00:00,233,66.0,Female,71,Product_31,Home & Garden,3,48.31,0.0,South,144.93
10241,2022-01-11 01:00:00,259,58.0,Female,1,Product_10,Sports,2,59.7,0.0,North,119.4
10242,2022-01-11 02:00:00,359,34.0,Male,58,Product_76,Clothing,2,33.89,0.0,West,67.78
10243,2022-01-11 03:00:00,198,57.0,Male,90,Product_36,Clothing,4,158.06,0.0,East,632.24
10244,2022-01-11 04:00:00,456,48.0,Male,87,Product_85,Home & Garden,2,51.85,0.0,East,103.7
10245,2022-01-11 05:00:00,411,51.0,Male,90,Product_49,Books,2,17.42,0.2,East,27.87
10246,2022-01-11 06:00:00,137,41.0,Female,6,Product_70,Electronics,4,37.62,0.05,West,142.96
10247,2022-01-11 07:00:00,318,62.0,Female,70,Product_49,Books,2,61.26,0.0,North,122.52
10248,2022-01-11 08:00:00,165,52.0,Male,44,Product_3,Clothing,3,24.55,0.0,East,73.65
10249,2022-01-11 09:00:00,225,65.0,Male,72,Product_74,Books,2,9.15,0.0,East,18.3
10250,2022-01-11 10:00:00,307,23.0,Female,24,Product_5,Books,1,48.79,0.05,North,46.35
10251,2022-01-11 11:00:00,234,36.0,Male,86,Product_90,Clothing,3,152.7,0.1,North,412.29
10252,2022-01-11 12:00:00,172,47.0,Female,19,Product_61,Sports,4,38.19,0.05,North,145.12
10253,2022-01-11 13:00:00,152,24.0,Male,18,Product_85,Electronics,3,123.28,0.0,North,369.84
10254,2022-01-11 14:00:00,463,27.0,Male,95,Product_90,Books,4,95.1,0.0,South,380.4
10255,2022-01-11 15:00:00,315,58.0,Male,30,Product_26,Clothing,1,12.97,0.2,North,10.38
10256,2022-01-11 16:00:00,374,49.0,Male,42,Product_72,Home & Garden,1,66.58,0.2,East,53.26
10257,2022-01-11 17:00:00,160,51.0,Female,33,Product_5,Electronics,3,33.59,0.0,North,100.77
10258,2022-01-11 18:00:00,96,45.0,Male,74,Product_15,Books,2,19.4,0.0,North,38.8
10259,2022-01-11 19:00:00,472,32.0,Male,12,Product_16,Electronics,3,63.07,0.0,West,189.21
10260,2022-01-11 20:00:00,233,47.0,Male,94,Product_1,Sports,3,72.87,0.15,South,185.82
10261,2022-01-11 21:00:00,180,54.0,Male,27,Product_16,Clothing,1,14.92,0.05,North,14.17
10262,2022-01-11 22:00:00,113,46.0,Male,39,Product_37,Clothing,4,127.93,0.05,East,486.13
10263,2022-01-11 23:00:00,318,39.0,Male,9,Product_3,Sports,3,74.54,0.0,North,223.62
10264,2022-01-12 00:00:00,497,21.0,Female,21,Product_52,Clothing,2,140.43,0.0,North,280.86
10265,2022-01-12 01:00:00,442,37.0,Male,76,Product_47,Clothing,1,24.07,0.0,North,24.07
10266,2022-01-12 02:00:00,52,49.0,Male,29,Product_95,Books,3,145.12,0.15,West,370.06
10267,2022-01-12 03:00:00,268,53.0,Female,33,Product_13,Electronics,3,27.98,0.0,East,83.94
10268,2022-01-12 04:00:00,295,67.0,Male,62,Product_80,Sports,2,7.77,0.1,East,13.99
10269,2022-01-12 05:00:00,386,21.0,Female,15,Product_55,Electronics,3,76.98,0.0,West,230.94
10270,2022-01-12 06:00:00,387,44.0,Male,2,Product_21,Electronics,3,65.79,0.15,West,167.76
10271,2022-01-12 07:00:00,113,34.0,Female,52,Product_66,Electronics,3,50.55,0.1,East,136.48
10272,2022-01-12 08:00:00,101,29.0,Female,44,Product_54,Sports,3,38.66,0.0,East,115.98
10273,2022-01-12 09:00:00,113,39.0,Female,54,Product_27,Sports,2,6.63,0.15,South,11.27
10274,2022-01-12 10:00:00,440,34.0,Female,18,Product_38,Electronics,3,53.99,0.0,North,161.97
10275,2022-01-12 11:00:00,81,46.0,Male,3,Product_90,Electronics,3,31.96,0.0,East,95.88
10276,2022-01-12 12:00:00,187,71.0,Female,7,Product_58,Beauty,3,46.07,0.0,East,138.21
10277,2022-01-12 13:00:00,113,18.0,Male,43,Product_62,Electronics,1,33.05,0.15,West,28.09
10278,2022-01-12 14:00:00,2,39.0,Male,82,Product_46,Books,2,174.15,0.15,South,296.06
10279,2022-01-12 15:00:00,130,43.0,Male,38,Product_89,Electronics,1,51.33,0.0,East,51.33
10280,2022-01-12 16:00:00,220,73.0,Female,37,Product_11,Sports,1,74.16,0.05,East,70.45
10281,2022-01-12 17:00:00,54,35.0,Male,58,Product_72,Clothing,2,142.72,0.05,North,271.17
10282,2022-01-12 18:00:00,343,67.0,Female,33,Product_8,Books,1,49.78,0.1,East,44.8
10283,2022-01-12 19:00:00,485,31.0,Female,59,Product_97,Sports,1,5.61,0.0,South,5.61
10284,2022-01-12 20:00:00,224,64.0,Female,95,Product_71,Clothing,1,6.74,0.0,South,6.74
10285,2022-01-12 21:00:00,225,46.0,Female,11,Product_64,Electronics,2,65.59,0.05,South,124.62
10286,2022-01-12 22:00:00,385,29.0,Male,68,Product_21,Sports,3,21.36,0.0,North,64.08
10287,2022-01-12 23:00:00,403,53.0,Male,82,Product_72,Sports,4,48.3,0.0,South,193.2
10288,2022-01-13 00:00:00,126,52.0,Male,68,Product_63,Electronics,4,16.3,0.05,East,61.94
10289,2022-01-13 01:00:00,130,69.0,Male,98,Product_85,Electronics,2,20.75,0.0,South,41.5
10290,2022-01-13 02:00:00,53,29.0,Male,93,Product_64,Books,4,40.12,0.2,South,128.38
10291,2022-01-13 03:00:00,172,24.0,Male,88,Product_20,Clothing,2,190.6,0.0,North,381.2
10292,2022-01-13 04:00:00,218,46.0,Male,22,Product_8,Sports,2,52.89,0.2,North,84.62
10293,2022-01-13 05:00:00,160,28.0,Female,66,Product_58,Home & Garden,4,142.56,0.0,South,570.24
10294,2022-01-13 06:00:00,198,50.0,Female,44,Product_46,Books,1,165.17,0.0,South,165.17
10295,2022-01-13 07:00:00,416,23.0,Male,6,Product_31,Beauty,3,16.67,0.0,East,50.01
10296,2022-01-13 08:00:00,247,64.0,Female,42,Product_93,Beauty,4,23.64,0.1,West,85.1
10297,2022-01-13 09:00:00,324,32.0,Male,25,Product_9,Electronics,4,78.48,0.1,North,282.53
10298,2022-01-13 10:00:00,439,49.0,Male,57,Product_15,Books,4,105.78,0.0,North,423.12
10299,2022-01-13 11:00:00,203,68.0,Female,85,Product_94,Clothing,4,41.62,0.0,South,166.48
10300,2022-01-13 12:00:00,184,28.0,Male,55,Product_26,Home & Garden,2,254.73,0.05,South,483.99
10301,2022-01-13 13:00:00,123,40.0,Male,16,Product_10,Home & Garden,2,5.58,0.0,East,11.16
10302,2022-01-13 14:00:00,401,43.0,Female,95,Product_29,Electronics,3,22.8,0.1,West,61.56
10303,2022-01-13 15:00:00,255,51.0,Female,14,Product_80,Beauty,3,53.8,0.0,West,161.4
10304,2022-01-13 16:00:00,294,63.0,Female,39,Product_36,Electronics,4,36.68,0.05,North,139.38
10305,2022-01-13 17:00:00,280,51.0,Female,28,Product_84,Sports,4,11.2,0.05,West,42.56
10306,2022-01-13 18:00:00,325,46.0,Female,96,Product_37,Books,4,27.93,0.2,North,89.38
10307,2022-01-13 19:00:00,372,21.0,Male,92,Product_86,Books,3,6.29,0.05,East,17.93
10308,2022-01-13 20:00:00,98,34.0,Male,51,Product_71,Electronics,4,56.47,0.0,East,225.88
10309,2022-01-13 21:00:00,198,52.0,Male,49,Product_23,Clothing,1,116.63,0.0,East,116.63
10310,2022-01-13 22:00:00,470,30.0,Male,9,Product_41,Books,3,113.09,0.05,North,322.31
10311,2022-01-13 23:00:00,395,58.0,Female,58,Product_93,Clothing,1,65.12,0.0,South,65.12
10312,2022-01-14 00:00:00,240,56.0,Male,45,Product_80,Home & Garden,4,36.35,0.15,South,123.59
10313,2022-01-14 01:00:00,144,32.0,Female,22,Product_28,Clothing,2,40.88,0.05,North,77.67
10314,2022-01-14 02:00:00,97,72.0,Female,32,Product_48,Home & Garden,1,12.36,0.0,North,12.36
10315,2022-01-14 03:00:00,201,46.0,Female,69,Product_38,Books,3,25.85,0.0,East,77.55
10316,2022-01-14 04:00:00,124,46.0,Female,87,Product_31,Home & Garden,1,15.4,0.0,South,15.4
10317,2022-01-14 05:00:00,187,28.0,Female,69,Product_14,Home & Garden,3,91.07,0.0,East,273.21
10318,2022-01-14 06:00:00,326,69.0,Male,42,Product_97,Clothing,4,128.11,0.0,North,512.44
10319,2022-01-14 07:00:00,464,49.0,Female,53,Product_73,Home & Garden,1,43.49,0.0,West,43.49
10320,2022-01-14 08:00:00,349,19.0,Male,96,Product_91,Electronics,2,70.05,0.0,North,140.1
10321,2022-01-14 09:00:00,259,64.0,Female,59,Product_88,Clothing,1,11.47,0.0,West,11.47
10322,2022-01-14 10:00:00,148,31.0,Male,74,Product_77,Clothing,2,51.89,0.0,South,103.78
10323,2022-01-14 11:00:00,252,37.0,Female,39,Product_90,Sports,3,65.67,0.0,South,197.01
10324,2022-01-14 12:00:00,443,39.0,Female,15,Product_29,Home & Garden,4,35.14,0.0,West,140.56
10325,2022-01-14 13:00:00,420,28.0,Male,71,Product_51,Clothing,4,18.94,0.05,North,71.97
10326,2022-01-14 14:00:00,403,44.0,Male,29,Product_49,Electronics,2,109.93,0.0,North,219.86
10327,2022-01-14 15:00:00,346,20.0,Female,3,Product_43,Electronics,3,72.92,0.0,South,218.76
10328,2022-01-14 16:00:00,451,34.0,Male,83,Product_92,Beauty,4,120.06,0.05,North,456.23
10329,2022-01-14 17:00:00,147,61.0,Female,10,Product_92,Home & Garden,3,90.3,0.2,South,216.72
10330,2022-01-14 18:00:00,148,73.0,Female,92,Product_72,Electronics,2,237.17,0.0,North,474.34
10331,2022-01-14 19:00:00,352,45.0,Male,29,Product_87,Electronics,2,15.67,0.0,West,31.34
10332,2022-01-14 20:00:00,199,46.0,Male,79,Product_93,Beauty,1,9.54,0.0,East,9.54
10333,2022-01-14 21:00:00,308,38.0,Male,35,Product_5,Electronics,4,25.55,0.0,North,102.2
10334,2022-01-14 22:00:00,489,64.0,Female,6,Product_42,Electronics,4,11.91,0.15,West,40.49
10335,2022-01-14 23:00:00,417,33.0,Male,12,Product_7,Electronics,1,42.03,0.05,South,39.93
10336,2022-01-15 00:00:00,424,54.0,Male,38,Product_42,Beauty,2,55.12,0.05,South,104.73
10337,2022-01-15 01:00:00,128,37.0,Male,77,Product_36,Books,2,48.17,0.0,South,96.34
10338,2022-01-15 02:00:00,39,23.0,Female,93,Product_27,Home & Garden,2,20.0,0.05,East,38.0
10339,2022-01-15 03:00:00,338,46.0,Female,19,Product_58,Electronics,2,124.75,0.0,South,249.5
10340,2022-01-15 04:00:00,360,74.0,Female,67,Product_46,Clothing,3,6.07,0.0,East,18.21
10341,2022-01-15 05:00:00,129,22.0,Male,8,Product_66,Clothing,4,26.39,0.0,North,105.56
10342,2022-01-15 06:00:00,267,20.0,Female,8,Product_25,Home & Garden,4,68.47,0.0,West,273.88
10343,2022-01-15 07:00:00,476,18.0,Female,84,Product_73,Clothing,2,77.82,0.0,East,155.64
10344,2022-01-15 08:00:00,441,55.0,Female,47,Product_27,Electronics,2,31.9,0.1,North,57.42
10345,2022-01-15 09:00:00,473,32.0,Male,4,Product_1,Home & Garden,2,5.85,0.0,East,11.7
10346,2022-01-15 10:00:00,434,51.0,Male,51,Product_87,Home & Garden,4,53.12,0.0,East,212.48
10347,2022-01-15 11:00:00,151,52.0,Male,85,Product_74,Clothing,4,8.26,0.0,North,33.04
10348,2022-01-15 12:00:00,415,66.0,Female,67,Product_42,Electronics,2,10.71,0.0,North,21.42
10349,2022-01-15 13:00:00,478,42.0,Male,45,Product_52,Beauty,3,57.53,0.05,North,163.96
10350,2022-01-15 14:00:00,298,41.0,Female,8,Product_25,Home & Garden,1,23.73,0.05,West,22.54
10351,2022-01-15 15:00:00,99,29.0,Female,87,Product_54,Books,1,26.39,0.1,East,23.75
10352,2022-01-15 16:00:00,263,35.0,Male,16,Product_67,Home & Garden,1,38.36,0.0,South,38.36
10353,2022-01-15 17:00:00,252,32.0,Female,77,Product_6,Electronics,4,197.17,0.05,North,749.25
10354,2022-01-15 18:00:00,144,61.0,Male,67,Product_58,Clothing,4,173.26,0.15,South,589.08
10355,2022-01-15 19:00:00,346,46.0,Male,9,Product_70,Clothing,1,31.92,0.0,South,31.92
10356,2022-01-15 20:00:00,112,44.0,Female,60,Product_53,Books,1,20.43,0.0,East,20.43
10357,2022-01-15 21:00:00,60,25.0,Female,78,Product_66,Sports,3,23.02,0.15,West,58.7
10358,2022-01-15 22:00:00,369,63.0,Male,77,Product_58,Clothing,4,20.65,0.0,South,82.6
10359,2022-01-15 23:00:00,2,42.0,Male,71,Product_82,Beauty,4,42.99,0.0,South,171.96
10360,2022-01-16 00:00:00,385,34.0,Female,15,Product_87,Clothing,1,51.68,0.0,South,51.68
10361,2022-01-16 01:00:00,304,46.0,Female,71,Product_2,Beauty,3,38.55,0.0,West,115.65
10362,2022-01-16 02:00:00,254,70.0,Female,98,Product_76,Beauty,3,31.21,0.0,North,93.63
10363,2022-01-16 03:00:00,140,25.0,Male,41,Product_22,Electronics,1,16.87,0.0,South,16.87
10364,2022-01-16 04:00:00,453,32.0,Male,22,Product_37,Clothing,1,37.94,0.05,East,36.04
10365,2022-01-16 05:00:00,37,44.0,Male,24,Product_20,Home & Garden,4,25.86,0.0,North,103.44
10366,2022-01-16 06:00:00,160,63.0,Female,44,Product_24,Sports,1,44.0,0.1,North,39.6
10367,2022-01-16 07:00:00,9,67.0,Male,1,Product_84,Home & Garden,2,61.23,0.0,East,122.46
10368,2022-01-16 08:00:00,233,69.0,Male,10,Product_65,Beauty,3,55.16,0.2,North,132.38
10369,2022-01-16 09:00:00,99,24.0,Female,80,Product_65,Sports,1,36.04,0.2,South,28.83
10370,2022-01-16 10:00:00,147,20.0,Male,72,Product_81,Electronics,2,45.6,0.1,South,82.08
10371,2022-01-16 11:00:00,304,46.0,Female,56,Product_1,Electronics,3,21.76,0.15,South,55.49
10372,2022-01-16 12:00:00,208,61.0,Female,89,Product_94,Sports,2,6.23,0.05,North,11.84
10373,2022-01-16 13:00:00,131,70.0,Female,50,Product_3,Electronics,2,54.04,0.15,West,91.87
10374,2022-01-16 14:00:00,404,41.0,Male,12,Product_46,Books,1,19.56,0.0,North,19.56
10375,2022-01-16 15:00:00,152,20.0,Male,89,Product_55,Clothing,3,60.27,0.0,East,180.81
10376,2022-01-16 16:00:00,54,37.0,Female,81,Product_75,Clothing,2,73.72,0.1,North,132.7
10377,2022-01-16 17:00:00,120,63.0,Female,60,Product_88,Electronics,4,128.8,0.0,South,515.2
10378,2022-01-16 18:00:00,161,32.0,Female,26,Product_86,Sports,3,163.65,0.1,North,441.86
10379,2022-01-16 19:00:00,408,42.0,Male,78,Product_64,Electronics,4,5.53,0.15,North,18.8
10380,2022-01-16 20:00:00,116,47.0,Female,41,Product_45,Books,1,237.17,0.0,North,237.17
10381,2022-01-16 21:00:00,75,31.0,Female,36,Product_26,Home & Garden,4,62.45,0.1,South,224.82
10382,2022-01-16 22:00:00,113,24.0,Female,23,Product_77,Books,3,56.57,0.0,South,169.71
10383,2022-01-16 23:00:00,456,34.0,Female,43,Product_65,Home & Garden,2,5.77,0.0,North,11.54
10384,2022-01-17 00:00:00,420,61.0,Female,6,Product_24,Electronics,2,103.75,0.0,West,207.5
10385,2022-01-17 01:00:00,422,37.0,Female,69,Product_74,Books,3,12.86,0.0,North,38.58
10386,2022-01-17 02:00:00,104,53.0,Male,43,Product_35,Electronics,2,95.8,0.0,South,191.6
10387,2022-01-17 03:00:00,340,26.0,Male,25,Product_24,Home & Garden,4,5.78,0.0,North,23.12
10388,2022-01-17 04:00:00,254,55.0,Male,18,Product_28,Electronics,2,56.92,0.0,South,113.84
10389,2022-01-17 05:00:00,227,65.0,Male,62,Product_80,Books,2,33.53,0.1,East,60.35
10390,2022-01-17 06:00:00,112,74.0,Male,13,Product_16,Beauty,4,16.21,0.05,South,61.6
10391,2022-01-17 07:00:00,473,46.0,Male,43,Product_59,Home & Garden,4,10.69,0.0,North,42.76
10392,2022-01-17 08:00:00,99,71.0,Male,78,Product_81,Home & Garden,4,34.0,0.0,North,136.0
10393,2022-01-17 09:00:00,153,70.0,Male,28,Product_54,Books,1,11.58,0.15,East,9.84
10394,2022-01-17 10:00:00,349,70.0,Female,18,Product_79,Electronics,4,38.32,0.1,North,137.95
10395,2022-01-17 11:00:00,402,19.0,Female,59,Product_16,Beauty,4,54.07,0.0,South,216.28
10396,2022-01-17 12:00:00,384,41.0,Male,60,Product_15,Electronics,1,92.83,0.0,North,92.83
10397,2022-01-17 13:00:00,366,25.0,Female,63,Product_98,Beauty,2,61.76,0.1,North,111.17
10398,2022-01-17 14:00:00,338,28.0,Female,57,Product_11,Sports,4,8.37,0.05,North,31.81
10399,2022-01-17 15:00:00,194,30.0,Male,92,Product_65,Books,3,23.37,0.0,West,70.11
10400,2022-01-17 16:00:00,310,34.0,Male,51,Product_79,Sports,4,21.98,0.0,East,87.92
10401,2022-01-17 17:00:00,163,25.0,Male,56,Product_90,Home & Garden,4,128.27,0.0,East,513.08
10402,2022-01-17 18:00:00,208,38.0,Female,27,Product_68,Home & Garden,1,106.17,0.1,North,95.55
10403,2022-01-17 19:00:00,445,35.0,Female,32,Product_43,Electronics,3,28.11,0.0,South,84.33
10404,2022-01-17 20:00:00,169,47.0,Male,9,Product_69,Sports,2,8.69,0.0,South,17.38
10405,2022-01-17 21:00:00,484,35.0,Male,96,Product_99,Sports,2,117.27,0.0,East,234.54
10406,2022-01-17 22:00:00,161,63.0,Male,84,Product_13,Books,3,114.55,0.2,North,274.92
10407,2022-01-17 23:00:00,68,64.0,Male,92,Product_10,Home & Garden,4,101.46,0.1,West,365.26
10408,2022-01-18 00:00:00,289,48.0,Male,97,Product_75,Electronics,1,98.24,0.05,South,93.33
10409,2022-01-18 01:00:00,398,55.0,Male,68,Product_82,Clothing,3,37.72,0.05,West,107.5
10410,2022-01-18 02:00:00,277,49.0,Female,46,Product_98,Sports,3,14.77,0.0,North,44.31
10411,2022-01-18 03:00:00,304,28.0,Female,98,Product_41,Electronics,2,37.46,0.15,North,63.68
10412,2022-01-18 04:00:00,404,62.0,Male,67,Product_50,Clothing,1,39.12,0.0,North,39.12
10413,2022-01-18 05:00:00,384,42.0,Female,26,Product_87,Books,3,38.66,0.1,East,104.38
10414,2022-01-18 06:00:00,392,50.0,Male,8,Product_71,Home & Garden,1,43.69,0.0,South,43.69
10415,2022-01-18 07:00:00,135,55.0,Male,6,Product_59,Home & Garden,4,19.9,0.0,West,79.6
10416,2022-01-18 08:00:00,195,58.0,Male,80,Product_39,Clothing,2,27.8,0.0,West,55.6
10417,2022-01-18 09:00:00,401,25.0,Female,24,Product_3,Sports,4,33.47,0.1,East,120.49
10418,2022-01-18 10:00:00,128,28.0,Female,48,Product_76,Clothing,1,12.03,0.1,East,10.83
10419,2022-01-18 11:00:00,33,46.0,Female,94,Product_7,Sports,4,35.38,0.0,East,141.52
10420,2022-01-18 12:00:00,176,68.0,Male,45,Product_49,Electronics,2,88.16,0.0,East,176.32
10421,2022-01-18 13:00:00,460,41.0,Female,13,Product_26,Books,1,93.03,0.15,South,79.08
10422,2022-01-18 14:00:00,443,58.0,Male,69,Product_33,Home & Garden,3,31.51,0.0,East,94.53
10423,2022-01-18 15:00:00,371,34.0,Female,25,Product_48,Clothing,4,41.57,0.1,West,149.65
10424,2022-01-18 16:00:00,470,29.0,Male,20,Product_79,Sports,2,6.71,0.05,South,12.75
10425,2022-01-18 17:00:00,375,74.0,Male,82,Product_2,Sports,3,61.11,0.0,West,183.33
10426,2022-01-18 18:00:00,22,63.0,Female,82,Product_71,Electronics,2,30.93,0.0,North,61.86
10427,2022-01-18 19:00:00,238,49.0,Female,66,Product_32,Books,1,34.48,0.0,South,34.48
10428,2022-01-18 20:00:00,158,32.0,Male,74,Product_4,Clothing,1,108.44,0.0,North,108.44
10429,2022-01-18 21:00:00,38,33.0,Female,45,Product_20,Beauty,4,35.98,0.0,North,143.92
10430,2022-01-18 22:00:00,230,71.0,Male,47,Product_36,Books,2,6.07,0.0,West,12.14
10431,2022-01-18 23:00:00,365,39.0,Female,63,Product_32,Clothing,2,17.91,0.0,West,35.82
10432,2022-01-19 00:00:00,51,46.0,Female,76,Product_28,Books,2,37.28,0.05,East,70.83
10433,2022-01-19 01:00:00,438,37.0,Female,77,Product_77,Clothing,1,32.62,0.1,West,29.36
10434,2022-01-19 02:00:00,264,50.0,Female,55,Product_1,Electronics,4,103.44,0.0,North,413.76
10435,2022-01-19 03:00:00,283,27.0,Female,75,Product_60,Beauty,2,44.06,0.0,North,88.12
10436,2022-01-19 04:00:00,27,57.0,Male,19,Product_56,Sports,2,63.5,0.0,South,127.0
10437,2022-01-19 05:00:00,226,49.0,Female,35,Product_35,Home & Garden,3,36.68,0.0,West,110.04
10438,2022-01-19 06:00:00,277,67.0,Male,53,Product_30,Clothing,2,33.96,0.1,North,61.13
10439,2022-01-19 07:00:00,286,50.0,Male,26,Product_54,Clothing,4,34.56,0.0,West,138.24
10440,2022-01-19 08:00:00,97,19.0,Male,14,Product_36,Beauty,3,31.46,0.1,East,84.94
10441,2022-01-19 09:00:00,284,50.0,Male,45,Product_55,Electronics,3,43.67,0.0,West,131.01
10442,2022-01-19 10:00:00,367,50.0,Female,44,Product_89,Clothing,3,19.41,0.05,South,55.32
10443,2022-01-19 11:00:00,448,58.0,Male,88,Product_80,Home & Garden,1,115.85,0.0,South,115.85
10444,2022-01-19 12:00:00,481,30.0,Female,65,Product_58,Home & Garden,3,25.25,0.1,East,68.18
10445,2022-01-19 13:00:00,453,46.0,Male,51,Product_83,Home & Garden,2,12.98,0.15,East,22.07
10446,2022-01-19 14:00:00,317,50.0,Male,43,Product_65,Electronics,1,10.08,0.05,North,9.58
10447,2022-01-19 15:00:00,304,30.0,Male,86,Product_69,Electronics,1,5.68,0.1,West,5.11
10448,2022-01-19 16:00:00,147,69.0,Male,23,Product_51,Clothing,1,32.48,0.0,West,32.48
10449,2022-01-19 17:00:00,4,43.0,Male,56,Product_22,Beauty,1,15.39,0.15,North,13.08
10450,2022-01-19 18:00:00,35,39.0,Female,19,Product_88,Electronics,1,6.09,0.0,North,6.09
10451,2022-01-19 19:00:00,192,56.0,Male,82,Product_53,Books,1,41.7,0.0,South,41.7
10452,2022-01-19 20:00:00,49,19.0,Female,76,Product_36,Books,1,61.97,0.0,South,61.97
10453,2022-01-19 21:00:00,17,55.0,Male,55,Product_68,Books,3,9.48,0.2,East,22.75
10454,2022-01-19 22:00:00,172,56.0,Male,92,Product_36,Electronics,4,35.89,0.15,North,122.03
10455,2022-01-19 23:00:00,220,43.0,Female,92,Product_52,Clothing,2,73.06,0.15,East,124.2
10456,2022-01-20 00:00:00,158,63.0,Male,60,Product_53,Electronics,2,217.75,0.1,East,391.95
10457,2022-01-20 01:00:00,477,67.0,Male,59,Product_82,Home & Garden,3,60.01,0.0,North,180.03
10458,2022-01-20 02:00:00,46,32.0,Male,33,Product_50,Clothing,3,19.04,0.15,South,48.55
10459,2022-01-20 03:00:00,373,51.0,Male,19,Product_80,Sports,1,68.04,0.2,North,54.43
10460,2022-01-20 04:00:00,6,59.0,Female,28,Product_41,Sports,4,50.56,0.0,North,202.24
10461,2022-01-20 05:00:00,99,72.0,Male,52,Product_18,Books,1,16.9,0.0,East,16.9
10462,2022-01-20 06:00:00,380,61.0,Female,49,Product_22,Electronics,3,100.23,0.05,West,285.66
10463,2022-01-20 07:00:00,233,66.0,Male,37,Product_66,Beauty,1,32.88,0.2,North,26.3
10464,2022-01-20 08:00:00,37,57.0,Male,26,Product_21,Clothing,2,168.48,0.15,South,286.42
10465,2022-01-20 09:00:00,280,28.0,Female,99,Product_44,Home & Garden,2,69.17,0.15,North,117.59
10466,2022-01-20 10:00:00,349,20.0,Male,98,Product_47,Clothing,1,56.72,0.15,North,48.21
10467,2022-01-20 11:00:00,497,23.0,Female,99,Product_39,Books,4,70.16,0.15,South,238.54
10468,2022-01-20 12:00:00,302,26.0,Male,40,Product_29,Clothing,1,37.51,0.1,East,33.76
10469,2022-01-20 13:00:00,181,23.0,Female,80,Product_54,Beauty,1,40.18,0.05,North,38.17
10470,2022-01-20 14:00:00,95,26.0,Male,38,Product_90,Beauty,4,100.26,0.0,West,401.04
10471,2022-01-20 15:00:00,99,56.0,Male,77,Product_85,Books,4,62.12,0.05,North,236.06
10472,2022-01-20 16:00:00,188,48.0,Female,87,Product_17,Electronics,4,118.77,0.0,West,475.08
10473,2022-01-20 17:00:00,481,49.0,Female,54,Product_80,Books,2,115.74,0.15,West,196.76
10474,2022-01-20 18:00:00,116,58.0,Male,22,Product_60,Books,1,192.52,0.0,South,192.52
10475,2022-01-20 19:00:00,191,67.0,Male,16,Product_31,Electronics,3,65.23,0.0,North,195.69
10476,2022-01-20 20:00:00,253,29.0,Female,28,Product_73,Electronics,4,39.89,0.0,East,159.56
10477,2022-01-20 21:00:00,469,25.0,Female,35,Product_95,Electronics,4,14.09,0.05,East,53.54
10478,2022-01-20 22:00:00,416,25.0,Female,60,Product_78,Electronics,1,66.1,0.0,West,66.1
10479,2022-01-20 23:00:00,471,67.0,Female,45,Product_49,Home & Garden,3,22.24,0.0,East,66.72
10480,2022-01-21 00:00:00,161,45.0,Female,46,Product_2,Beauty,1,21.63,0.0,South,21.63
10481,2022-01-21 01:00:00,256,37.0,Female,72,Product_48,Clothing,1,18.61,0.0,West,18.61
10482,2022-01-21 02:00:00,323,64.0,Male,55,Product_14,Home & Garden,4,109.02,0.0,West,436.08
10483,2022-01-21 03:00:00,128,24.0,Male,86,Product_59,Beauty,4,106.23,0.0,East,424.92
10484,2022-01-21 04:00:00,18,28.0,Female,85,Product_97,Clothing,2,54.84,0.0,West,109.68
10485,2022-01-21 05:00:00,281,37.0,Female,26,Product_99,Books,3,37.03,0.0,East,111.09
10486,2022-01-21 06:00:00,490,33.0,Male,85,Product_58,Home & Garden,3,60.75,0.0,East,182.25
10487,2022-01-21 07:00:00,223,21.0,Male,25,Product_58,Home & Garden,4,51.73,0.0,East,206.92
10488,2022-01-21 08:00:00,54,23.0,Female,65,Product_51,Clothing,4,31.87,0.15,East,108.36
10489,2022-01-21 09:00:00,58,39.0,Male,6,Product_84,Home & Garden,4,28.87,0.0,South,115.48
10490,2022-01-21 10:00:00,323,43.0,Male,23,Product_2,Electronics,3,29.13,0.0,East,87.39
10491,2022-01-21 11:00:00,360,20.0,Male,64,Product_41,Books,2,49.47,0.0,East,98.94
10492,2022-01-21 12:00:00,174,58.0,Male,87,Product_83,Clothing,3,57.16,0.0,South,171.48
10493,2022-01-21 13:00:00,280,59.0,Male,43,Product_82,Books,4,35.05,0.0,South,140.2
10494,2022-01-21 14:00:00,114,31.0,Male,23,Product_16,Clothing,4,178.19,0.0,East,712.76
10495,2022-01-21 15:00:00,288,28.0,Male,96,Product_4,Electronics,2,9.38,0.05,East,17.82
10496,2022-01-21 16:00:00,431,35.0,Female,30,Product_12,Sports,1,26.31,0.05,North,24.99
10497,2022-01-21 17:00:00,342,71.0,Male,77,Product_29,Electronics,1,32.16,0.0,West,32.16
10498,2022-01-21 18:00:00,151,29.0,Female,18,Product_7,Books,3,5.85,0.1,West,15.79
10499,2022-01-21 19:00:00,450,40.0,Female,87,Product_14,Beauty,1,27.7,0.0,South,27.7
10500,2022-01-21 20:00:00,127,29.0,Male,79,Product_12,Books,1,20.99,0.15,North,17.84
10501,2022-01-21 21:00:00,155,30.0,Female,97,Product_99,Electronics,3,40.26,0.0,West,120.78
10502,2022-01-21 22:00:00,490,42.0,Male,21,Product_5,Home & Garden,4,25.5,0.05,West,96.9
10503,2022-01-21 23:00:00,386,62.0,Female,57,Product_81,Sports,1,69.76,0.0,North,69.76
10504,2022-01-22 00:00:00,474,68.0,Male,23,Product_32,Books,4,40.66,0.15,North,138.24
10505,2022-01-22 01:00:00,273,36.0,Female,91,Product_74,Electronics,3,11.95,0.0,South,35.85
10506,2022-01-22 02:00:00,104,72.0,Female,45,Product_43,Home & Garden,4,74.33,0.0,East,297.32
10507,2022-01-22 03:00:00,417,63.0,Male,44,Product_81,Home & Garden,4,10.23,0.05,North,38.87
10508,2022-01-22 04:00:00,393,53.0,Male,82,Product_69,Electronics,3,96.33,0.0,South,288.99
10509,2022-01-22 05:00:00,299,62.0,Female,88,Product_45,Clothing,4,138.99,0.1,South,500.36
10510,2022-01-22 06:00:00,246,25.0,Female,47,Product_9,Clothing,1,24.46,0.05,West,23.24
10511,2022-01-22 07:00:00,176,46.0,Male,40,Product_49,Books,1,135.28,0.0,South,135.28
10512,2022-01-22 08:00:00,39,72.0,Female,51,Product_33,Beauty,1,83.75,0.0,South,83.75
10513,2022-01-22 09:00:00,477,70.0,Male,42,Product_18,Sports,1,132.83,0.0,West,132.83
10514,2022-01-22 10:00:00,170,72.0,Female,7,Product_9,Clothing,4,59.87,0.05,North,227.51
10515,2022-01-22 11:00:00,247,49.0,Male,50,Product_62,Clothing,1,18.44,0.0,North,18.44
10516,2022-01-22 12:00:00,26,68.0,Female,48,Product_57,Beauty,4,117.46,0.0,East,469.84
10517,2022-01-22 13:00:00,355,61.0,Male,84,Product_29,Beauty,2,15.18,0.2,North,24.29
10518,2022-01-22 14:00:00,306,35.0,Male,91,Product_78,Beauty,4,16.98,0.0,West,67.92
10519,2022-01-22 15:00:00,409,23.0,Male,6,Product_25,Books,1,20.81,0.2,North,16.65
10520,2022-01-22 16:00:00,408,35.0,Male,91,Product_15,Clothing,2,23.14,0.05,North,43.97
10521,2022-01-22 17:00:00,13,36.0,Male,9,Product_6,Books,3,41.13,0.0,West,123.39
10522,2022-01-22 18:00:00,316,39.0,Male,57,Product_42,Clothing,4,67.49,0.0,South,269.96
10523,2022-01-22 19:00:00,391,54.0,Female,31,Product_29,Clothing,1,135.33,0.05,East,128.56
10524,2022-01-22 20:00:00,313,49.0,Male,21,Product_79,Sports,1,9.63,0.0,North,9.63
10525,2022-01-22 21:00:00,36,73.0,Male,90,Product_93,Electronics,1,159.36,0.0,North,159.36
10526,2022-01-22 22:00:00,173,58.0,Male,40,Product_4,Electronics,3,132.12,0.0,West,396.36
10527,2022-01-22 23:00:00,20,20.0,Male,45,Product_82,Clothing,2,7.78,0.1,South,14.0
10528,2022-01-23 00:00:00,321,45.0,Male,77,Product_57,Clothing,2,27.34,0.05,South,51.95
10529,2022-01-23 01:00:00,264,27.0,Male,49,Product_49,Books,1,88.87,0.0,North,88.87
10530,2022-01-23 02:00:00,494,68.0,Male,87,Product_44,Electronics,4,52.28,0.0,South,209.12
10531,2022-01-23 03:00:00,400,52.0,Male,20,Product_80,Electronics,1,80.5,0.1,East,72.45
10532,2022-01-23 04:00:00,142,46.0,Female,92,Product_75,Electronics,1,68.48,0.2,West,54.78
10533,2022-01-23 05:00:00,460,71.0,Female,17,Product_14,Electronics,4,39.34,0.0,East,157.36
10534,2022-01-23 06:00:00,371,32.0,Male,28,Product_3,Electronics,1,7.1,0.0,East,7.1
10535,2022-01-23 07:00:00,471,50.0,Male,41,Product_62,Sports,3,48.89,0.15,South,124.67
10536,2022-01-23 08:00:00,143,24.0,Female,66,Product_64,Clothing,1,7.49,0.1,South,6.74
10537,2022-01-23 09:00:00,92,29.0,Male,25,Product_45,Books,3,51.28,0.05,East,146.15
10538,2022-01-23 10:00:00,354,46.0,Female,58,Product_82,Beauty,1,85.57,0.15,North,72.73
10539,2022-01-23 11:00:00,322,47.0,Male,41,Product_58,Sports,2,48.97,0.05,North,93.04
10540,2022-01-23 12:00:00,288,38.0,Female,6,Product_20,Electronics,4,295.82,0.0,West,1183.28
10541,2022-01-23 13:00:00,215,48.0,Female,75,Product_58,Electronics,2,35.43,0.05,North,67.32
10542,2022-01-23 14:00:00,447,41.0,Female,38,Product_89,Books,1,74.08,0.05,North,70.38
10543,2022-01-23 15:00:00,342,37.0,Female,6,Product_57,Home & Garden,1,60.01,0.2,East,48.01
10544,2022-01-23 16:00:00,51,54.0,Male,45,Product_77,Books,3,242.98,0.0,East,728.94
10545,2022-01-23 17:00:00,153,21.0,Male,75,Product_68,Books,1,67.45,0.0,South,67.45
10546,2022-01-23 18:00:00,186,45.0,Female,14,Product_78,Beauty,1,13.96,0.1,South,12.56
10547,2022-01-23 19:00:00,63,61.0,Female,66,Product_97,Beauty,1,160.63,0.0,West,160.63
10548,2022-01-23 20:00:00,190,37.0,Male,40,Product_92,Home & Garden,2,60.1,0.0,East,120.2
10549,2022-01-23 21:00:00,125,41.0,Male,3,Product_52,Clothing,3,8.06,0.15,West,20.55
10550,2022-01-23 22:00:00,150,67.0,Male,99,Product_37,Beauty,2,58.58,0.0,North,117.16
10551,2022-01-23 23:00:00,314,66.0,Male,97,Product_8,Home & Garden,3,112.33,0.05,North,320.14
10552,2022-01-24 00:00:00,58,68.0,Female,24,Product_44,Electronics,2,48.02,0.15,South,81.63
10553,2022-01-24 01:00:00,342,49.0,Male,19,Product_98,Sports,1,26.85,0.0,North,26.85
10554,2022-01-24 02:00:00,305,58.0,Male,18,Product_5,Home & Garden,2,90.99,0.2,North,145.58
10555,2022-01-24 03:00:00,180,53.0,Male,64,Product_69,Books,2,81.28,0.05,North,154.43
10556,2022-01-24 04:00:00,170,70.0,Male,88,Product_31,Sports,3,44.28,0.0,South,132.84
10557,2022-01-24 05:00:00,326,51.0,Male,35,Product_45,Clothing,3,13.38,0.0,East,40.14
10558,2022-01-24 06:00:00,271,53.0,Female,62,Product_9,Beauty,2,19.45,0.2,East,31.12
10559,2022-01-24 07:00:00,54,19.0,Female,1,Product_32,Books,3,72.06,0.0,North,216.18
10560,2022-01-24 08:00:00,491,32.0,Female,25,Product_33,Sports,3,87.02,0.0,South,261.06
10561,2022-01-24 09:00:00,444,51.0,Male,45,Product_67,Clothing,3,21.37,0.0,North,64.11
10562,2022-01-24 10:00:00,101,53.0,Female,49,Product_30,Clothing,4,27.94,0.0,South,111.76
10563,2022-01-24 11:00:00,481,23.0,Female,98,Product_76,Sports,3,9.04,0.0,South,27.12
10564,2022-01-24 12:00:00,264,56.0,Female,89,Product_29,Electronics,4,67.49,0.2,South,215.97
10565,2022-01-24 13:00:00,53,59.0,Male,16,Product_3,Clothing,4,5.18,0.15,West,17.61
10566,2022-01-24 14:00:00,60,68.0,Male,98,Product_90,Sports,3,7.38,0.0,West,22.14
10567,2022-01-24 15:00:00,492,68.0,Male,93,Product_57,Home & Garden,2,5.22,0.0,East,10.44
10568,2022-01-24 16:00:00,108,46.0,Male,19,Product_30,Clothing,3,56.83,0.05,West,161.97
10569,2022-01-24 17:00:00,5,29.0,Male,23,Product_9,Electronics,1,32.01,0.0,East,32.01
10570,2022-01-24 18:00:00,103,20.0,Male,83,Product_26,Clothing,2,22.66,0.1,West,40.79
10571,2022-01-24 19:00:00,196,62.0,Male,25,Product_2,Books,4,126.92,0.15,East,431.53
10572,2022-01-24 20:00:00,262,35.0,Female,16,Product_62,Clothing,4,15.71,0.15,South,53.41
10573,2022-01-24 21:00:00,365,57.0,Male,54,Product_3,Electronics,2,29.66,0.0,East,59.32
10574,2022-01-24 22:00:00,480,38.0,Male,73,Product_46,Sports,2,145.93,0.0,North,291.86
10575,2022-01-24 23:00:00,372,32.0,Female,1,Product_68,Beauty,3,32.85,0.0,East,98.55
10576,2022-01-25 00:00:00,350,50.0,Female,42,Product_25,Sports,4,45.45,0.0,West,181.8
10577,2022-01-25 01:00:00,47,52.0,Female,19,Product_51,Electronics,1,9.19,0.0,East,9.19
10578,2022-01-25 02:00:00,355,46.0,Female,97,Product_13,Clothing,3,83.07,0.15,North,211.83
10579,2022-01-25 03:00:00,311,25.0,Female,34,Product_44,Books,2,32.47,0.15,South,55.2
10580,2022-01-25 04:00:00,424,53.0,Female,80,Product_35,Electronics,4,85.6,0.2,West,273.92
10581,2022-01-25 05:00:00,308,65.0,Male,55,Product_55,Sports,2,19.64,0.15,West,33.39
10582,2022-01-25 06:00:00,144,47.0,Male,18,Product_87,Clothing,2,32.45,0.0,South,64.9
10583,2022-01-25 07:00:00,269,40.0,Male,34,Product_9,Electronics,2,82.22,0.05,West,156.22
10584,2022-01-25 08:00:00,370,59.0,Male,89,Product_2,Books,3,187.25,0.0,West,561.75
10585,2022-01-25 09:00:00,124,61.0,Male,45,Product_61,Sports,1,8.07,0.0,North,8.07
10586,2022-01-25 10:00:00,106,31.0,Female,6,Product_41,Sports,1,88.69,0.0,West,88.69
10587,2022-01-25 11:00:00,158,31.0,Female,21,Product_44,Electronics,4,22.88,0.05,South,86.94
10588,2022-01-25 12:00:00,147,19.0,Female,70,Product_64,Electronics,2,45.01,0.05,East,85.52
10589,2022-01-25 13:00:00,145,72.0,Male,96,Product_31,Home & Garden,1,22.13,0.0,South,22.13
10590,2022-01-25 14:00:00,120,46.0,Female,48,Product_47,Home & Garden,2,52.52,0.0,East,105.04
10591,2022-01-25 15:00:00,319,22.0,Female,39,Product_2,Electronics,4,26.83,0.0,East,107.32
10592,2022-01-25 16:00:00,275,55.0,Male,31,Product_96,Electronics,2,25.29,0.0,South,50.58
10593,2022-01-25 17:00:00,92,62.0,Female,10,Product_82,Electronics,1,6.93,0.0,West,6.93
10594,2022-01-25 18:00:00,58,58.0,Male,30,Product_77,Beauty,2,12.95,0.05,West,24.6
10595,2022-01-25 19:00:00,439,71.0,Male,18,Product_69,Books,1,129.49,0.1,East,116.54
10596,2022-01-25 20:00:00,346,46.0,Female,60,Product_58,Beauty,4,323.2,0.0,South,1292.8
10597,2022-01-25 21:00:00,229,31.0,Male,88,Product_44,Electronics,2,80.82,0.05,North,153.56
10598,2022-01-25 22:00:00,474,73.0,Male,73,Product_74,Beauty,1,21.9,0.0,South,21.9
10599,2022-01-25 23:00:00,117,56.0,Female,95,Product_56,Electronics,4,30.75,0.2,West,98.4
10600,2022-01-26 00:00:00,318,42.0,Female,15,Product_43,Home & Garden,2,72.26,0.0,North,144.52
10601,2022-01-26 01:00:00,279,37.0,Male,4,Product_89,Books,4,177.91,0.1,West,640.48
10602,2022-01-26 02:00:00,127,19.0,Male,63,Product_34,Clothing,1,35.39,0.15,West,30.08
10603,2022-01-26 03:00:00,393,56.0,Male,40,Product_30,Clothing,2,93.46,0.15,East,158.88
10604,2022-01-26 04:00:00,396,23.0,Female,9,Product_71,Electronics,2,189.58,0.0,East,379.16
10605,2022-01-26 05:00:00,129,34.0,Male,9,Product_70,Electronics,2,108.37,0.05,East,205.9
10606,2022-01-26 06:00:00,58,42.0,Male,26,Product_55,Sports,4,17.88,0.0,East,71.52
10607,2022-01-26 07:00:00,122,74.0,Female,4,Product_67,Sports,4,5.4,0.0,South,21.6
10608,2022-01-26 08:00:00,1,45.0,Male,81,Product_13,Books,1,38.87,0.0,West,38.87
10609,2022-01-26 09:00:00,239,19.0,Male,16,Product_3,Home & Garden,3,42.9,0.15,East,109.39
10610,2022-01-26 10:00:00,290,52.0,Male,15,Product_26,Sports,2,16.24,0.15,East,27.61
10611,2022-01-26 11:00:00,96,54.0,Female,99,Product_57,Electronics,2,21.75,0.0,East,43.5
10612,2022-01-26 12:00:00,126,22.0,Male,52,Product_24,Electronics,1,77.44,0.0,North,77.44
10613,2022-01-26 13:00:00,118,18.0,Male,69,Product_53,Beauty,2,36.78,0.2,North,58.85
10614,2022-01-26 14:00:00,48,57.0,Female,5,Product_70,Electronics,4,24.09,0.0,West,96.36
10615,2022-01-26 15:00:00,89,29.0,Male,20,Product_43,Sports,4,53.73,0.0,North,214.92
10616,2022-01-26 16:00:00,488,73.0,Female,79,Product_60,Electronics,2,57.89,0.0,East,115.78
10617,2022-01-26 17:00:00,237,53.0,Male,18,Product_58,Sports,2,78.35,0.1,South,141.03
10618,2022-01-26 18:00:00,373,62.0,Male,2,Product_49,Sports,4,13.52,0.0,North,54.08
10619,2022-01-26 19:00:00,385,40.0,Male,93,Product_42,Electronics,2,72.65,0.1,North,130.77
10620,2022-01-26 20:00:00,272,64.0,Male,13,Product_76,Clothing,4,50.74,0.0,West,202.96
10621,2022-01-26 21:00:00,189,48.0,Male,4,Product_66,Sports,3,7.96,0.0,East,23.88
10622,2022-01-26 22:00:00,487,28.0,Male,42,Product_11,Clothing,3,80.13,0.0,South,240.39
10623,2022-01-26 23:00:00,192,27.0,Female,74,Product_98,Electronics,2,29.15,0.0,West,58.3
10624,2022-01-27 00:00:00,447,20.0,Female,61,Product_90,Sports,2,25.05,0.0,North,50.1
10625,2022-01-27 01:00:00,69,71.0,Female,95,Product_18,Electronics,2,34.72,0.0,North,69.44
10626,2022-01-27 02:00:00,278,31.0,Female,8,Product_85,Books,4,26.25,0.1,East,94.5
10627,2022-01-27 03:00:00,349,33.0,Male,67,Product_52,Home & Garden,3,25.65,0.0,East,76.95
10628,2022-01-27 04:00:00,247,27.0,Female,63,Product_46,Electronics,3,87.53,0.1,South,236.33
10629,2022-01-27 05:00:00,451,46.0,Male,9,Product_44,Sports,1,11.65,0.2,West,9.32
10630,2022-01-27 06:00:00,76,27.0,Female,94,Product_22,Home & Garden,1,181.34,0.1,West,163.21
10631,2022-01-27 07:00:00,154,29.0,Female,11,Product_53,Clothing,2,45.48,0.2,North,72.77
10632,2022-01-27 08:00:00,144,47.0,Female,99,Product_59,Clothing,4,15.1,0.0,North,60.4
10633,2022-01-27 09:00:00,435,58.0,Female,42,Product_94,Clothing,2,12.03,0.0,West,24.06
10634,2022-01-27 10:00:00,485,18.0,Female,13,Product_30,Clothing,3,49.76,0.15,South,126.89
10635,2022-01-27 11:00:00,86,22.0,Male,36,Product_8,Electronics,2,55.12,0.15,North,93.7
10636,2022-01-27 12:00:00,185,37.0,Male,13,Product_98,Clothing,2,7.72,0.15,East,13.12
10637,2022-01-27 13:00:00,285,46.0,Female,12,Product_57,Clothing,3,18.92,0.05,South,53.92
10638,2022-01-27 14:00:00,462,60.0,Male,37,Product_73,Sports,3,84.35,0.05,South,240.4
10639,2022-01-27 15:00:00,220,29.0,Male,74,Product_20,Sports,3,7.54,0.0,North,22.62
10640,2022-01-27 16:00:00,69,18.0,Female,73,Product_25,Home & Garden,3,101.58,0.05,East,289.5
10641,2022-01-27 17:00:00,47,74.0,Male,52,Product_19,Books,1,58.67,0.0,East,58.67
10642,2022-01-27 18:00:00,497,71.0,Female,71,Product_5,Books,4,33.5,0.0,North,134.0
10643,2022-01-27 19:00:00,94,37.0,Female,2,Product_75,Home & Garden,4,26.27,0.0,South,105.08
10644,2022-01-27 20:00:00,238,45.0,Female,56,Product_79,Sports,3,5.97,0.0,East,17.91
10645,2022-01-27 21:00:00,446,74.0,Female,60,Product_72,Clothing,4,92.21,0.0,West,368.84
10646,2022-01-27 22:00:00,453,60.0,Female,23,Product_83,Books,4,12.7,0.1,West,45.72
10647,2022-01-27 23:00:00,204,54.0,Female,40,Product_87,Electronics,4,23.52,0.15,North,79.97
10648,2022-01-28 00:00:00,400,64.0,Female,64,Product_27,Clothing,4,47.09,0.05,East,178.94
10649,2022-01-28 01:00:00,218,54.0,Male,85,Product_40,Sports,3,19.12,0.0,East,57.36
10650,2022-01-28 02:00:00,474,29.0,Male,23,Product_96,Electronics,2,39.37,0.2,West,62.99
10651,2022-01-28 03:00:00,432,54.0,Female,29,Product_26,Electronics,2,87.86,0.0,East,175.72
10652,2022-01-28 04:00:00,341,66.0,Male,78,Product_27,Home & Garden,2,36.79,0.05,North,69.9
10653,2022-01-28 05:00:00,39,66.0,Female,90,Product_62,Home & Garden,1,153.77,0.0,East,153.77
10654,2022-01-28 06:00:00,100,73.0,Female,51,Product_83,Sports,4,99.03,0.0,North,396.12
10655,2022-01-28 07:00:00,289,46.0,Male,69,Product_50,Books,3,25.25,0.0,North,75.75
10656,2022-01-28 08:00:00,254,73.0,Female,95,Product_42,Electronics,3,30.54,0.05,East,87.04
10657,2022-01-28 09:00:00,222,45.0,Female,89,Product_29,Electronics,1,32.52,0.0,West,32.52
10658,2022-01-28 10:00:00,357,64.0,Male,31,Product_39,Sports,3,54.2,0.0,North,162.6
10659,2022-01-28 11:00:00,23,32.0,Male,50,Product_60,Clothing,2,21.9,0.0,East,43.8
10660,2022-01-28 12:00:00,250,23.0,Male,20,Product_41,Sports,1,179.09,0.0,South,179.09
10661,2022-01-28 13:00:00,10,61.0,Male,55,Product_33,Electronics,3,51.91,0.05,West,147.94
10662,2022-01-28 14:00:00,246,37.0,Female,81,Product_83,Home & Garden,1,30.49,0.0,East,30.49
10663,2022-01-28 15:00:00,325,67.0,Male,2,Product_83,Home & Garden,1,56.78,0.0,North,56.78
10664,2022-01-28 16:00:00,100,31.0,Female,25,Product_97,Home & Garden,3,30.16,0.0,North,90.48
10665,2022-01-28 17:00:00,290,19.0,Male,13,Product_16,Electronics,2,90.13,0.0,South,180.26
10666,2022-01-28 18:00:00,180,26.0,Male,92,Product_23,Home & Garden,3,46.95,0.0,North,140.85
10667,2022-01-28 19:00:00,223,54.0,Female,70,Product_7,Electronics,4,7.14,0.05,North,27.13
10668,2022-01-28 20:00:00,394,37.0,Female,67,Product_26,Electronics,4,14.73,0.0,East,58.92
10669,2022-01-28 21:00:00,250,43.0,Male,58,Product_96,Electronics,3,105.12,0.0,South,315.36
10670,2022-01-28 22:00:00,147,46.0,Male,99,Product_12,Clothing,2,46.38,0.0,East,92.76
10671,2022-01-28 23:00:00,442,18.0,Male,82,Product_72,Clothing,4,155.13,0.0,North,620.52
10672,2022-01-29 00:00:00,96,72.0,Male,75,Product_5,Home & Garden,4,8.76,0.0,East,35.04
10673,2022-01-29 01:00:00,257,52.0,Female,84,Product_92,Clothing,3,22.5,0.0,South,67.5
10674,2022-01-29 02:00:00,325,23.0,Male,64,Product_69,Sports,3,15.76,0.0,North,47.28
10675,2022-01-29 03:00:00,493,54.0,Male,69,Product_49,Books,3,45.35,0.0,South,136.05
10676,2022-01-29 04:00:00,4,70.0,Male,83,Product_26,Clothing,1,29.13,0.15,North,24.76
10677,2022-01-29 05:00:00,16,22.0,Female,86,Product_5,Electronics,1,13.56,0.05,West,12.88
10678,2022-01-29 06:00:00,280,50.0,Female,59,Product_22,Electronics,1,56.47,0.05,East,53.65
10679,2022-01-29 07:00:00,336,66.0,Male,60,Product_79,Sports,3,43.43,0.0,East,130.29
10680,2022-01-29 08:00:00,247,68.0,Female,83,Product_13,Clothing,2,21.06,0.05,North,40.01
10681,2022-01-29 09:00:00,258,31.0,Male,62,Product_28,Electronics,4,37.67,0.15,North,128.08
10682,2022-01-29 10:00:00,497,29.0,Male,16,Product_33,Sports,1,73.47,0.05,South,69.8
10683,2022-01-29 11:00:00,476,59.0,Female,88,Product_23,Electronics,2,16.49,0.0,East,32.98
10684,2022-01-29 12:00:00,384,37.0,Female,68,Product_97,Home & Garden,3,22.33,0.0,North,66.99
10685,2022-01-29 13:00:00,160,70.0,Female,15,Product_18,Home & Garden,1,26.24,0.0,North,26.24
10686,2022-01-29 14:00:00,475,67.0,Female,89,Product_30,Sports,3,73.66,0.0,South,220.98
10687,2022-01-29 15:00:00,340,41.0,Male,55,Product_26,Electronics,2,98.84,0.0,South,197.68
10688,2022-01-29 16:00:00,152,60.0,Female,35,Product_16,Books,1,28.61,0.15,North,24.32
10689,2022-01-29 17:00:00,396,51.0,Male,55,Product_77,Sports,1,22.59,0.05,South,21.46
10690,2022-01-29 18:00:00,178,42.0,Female,14,Product_39,Electronics,1,115.11,0.0,South,115.11
10691,2022-01-29 19:00:00,163,67.0,Male,49,Product_33,Electronics,1,373.09,0.0,South,373.09
10692,2022-01-29 20:00:00,380,46.0,Female,83,Product_26,Clothing,2,60.49,0.0,South,120.98
10693,2022-01-29 21:00:00,33,74.0,Male,7,Product_48,Books,1,235.16,0.0,East,235.16
10694,2022-01-29 22:00:00,417,56.0,Male,30,Product_65,Books,4,58.94,0.0,North,235.76
10695,2022-01-29 23:00:00,445,48.0,Female,83,Product_38,Home & Garden,4,71.11,0.0,North,284.44
10696,2022-01-30 00:00:00,179,73.0,Male,49,Product_2,Books,3,29.6,0.0,South,88.8
10697,2022-01-30 01:00:00,427,64.0,Male,89,Product_6,Electronics,1,33.37,0.2,South,26.7
10698,2022-01-30 02:00:00,101,60.0,Male,16,Product_46,Electronics,4,12.78,0.0,South,51.12
10699,2022-01-30 03:00:00,268,67.0,Male,51,Product_50,Beauty,4,91.51,0.0,West,366.04
10700,2022-01-30 04:00:00,323,40.0,Male,72,Product_38,Books,4,138.73,0.0,West,554.92
10701,2022-01-30 05:00:00,65,61.0,Male,82,Product_88,Home & Garden,2,53.83,0.0,North,107.66
10702,2022-01-30 06:00:00,417,55.0,Female,92,Product_18,Books,1,26.05,0.0,West,26.05
10703,2022-01-30 07:00:00,168,37.0,Male,80,Product_27,Beauty,2,13.36,0.05,South,25.38
10704,2022-01-30 08:00:00,330,40.0,Female,83,Product_41,Books,2,20.4,0.0,North,40.8
10705,2022-01-30 09:00:00,43,62.0,Female,42,Product_72,Books,4,19.75,0.0,West,79.0
10706,2022-01-30 10:00:00,44,69.0,Male,17,Product_92,Books,4,52.53,0.1,West,189.11
10707,2022-01-30 11:00:00,285,33.0,Female,63,Product_74,Electronics,3,150.06,0.0,West,450.18
10708,2022-01-30 12:00:00,397,67.0,Male,45,Product_17,Books,1,7.47,0.0,North,7.47
10709,2022-01-30 13:00:00,12,59.0,Female,77,Product_62,Electronics,1,5.05,0.0,North,5.05
10710,2022-01-30 14:00:00,95,72.0,Male,7,Product_29,Books,4,50.84,0.1,South,183.02
10711,2022-01-30 15:00:00,302,25.0,Male,27,Product_58,Home & Garden,4,21.71,0.0,East,86.84
10712,2022-01-30 16:00:00,386,67.0,Female,10,Product_70,Sports,1,111.24,0.0,North,111.24
10713,2022-01-30 17:00:00,253,38.0,Female,34,Product_78,Home & Garden,3,24.82,0.1,West,67.01
10714,2022-01-30 18:00:00,499,18.0,Female,36,Product_22,Electronics,4,22.11,0.0,South,88.44
10715,2022-01-30 19:00:00,242,72.0,Male,25,Product_6,Clothing,3,20.7,0.0,South,62.1
10716,2022-01-30 20:00:00,35,25.0,Female,6,Product_26,Beauty,2,12.82,0.0,East,25.64
10717,2022-01-30 21:00:00,215,46.0,Male,24,Product_39,Beauty,4,48.56,0.05,East,184.53
10718,2022-01-30 22:00:00,337,49.0,Male,18,Product_12,Clothing,2,14.21,0.15,North,24.16
10719,2022-01-30 23:00:00,90,55.0,Male,87,Product_99,Beauty,4,32.64,0.2,West,104.45
10720,2022-01-31 00:00:00,264,22.0,Female,6,Product_14,Books,2,35.9,0.15,South,61.03
10721,2022-01-31 01:00:00,93,64.0,Male,29,Product_22,Sports,4,6.04,0.1,North,21.74
10722,2022-01-31 02:00:00,410,39.0,Male,25,Product_51,Electronics,3,5.85,0.05,West,16.67
10723,2022-01-31 03:00:00,458,64.0,Female,55,Product_23,Beauty,3,41.72,0.1,West,112.64
10724,2022-01-31 04:00:00,90,51.0,Male,81,Product_48,Home & Garden,3,64.54,0.0,West,193.62
10725,2022-01-31 05:00:00,418,46.0,Male,46,Product_71,Books,2,147.49,0.0,West,294.98
10726,2022-01-31 06:00:00,115,72.0,Male,24,Product_50,Books,3,14.87,0.0,East,44.61
10727,2022-01-31 07:00:00,105,72.0,Female,75,Product_89,Books,2,10.45,0.0,West,20.9
10728,2022-01-31 08:00:00,391,43.0,Male,26,Product_13,Sports,4,7.67,0.1,North,27.61
10729,2022-01-31 09:00:00,196,60.0,Male,98,Product_85,Clothing,2,33.64,0.0,East,67.28
10730,2022-01-31 10:00:00,314,27.0,Female,28,Product_10,Clothing,4,53.8,0.0,East,215.2
10731,2022-01-31 11:00:00,114,47.0,Female,3,Product_55,Clothing,1,96.8,0.0,North,96.8
10732,2022-01-31 12:00:00,493,67.0,Male,75,Product_9,Electronics,1,62.39,0.15,South,53.03
10733,2022-01-31 13:00:00,75,46.0,Female,38,Product_79,Home & Garden,1,16.68,0.05,South,15.85
10734,2022-01-31 14:00:00,413,34.0,Female,61,Product_52,Sports,2,35.97,0.0,East,71.94
10735,2022-01-31 15:00:00,376,43.0,Female,78,Product_2,Books,1,125.59,0.0,North,125.59
10736,2022-01-31 16:00:00,420,25.0,Male,51,Product_25,Electronics,1,24.78,0.0,West,24.78
10737,2022-01-31 17:00:00,217,64.0,Female,90,Product_13,Home & Garden,1,39.53,0.0,North,39.53
10738,2022-01-31 18:00:00,277,57.0,Female,48,Product_98,Electronics,4,164.18,0.0,South,656.72
10739,2022-01-31 19:00:00,249,66.0,Male,21,Product_51,Electronics,3,71.35,0.1,West,192.64
10740,2022-01-31 20:00:00,164,29.0,Male,54,Product_58,Electronics,2,73.86,0.0,East,147.72
10741,2022-01-31 21:00:00,394,44.0,Male,56,Product_34,Sports,1,19.54,0.0,South,19.54
10742,2022-01-31 22:00:00,357,25.0,Male,94,Product_35,Electronics,4,31.78,0.0,North,127.12
10743,2022-01-31 23:00:00,457,42.0,Female,59,Product_3,Sports,3,9.3,0.0,East,27.9
10744,2022-02-01 00:00:00,408,63.0,Male,72,Product_59,Electronics,3,51.64,0.0,West,154.92
10745,2022-02-01 01:00:00,192,21.0,Male,51,Product_70,Books,3,10.48,0.0,West,31.44
10746,2022-02-01 02:00:00,227,50.0,Female,20,Product_48,Books,4,95.37,0.0,East,381.48
10747,2022-02-01 03:00:00,177,18.0,Male,96,Product_64,Beauty,1,89.25,0.1,North,80.32
10748,2022-02-01 04:00:00,99,36.0,Female,86,Product_19,Books,3,43.14,0.0,North,129.42
10749,2022-02-01 05:00:00,496,48.0,Male,59,Product_67,Beauty,4,12.61,0.0,North,50.44
10750,2022-02-01 06:00:00,36,33.0,Male,71,Product_82,Books,4,6.3,0.0,South,25.2
10751,2022-02-01 07:00:00,466,31.0,Male,9,Product_73,Sports,2,84.66,0.05,North,160.85
10752,2022-02-01 08:00:00,497,70.0,Male,1,Product_76,Electronics,4,50.83,0.0,North,203.32
10753,2022-02-01 09:00:00,487,65.0,Male,29,Product_5,Clothing,3,67.05,0.05,East,191.09
10754,2022-02-01 10:00:00,96,22.0,Female,63,Product_67,Electronics,3,23.11,0.15,South,58.93
10755,2022-02-01 11:00:00,152,58.0,Female,72,Product_11,Sports,4,40.61,0.0,East,162.44
10756,2022-02-01 12:00:00,151,43.0,Male,56,Product_94,Home & Garden,3,73.75,0.05,West,210.19
10757,2022-02-01 13:00:00,190,45.0,Female,68,Product_68,Books,4,36.05,0.1,East,129.78
10758,2022-02-01 14:00:00,224,19.0,Female,35,Product_69,Beauty,3,50.99,0.0,East,152.97
10759,2022-02-01 15:00:00,37,67.0,Female,3,Product_1,Clothing,2,82.97,0.05,East,157.64
10760,2022-02-01 16:00:00,268,23.0,Male,7,Product_91,Home & Garden,1,17.12,0.0,South,17.12
10761,2022-02-01 17:00:00,369,26.0,Male,27,Product_92,Beauty,2,8.41,0.0,North,16.82
10762,2022-02-01 18:00:00,183,50.0,Male,1,Product_63,Clothing,2,42.95,0.05,North,81.6
10763,2022-02-01 19:00:00,13,58.0,Female,91,Product_29,Books,1,8.21,0.05,North,7.8
10764,2022-02-01 20:00:00,279,42.0,Female,80,Product_82,Electronics,3,77.74,0.15,East,198.24
10765,2022-02-01 21:00:00,217,65.0,Male,71,Product_12,Sports,1,68.51,0.0,West,68.51
10766,2022-02-01 22:00:00,355,30.0,Male,44,Product_77,Clothing,4,111.73,0.0,West,446.92
10767,2022-02-01 23:00:00,361,26.0,Female,87,Product_41,Books,1,56.02,0.0,North,56.02
10768,2022-02-02 00:00:00,286,70.0,Female,41,Product_2,Home & Garden,2,8.48,0.0,West,16.96
10769,2022-02-02 01:00:00,273,30.0,Female,75,Product_37,Electronics,1,19.59,0.0,South,19.59
10770,2022-02-02 02:00:00,369,48.0,Female,42,Product_45,Electronics,3,87.5,0.0,West,262.5
10771,2022-02-02 03:00:00,62,58.0,Male,33,Product_80,Home & Garden,2,14.14,0.0,North,28.28
10772,2022-02-02 04:00:00,84,28.0,Female,50,Product_48,Beauty,4,64.95,0.0,North,259.8
10773,2022-02-02 05:00:00,368,21.0,Female,63,Product_24,Books,3,80.77,0.0,South,242.31
10774,2022-02-02 06:00:00,217,51.0,Male,37,Product_99,Home & Garden,2,25.03,0.2,West,40.05
10775,2022-02-02 07:00:00,342,55.0,Female,59,Product_22,Clothing,4,24.45,0.1,North,88.02
10776,2022-02-02 08:00:00,397,63.0,Female,81,Product_11,Home & Garden,3,45.8,0.0,North,137.4
10777,2022-02-02 09:00:00,187,21.0,Male,99,Product_58,Sports,4,103.77,0.15,West,352.82
10778,2022-02-02 10:00:00,19,46.0,Female,48,Product_46,Books,1,17.67,0.05,West,16.79
10779,2022-02-02 11:00:00,177,36.0,Female,5,Product_29,Clothing,1,146.73,0.15,North,124.72
10780,2022-02-02 12:00:00,100,23.0,Female,48,Product_35,Sports,4,50.7,0.0,East,202.8
10781,2022-02-02 13:00:00,396,46.0,Male,96,Product_15,Sports,1,247.21,0.0,South,247.21
10782,2022-02-02 14:00:00,445,35.0,Male,3,Product_60,Beauty,4,9.69,0.15,South,32.95
10783,2022-02-02 15:00:00,233,30.0,Female,47,Product_95,Beauty,3,11.77,0.0,South,35.31
10784,2022-02-02 16:00:00,403,58.0,Male,62,Product_42,Books,2,92.62,0.15,South,157.45
10785,2022-02-02 17:00:00,76,40.0,Female,99,Product_43,Sports,4,105.03,0.1,South,378.11
10786,2022-02-02 18:00:00,265,36.0,Female,14,Product_80,Clothing,2,34.48,0.2,East,55.17
10787,2022-02-02 19:00:00,455,62.0,Male,63,Product_74,Books,2,67.6,0.0,South,135.2
10788,2022-02-02 20:00:00,284,28.0,Male,61,Product_49,Clothing,4,106.08,0.0,East,424.32
10789,2022-02-02 21:00:00,206,18.0,Male,31,Product_64,Clothing,1,7.2,0.0,East,7.2
10790,2022-02-02 22:00:00,223,41.0,Male,95,Product_32,Clothing,3,47.66,0.2,South,114.38
10791,2022-02-02 23:00:00,384,71.0,Female,17,Product_64,Books,2,101.03,0.0,North,202.06
10792,2022-02-03 00:00:00,52,24.0,Female,24,Product_2,Electronics,3,30.39,0.0,East,91.17
10793,2022-02-03 01:00:00,339,42.0,Female,23,Product_24,Home & Garden,2,23.0,0.0,East,46.0
10794,2022-02-03 02:00:00,367,38.0,Female,82,Product_87,Home & Garden,4,84.41,0.0,East,337.64
10795,2022-02-03 03:00:00,144,32.0,Male,50,Product_66,Electronics,1,25.46,0.0,East,25.46
10796,2022-02-03 04:00:00,373,18.0,Female,78,Product_38,Electronics,3,5.16,0.0,North,15.48
10797,2022-02-03 05:00:00,69,29.0,Female,79,Product_31,Books,2,165.41,0.1,East,297.74
10798,2022-02-03 06:00:00,99,24.0,Female,79,Product_26,Books,4,49.84,0.0,South,199.36
10799,2022-02-03 07:00:00,396,32.0,Female,70,Product_29,Clothing,4,90.61,0.15,West,308.07
10800,2022-02-03 08:00:00,25,38.0,Male,27,Product_67,Books,2,92.23,0.05,East,175.24
10801,2022-02-03 09:00:00,436,36.0,Female,15,Product_78,Books,2,8.44,0.05,North,16.04
10802,2022-02-03 10:00:00,379,46.0,Male,50,Product_25,Clothing,2,14.37,0.05,South,27.3
10803,2022-02-03 11:00:00,469,42.0,Male,36,Product_48,Sports,1,23.63,0.0,West,23.63
10804,2022-02-03 12:00:00,484,50.0,Male,8,Product_65,Beauty,2,24.33,0.0,South,48.66
10805,2022-02-03 13:00:00,53,66.0,Female,79,Product_53,Home & Garden,2,58.76,0.1,South,105.77
10806,2022-02-03 14:00:00,151,49.0,Female,3,Product_67,Electronics,1,53.79,0.0,East,53.79
10807,2022-02-03 15:00:00,144,66.0,Female,62,Product_90,Beauty,4,39.12,0.0,East,156.48
10808,2022-02-03 16:00:00,57,52.0,Female,47,Product_18,Sports,2,16.87,0.0,North,33.74
10809,2022-02-03 17:00:00,39,61.0,Female,77,Product_9,Electronics,3,29.06,0.05,East,82.82
10810,2022-02-03 18:00:00,109,55.0,Female,98,Product_38,Home & Garden,4,44.22,0.0,West,176.88
10811,2022-02-03 19:00:00,181,43.0,Male,88,Product_87,Home & Garden,3,36.55,0.0,West,109.65
10812,2022-02-03 20:00:00,42,28.0,Male,96,Product_21,Books,2,11.81,0.0,East,23.62
10813,2022-02-03 21:00:00,186,52.0,Male,61,Product_65,Home & Garden,1,57.42,0.2,West,45.94
10814,2022-02-03 22:00:00,423,25.0,Female,32,Product_21,Clothing,1,8.79,0.0,East,8.79
10815,2022-02-03 23:00:00,398,63.0,Female,94,Product_27,Sports,1,28.76,0.05,South,27.32
10816,2022-02-04 00:00:00,223,31.0,Male,13,Product_70,Home & Garden,2,66.9,0.0,East,133.8
10817,2022-02-04 01:00:00,122,27.0,Male,1,Product_44,Electronics,2,6.01,0.1,North,10.82
10818,2022-02-04 02:00:00,133,19.0,Female,34,Product_28,Home & Garden,3,47.2,0.0,South,141.6
10819,2022-02-04 03:00:00,163,63.0,Male,62,Product_45,Books,1,25.36,0.1,South,22.82
10820,2022-02-04 04:00:00,215,26.0,Female,79,Product_17,Electronics,2,5.44,0.0,West,10.88
10821,2022-02-04 05:00:00,221,20.0,Female,78,Product_40,Sports,4,15.56,0.0,East,62.24
10822,2022-02-04 06:00:00,235,38.0,Male,93,Product_3,Clothing,2,146.47,0.05,East,278.29
10823,2022-02-04 07:00:00,331,43.0,Male,98,Product_76,Clothing,2,41.82,0.1,South,75.28
10824,2022-02-04 08:00:00,146,25.0,Female,82,Product_76,Clothing,4,299.39,0.05,North,1137.68
10825,2022-02-04 09:00:00,239,65.0,Female,71,Product_66,Clothing,1,42.2,0.15,South,35.87
10826,2022-02-04 10:00:00,76,19.0,Female,93,Product_46,Books,4,44.26,0.0,East,177.04
10827,2022-02-04 11:00:00,9,23.0,Female,31,Product_86,Clothing,1,29.87,0.15,North,25.39
10828,2022-02-04 12:00:00,74,45.0,Male,64,Product_87,Sports,4,23.56,0.0,South,94.24
10829,2022-02-04 13:00:00,442,70.0,Male,25,Product_30,Electronics,3,19.49,0.05,South,55.55
10830,2022-02-04 14:00:00,492,46.0,Female,38,Product_69,Beauty,1,26.04,0.0,East,26.04
10831,2022-02-04 15:00:00,401,43.0,Female,14,Product_9,Sports,2,35.8,0.0,West,71.6
10832,2022-02-04 16:00:00,253,42.0,Male,8,Product_85,Sports,3,15.66,0.0,East,46.98
10833,2022-02-04 17:00:00,230,29.0,Female,91,Product_11,Clothing,1,17.74,0.0,South,17.74
10834,2022-02-04 18:00:00,7,22.0,Female,54,Product_69,Clothing,1,20.84,0.0,South,20.84
10835,2022-02-04 19:00:00,174,51.0,Male,2,Product_99,Electronics,1,34.82,0.0,North,34.82
10836,2022-02-04 20:00:00,141,65.0,Male,81,Product_91,Beauty,4,57.89,0.0,North,231.56
10837,2022-02-04 21:00:00,168,54.0,Female,78,Product_66,Home & Garden,1,101.95,0.0,North,101.95
10838,2022-02-04 22:00:00,170,32.0,Male,89,Product_88,Sports,2,21.92,0.0,North,43.84
10839,2022-02-04 23:00:00,393,61.0,Male,56,Product_31,Sports,1,15.15,0.0,North,15.15
10840,2022-02-05 00:00:00,434,53.0,Male,94,Product_33,Clothing,2,28.81,0.0,North,57.62
10841,2022-02-05 01:00:00,283,32.0,Female,93,Product_39,Sports,2,117.4,0.0,North,234.8
10842,2022-02-05 02:00:00,122,46.0,Female,84,Product_94,Sports,2,5.5,0.1,East,9.9
10843,2022-02-05 03:00:00,194,65.0,Female,85,Product_46,Sports,3,61.64,0.15,West,157.18
10844,2022-02-05 04:00:00,5,40.0,Male,61,Product_37,Home & Garden,2,37.42,0.0,West,74.84
10845,2022-02-05 05:00:00,29,23.0,Female,22,Product_92,Clothing,4,13.78,0.05,North,52.36
10846,2022-02-05 06:00:00,165,63.0,Female,35,Product_60,Electronics,1,24.36,0.05,South,23.14
10847,2022-02-05 07:00:00,422,67.0,Female,16,Product_31,Books,4,17.74,0.0,West,70.96
10848,2022-02-05 08:00:00,339,61.0,Female,50,Product_11,Sports,3,110.12,0.05,North,313.84
10849,2022-02-05 09:00:00,136,60.0,Male,43,Product_87,Clothing,1,37.88,0.0,West,37.88
10850,2022-02-05 10:00:00,496,62.0,Female,17,Product_2,Beauty,2,46.4,0.0,East,92.8
10851,2022-02-05 11:00:00,365,38.0,Male,80,Product_27,Electronics,1,50.03,0.0,West,50.03
10852,2022-02-05 12:00:00,321,40.0,Female,58,Product_99,Books,3,56.03,0.0,West,168.09
10853,2022-02-05 13:00:00,342,60.0,Male,2,Product_2,Beauty,3,39.21,0.05,East,111.75
10854,2022-02-05 14:00:00,145,72.0,Male,4,Product_21,Books,4,5.9,0.0,East,23.6
10855,2022-02-05 15:00:00,327,33.0,Male,85,Product_58,Books,1,25.38,0.0,North,25.38
10856,2022-02-05 16:00:00,217,64.0,Female,39,Product_5,Clothing,1,15.16,0.0,North,15.16
10857,2022-02-05 17:00:00,301,70.0,Male,98,Product_52,Electronics,1,61.99,0.1,South,55.79
10858,2022-02-05 18:00:00,132,32.0,Female,94,Product_45,Sports,4,7.92,0.1,North,28.51
10859,2022-02-05 19:00:00,292,42.0,Male,6,Product_85,Clothing,3,46.48,0.05,North,132.47
10860,2022-02-05 20:00:00,70,53.0,Male,81,Product_93,Electronics,2,16.83,0.0,South,33.66
10861,2022-02-05 21:00:00,252,28.0,Female,89,Product_20,Books,1,153.65,0.0,West,153.65
10862,2022-02-05 22:00:00,415,68.0,Male,69,Product_61,Clothing,4,25.44,0.0,North,101.76
10863,2022-02-05 23:00:00,275,32.0,Male,69,Product_38,Beauty,4,24.67,0.0,North,98.68
10864,2022-02-06 00:00:00,445,21.0,Female,20,Product_20,Books,2,133.45,0.0,South,266.9
10865,2022-02-06 01:00:00,364,38.0,Male,64,Product_25,Books,3,32.01,0.0,South,96.03
10866,2022-02-06 02:00:00,182,30.0,Male,16,Product_2,Books,1,169.66,0.0,North,169.66
10867,2022-02-06 03:00:00,167,39.0,Male,51,Product_32,Books,1,6.22,0.15,West,5.29
10868,2022-02-06 04:00:00,91,36.0,Female,37,Product_26,Books,4,23.29,0.1,East,83.84
10869,2022-02-06 05:00:00,202,51.0,Female,73,Product_70,Sports,3,59.86,0.0,South,179.58
10870,2022-02-06 06:00:00,346,31.0,Female,69,Product_41,Clothing,1,115.75,0.0,North,115.75
10871,2022-02-06 07:00:00,19,21.0,Female,42,Product_67,Books,2,19.81,0.0,South,39.62
10872,2022-02-06 08:00:00,39,65.0,Male,57,Product_97,Books,3,138.31,0.05,West,394.18
10873,2022-02-06 09:00:00,126,70.0,Male,66,Product_1,Home & Garden,3,50.09,0.05,North,142.76
10874,2022-02-06 10:00:00,451,69.0,Female,9,Product_51,Electronics,4,85.72,0.2,South,274.3
10875,2022-02-06 11:00:00,173,63.0,Male,86,Product_5,Sports,4,30.31,0.0,North,121.24
10876,2022-02-06 12:00:00,141,44.0,Male,64,Product_13,Electronics,1,16.92,0.1,West,15.23
10877,2022-02-06 13:00:00,242,46.0,Male,86,Product_19,Beauty,4,126.09,0.0,North,504.36
10878,2022-02-06 14:00:00,220,64.0,Male,22,Product_12,Beauty,3,140.25,0.15,West,357.64
10879,2022-02-06 15:00:00,126,45.0,Female,34,Product_48,Electronics,1,39.42,0.05,South,37.45
10880,2022-02-06 16:00:00,58,52.0,Male,55,Product_25,Sports,1,5.33,0.05,East,5.06
10881,2022-02-06 17:00:00,148,25.0,Male,29,Product_57,Electronics,3,10.81,0.0,East,32.43
10882,2022-02-06 18:00:00,476,33.0,Male,38,Product_35,Sports,1,47.55,0.05,North,45.17
10883,2022-02-06 19:00:00,456,59.0,Female,97,Product_76,Clothing,2,6.2,0.0,South,12.4
10884,2022-02-06 20:00:00,317,53.0,Male,18,Product_94,Sports,2,30.28,0.0,South,60.56
10885,2022-02-06 21:00:00,383,47.0,Male,71,Product_5,Clothing,1,23.08,0.0,North,23.08
10886,2022-02-06 22:00:00,361,35.0,Female,65,Product_98,Electronics,4,67.65,0.0,West,270.6
10887,2022-02-06 23:00:00,423,19.0,Female,97,Product_22,Clothing,2,7.86,0.0,North,15.72
10888,2022-02-07 00:00:00,1,66.0,Male,1,Product_77,Electronics,1,38.54,0.0,East,38.54
10889,2022-02-07 01:00:00,387,30.0,Male,88,Product_57,Home & Garden,2,48.27,0.0,South,96.54
10890,2022-02-07 02:00:00,461,21.0,Male,4,Product_47,Electronics,4,53.02,0.0,North,212.08
10891,2022-02-07 03:00:00,348,43.0,Male,4,Product_54,Home & Garden,3,30.97,0.0,East,92.91
10892,2022-02-07 04:00:00,190,42.0,Male,82,Product_3,Books,1,23.15,0.0,East,23.15
10893,2022-02-07 05:00:00,191,47.0,Male,27,Product_53,Books,1,62.36,0.0,South,62.36
10894,2022-02-07 06:00:00,369,28.0,Male,43,Product_84,Books,1,99.05,0.0,South,99.05
10895,2022-02-07 07:00:00,409,24.0,Male,59,Product_31,Beauty,1,64.15,0.0,North,64.15
10896,2022-02-07 08:00:00,312,48.0,Female,32,Product_69,Electronics,1,139.49,0.1,West,125.54
10897,2022-02-07 09:00:00,417,61.0,Female,33,Product_88,Electronics,1,68.16,0.0,South,68.16
10898,2022-02-07 10:00:00,422,27.0,Female,28,Product_33,Home & Garden,4,77.33,0.05,North,293.85
10899,2022-02-07 11:00:00,117,56.0,Male,55,Product_72,Books,3,14.19,0.0,East,42.57
10900,2022-02-07 12:00:00,134,30.0,Male,60,Product_88,Beauty,4,32.2,0.2,North,103.04
10901,2022-02-07 13:00:00,58,48.0,Female,70,Product_50,Electronics,4,38.18,0.0,North,152.72
10902,2022-02-07 14:00:00,44,24.0,Male,62,Product_84,Clothing,3,19.81,0.0,South,59.43
10903,2022-02-07 15:00:00,173,73.0,Male,80,Product_16,Electronics,4,42.6,0.0,West,170.4
10904,2022-02-07 16:00:00,160,66.0,Female,34,Product_76,Books,2,22.18,0.0,West,44.36
10905,2022-02-07 17:00:00,173,59.0,Female,87,Product_77,Sports,4,63.16,0.05,East,240.01
10906,2022-02-07 18:00:00,317,59.0,Female,88,Product_39,Electronics,1,36.77,0.0,South,36.77
10907,2022-02-07 19:00:00,303,73.0,Male,56,Product_89,Home & Garden,2,35.7,0.0,East,71.4
10908,2022-02-07 20:00:00,149,53.0,Male,13,Product_46,Sports,2,210.65,0.15,South,358.1
10909,2022-02-07 21:00:00,80,37.0,Female,56,Product_96,Books,3,29.92,0.0,North,89.76
10910,2022-02-07 22:00:00,374,21.0,Male,18,Product_88,Electronics,4,27.49,0.0,West,109.96
10911,2022-02-07 23:00:00,213,71.0,Female,54,Product_47,Books,4,24.18,0.0,North,96.72
10912,2022-02-08 00:00:00,203,24.0,Female,77,Product_44,Home & Garden,2,117.57,0.0,South,235.14
10913,2022-02-08 01:00:00,252,71.0,Female,43,Product_9,Books,4,39.33,0.15,West,133.72
10914,2022-02-08 02:00:00,229,18.0,Male,39,Product_87,Books,4,50.82,0.1,East,182.95
10915,2022-02-08 03:00:00,164,61.0,Male,61,Product_50,Electronics,3,14.97,0.1,North,40.42
10916,2022-02-08 04:00:00,227,73.0,Female,42,Product_77,Electronics,2,43.93,0.15,North,74.68
10917,2022-02-08 05:00:00,147,62.0,Female,81,Product_60,Sports,1,21.05,0.0,South,21.05
10918,2022-02-08 06:00:00,20,59.0,Female,79,Product_96,Electronics,2,70.58,0.0,South,141.16
10919,2022-02-08 07:00:00,441,64.0,Male,18,Product_15,Books,3,94.35,0.0,South,283.05
10920,2022-02-08 08:00:00,402,30.0,Male,23,Product_36,Sports,3,67.73,0.05,South,193.03
10921,2022-02-08 09:00:00,47,72.0,Female,54,Product_63,Books,3,70.51,0.15,West,179.8
10922,2022-02-08 10:00:00,233,39.0,Female,30,Product_69,Clothing,4,40.92,0.0,North,163.68
10923,2022-02-08 11:00:00,305,71.0,Female,98,Product_86,Clothing,2,67.26,0.0,South,134.52
10924,2022-02-08 12:00:00,14,38.0,Male,58,Product_80,Sports,4,32.47,0.15,South,110.4
10925,2022-02-08 13:00:00,143,39.0,Female,68,Product_41,Electronics,4,57.7,0.0,North,230.8
10926,2022-02-08 14:00:00,415,45.0,Female,67,Product_74,Sports,2,19.99,0.15,North,33.98
10927,2022-02-08 15:00:00,1,26.0,Female,71,Product_24,Books,3,8.62,0.0,West,25.86
10928,2022-02-08 16:00:00,373,43.0,Male,18,Product_82,Clothing,1,31.68,0.0,West,31.68
10929,2022-02-08 17:00:00,54,26.0,Male,7,Product_49,Books,1,35.97,0.0,North,35.97
10930,2022-02-08 18:00:00,374,32.0,Female,40,Product_18,Electronics,2,19.81,0.05,West,37.64
10931,2022-02-08 19:00:00,259,27.0,Male,70,Product_7,Clothing,2,70.04,0.0,North,140.08
10932,2022-02-08 20:00:00,144,41.0,Male,86,Product_4,Beauty,3,8.82,0.0,East,26.46
10933,2022-02-08 21:00:00,471,74.0,Female,65,Product_90,Beauty,2,17.6,0.15,North,29.92
10934,2022-02-08 22:00:00,441,59.0,Male,68,Product_69,Home & Garden,2,74.03,0.05,West,140.66
10935,2022-02-08 23:00:00,459,25.0,Female,49,Product_60,Beauty,3,33.73,0.05,North,96.13
10936,2022-02-09 00:00:00,12,41.0,Male,52,Product_55,Home & Garden,3,66.09,0.0,East,198.27
10937,2022-02-09 01:00:00,330,33.0,Female,29,Product_16,Clothing,4,46.91,0.15,East,159.49
10938,2022-02-09 02:00:00,224,66.0,Female,21,Product_99,Clothing,2,155.5,0.0,North,311.0
10939,2022-02-09 03:00:00,272,43.0,Male,90,Product_90,Beauty,1,50.54,0.0,South,50.54
10940,2022-02-09 04:00:00,456,44.0,Male,78,Product_82,Electronics,2,5.75,0.0,North,11.5
10941,2022-02-09 05:00:00,358,54.0,Male,9,Product_29,Home & Garden,1,26.76,0.0,East,26.76
10942,2022-02-09 06:00:00,460,21.0,Male,47,Product_23,Home & Garden,1,12.72,0.15,South,10.81
10943,2022-02-09 07:00:00,408,67.0,Male,76,Product_14,Sports,1,134.27,0.0,East,134.27
10944,2022-02-09 08:00:00,156,41.0,Female,42,Product_79,Home & Garden,4,10.49,0.0,West,41.96
10945,2022-02-09 09:00:00,373,36.0,Male,51,Product_49,Clothing,3,29.53,0.1,South,79.73
10946,2022-02-09 10:00:00,8,53.0,Male,56,Product_33,Electronics,3,17.82,0.05,North,50.79
10947,2022-02-09 11:00:00,122,56.0,Male,51,Product_25,Sports,4,98.78,0.1,East,355.61
10948,2022-02-09 12:00:00,348,27.0,Female,70,Product_21,Sports,3,23.45,0.0,East,70.35
10949,2022-02-09 13:00:00,164,42.0,Male,20,Product_17,Home & Garden,4,245.75,0.05,West,933.85
10950,2022-02-09 14:00:00,90,35.0,Female,88,Product_23,Sports,2,6.97,0.0,North,13.94
10951,2022-02-09 15:00:00,136,36.0,Female,27,Product_57,Electronics,4,11.86,0.2,South,37.95
10952,2022-02-09 16:00:00,186,53.0,Female,38,Product_81,Books,3,17.72,0.0,West,53.16
10953,2022-02-09 17:00:00,316,27.0,Male,72,Product_58,Home & Garden,3,88.33,0.05,West,251.74
10954,2022-02-09 18:00:00,178,50.0,Female,65,Product_14,Electronics,2,110.4,0.0,East,220.8
10955,2022-02-09 19:00:00,28,72.0,Male,54,Product_93,Home & Garden,4,8.71,0.0,North,34.84
10956,2022-02-09 20:00:00,220,67.0,Male,24,Product_20,Books,2,6.65,0.0,North,13.3
10957,2022-02-09 21:00:00,357,22.0,Female,47,Product_30,Books,1,73.24,0.0,North,73.24
10958,2022-02-09 22:00:00,41,64.0,Female,71,Product_19,Clothing,4,12.16,0.0,West,48.64
10959,2022-02-09 23:00:00,228,66.0,Male,83,Product_53,Sports,2,12.14,0.05,North,23.07
10960,2022-02-10 00:00:00,192,52.0,Male,86,Product_56,Electronics,2,6.13,0.0,East,12.26
10961,2022-02-10 01:00:00,411,61.0,Male,63,Product_77,Electronics,3,7.55,0.1,East,20.38
10962,2022-02-10 02:00:00,447,51.0,Male,57,Product_82,Home & Garden,4,20.3,0.0,South,81.2
10963,2022-02-10 03:00:00,145,50.0,Male,55,Product_23,Sports,1,8.36,0.0,South,8.36
10964,2022-02-10 04:00:00,201,72.0,Male,60,Product_62,Books,1,28.01,0.1,East,25.21
10965,2022-02-10 05:00:00,417,38.0,Male,99,Product_33,Clothing,4,94.42,0.05,South,358.8
10966,2022-02-10 06:00:00,212,34.0,Female,62,Product_18,Electronics,4,24.75,0.0,North,99.0
10967,2022-02-10 07:00:00,461,39.0,Female,30,Product_73,Home & Garden,2,70.07,0.0,South,140.14
10968,2022-02-10 08:00:00,220,65.0,Female,93,Product_33,Electronics,3,9.93,0.05,West,28.3
10969,2022-02-10 09:00:00,240,54.0,Male,22,Product_32,Electronics,3,58.85,0.0,West,176.55
10970,2022-02-10 10:00:00,413,32.0,Female,75,Product_61,Clothing,3,24.04,0.0,East,72.12
10971,2022-02-10 11:00:00,397,52.0,Female,84,Product_54,Clothing,4,74.27,0.05,East,282.23
10972,2022-02-10 12:00:00,46,45.0,Female,29,Product_17,Clothing,3,12.32,0.0,South,36.96
10973,2022-02-10 13:00:00,35,24.0,Female,41,Product_19,Home & Garden,2,119.08,0.0,East,238.16
10974,2022-02-10 14:00:00,253,49.0,Female,42,Product_91,Electronics,4,18.89,0.15,West,64.23
10975,2022-02-10 15:00:00,390,28.0,Female,98,Product_70,Electronics,4,26.78,0.1,South,96.41
10976,2022-02-10 16:00:00,82,27.0,Male,65,Product_99,Sports,3,154.97,0.0,North,464.91
10977,2022-02-10 17:00:00,371,26.0,Female,31,Product_34,Electronics,1,48.19,0.0,West,48.19
10978,2022-02-10 18:00:00,256,31.0,Female,30,Product_84,Sports,1,27.77,0.0,East,27.77
10979,2022-02-10 19:00:00,197,30.0,Female,18,Product_25,Electronics,2,154.39,0.1,South,277.9
10980,2022-02-10 20:00:00,303,74.0,Female,17,Product_68,Clothing,3,24.96,0.05,West,71.14
10981,2022-02-10 21:00:00,409,42.0,Male,38,Product_74,Electronics,3,9.98,0.0,South,29.94
10982,2022-02-10 22:00:00,450,19.0,Male,14,Product_74,Electronics,4,293.0,0.0,South,1172.0
10983,2022-02-10 23:00:00,10,52.0,Female,87,Product_88,Home & Garden,4,20.59,0.0,East,82.36
10984,2022-02-11 00:00:00,312,24.0,Female,89,Product_85,Beauty,3,100.28,0.0,North,300.84
10985,2022-02-11 01:00:00,286,38.0,Female,79,Product_11,Electronics,4,14.05,0.05,East,53.39
10986,2022-02-11 02:00:00,242,35.0,Male,56,Product_91,Clothing,3,70.72,0.0,North,212.16
10987,2022-02-11 03:00:00,251,20.0,Male,22,Product_16,Sports,2,42.16,0.0,North,84.32
10988,2022-02-11 04:00:00,365,59.0,Female,67,Product_90,Home & Garden,4,202.92,0.0,South,811.68
10989,2022-02-11 05:00:00,5,71.0,Female,56,Product_61,Books,3,45.24,0.0,East,135.72
10990,2022-02-11 06:00:00,119,56.0,Female,19,Product_94,Electronics,4,6.27,0.0,North,25.08
10991,2022-02-11 07:00:00,289,58.0,Male,57,Product_80,Beauty,2,51.3,0.0,West,102.6
10992,2022-02-11 08:00:00,374,66.0,Female,44,Product_7,Clothing,4,12.85,0.05,East,48.83
10993,2022-02-11 09:00:00,65,28.0,Male,98,Product_16,Clothing,3,85.11,0.2,North,204.26
10994,2022-02-11 10:00:00,146,56.0,Female,35,Product_99,Electronics,4,102.09,0.15,South,347.11
10995,2022-02-11 11:00:00,224,41.0,Male,1,Product_16,Home & Garden,4,37.9,0.0,West,151.6
10996,2022-02-11 12:00:00,239,63.0,Male,52,Product_40,Home & Garden,3,81.44,0.05,South,232.1
10997,2022-02-11 13:00:00,177,36.0,Female,85,Product_12,Sports,1,12.84,0.2,North,10.27
10998,2022-02-11 14:00:00,267,21.0,Female,93,Product_35,Home & Garden,4,38.87,0.0,North,155.48
10999,2022-02-11 15:00:00,341,43.0,Male,70,Product_21,Electronics,4,30.04,0.0,South,120.16
11000,2022-02-11 16:00:00,282,55.0,Female,37,Product_50,Sports,2,52.25,0.0,South,104.5
11001,2022-02-11 17:00:00,63,59.0,Male,65,Product_43,Electronics,1,7.27,0.0,East,7.27
11002,2022-02-11 18:00:00,217,49.0,Male,51,Product_17,Books,2,74.74,0.1,West,134.53
11003,2022-02-11 19:00:00,342,56.0,Male,1,Product_32,Beauty,3,9.12,0.0,North,27.36
11004,2022-02-11 20:00:00,315,62.0,Male,91,Product_41,Clothing,3,58.42,0.0,West,175.26
11005,2022-02-11 21:00:00,283,63.0,Male,21,Product_6,Clothing,2,5.93,0.0,West,11.86
11006,2022-02-11 22:00:00,177,53.0,Male,53,Product_88,Electronics,4,94.16,0.0,West,376.64
11007,2022-02-11 23:00:00,461,57.0,Male,16,Product_27,Electronics,1,14.6,0.0,West,14.6
11008,2022-02-12 00:00:00,417,54.0,Female,61,Product_20,Beauty,2,41.23,0.0,West,82.46
11009,2022-02-12 01:00:00,98,50.0,Male,54,Product_25,Electronics,2,20.16,0.0,East,40.32
11010,2022-02-12 02:00:00,105,53.0,Female,40,Product_66,Clothing,3,69.12,0.1,South,186.62
11011,2022-02-12 03:00:00,99,20.0,Male,26,Product_9,Books,4,24.38,0.1,South,87.77
11012,2022-02-12 04:00:00,385,26.0,Female,80,Product_92,Books,1,69.48,0.1,West,62.53
11013,2022-02-12 05:00:00,405,25.0,Male,92,Product_53,Home & Garden,2,21.76,0.05,South,41.34
11014,2022-02-12 06:00:00,496,50.0,Male,65,Product_61,Home & Garden,1,74.81,0.1,North,67.33
11015,2022-02-12 07:00:00,311,23.0,Male,74,Product_38,Electronics,1,6.55,0.05,North,6.22
11016,2022-02-12 08:00:00,6,58.0,Male,64,Product_3,Beauty,2,21.66,0.05,West,41.15
11017,2022-02-12 09:00:00,476,56.0,Male,43,Product_84,Sports,1,39.52,0.05,East,37.54
11018,2022-02-12 10:00:00,465,21.0,Female,17,Product_70,Home & Garden,3,7.31,0.0,South,21.93
11019,2022-02-12 11:00:00,197,30.0,Female,59,Product_97,Electronics,4,15.29,0.0,North,61.16
11020,2022-02-12 12:00:00,351,66.0,Female,23,Product_55,Electronics,4,141.31,0.05,East,536.98
11021,2022-02-12 13:00:00,133,19.0,Female,7,Product_1,Home & Garden,4,193.25,0.0,North,773.0
11022,2022-02-12 14:00:00,358,22.0,Male,44,Product_70,Beauty,3,72.31,0.0,East,216.93
11023,2022-02-12 15:00:00,259,61.0,Male,53,Product_45,Books,3,19.53,0.0,South,58.59
11024,2022-02-12 16:00:00,437,44.0,Male,71,Product_98,Beauty,3,20.09,0.0,West,60.27
11025,2022-02-12 17:00:00,23,49.0,Male,79,Product_47,Home & Garden,4,56.89,0.2,South,182.05
11026,2022-02-12 18:00:00,485,38.0,Male,34,Product_79,Books,1,11.26,0.0,East,11.26
11027,2022-02-12 19:00:00,53,25.0,Female,46,Product_26,Books,3,153.12,0.0,East,459.36
11028,2022-02-12 20:00:00,165,55.0,Male,68,Product_14,Sports,2,17.73,0.0,South,35.46
11029,2022-02-12 21:00:00,202,25.0,Male,78,Product_54,Clothing,3,400.87,0.1,North,1082.35
11030,2022-02-12 22:00:00,458,67.0,Female,78,Product_71,Home & Garden,2,39.23,0.0,South,78.46
11031,2022-02-12 23:00:00,83,20.0,Female,16,Product_46,Books,4,78.8,0.05,West,299.44
11032,2022-02-13 00:00:00,145,71.0,Male,71,Product_31,Clothing,2,5.11,0.1,South,9.2
11033,2022-02-13 01:00:00,85,61.0,Female,96,Product_88,Beauty,3,114.8,0.0,East,344.4
11034,2022-02-13 02:00:00,78,46.0,Female,19,Product_59,Electronics,3,20.74,0.0,West,62.22
11035,2022-02-13 03:00:00,457,39.0,Male,2,Product_95,Sports,1,60.12,0.0,West,60.12
11036,2022-02-13 04:00:00,366,23.0,Male,10,Product_29,Sports,4,87.09,0.05,East,330.94
11037,2022-02-13 05:00:00,1,19.0,Male,50,Product_96,Sports,2,13.97,0.05,East,26.54
11038,2022-02-13 06:00:00,51,40.0,Female,81,Product_17,Clothing,4,34.22,0.0,West,136.88
11039,2022-02-13 07:00:00,173,61.0,Female,12,Product_14,Beauty,3,39.04,0.0,West,117.12
11040,2022-02-13 08:00:00,205,19.0,Male,70,Product_36,Sports,1,23.71,0.0,West,23.71
11041,2022-02-13 09:00:00,260,55.0,Male,22,Product_58,Clothing,3,37.87,0.05,East,107.93
11042,2022-02-13 10:00:00,446,34.0,Female,32,Product_24,Sports,3,24.1,0.0,South,72.3
11043,2022-02-13 11:00:00,449,52.0,Male,84,Product_63,Clothing,3,27.37,0.0,North,82.11
11044,2022-02-13 12:00:00,369,51.0,Male,1,Product_91,Clothing,2,60.33,0.0,South,120.66
11045,2022-02-13 13:00:00,488,40.0,Female,54,Product_25,Clothing,3,55.06,0.05,West,156.92
11046,2022-02-13 14:00:00,288,47.0,Female,58,Product_59,Books,4,18.22,0.05,West,69.24
11047,2022-02-13 15:00:00,34,69.0,Male,70,Product_32,Home & Garden,4,118.89,0.0,South,475.56
11048,2022-02-13 16:00:00,348,25.0,Female,83,Product_82,Sports,1,104.31,0.05,South,99.09
11049,2022-02-13 17:00:00,95,39.0,Female,18,Product_18,Clothing,4,40.57,0.0,South,162.28
11050,2022-02-13 18:00:00,72,61.0,Male,6,Product_37,Clothing,3,33.39,0.2,South,80.14
11051,2022-02-13 19:00:00,39,53.0,Female,45,Product_26,Beauty,3,28.65,0.0,East,85.95
11052,2022-02-13 20:00:00,154,22.0,Male,97,Product_9,Sports,4,66.42,0.05,South,252.4
11053,2022-02-13 21:00:00,250,30.0,Female,23,Product_99,Beauty,1,60.69,0.0,North,60.69
11054,2022-02-13 22:00:00,162,46.0,Male,23,Product_64,Electronics,1,15.92,0.0,South,15.92
11055,2022-02-13 23:00:00,438,48.0,Female,26,Product_72,Electronics,4,60.65,0.05,North,230.47
11056,2022-02-14 00:00:00,118,64.0,Male,77,Product_20,Books,2,19.55,0.0,West,39.1
11057,2022-02-14 01:00:00,259,74.0,Male,7,Product_54,Sports,2,5.94,0.0,South,11.88
11058,2022-02-14 02:00:00,379,72.0,Male,79,Product_86,Electronics,2,65.07,0.0,West,130.14
11059,2022-02-14 03:00:00,306,33.0,Male,44,Product_83,Clothing,2,56.75,0.0,North,113.5
11060,2022-02-14 04:00:00,268,59.0,Female,27,Product_30,Books,4,31.45,0.0,North,125.8
11061,2022-02-14 05:00:00,449,47.0,Female,26,Product_53,Home & Garden,1,42.29,0.0,East,42.29
11062,2022-02-14 06:00:00,54,74.0,Male,97,Product_92,Sports,3,152.03,0.05,East,433.29
11063,2022-02-14 07:00:00,236,72.0,Male,79,Product_99,Clothing,3,50.22,0.1,East,135.59
11064,2022-02-14 08:00:00,389,33.0,Male,36,Product_63,Clothing,4,58.63,0.0,North,234.52
11065,2022-02-14 09:00:00,478,29.0,Male,55,Product_11,Beauty,3,8.3,0.0,North,24.9
11066,2022-02-14 10:00:00,222,34.0,Male,64,Product_31,Electronics,2,14.08,0.15,East,23.94
11067,2022-02-14 11:00:00,251,33.0,Female,91,Product_49,Home & Garden,1,22.9,0.0,North,22.9
11068,2022-02-14 12:00:00,313,29.0,Male,57,Product_94,Books,4,43.76,0.0,South,175.04
11069,2022-02-14 13:00:00,401,25.0,Male,69,Product_87,Electronics,1,79.94,0.1,East,71.95
11070,2022-02-14 14:00:00,112,37.0,Male,61,Product_19,Clothing,4,24.37,0.05,North,92.61
11071,2022-02-14 15:00:00,255,20.0,Male,2,Product_12,Sports,4,27.03,0.0,North,108.12
11072,2022-02-14 16:00:00,303,33.0,Male,55,Product_15,Home & Garden,4,19.8,0.0,North,79.2
11073,2022-02-14 17:00:00,407,47.0,Female,97,Product_31,Home & Garden,4,19.69,0.0,West,78.76
11074,2022-02-14 18:00:00,207,62.0,Male,80,Product_43,Clothing,1,153.66,0.2,South,122.93
11075,2022-02-14 19:00:00,229,40.0,Male,87,Product_37,Home & Garden,3,55.46,0.0,West,166.38
11076,2022-02-14 20:00:00,341,45.0,Male,38,Product_79,Sports,4,13.47,0.2,North,43.1
11077,2022-02-14 21:00:00,398,68.0,Male,80,Product_29,Sports,2,69.05,0.0,East,138.1
11078,2022-02-14 22:00:00,66,57.0,Male,78,Product_26,Electronics,4,69.01,0.0,North,276.04
11079,2022-02-14 23:00:00,75,71.0,Female,29,Product_2,Sports,1,59.9,0.0,South,59.9
11080,2022-02-15 00:00:00,435,22.0,Female,26,Product_84,Beauty,4,12.24,0.05,West,46.51
11081,2022-02-15 01:00:00,103,37.0,Female,35,Product_15,Home & Garden,2,31.21,0.0,West,62.42
11082,2022-02-15 02:00:00,422,57.0,Male,79,Product_4,Sports,1,10.64,0.0,East,10.64
11083,2022-02-15 03:00:00,192,73.0,Male,67,Product_86,Home & Garden,4,89.81,0.15,West,305.35
11084,2022-02-15 04:00:00,252,61.0,Female,87,Product_50,Books,2,58.24,0.2,North,93.18
11085,2022-02-15 05:00:00,226,18.0,Female,29,Product_38,Beauty,1,40.38,0.0,South,40.38
11086,2022-02-15 06:00:00,294,74.0,Female,34,Product_23,Electronics,4,26.0,0.0,South,104.0
11087,2022-02-15 07:00:00,306,47.0,Male,97,Product_59,Clothing,2,15.18,0.1,West,27.32
11088,2022-02-15 08:00:00,98,38.0,Male,41,Product_90,Clothing,1,10.63,0.05,North,10.1
11089,2022-02-15 09:00:00,338,37.0,Male,41,Product_75,Clothing,4,179.08,0.0,West,716.32
11090,2022-02-15 10:00:00,286,23.0,Female,23,Product_28,Electronics,1,16.14,0.15,South,13.72
11091,2022-02-15 11:00:00,335,39.0,Female,71,Product_66,Books,2,8.09,0.0,East,16.18
11092,2022-02-15 12:00:00,347,35.0,Female,3,Product_8,Electronics,4,168.07,0.05,North,638.67
11093,2022-02-15 13:00:00,435,25.0,Male,58,Product_29,Home & Garden,4,44.81,0.0,South,179.24
11094,2022-02-15 14:00:00,447,56.0,Female,32,Product_11,Sports,4,84.64,0.0,East,338.56
11095,2022-02-15 15:00:00,482,49.0,Male,31,Product_18,Electronics,2,7.24,0.0,South,14.48
11096,2022-02-15 16:00:00,308,50.0,Male,82,Product_55,Beauty,3,46.84,0.05,West,133.49
11097,2022-02-15 17:00:00,249,70.0,Male,43,Product_50,Books,4,30.39,0.2,East,97.25
11098,2022-02-15 18:00:00,166,33.0,Female,7,Product_14,Home & Garden,2,78.91,0.0,East,157.82
11099,2022-02-15 19:00:00,481,29.0,Male,1,Product_74,Clothing,1,6.96,0.0,West,6.96
11100,2022-02-15 20:00:00,472,55.0,Male,61,Product_99,Electronics,1,30.68,0.0,East,30.68
11101,2022-02-15 21:00:00,335,69.0,Female,14,Product_9,Sports,2,85.24,0.15,East,144.91
11102,2022-02-15 22:00:00,30,51.0,Male,52,Product_99,Electronics,3,41.98,0.2,North,100.75
11103,2022-02-15 23:00:00,247,31.0,Male,96,Product_11,Sports,2,44.93,0.1,South,80.87
11104,2022-02-16 00:00:00,106,53.0,Male,6,Product_63,Books,1,10.11,0.0,East,10.11
11105,2022-02-16 01:00:00,51,50.0,Male,10,Product_76,Electronics,1,12.1,0.2,West,9.68
11106,2022-02-16 02:00:00,81,40.0,Female,71,Product_67,Books,4,61.51,0.0,South,246.04
11107,2022-02-16 03:00:00,133,67.0,Male,90,Product_53,Electronics,3,61.2,0.0,North,183.6
11108,2022-02-16 04:00:00,285,62.0,Male,98,Product_39,Beauty,2,198.41,0.0,East,396.82
11109,2022-02-16 05:00:00,388,19.0,Female,30,Product_78,Electronics,1,67.23,0.0,North,67.23
11110,2022-02-16 06:00:00,138,58.0,Female,21,Product_56,Sports,1,38.99,0.1,East,35.09
11111,2022-02-16 07:00:00,184,38.0,Female,60,Product_28,Clothing,1,102.36,0.05,East,97.24
11112,2022-02-16 08:00:00,401,19.0,Male,81,Product_75,Books,2,10.52,0.0,South,21.04
11113,2022-02-16 09:00:00,330,44.0,Male,97,Product_39,Home & Garden,2,34.83,0.0,West,69.66
11114,2022-02-16 10:00:00,273,74.0,Female,74,Product_25,Electronics,3,21.92,0.0,South,65.76
11115,2022-02-16 11:00:00,340,26.0,Female,63,Product_21,Home & Garden,4,10.53,0.0,East,42.12
11116,2022-02-16 12:00:00,472,18.0,Female,42,Product_10,Clothing,4,77.09,0.0,North,308.36
11117,2022-02-16 13:00:00,69,28.0,Female,51,Product_43,Sports,4,40.75,0.0,South,163.0
11118,2022-02-16 14:00:00,34,20.0,Female,64,Product_15,Books,1,45.68,0.05,West,43.4
11119,2022-02-16 15:00:00,262,69.0,Male,76,Product_83,Clothing,4,31.49,0.15,North,107.07
11120,2022-02-16 16:00:00,53,40.0,Male,56,Product_48,Clothing,1,35.84,0.15,South,30.46
11121,2022-02-16 17:00:00,450,43.0,Female,80,Product_86,Electronics,3,11.17,0.2,South,26.81
11122,2022-02-16 18:00:00,205,21.0,Male,41,Product_21,Home & Garden,1,60.88,0.1,North,54.79
11123,2022-02-16 19:00:00,126,35.0,Male,32,Product_60,Clothing,3,33.32,0.0,North,99.96
11124,2022-02-16 20:00:00,235,72.0,Female,15,Product_96,Clothing,3,89.85,0.15,North,229.12
11125,2022-02-16 21:00:00,43,23.0,Female,62,Product_50,Electronics,4,15.93,0.0,West,63.72
11126,2022-02-16 22:00:00,240,52.0,Male,27,Product_23,Clothing,4,16.47,0.05,East,62.59
11127,2022-02-16 23:00:00,459,39.0,Male,28,Product_13,Beauty,1,56.89,0.0,South,56.89
11128,2022-02-17 00:00:00,371,60.0,Male,81,Product_69,Clothing,2,98.54,0.1,East,177.37
11129,2022-02-17 01:00:00,111,32.0,Female,64,Product_4,Home & Garden,4,36.95,0.0,North,147.8
11130,2022-02-17 02:00:00,249,39.0,Female,59,Product_92,Books,4,69.91,0.0,South,279.64
11131,2022-02-17 03:00:00,151,54.0,Male,58,Product_78,Sports,2,370.41,0.0,North,740.82
11132,2022-02-17 04:00:00,183,69.0,Male,2,Product_72,Clothing,2,236.6,0.0,North,473.2
11133,2022-02-17 05:00:00,336,59.0,Female,36,Product_9,Sports,4,73.19,0.2,West,234.21
11134,2022-02-17 06:00:00,95,46.0,Male,71,Product_35,Books,2,72.27,0.0,North,144.54
11135,2022-02-17 07:00:00,459,64.0,Female,13,Product_21,Electronics,1,19.23,0.0,West,19.23
11136,2022-02-17 08:00:00,374,66.0,Female,15,Product_58,Clothing,3,94.65,0.15,South,241.36
11137,2022-02-17 09:00:00,400,59.0,Male,89,Product_18,Electronics,3,30.97,0.05,North,88.26
11138,2022-02-17 10:00:00,8,55.0,Female,87,Product_97,Clothing,4,168.5,0.0,East,674.0
11139,2022-02-17 11:00:00,388,35.0,Male,60,Product_72,Clothing,4,9.25,0.0,East,37.0
11140,2022-02-17 12:00:00,360,62.0,Male,22,Product_81,Sports,1,33.62,0.0,South,33.62
11141,2022-02-17 13:00:00,388,52.0,Female,63,Product_43,Electronics,2,45.58,0.15,North,77.49
11142,2022-02-17 14:00:00,184,47.0,Male,90,Product_95,Home & Garden,4,30.97,0.1,North,111.49
11143,2022-02-17 15:00:00,281,41.0,Female,97,Product_98,Home & Garden,3,16.82,0.2,West,40.37
11144,2022-02-17 16:00:00,195,59.0,Female,75,Product_6,Home & Garden,1,49.95,0.0,South,49.95
11145,2022-02-17 17:00:00,352,47.0,Male,74,Product_86,Sports,1,75.51,0.0,North,75.51
11146,2022-02-17 18:00:00,195,31.0,Male,25,Product_78,Clothing,2,56.76,0.0,West,113.52
11147,2022-02-17 19:00:00,155,23.0,Male,48,Product_67,Beauty,4,18.36,0.1,North,66.1
11148,2022-02-17 20:00:00,93,20.0,Male,43,Product_12,Home & Garden,4,70.77,0.0,North,283.08
11149,2022-02-17 21:00:00,160,33.0,Male,38,Product_12,Home & Garden,1,19.85,0.0,North,19.85
11150,2022-02-17 22:00:00,434,24.0,Male,41,Product_66,Books,3,14.63,0.0,East,43.89
11151,2022-02-17 23:00:00,61,69.0,Male,45,Product_2,Clothing,4,63.67,0.0,North,254.68
11152,2022-02-18 00:00:00,122,31.0,Female,88,Product_15,Electronics,3,97.51,0.05,South,277.9
11153,2022-02-18 01:00:00,51,26.0,Female,40,Product_23,Sports,1,37.84,0.0,West,37.84
11154,2022-02-18 02:00:00,403,32.0,Female,97,Product_29,Home & Garden,4,42.9,0.0,North,171.6
11155,2022-02-18 03:00:00,277,38.0,Male,17,Product_81,Books,3,23.03,0.0,South,69.09
11156,2022-02-18 04:00:00,5,52.0,Male,88,Product_96,Beauty,1,39.12,0.15,South,33.25
11157,2022-02-18 05:00:00,466,19.0,Female,57,Product_7,Clothing,3,12.08,0.0,East,36.24
11158,2022-02-18 06:00:00,92,44.0,Male,2,Product_94,Clothing,4,160.99,0.0,West,643.96
11159,2022-02-18 07:00:00,170,19.0,Male,96,Product_28,Clothing,2,85.56,0.0,South,171.12
11160,2022-02-18 08:00:00,317,52.0,Female,62,Product_14,Clothing,3,60.13,0.0,North,180.39
11161,2022-02-18 09:00:00,22,35.0,Female,88,Product_44,Books,2,43.63,0.15,South,74.17
11162,2022-02-18 10:00:00,405,31.0,Female,9,Product_30,Books,4,83.55,0.0,North,334.2
11163,2022-02-18 11:00:00,326,37.0,Male,68,Product_81,Home & Garden,2,39.14,0.15,East,66.54
11164,2022-02-18 12:00:00,1,35.0,Female,81,Product_32,Electronics,1,22.83,0.0,North,22.83
11165,2022-02-18 13:00:00,133,46.0,Female,17,Product_70,Clothing,2,13.74,0.15,North,23.36
11166,2022-02-18 14:00:00,233,42.0,Female,50,Product_88,Clothing,3,57.15,0.1,South,154.3
11167,2022-02-18 15:00:00,12,19.0,Female,94,Product_6,Books,3,137.55,0.0,North,412.65
11168,2022-02-18 16:00:00,346,42.0,Female,40,Product_27,Electronics,2,13.34,0.05,East,25.35
11169,2022-02-18 17:00:00,46,71.0,Male,58,Product_82,Books,1,14.92,0.0,North,14.92
11170,2022-02-18 18:00:00,34,50.0,Male,75,Product_88,Sports,4,33.42,0.0,West,133.68
11171,2022-02-18 19:00:00,433,53.0,Male,85,Product_24,Sports,2,87.23,0.0,North,174.46
11172,2022-02-18 20:00:00,78,48.0,Female,21,Product_34,Clothing,3,22.4,0.0,West,67.2
11173,2022-02-18 21:00:00,218,31.0,Female,18,Product_40,Sports,3,19.65,0.1,South,53.06
11174,2022-02-18 22:00:00,301,18.0,Male,55,Product_47,Sports,2,53.37,0.0,East,106.74
11175,2022-02-18 23:00:00,411,63.0,Male,29,Product_79,Books,2,43.35,0.1,North,78.03
11176,2022-02-19 00:00:00,73,33.0,Female,24,Product_75,Clothing,2,8.11,0.0,East,16.22
11177,2022-02-19 01:00:00,282,71.0,Female,74,Product_86,Home & Garden,4,9.25,0.0,South,37.0
11178,2022-02-19 02:00:00,249,63.0,Female,17,Product_24,Sports,3,56.5,0.15,South,144.07
11179,2022-02-19 03:00:00,47,69.0,Female,18,Product_65,Electronics,3,36.29,0.05,East,103.43
11180,2022-02-19 04:00:00,121,46.0,Female,42,Product_18,Clothing,3,181.98,0.05,East,518.64
11181,2022-02-19 05:00:00,214,52.0,Female,84,Product_44,Beauty,4,61.74,0.05,East,234.61
11182,2022-02-19 06:00:00,239,58.0,Female,45,Product_76,Electronics,1,5.51,0.15,North,4.68
11183,2022-02-19 07:00:00,56,23.0,Female,82,Product_57,Clothing,3,37.79,0.0,North,113.37
11184,2022-02-19 08:00:00,350,42.0,Female,17,Product_28,Clothing,3,31.76,0.05,East,90.52
11185,2022-02-19 09:00:00,107,30.0,Male,73,Product_71,Sports,1,10.64,0.0,North,10.64
11186,2022-02-19 10:00:00,319,70.0,Male,14,Product_23,Electronics,4,133.33,0.0,North,533.32
11187,2022-02-19 11:00:00,48,51.0,Female,49,Product_85,Sports,1,86.74,0.0,North,86.74
11188,2022-02-19 12:00:00,61,25.0,Male,29,Product_34,Electronics,1,18.07,0.0,North,18.07
11189,2022-02-19 13:00:00,337,38.0,Male,95,Product_11,Electronics,1,19.78,0.0,South,19.78
11190,2022-02-19 14:00:00,26,51.0,Male,4,Product_86,Sports,1,6.63,0.15,East,5.64
11191,2022-02-19 15:00:00,292,21.0,Male,82,Product_35,Clothing,4,22.6,0.1,West,81.36
11192,2022-02-19 16:00:00,257,42.0,Male,20,Product_93,Beauty,4,48.93,0.0,South,195.72
11193,2022-02-19 17:00:00,8,32.0,Male,47,Product_42,Electronics,1,32.31,0.0,West,32.31
11194,2022-02-19 18:00:00,113,21.0,Female,9,Product_28,Clothing,2,179.1,0.0,East,358.2
11195,2022-02-19 19:00:00,355,62.0,Male,77,Product_82,Electronics,2,7.89,0.0,West,15.78
11196,2022-02-19 20:00:00,253,29.0,Male,79,Product_78,Clothing,2,49.75,0.05,West,94.52
11197,2022-02-19 21:00:00,180,49.0,Male,27,Product_82,Beauty,2,102.71,0.0,East,205.42
11198,2022-02-19 22:00:00,207,49.0,Female,15,Product_92,Books,3,37.77,0.0,South,113.31
11199,2022-02-19 23:00:00,303,45.0,Male,92,Product_24,Electronics,4,5.15,0.15,North,17.51
11200,2022-02-20 00:00:00,127,30.0,Female,19,Product_8,Home & Garden,4,18.91,0.05,North,71.86
11201,2022-02-20 01:00:00,56,48.0,Female,90,Product_53,Sports,1,24.56,0.1,West,22.1
11202,2022-02-20 02:00:00,214,31.0,Female,52,Product_72,Electronics,3,174.06,0.05,West,496.07
11203,2022-02-20 03:00:00,14,37.0,Male,26,Product_4,Electronics,1,126.39,0.0,East,126.39
11204,2022-02-20 04:00:00,474,35.0,Female,89,Product_91,Beauty,1,153.96,0.0,West,153.96
11205,2022-02-20 05:00:00,28,46.0,Male,26,Product_5,Beauty,4,92.37,0.1,West,332.53
11206,2022-02-20 06:00:00,471,46.0,Female,26,Product_97,Beauty,3,26.67,0.05,South,76.01
11207,2022-02-20 07:00:00,78,49.0,Female,46,Product_49,Books,2,123.16,0.0,East,246.32
11208,2022-02-20 08:00:00,216,46.0,Male,92,Product_98,Sports,4,205.0,0.0,South,820.0
11209,2022-02-20 09:00:00,386,60.0,Male,49,Product_30,Clothing,3,26.54,0.05,South,75.64
11210,2022-02-20 10:00:00,365,19.0,Male,82,Product_72,Electronics,3,20.09,0.0,North,60.27
11211,2022-02-20 11:00:00,154,40.0,Female,96,Product_63,Electronics,4,44.58,0.0,South,178.32
11212,2022-02-20 12:00:00,14,36.0,Male,53,Product_47,Sports,4,15.36,0.0,East,61.44
11213,2022-02-20 13:00:00,187,48.0,Female,3,Product_26,Books,1,6.66,0.0,South,6.66
11214,2022-02-20 14:00:00,312,68.0,Male,66,Product_57,Books,1,150.78,0.0,West,150.78
11215,2022-02-20 15:00:00,371,22.0,Female,97,Product_37,Beauty,1,135.01,0.0,South,135.01
11216,2022-02-20 16:00:00,7,36.0,Female,42,Product_98,Books,2,13.88,0.05,North,26.37
11217,2022-02-20 17:00:00,3,51.0,Female,19,Product_7,Beauty,4,31.19,0.0,West,124.76
11218,2022-02-20 18:00:00,111,27.0,Female,17,Product_40,Electronics,3,93.9,0.0,East,281.7
11219,2022-02-20 19:00:00,407,42.0,Male,33,Product_92,Books,4,59.09,0.0,North,236.36
11220,2022-02-20 20:00:00,238,19.0,Male,76,Product_39,Home & Garden,3,30.11,0.2,South,72.26
11221,2022-02-20 21:00:00,363,28.0,Female,49,Product_62,Clothing,2,73.16,0.0,South,146.32
11222,2022-02-20 22:00:00,239,67.0,Male,56,Product_92,Beauty,4,118.67,0.0,West,474.68
11223,2022-02-20 23:00:00,493,48.0,Male,63,Product_78,Books,3,135.29,0.05,East,385.58
11224,2022-02-21 00:00:00,274,73.0,Male,3,Product_53,Electronics,3,28.81,0.0,North,86.43
11225,2022-02-21 01:00:00,294,32.0,Male,49,Product_4,Electronics,1,14.53,0.0,South,14.53
11226,2022-02-21 02:00:00,227,26.0,Male,55,Product_82,Sports,2,127.0,0.0,West,254.0
11227,2022-02-21 03:00:00,371,40.0,Female,26,Product_25,Sports,4,9.86,0.2,East,31.55
11228,2022-02-21 04:00:00,15,36.0,Male,99,Product_7,Beauty,1,68.95,0.15,West,58.61
11229,2022-02-21 05:00:00,192,26.0,Female,72,Product_28,Electronics,2,12.57,0.15,North,21.37
11230,2022-02-21 06:00:00,473,52.0,Male,52,Product_69,Electronics,1,29.66,0.0,West,29.66
11231,2022-02-21 07:00:00,119,38.0,Female,7,Product_67,Clothing,4,31.51,0.15,East,107.13
11232,2022-02-21 08:00:00,485,26.0,Male,46,Product_95,Electronics,3,13.64,0.0,East,40.92
11233,2022-02-21 09:00:00,28,45.0,Female,46,Product_20,Electronics,4,132.99,0.05,South,505.36
11234,2022-02-21 10:00:00,202,63.0,Female,16,Product_83,Beauty,2,5.13,0.05,West,9.75
11235,2022-02-21 11:00:00,39,68.0,Male,24,Product_11,Clothing,4,117.13,0.0,East,468.52
11236,2022-02-21 12:00:00,441,24.0,Female,61,Product_67,Clothing,2,112.63,0.05,West,214.0
11237,2022-02-21 13:00:00,273,33.0,Female,54,Product_87,Electronics,1,24.06,0.0,South,24.06
11238,2022-02-21 14:00:00,231,33.0,Female,62,Product_7,Clothing,2,65.92,0.0,North,131.84
11239,2022-02-21 15:00:00,86,46.0,Female,1,Product_23,Books,3,19.57,0.15,South,49.9
11240,2022-02-21 16:00:00,474,21.0,Male,49,Product_61,Sports,3,76.1,0.0,South,228.3
11241,2022-02-21 17:00:00,126,21.0,Female,25,Product_71,Books,3,46.18,0.0,South,138.54
11242,2022-02-21 18:00:00,300,56.0,Male,10,Product_34,Clothing,1,22.85,0.0,South,22.85
11243,2022-02-21 19:00:00,25,57.0,Male,80,Product_19,Clothing,2,30.56,0.15,South,51.95
11244,2022-02-21 20:00:00,145,34.0,Female,16,Product_58,Home & Garden,1,63.54,0.0,West,63.54
11245,2022-02-21 21:00:00,13,54.0,Male,58,Product_9,Clothing,4,123.27,0.0,North,493.08
11246,2022-02-21 22:00:00,212,56.0,Female,72,Product_48,Books,4,12.0,0.15,South,40.8
11247,2022-02-21 23:00:00,25,69.0,Female,29,Product_82,Clothing,4,47.36,0.0,West,189.44
11248,2022-02-22 00:00:00,68,46.0,Female,92,Product_41,Sports,4,19.63,0.0,East,78.52
11249,2022-02-22 01:00:00,394,69.0,Female,6,Product_48,Electronics,3,85.82,0.1,East,231.71
11250,2022-02-22 02:00:00,67,53.0,Male,16,Product_45,Sports,2,8.64,0.0,South,17.28
11251,2022-02-22 03:00:00,233,55.0,Male,20,Product_25,Beauty,3,63.39,0.1,South,171.15
11252,2022-02-22 04:00:00,109,56.0,Male,80,Product_78,Sports,2,14.62,0.0,North,29.24
11253,2022-02-22 05:00:00,146,67.0,Male,71,Product_25,Home & Garden,2,50.36,0.15,South,85.61
11254,2022-02-22 06:00:00,111,54.0,Male,78,Product_19,Beauty,1,95.3,0.15,West,81.0
11255,2022-02-22 07:00:00,228,69.0,Male,43,Product_39,Sports,4,75.34,0.0,East,301.36
11256,2022-02-22 08:00:00,111,52.0,Female,26,Product_79,Clothing,2,74.91,0.0,North,149.82
11257,2022-02-22 09:00:00,470,24.0,Female,90,Product_80,Clothing,4,41.47,0.2,East,132.7
11258,2022-02-22 10:00:00,34,44.0,Male,78,Product_27,Sports,4,115.7,0.0,South,462.8
11259,2022-02-22 11:00:00,111,45.0,Female,71,Product_74,Sports,4,49.35,0.0,North,197.4
11260,2022-02-22 12:00:00,264,39.0,Male,33,Product_63,Clothing,3,129.76,0.05,West,369.82
11261,2022-02-22 13:00:00,424,31.0,Male,26,Product_68,Clothing,4,44.54,0.1,North,160.34
11262,2022-02-22 14:00:00,369,24.0,Female,45,Product_19,Beauty,2,40.26,0.1,West,72.47
11263,2022-02-22 15:00:00,236,54.0,Male,84,Product_28,Electronics,3,17.57,0.0,South,52.71
11264,2022-02-22 16:00:00,83,39.0,Female,63,Product_85,Clothing,4,44.35,0.0,East,177.4
11265,2022-02-22 17:00:00,42,22.0,Male,67,Product_78,Electronics,1,12.58,0.15,South,10.69
11266,2022-02-22 18:00:00,425,72.0,Female,52,Product_33,Books,4,106.89,0.1,North,384.8
11267,2022-02-22 19:00:00,101,19.0,Female,68,Product_10,Electronics,4,61.33,0.05,East,233.05
11268,2022-02-22 20:00:00,6,44.0,Female,26,Product_83,Sports,3,257.85,0.2,West,618.84
11269,2022-02-22 21:00:00,180,38.0,Female,75,Product_30,Electronics,2,9.83,0.05,East,18.68
11270,2022-02-22 22:00:00,282,71.0,Female,2,Product_22,Sports,4,18.77,0.0,East,75.08
11271,2022-02-22 23:00:00,320,55.0,Female,14,Product_3,Books,3,109.84,0.1,West,296.57
11272,2022-02-23 00:00:00,226,32.0,Male,30,Product_82,Clothing,3,30.15,0.0,North,90.45
11273,2022-02-23 01:00:00,443,38.0,Female,49,Product_75,Home & Garden,2,36.4,0.0,North,72.8
11274,2022-02-23 02:00:00,440,27.0,Female,12,Product_48,Clothing,3,103.54,0.0,North,310.62
11275,2022-02-23 03:00:00,315,40.0,Male,90,Product_2,Clothing,2,41.89,0.1,East,75.4
11276,2022-02-23 04:00:00,365,73.0,Female,44,Product_76,Books,1,15.75,0.2,West,12.6
11277,2022-02-23 05:00:00,454,56.0,Male,33,Product_54,Clothing,4,116.3,0.0,East,465.2
11278,2022-02-23 06:00:00,229,22.0,Male,13,Product_6,Sports,3,6.58,0.0,West,19.74
11279,2022-02-23 07:00:00,377,18.0,Female,78,Product_40,Electronics,1,117.88,0.0,East,117.88
11280,2022-02-23 08:00:00,289,30.0,Female,88,Product_93,Electronics,3,7.59,0.1,South,20.49
11281,2022-02-23 09:00:00,437,38.0,Female,98,Product_94,Clothing,3,59.81,0.05,North,170.46
11282,2022-02-23 10:00:00,150,43.0,Male,26,Product_2,Home & Garden,1,8.72,0.0,West,8.72
11283,2022-02-23 11:00:00,277,67.0,Female,21,Product_73,Home & Garden,3,66.25,0.05,North,188.81
11284,2022-02-23 12:00:00,198,62.0,Male,28,Product_2,Sports,3,6.73,0.0,South,20.19
11285,2022-02-23 13:00:00,70,38.0,Female,48,Product_93,Electronics,1,97.4,0.0,South,97.4
11286,2022-02-23 14:00:00,112,70.0,Female,40,Product_97,Electronics,3,36.36,0.0,North,109.08
11287,2022-02-23 15:00:00,4,35.0,Female,66,Product_74,Books,2,9.91,0.15,East,16.85
11288,2022-02-23 16:00:00,350,54.0,Female,73,Product_98,Books,3,66.35,0.0,North,199.05
11289,2022-02-23 17:00:00,331,62.0,Female,87,Product_55,Electronics,4,38.6,0.05,West,146.68
11290,2022-02-23 18:00:00,446,49.0,Female,79,Product_72,Sports,3,15.59,0.0,South,46.77
11291,2022-02-23 19:00:00,318,53.0,Male,77,Product_60,Clothing,4,5.79,0.0,East,23.16
11292,2022-02-23 20:00:00,350,34.0,Male,23,Product_97,Books,4,32.06,0.0,East,128.24
11293,2022-02-23 21:00:00,95,52.0,Female,81,Product_6,Books,3,9.48,0.0,East,28.44
11294,2022-02-23 22:00:00,152,66.0,Female,48,Product_19,Books,1,9.95,0.0,West,9.95
11295,2022-02-23 23:00:00,311,28.0,Male,2,Product_96,Books,2,20.55,0.1,North,36.99
11296,2022-02-24 00:00:00,137,38.0,Female,84,Product_27,Clothing,2,54.77,0.0,North,109.54
11297,2022-02-24 01:00:00,247,69.0,Male,20,Product_1,Books,3,42.74,0.05,North,121.81
11298,2022-02-24 02:00:00,387,46.0,Male,59,Product_33,Home & Garden,1,8.57,0.0,West,8.57
11299,2022-02-24 03:00:00,243,70.0,Female,46,Product_40,Electronics,1,177.78,0.0,West,177.78
11300,2022-02-24 04:00:00,31,43.0,Female,3,Product_32,Home & Garden,2,114.09,0.0,South,228.18
11301,2022-02-24 05:00:00,40,21.0,Female,55,Product_69,Beauty,1,20.0,0.2,East,16.0
11302,2022-02-24 06:00:00,229,51.0,Male,12,Product_17,Books,3,11.52,0.0,North,34.56
11303,2022-02-24 07:00:00,36,46.0,Male,40,Product_8,Electronics,3,147.71,0.0,North,443.13
11304,2022-02-24 08:00:00,408,65.0,Female,66,Product_57,Sports,1,35.92,0.15,East,30.53
11305,2022-02-24 09:00:00,223,35.0,Female,78,Product_42,Books,3,23.64,0.0,North,70.92
11306,2022-02-24 10:00:00,6,57.0,Male,16,Product_98,Electronics,4,38.7,0.1,South,139.32
11307,2022-02-24 11:00:00,322,52.0,Female,83,Product_9,Home & Garden,2,79.08,0.0,East,158.16
11308,2022-02-24 12:00:00,468,58.0,Male,34,Product_87,Sports,3,14.22,0.05,East,40.53
11309,2022-02-24 13:00:00,220,46.0,Female,44,Product_35,Clothing,1,77.94,0.0,South,77.94
11310,2022-02-24 14:00:00,75,69.0,Female,6,Product_71,Electronics,2,74.2,0.15,East,126.14
11311,2022-02-24 15:00:00,4,46.0,Male,77,Product_79,Sports,3,43.76,0.0,South,131.28
11312,2022-02-24 16:00:00,335,55.0,Male,64,Product_53,Beauty,2,105.44,0.0,North,210.88
11313,2022-02-24 17:00:00,134,59.0,Female,22,Product_54,Sports,1,12.09,0.0,East,12.09
11314,2022-02-24 18:00:00,118,38.0,Female,18,Product_84,Books,4,50.25,0.0,North,201.0
11315,2022-02-24 19:00:00,369,59.0,Female,12,Product_25,Clothing,4,34.83,0.05,North,132.35
11316,2022-02-24 20:00:00,94,30.0,Female,52,Product_67,Electronics,3,32.43,0.0,South,97.29
11317,2022-02-24 21:00:00,486,66.0,Female,94,Product_62,Sports,4,19.56,0.0,West,78.24
11318,2022-02-24 22:00:00,435,58.0,Female,51,Product_55,Clothing,3,28.28,0.0,North,84.84
11319,2022-02-24 23:00:00,62,34.0,Female,71,Product_46,Books,2,10.72,0.0,North,21.44
11320,2022-02-25 00:00:00,441,73.0,Male,96,Product_24,Electronics,3,19.49,0.0,North,58.47
11321,2022-02-25 01:00:00,194,26.0,Male,48,Product_98,Clothing,3,20.87,0.0,South,62.61
11322,2022-02-25 02:00:00,335,58.0,Male,19,Product_46,Clothing,3,68.77,0.05,East,195.99
11323,2022-02-25 03:00:00,203,18.0,Female,6,Product_22,Beauty,4,7.49,0.2,North,23.97
11324,2022-02-25 04:00:00,392,19.0,Male,84,Product_11,Electronics,3,57.66,0.0,West,172.98
11325,2022-02-25 05:00:00,26,65.0,Female,27,Product_48,Electronics,1,17.51,0.1,East,15.76
11326,2022-02-25 06:00:00,435,46.0,Female,53,Product_8,Electronics,3,9.27,0.0,East,27.81
11327,2022-02-25 07:00:00,173,50.0,Male,48,Product_39,Books,2,22.89,0.0,South,45.78
11328,2022-02-25 08:00:00,300,27.0,Male,7,Product_35,Electronics,1,17.71,0.0,South,17.71
11329,2022-02-25 09:00:00,133,67.0,Male,59,Product_49,Electronics,2,45.15,0.0,South,90.3
11330,2022-02-25 10:00:00,326,57.0,Male,69,Product_46,Electronics,2,27.11,0.0,South,54.22
11331,2022-02-25 11:00:00,410,38.0,Male,11,Product_38,Sports,2,174.06,0.15,North,295.9
11332,2022-02-25 12:00:00,118,45.0,Male,15,Product_8,Electronics,1,170.59,0.15,East,145.0
11333,2022-02-25 13:00:00,324,46.0,Female,64,Product_54,Clothing,1,34.32,0.0,South,34.32
11334,2022-02-25 14:00:00,275,72.0,Female,3,Product_37,Clothing,4,84.26,0.0,North,337.04
11335,2022-02-25 15:00:00,212,51.0,Female,69,Product_91,Home & Garden,1,5.67,0.2,North,4.54
11336,2022-02-25 16:00:00,225,25.0,Female,23,Product_92,Sports,3,44.68,0.0,North,134.04
11337,2022-02-25 17:00:00,20,39.0,Male,53,Product_40,Home & Garden,2,72.99,0.05,West,138.68
11338,2022-02-25 18:00:00,113,25.0,Female,37,Product_34,Beauty,4,17.23,0.0,North,68.92
11339,2022-02-25 19:00:00,140,66.0,Female,9,Product_96,Beauty,1,8.16,0.0,West,8.16
11340,2022-02-25 20:00:00,47,32.0,Male,15,Product_79,Clothing,2,13.48,0.0,East,26.96
11341,2022-02-25 21:00:00,1,34.0,Female,3,Product_17,Books,1,34.16,0.15,West,29.04
11342,2022-02-25 22:00:00,90,40.0,Male,93,Product_33,Sports,4,40.3,0.15,South,137.02
11343,2022-02-25 23:00:00,142,41.0,Female,70,Product_47,Books,1,28.97,0.0,West,28.97
11344,2022-02-26 00:00:00,320,62.0,Female,17,Product_52,Clothing,1,33.99,0.1,North,30.59
11345,2022-02-26 01:00:00,38,36.0,Male,26,Product_80,Home & Garden,2,36.77,0.0,East,73.54
11346,2022-02-26 02:00:00,293,22.0,Female,21,Product_93,Clothing,3,78.36,0.0,North,235.08
11347,2022-02-26 03:00:00,382,49.0,Female,72,Product_9,Books,1,10.56,0.1,South,9.5
11348,2022-02-26 04:00:00,139,61.0,Female,21,Product_33,Electronics,4,78.26,0.0,East,313.04
11349,2022-02-26 05:00:00,356,18.0,Male,11,Product_60,Electronics,1,63.34,0.0,East,63.34
11350,2022-02-26 06:00:00,333,40.0,Female,38,Product_93,Clothing,1,72.67,0.0,South,72.67
11351,2022-02-26 07:00:00,491,54.0,Male,72,Product_77,Electronics,3,71.3,0.2,North,171.12
11352,2022-02-26 08:00:00,259,25.0,Male,88,Product_21,Home & Garden,2,36.8,0.15,East,62.56
11353,2022-02-26 09:00:00,161,30.0,Male,35,Product_58,Electronics,4,16.87,0.1,South,60.73
11354,2022-02-26 10:00:00,390,25.0,Female,14,Product_85,Clothing,2,43.46,0.0,North,86.92
11355,2022-02-26 11:00:00,178,74.0,Female,14,Product_69,Beauty,2,163.48,0.1,West,294.26
11356,2022-02-26 12:00:00,10,40.0,Female,10,Product_10,Clothing,2,49.4,0.0,West,98.8
11357,2022-02-26 13:00:00,261,60.0,Female,12,Product_6,Sports,1,5.56,0.2,West,4.45
11358,2022-02-26 14:00:00,407,18.0,Male,38,Product_13,Electronics,3,8.08,0.0,West,24.24
11359,2022-02-26 15:00:00,138,62.0,Male,34,Product_65,Electronics,1,252.13,0.0,North,252.13
11360,2022-02-26 16:00:00,172,68.0,Male,41,Product_20,Books,4,8.73,0.0,West,34.92
11361,2022-02-26 17:00:00,386,41.0,Male,10,Product_57,Books,3,7.36,0.1,South,19.87
11362,2022-02-26 18:00:00,13,52.0,Male,17,Product_46,Clothing,2,26.77,0.1,North,48.19
11363,2022-02-26 19:00:00,168,41.0,Male,17,Product_8,Beauty,3,179.2,0.0,West,537.6
11364,2022-02-26 20:00:00,130,34.0,Male,67,Product_10,Beauty,4,24.19,0.0,North,96.76
11365,2022-02-26 21:00:00,84,22.0,Male,62,Product_73,Beauty,1,31.37,0.1,South,28.23
11366,2022-02-26 22:00:00,321,37.0,Male,95,Product_67,Clothing,1,55.27,0.0,North,55.27
11367,2022-02-26 23:00:00,319,38.0,Male,1,Product_11,Electronics,2,6.22,0.1,South,11.2
11368,2022-02-27 00:00:00,101,57.0,Female,12,Product_12,Sports,1,119.02,0.15,East,101.17
11369,2022-02-27 01:00:00,329,48.0,Female,4,Product_10,Sports,1,41.64,0.0,South,41.64
11370,2022-02-27 02:00:00,273,63.0,Female,42,Product_25,Electronics,4,36.44,0.0,North,145.76
11371,2022-02-27 03:00:00,265,53.0,Male,13,Product_49,Books,3,103.57,0.0,South,310.71
11372,2022-02-27 04:00:00,459,28.0,Male,98,Product_49,Electronics,1,157.96,0.0,South,157.96
11373,2022-02-27 05:00:00,399,69.0,Female,85,Product_89,Home & Garden,4,32.53,0.0,North,130.12
11374,2022-02-27 06:00:00,408,32.0,Male,86,Product_11,Clothing,4,14.46,0.05,West,54.95
11375,2022-02-27 07:00:00,38,36.0,Male,4,Product_62,Electronics,2,89.56,0.0,South,179.12
11376,2022-02-27 08:00:00,419,24.0,Male,82,Product_36,Clothing,4,30.81,0.0,West,123.24
11377,2022-02-27 09:00:00,94,68.0,Male,69,Product_39,Books,2,142.09,0.05,North,269.97
11378,2022-02-27 10:00:00,95,45.0,Male,19,Product_53,Home & Garden,1,154.69,0.05,South,146.96
11379,2022-02-27 11:00:00,305,68.0,Male,2,Product_90,Books,2,11.1,0.15,North,18.87
11380,2022-02-27 12:00:00,69,60.0,Female,12,Product_78,Beauty,4,161.81,0.0,South,647.24
11381,2022-02-27 13:00:00,318,22.0,Male,81,Product_56,Sports,3,27.96,0.05,North,79.69
11382,2022-02-27 14:00:00,444,22.0,Male,74,Product_1,Beauty,3,56.96,0.15,South,145.25
11383,2022-02-27 15:00:00,236,47.0,Female,98,Product_56,Electronics,1,6.77,0.0,South,6.77
11384,2022-02-27 16:00:00,434,71.0,Male,6,Product_4,Clothing,1,114.86,0.0,North,114.86
11385,2022-02-27 17:00:00,334,49.0,Male,8,Product_30,Electronics,3,56.3,0.0,East,168.9
11386,2022-02-27 18:00:00,373,25.0,Female,51,Product_12,Clothing,2,56.58,0.15,West,96.19
11387,2022-02-27 19:00:00,376,27.0,Male,11,Product_35,Books,1,121.23,0.0,North,121.23
11388,2022-02-27 20:00:00,459,55.0,Male,63,Product_77,Electronics,4,40.5,0.15,East,137.7
11389,2022-02-27 21:00:00,137,64.0,Male,57,Product_52,Home & Garden,1,31.43,0.1,East,28.29
11390,2022-02-27 22:00:00,418,49.0,Male,12,Product_31,Home & Garden,2,105.54,0.0,South,211.08
11391,2022-02-27 23:00:00,76,65.0,Female,73,Product_87,Home & Garden,1,72.82,0.0,West,72.82
11392,2022-02-28 00:00:00,483,45.0,Female,2,Product_68,Home & Garden,4,153.77,0.0,West,615.08
11393,2022-02-28 01:00:00,35,34.0,Male,8,Product_52,Books,4,145.77,0.0,South,583.08
11394,2022-02-28 02:00:00,1,48.0,Female,11,Product_80,Electronics,4,29.09,0.05,East,110.54
11395,2022-02-28 03:00:00,296,25.0,Male,53,Product_7,Clothing,2,34.62,0.05,East,65.78
11396,2022-02-28 04:00:00,320,57.0,Male,10,Product_22,Sports,2,19.78,0.0,South,39.56
11397,2022-02-28 05:00:00,406,42.0,Female,85,Product_93,Sports,4,59.04,0.1,South,212.54
11398,2022-02-28 06:00:00,60,26.0,Male,84,Product_75,Clothing,4,27.67,0.0,West,110.68
11399,2022-02-28 07:00:00,320,19.0,Male,8,Product_56,Books,2,82.11,0.0,East,164.22
11400,2022-02-28 08:00:00,349,32.0,Male,36,Product_97,Clothing,2,11.48,0.0,North,22.96
11401,2022-02-28 09:00:00,328,67.0,Male,93,Product_58,Clothing,2,11.19,0.0,North,22.38
11402,2022-02-28 10:00:00,267,20.0,Male,76,Product_93,Electronics,3,16.44,0.2,West,39.46
11403,2022-02-28 11:00:00,361,66.0,Female,14,Product_64,Home & Garden,2,9.4,0.05,North,17.86
11404,2022-02-28 12:00:00,229,53.0,Male,54,Product_12,Sports,4,53.38,0.0,East,213.52
11405,2022-02-28 13:00:00,270,21.0,Male,85,Product_7,Electronics,3,12.97,0.0,North,38.91
11406,2022-02-28 14:00:00,316,31.0,Male,86,Product_55,Clothing,2,13.72,0.0,North,27.44
11407,2022-02-28 15:00:00,286,58.0,Female,21,Product_62,Books,4,5.72,0.0,North,22.88
11408,2022-02-28 16:00:00,291,58.0,Female,50,Product_90,Clothing,1,81.18,0.05,South,77.12
11409,2022-02-28 17:00:00,213,42.0,Female,94,Product_73,Electronics,3,88.64,0.15,North,226.03
11410,2022-02-28 18:00:00,165,72.0,Female,39,Product_98,Sports,4,13.84,0.1,East,49.82
11411,2022-02-28 19:00:00,5,67.0,Female,20,Product_77,Electronics,1,72.26,0.0,East,72.26
11412,2022-02-28 20:00:00,339,27.0,Male,88,Product_55,Books,4,33.42,0.0,South,133.68
11413,2022-02-28 21:00:00,379,38.0,Female,87,Product_36,Electronics,2,18.7,0.0,East,37.4
11414,2022-02-28 22:00:00,78,53.0,Female,7,Product_89,Sports,2,53.56,0.0,South,107.12
11415,2022-02-28 23:00:00,410,29.0,Female,9,Product_24,Home & Garden,1,14.83,0.0,South,14.83
11416,2022-03-01 00:00:00,62,44.0,Female,1,Product_44,Books,2,75.71,0.0,South,151.42
11417,2022-03-01 01:00:00,132,57.0,Male,26,Product_17,Electronics,4,7.44,0.0,South,29.76
11418,2022-03-01 02:00:00,89,19.0,Male,38,Product_2,Sports,1,164.87,0.05,West,156.63
11419,2022-03-01 03:00:00,237,71.0,Male,38,Product_13,Home & Garden,4,8.73,0.05,East,33.17
11420,2022-03-01 04:00:00,42,30.0,Female,61,Product_31,Home & Garden,4,48.31,0.0,South,193.24
11421,2022-03-01 05:00:00,89,70.0,Male,44,Product_93,Home & Garden,4,121.24,0.1,East,436.46
11422,2022-03-01 06:00:00,402,49.0,Male,86,Product_28,Sports,2,5.6,0.0,South,11.2
11423,2022-03-01 07:00:00,296,48.0,Female,44,Product_60,Beauty,2,39.51,0.0,North,79.02
11424,2022-03-01 08:00:00,328,33.0,Male,74,Product_27,Electronics,4,26.54,0.1,South,95.54
11425,2022-03-01 09:00:00,295,49.0,Female,62,Product_15,Electronics,3,48.41,0.0,East,145.23
11426,2022-03-01 10:00:00,104,49.0,Male,6,Product_95,Books,4,17.77,0.15,South,60.42
11427,2022-03-01 11:00:00,14,51.0,Male,17,Product_79,Electronics,4,8.36,0.0,West,33.44
11428,2022-03-01 12:00:00,288,28.0,Male,51,Product_33,Beauty,1,54.17,0.0,South,54.17
11429,2022-03-01 13:00:00,179,27.0,Female,38,Product_20,Sports,4,31.97,0.0,South,127.88
11430,2022-03-01 14:00:00,125,32.0,Male,24,Product_42,Sports,2,53.71,0.05,West,102.05
11431,2022-03-01 15:00:00,422,34.0,Male,51,Product_12,Electronics,1,16.82,0.1,South,15.14
11432,2022-03-01 16:00:00,353,57.0,Female,10,Product_73,Electronics,3,25.68,0.05,West,73.19
11433,2022-03-01 17:00:00,23,35.0,Male,72,Product_23,Sports,1,46.24,0.1,West,41.62
11434,2022-03-01 18:00:00,63,72.0,Female,21,Product_72,Beauty,3,49.96,0.0,West,149.88
11435,2022-03-01 19:00:00,143,26.0,Female,70,Product_96,Beauty,1,28.29,0.0,North,28.29
11436,2022-03-01 20:00:00,481,42.0,Male,85,Product_14,Electronics,1,21.43,0.05,North,20.36
11437,2022-03-01 21:00:00,153,57.0,Female,57,Product_91,Electronics,3,20.99,0.0,East,62.97
11438,2022-03-01 22:00:00,145,31.0,Male,39,Product_25,Electronics,2,14.6,0.2,East,23.36
11439,2022-03-01 23:00:00,225,42.0,Female,88,Product_77,Books,2,24.68,0.0,East,49.36
11440,2022-03-02 00:00:00,495,67.0,Male,33,Product_85,Clothing,2,16.12,0.0,North,32.24
11441,2022-03-02 01:00:00,450,39.0,Female,59,Product_31,Electronics,1,55.23,0.0,North,55.23
11442,2022-03-02 02:00:00,462,69.0,Male,18,Product_54,Electronics,4,47.09,0.15,South,160.11
11443,2022-03-02 03:00:00,309,47.0,Female,56,Product_5,Clothing,1,29.11,0.15,North,24.74
11444,2022-03-02 04:00:00,104,37.0,Male,92,Product_13,Beauty,4,24.71,0.0,North,98.84
11445,2022-03-02 05:00:00,104,38.0,Male,57,Product_28,Home & Garden,4,18.57,0.0,North,74.28
11446,2022-03-02 06:00:00,435,61.0,Male,96,Product_43,Electronics,2,43.34,0.0,North,86.68
11447,2022-03-02 07:00:00,39,49.0,Male,76,Product_89,Clothing,4,130.61,0.0,East,522.44
11448,2022-03-02 08:00:00,435,68.0,Female,48,Product_99,Clothing,1,62.87,0.2,East,50.3
11449,2022-03-02 09:00:00,198,63.0,Male,42,Product_47,Electronics,1,73.21,0.0,North,73.21
11450,2022-03-02 10:00:00,134,66.0,Female,27,Product_71,Electronics,2,94.9,0.0,North,189.8
11451,2022-03-02 11:00:00,67,73.0,Female,74,Product_38,Sports,3,26.67,0.0,East,80.01
11452,2022-03-02 12:00:00,391,38.0,Female,52,Product_96,Electronics,1,8.25,0.0,South,8.25
11453,2022-03-02 13:00:00,179,52.0,Male,42,Product_67,Electronics,4,53.72,0.1,West,193.39
11454,2022-03-02 14:00:00,456,49.0,Male,32,Product_62,Clothing,1,15.45,0.0,East,15.45
11455,2022-03-02 15:00:00,42,47.0,Female,26,Product_39,Books,1,47.09,0.0,West,47.09
11456,2022-03-02 16:00:00,448,72.0,Male,25,Product_37,Home & Garden,1,72.26,0.2,East,57.81
11457,2022-03-02 17:00:00,15,56.0,Male,75,Product_86,Sports,3,81.54,0.0,South,244.62
11458,2022-03-02 18:00:00,111,66.0,Female,23,Product_8,Home & Garden,4,22.97,0.05,East,87.29
11459,2022-03-02 19:00:00,157,29.0,Female,98,Product_81,Sports,2,40.92,0.0,North,81.84
11460,2022-03-02 20:00:00,289,58.0,Female,57,Product_52,Electronics,1,53.51,0.0,North,53.51
11461,2022-03-02 21:00:00,478,64.0,Male,52,Product_91,Beauty,4,90.6,0.0,North,362.4
11462,2022-03-02 22:00:00,231,35.0,Female,87,Product_33,Electronics,4,76.65,0.0,South,306.6
11463,2022-03-02 23:00:00,411,38.0,Male,93,Product_81,Clothing,2,226.04,0.0,North,452.08
11464,2022-03-03 00:00:00,420,30.0,Male,31,Product_42,Books,1,5.41,0.0,North,5.41
11465,2022-03-03 01:00:00,157,38.0,Female,64,Product_76,Clothing,3,33.77,0.0,East,101.31
11466,2022-03-03 02:00:00,38,25.0,Male,71,Product_27,Beauty,4,19.79,0.0,West,79.16
11467,2022-03-03 03:00:00,441,63.0,Male,33,Product_8,Home & Garden,2,11.39,0.05,North,21.64
11468,2022-03-03 04:00:00,97,57.0,Male,85,Product_23,Books,3,126.25,0.15,South,321.94
11469,2022-03-03 05:00:00,485,63.0,Female,2,Product_64,Books,4,314.79,0.0,North,1259.16
11470,2022-03-03 06:00:00,411,24.0,Female,18,Product_93,Beauty,1,14.96,0.0,West,14.96
11471,2022-03-03 07:00:00,439,40.0,Female,47,Product_20,Beauty,4,6.96,0.1,North,25.06
11472,2022-03-03 08:00:00,289,61.0,Female,33,Product_16,Books,3,21.08,0.05,West,60.08
11473,2022-03-03 09:00:00,254,49.0,Male,98,Product_17,Sports,3,95.05,0.0,North,285.15
11474,2022-03-03 10:00:00,196,46.0,Male,84,Product_80,Clothing,1,22.4,0.0,West,22.4
11475,2022-03-03 11:00:00,86,39.0,Male,35,Product_19,Electronics,1,7.93,0.0,North,7.93
11476,2022-03-03 12:00:00,322,39.0,Male,51,Product_8,Sports,2,7.7,0.0,North,15.4
11477,2022-03-03 13:00:00,10,60.0,Male,18,Product_38,Beauty,1,32.88,0.15,North,27.95
11478,2022-03-03 14:00:00,5,42.0,Female,88,Product_38,Sports,2,139.28,0.1,North,250.7
11479,2022-03-03 15:00:00,123,39.0,Male,72,Product_53,Beauty,3,21.84,0.05,West,62.24
11480,2022-03-03 16:00:00,330,45.0,Male,30,Product_93,Books,3,32.86,0.0,East,98.58
11481,2022-03-03 17:00:00,353,46.0,Male,44,Product_90,Electronics,4,10.38,0.0,South,41.52
11482,2022-03-03 18:00:00,118,30.0,Male,53,Product_31,Electronics,4,39.02,0.15,West,132.67
11483,2022-03-03 19:00:00,294,35.0,Female,10,Product_44,Clothing,2,64.63,0.0,South,129.26
11484,2022-03-03 20:00:00,397,19.0,Male,87,Product_60,Electronics,1,20.81,0.0,West,20.81
11485,2022-03-03 21:00:00,159,46.0,Male,52,Product_76,Home & Garden,1,22.6,0.0,North,22.6
11486,2022-03-03 22:00:00,303,38.0,Female,49,Product_17,Beauty,4,97.25,0.0,West,389.0
11487,2022-03-03 23:00:00,228,32.0,Male,11,Product_79,Books,3,5.52,0.0,North,16.56
11488,2022-03-04 00:00:00,365,69.0,Male,66,Product_73,Clothing,2,55.59,0.0,South,111.18
11489,2022-03-04 01:00:00,216,44.0,Male,58,Product_39,Electronics,3,30.03,0.15,South,76.58
11490,2022-03-04 02:00:00,436,67.0,Female,90,Product_42,Clothing,3,22.72,0.05,South,64.75
11491,2022-03-04 03:00:00,184,48.0,Female,36,Product_48,Home & Garden,1,58.59,0.0,East,58.59
11492,2022-03-04 04:00:00,15,32.0,Female,33,Product_12,Clothing,2,94.99,0.05,South,180.48
11493,2022-03-04 05:00:00,157,68.0,Male,47,Product_96,Electronics,3,45.87,0.0,West,137.61
11494,2022-03-04 06:00:00,136,40.0,Male,13,Product_89,Clothing,4,6.58,0.0,West,26.32
11495,2022-03-04 07:00:00,261,41.0,Male,40,Product_18,Clothing,4,35.94,0.05,West,136.57
11496,2022-03-04 08:00:00,157,61.0,Male,89,Product_79,Beauty,1,36.07,0.0,West,36.07
11497,2022-03-04 09:00:00,47,30.0,Male,68,Product_96,Electronics,4,44.24,0.0,East,176.96
11498,2022-03-04 10:00:00,324,39.0,Male,42,Product_6,Electronics,4,60.58,0.05,West,230.2
11499,2022-03-04 11:00:00,332,60.0,Male,19,Product_43,Electronics,3,5.98,0.15,West,15.25
11500,2022-03-04 12:00:00,173,54.0,Female,82,Product_35,Clothing,4,39.86,0.0,South,159.44
11501,2022-03-04 13:00:00,130,50.0,Female,94,Product_98,Sports,4,49.37,0.0,East,197.48
11502,2022-03-04 14:00:00,411,73.0,Male,19,Product_54,Sports,3,26.03,0.0,West,78.09
11503,2022-03-04 15:00:00,95,20.0,Male,58,Product_62,Home & Garden,1,60.19,0.0,East,60.19
11504,2022-03-04 16:00:00,115,71.0,Male,23,Product_69,Sports,1,17.95,0.0,South,17.95
11505,2022-03-04 17:00:00,243,36.0,Male,54,Product_82,Electronics,2,24.09,0.0,North,48.18
11506,2022-03-04 18:00:00,420,40.0,Female,80,Product_16,Sports,4,169.51,0.05,West,644.14
11507,2022-03-04 19:00:00,292,46.0,Male,65,Product_8,Electronics,3,26.39,0.0,West,79.17
11508,2022-03-04 20:00:00,282,47.0,Female,12,Product_89,Clothing,2,26.27,0.0,South,52.54
11509,2022-03-04 21:00:00,299,56.0,Male,24,Product_96,Books,1,50.28,0.0,North,50.28
11510,2022-03-04 22:00:00,283,61.0,Male,34,Product_90,Books,1,181.98,0.0,South,181.98
11511,2022-03-04 23:00:00,69,64.0,Male,53,Product_86,Sports,3,208.96,0.2,East,501.5
11512,2022-03-05 00:00:00,148,42.0,Male,8,Product_31,Electronics,2,48.33,0.0,South,96.66
11513,2022-03-05 01:00:00,11,54.0,Male,18,Product_10,Electronics,2,5.05,0.15,East,8.58
11514,2022-03-05 02:00:00,254,64.0,Female,57,Product_56,Beauty,3,120.46,0.15,West,307.17
11515,2022-03-05 03:00:00,330,25.0,Male,5,Product_76,Electronics,3,47.23,0.1,East,127.52
11516,2022-03-05 04:00:00,360,59.0,Female,26,Product_92,Electronics,2,27.79,0.0,South,55.58
11517,2022-03-05 05:00:00,38,46.0,Male,30,Product_70,Electronics,1,93.36,0.15,West,79.36
11518,2022-03-05 06:00:00,134,25.0,Male,54,Product_20,Clothing,4,30.53,0.0,East,122.12
11519,2022-03-05 07:00:00,200,18.0,Male,13,Product_5,Electronics,1,6.73,0.0,North,6.73
11520,2022-03-05 08:00:00,23,61.0,Female,83,Product_23,Home & Garden,3,91.04,0.0,South,273.12
11521,2022-03-05 09:00:00,303,22.0,Male,29,Product_9,Home & Garden,2,44.47,0.0,East,88.94
11522,2022-03-05 10:00:00,346,20.0,Female,3,Product_58,Beauty,2,25.64,0.0,West,51.28
11523,2022-03-05 11:00:00,302,18.0,Male,90,Product_59,Electronics,4,19.44,0.0,West,77.76
11524,2022-03-05 12:00:00,363,21.0,Female,58,Product_93,Clothing,2,50.05,0.0,South,100.1
11525,2022-03-05 13:00:00,396,57.0,Male,76,Product_80,Home & Garden,4,16.66,0.05,North,63.31
11526,2022-03-05 14:00:00,218,52.0,Female,2,Product_54,Sports,1,24.57,0.0,North,24.57
11527,2022-03-05 15:00:00,141,49.0,Female,75,Product_46,Home & Garden,1,55.6,0.0,East,55.6
11528,2022-03-05 16:00:00,104,59.0,Female,28,Product_22,Books,2,111.66,0.2,East,178.66
11529,2022-03-05 17:00:00,446,51.0,Male,82,Product_64,Electronics,2,43.06,0.0,South,86.12
11530,2022-03-05 18:00:00,210,60.0,Male,77,Product_8,Books,3,76.17,0.05,South,217.08
11531,2022-03-05 19:00:00,473,42.0,Male,86,Product_20,Home & Garden,3,77.0,0.2,West,184.8
11532,2022-03-05 20:00:00,481,27.0,Female,76,Product_51,Electronics,2,59.58,0.0,West,119.16
11533,2022-03-05 21:00:00,111,38.0,Female,2,Product_78,Books,2,19.11,0.0,North,38.22
11534,2022-03-05 22:00:00,104,63.0,Female,7,Product_39,Sports,1,105.79,0.15,East,89.92
11535,2022-03-05 23:00:00,316,56.0,Male,26,Product_37,Electronics,2,33.66,0.15,East,57.22
11536,2022-03-06 00:00:00,171,44.0,Male,90,Product_50,Electronics,3,7.26,0.05,North,20.69
11537,2022-03-06 01:00:00,460,44.0,Male,88,Product_34,Electronics,1,19.03,0.0,South,19.03
11538,2022-03-06 02:00:00,492,19.0,Female,76,Product_75,Sports,4,77.53,0.15,North,263.6
11539,2022-03-06 03:00:00,356,58.0,Female,16,Product_33,Electronics,3,8.58,0.0,North,25.74
11540,2022-03-06 04:00:00,496,65.0,Female,23,Product_31,Electronics,3,12.97,0.0,East,38.91
11541,2022-03-06 05:00:00,324,30.0,Male,40,Product_54,Electronics,1,64.25,0.0,South,64.25
11542,2022-03-06 06:00:00,133,46.0,Female,60,Product_44,Sports,4,116.56,0.0,South,466.24
11543,2022-03-06 07:00:00,376,69.0,Female,73,Product_34,Books,3,55.22,0.1,South,149.09
11544,2022-03-06 08:00:00,293,53.0,Male,32,Product_71,Books,2,17.57,0.1,North,31.63
11545,2022-03-06 09:00:00,328,39.0,Female,15,Product_62,Electronics,3,7.74,0.05,East,22.06
11546,2022-03-06 10:00:00,127,59.0,Female,13,Product_23,Beauty,1,52.74,0.0,South,52.74
11547,2022-03-06 11:00:00,106,43.0,Male,5,Product_46,Sports,1,7.43,0.0,South,7.43
11548,2022-03-06 12:00:00,497,71.0,Female,75,Product_56,Books,1,52.43,0.05,West,49.81
11549,2022-03-06 13:00:00,92,29.0,Male,74,Product_7,Clothing,3,17.78,0.0,South,53.34
11550,2022-03-06 14:00:00,287,46.0,Male,52,Product_89,Clothing,4,122.51,0.15,East,416.53
11551,2022-03-06 15:00:00,378,31.0,Female,77,Product_61,Books,2,37.23,0.1,South,67.01
11552,2022-03-06 16:00:00,393,31.0,Male,41,Product_3,Electronics,1,17.68,0.05,West,16.8
11553,2022-03-06 17:00:00,51,74.0,Female,53,Product_38,Home & Garden,4,100.92,0.0,West,403.68
11554,2022-03-06 18:00:00,29,51.0,Female,50,Product_84,Books,2,19.65,0.05,North,37.33
11555,2022-03-06 19:00:00,462,70.0,Female,15,Product_34,Books,1,23.31,0.15,East,19.81
11556,2022-03-06 20:00:00,296,74.0,Female,7,Product_44,Beauty,2,94.87,0.0,North,189.74
11557,2022-03-06 21:00:00,297,37.0,Male,40,Product_30,Sports,2,23.47,0.1,West,42.25
11558,2022-03-06 22:00:00,214,28.0,Male,28,Product_17,Electronics,4,31.4,0.0,South,125.6
11559,2022-03-06 23:00:00,267,33.0,Male,32,Product_59,Electronics,2,26.36,0.0,West,52.72
11560,2022-03-07 00:00:00,407,68.0,Male,99,Product_10,Home & Garden,1,11.19,0.05,South,10.63
11561,2022-03-07 01:00:00,257,48.0,Male,15,Product_99,Home & Garden,4,6.98,0.05,East,26.52
11562,2022-03-07 02:00:00,302,72.0,Male,85,Product_84,Electronics,3,69.47,0.15,West,177.15
11563,2022-03-07 03:00:00,101,23.0,Female,70,Product_18,Electronics,3,56.8,0.0,West,170.4
11564,2022-03-07 04:00:00,405,73.0,Male,65,Product_45,Home & Garden,4,21.59,0.0,North,86.36
11565,2022-03-07 05:00:00,346,36.0,Male,4,Product_91,Books,3,22.52,0.05,South,64.18
11566,2022-03-07 06:00:00,110,54.0,Male,11,Product_59,Beauty,2,150.03,0.0,South,300.06
11567,2022-03-07 07:00:00,420,21.0,Female,26,Product_62,Books,1,224.79,0.0,South,224.79
11568,2022-03-07 08:00:00,182,64.0,Male,61,Product_59,Books,2,37.07,0.0,South,74.14
11569,2022-03-07 09:00:00,471,21.0,Male,37,Product_49,Sports,4,86.09,0.0,South,344.36
11570,2022-03-07 10:00:00,313,37.0,Male,23,Product_63,Beauty,1,71.72,0.05,South,68.13
11571,2022-03-07 11:00:00,1,27.0,Female,93,Product_87,Sports,4,22.64,0.05,North,86.03
11572,2022-03-07 12:00:00,319,41.0,Male,85,Product_32,Books,4,8.02,0.0,South,32.08
11573,2022-03-07 13:00:00,438,71.0,Female,91,Product_10,Beauty,4,12.69,0.0,North,50.76
11574,2022-03-07 14:00:00,55,52.0,Male,40,Product_11,Beauty,2,96.1,0.0,North,192.2
11575,2022-03-07 15:00:00,371,43.0,Male,77,Product_70,Clothing,1,70.69,0.0,East,70.69
11576,2022-03-07 16:00:00,424,54.0,Male,23,Product_62,Electronics,1,59.58,0.0,North,59.58
11577,2022-03-07 17:00:00,399,55.0,Male,16,Product_47,Electronics,1,12.0,0.0,South,12.0
11578,2022-03-07 18:00:00,149,38.0,Female,94,Product_34,Electronics,2,56.07,0.05,South,106.53
11579,2022-03-07 19:00:00,431,71.0,Female,61,Product_17,Electronics,3,78.95,0.05,South,225.01
11580,2022-03-07 20:00:00,457,57.0,Female,68,Product_54,Electronics,2,103.52,0.0,East,207.04
11581,2022-03-07 21:00:00,309,56.0,Female,80,Product_76,Clothing,2,5.67,0.05,South,10.77
11582,2022-03-07 22:00:00,137,38.0,Female,31,Product_85,Home & Garden,4,62.68,0.15,North,213.11
11583,2022-03-07 23:00:00,202,27.0,Female,53,Product_40,Sports,1,5.96,0.0,West,5.96
11584,2022-03-08 00:00:00,436,55.0,Female,25,Product_19,Electronics,1,66.36,0.0,West,66.36
11585,2022-03-08 01:00:00,313,63.0,Male,44,Product_67,Sports,3,55.48,0.0,North,166.44
11586,2022-03-08 02:00:00,117,46.0,Male,12,Product_82,Sports,3,13.03,0.0,South,39.09
11587,2022-03-08 03:00:00,154,74.0,Male,90,Product_53,Home & Garden,4,77.65,0.05,South,295.07
11588,2022-03-08 04:00:00,425,62.0,Female,97,Product_64,Beauty,1,8.54,0.1,North,7.69
11589,2022-03-08 05:00:00,291,37.0,Male,92,Product_83,Electronics,3,92.55,0.0,South,277.65
11590,2022-03-08 06:00:00,63,34.0,Male,9,Product_47,Electronics,3,20.19,0.05,East,57.54
11591,2022-03-08 07:00:00,244,72.0,Female,12,Product_6,Clothing,1,63.37,0.05,North,60.2
11592,2022-03-08 08:00:00,25,24.0,Female,69,Product_16,Electronics,2,133.65,0.0,West,267.3
11593,2022-03-08 09:00:00,90,21.0,Female,54,Product_72,Home & Garden,3,25.76,0.0,South,77.28
11594,2022-03-08 10:00:00,75,46.0,Male,54,Product_18,Clothing,1,39.95,0.15,South,33.96
11595,2022-03-08 11:00:00,294,31.0,Female,28,Product_52,Clothing,3,36.1,0.15,East,92.06
11596,2022-03-08 12:00:00,386,20.0,Male,56,Product_48,Electronics,4,13.58,0.1,North,48.89
11597,2022-03-08 13:00:00,391,41.0,Male,99,Product_43,Clothing,3,49.62,0.15,South,126.53
11598,2022-03-08 14:00:00,210,54.0,Male,69,Product_39,Sports,1,72.93,0.0,South,72.93
11599,2022-03-08 15:00:00,475,33.0,Male,98,Product_49,Home & Garden,3,129.37,0.0,South,388.11
11600,2022-03-08 16:00:00,418,72.0,Male,98,Product_12,Electronics,4,100.12,0.0,South,400.48
11601,2022-03-08 17:00:00,347,69.0,Female,77,Product_10,Electronics,4,40.67,0.0,North,162.68
11602,2022-03-08 18:00:00,17,21.0,Male,58,Product_71,Electronics,3,68.47,0.1,North,184.87
11603,2022-03-08 19:00:00,128,73.0,Female,78,Product_55,Electronics,3,85.67,0.2,North,205.61
11604,2022-03-08 20:00:00,427,41.0,Female,75,Product_1,Books,4,39.01,0.1,West,140.44
11605,2022-03-08 21:00:00,443,51.0,Male,42,Product_49,Electronics,4,11.13,0.0,North,44.52
11606,2022-03-08 22:00:00,364,47.0,Male,38,Product_36,Sports,2,33.81,0.0,North,67.62
11607,2022-03-08 23:00:00,251,35.0,Male,68,Product_21,Books,2,97.41,0.0,West,194.82
11608,2022-03-09 00:00:00,179,36.0,Female,53,Product_37,Electronics,4,50.4,0.0,East,201.6
11609,2022-03-09 01:00:00,182,48.0,Male,33,Product_24,Clothing,3,69.45,0.05,South,197.93
11610,2022-03-09 02:00:00,152,36.0,Male,71,Product_55,Beauty,1,15.24,0.0,North,15.24
11611,2022-03-09 03:00:00,25,66.0,Male,56,Product_25,Books,3,171.68,0.15,East,437.78
11612,2022-03-09 04:00:00,455,63.0,Female,72,Product_7,Home & Garden,3,30.88,0.15,North,78.74
11613,2022-03-09 05:00:00,180,36.0,Female,51,Product_81,Books,2,58.01,0.0,East,116.02
11614,2022-03-09 06:00:00,198,39.0,Male,74,Product_93,Books,2,5.95,0.0,West,11.9
11615,2022-03-09 07:00:00,344,46.0,Female,43,Product_94,Clothing,2,11.81,0.05,South,22.44
11616,2022-03-09 08:00:00,161,62.0,Female,15,Product_71,Books,4,81.17,0.0,North,324.68
11617,2022-03-09 09:00:00,177,29.0,Female,38,Product_97,Home & Garden,4,177.05,0.1,East,637.38
11618,2022-03-09 10:00:00,285,47.0,Female,15,Product_71,Home & Garden,3,24.29,0.0,South,72.87
11619,2022-03-09 11:00:00,63,55.0,Female,5,Product_24,Beauty,3,6.89,0.0,South,20.67
11620,2022-03-09 12:00:00,491,70.0,Female,93,Product_11,Books,1,27.38,0.0,South,27.38
11621,2022-03-09 13:00:00,150,48.0,Female,83,Product_73,Clothing,3,5.88,0.0,East,17.64
11622,2022-03-09 14:00:00,154,53.0,Male,54,Product_12,Electronics,3,15.68,0.15,East,39.98
11623,2022-03-09 15:00:00,156,36.0,Male,51,Product_35,Sports,2,74.81,0.0,West,149.62
11624,2022-03-09 16:00:00,370,65.0,Male,10,Product_63,Sports,2,143.3,0.15,West,243.61
11625,2022-03-09 17:00:00,469,62.0,Female,12,Product_68,Sports,2,9.58,0.05,North,18.2
11626,2022-03-09 18:00:00,49,53.0,Female,4,Product_92,Beauty,2,45.81,0.05,East,87.04
11627,2022-03-09 19:00:00,455,47.0,Male,95,Product_57,Books,2,19.64,0.0,North,39.28
11628,2022-03-09 20:00:00,337,72.0,Female,18,Product_13,Clothing,1,12.49,0.05,East,11.87
11629,2022-03-09 21:00:00,84,66.0,Male,80,Product_23,Electronics,1,17.36,0.0,North,17.36
11630,2022-03-09 22:00:00,361,72.0,Male,36,Product_83,Home & Garden,1,48.11,0.0,South,48.11
11631,2022-03-09 23:00:00,177,50.0,Female,25,Product_39,Sports,2,8.37,0.1,East,15.07
11632,2022-03-10 00:00:00,148,35.0,Male,87,Product_88,Sports,4,33.48,0.0,North,133.92
11633,2022-03-10 01:00:00,118,69.0,Male,76,Product_80,Home & Garden,2,12.26,0.15,West,20.84
11634,2022-03-10 02:00:00,342,66.0,Female,98,Product_97,Home & Garden,2,20.92,0.0,East,41.84
11635,2022-03-10 03:00:00,476,45.0,Female,36,Product_12,Clothing,1,15.58,0.1,South,14.02
11636,2022-03-10 04:00:00,63,64.0,Male,67,Product_34,Clothing,2,112.27,0.0,South,224.54
11637,2022-03-10 05:00:00,189,28.0,Female,9,Product_71,Home & Garden,1,66.55,0.1,West,59.9
11638,2022-03-10 06:00:00,360,74.0,Female,61,Product_75,Electronics,2,106.42,0.15,North,180.91
11639,2022-03-10 07:00:00,49,46.0,Male,53,Product_31,Clothing,3,29.18,0.0,East,87.54
11640,2022-03-10 08:00:00,327,46.0,Male,18,Product_93,Clothing,4,23.8,0.0,East,95.2
11641,2022-03-10 09:00:00,257,50.0,Female,43,Product_62,Home & Garden,4,28.95,0.05,West,110.01
11642,2022-03-10 10:00:00,224,34.0,Male,35,Product_13,Electronics,1,5.94,0.0,East,5.94
11643,2022-03-10 11:00:00,141,23.0,Female,63,Product_31,Books,3,69.5,0.0,East,208.5
11644,2022-03-10 12:00:00,478,21.0,Female,98,Product_2,Home & Garden,4,26.52,0.0,West,106.08
11645,2022-03-10 13:00:00,215,37.0,Male,78,Product_15,Sports,1,23.79,0.15,West,20.22
11646,2022-03-10 14:00:00,435,65.0,Male,4,Product_57,Sports,2,50.58,0.15,East,85.99
11647,2022-03-10 15:00:00,379,64.0,Female,93,Product_75,Clothing,2,33.66,0.05,North,63.95
11648,2022-03-10 16:00:00,440,44.0,Male,41,Product_34,Home & Garden,3,202.76,0.05,South,577.87
11649,2022-03-10 17:00:00,211,32.0,Male,45,Product_68,Beauty,4,27.02,0.05,East,102.68
11650,2022-03-10 18:00:00,318,23.0,Male,50,Product_75,Books,2,52.58,0.0,South,105.16
11651,2022-03-10 19:00:00,32,64.0,Male,79,Product_29,Beauty,1,23.67,0.0,South,23.67
11652,2022-03-10 20:00:00,158,31.0,Female,28,Product_66,Sports,2,238.33,0.0,North,476.66
11653,2022-03-10 21:00:00,285,28.0,Male,42,Product_16,Electronics,2,34.45,0.15,East,58.57
11654,2022-03-10 22:00:00,305,56.0,Male,80,Product_39,Electronics,4,55.27,0.05,North,210.03
11655,2022-03-10 23:00:00,429,26.0,Female,76,Product_77,Home & Garden,4,11.78,0.0,North,47.12
11656,2022-03-11 00:00:00,477,43.0,Male,69,Product_37,Clothing,1,71.03,0.1,South,63.93
11657,2022-03-11 01:00:00,286,33.0,Male,98,Product_81,Clothing,3,20.68,0.0,East,62.04
11658,2022-03-11 02:00:00,144,22.0,Male,1,Product_21,Books,3,34.77,0.05,South,99.09
11659,2022-03-11 03:00:00,424,74.0,Female,39,Product_44,Clothing,2,112.34,0.0,North,224.68
11660,2022-03-11 04:00:00,19,69.0,Female,96,Product_19,Clothing,1,181.26,0.0,North,181.26
11661,2022-03-11 05:00:00,18,27.0,Male,90,Product_71,Books,3,32.63,0.05,South,93.0
11662,2022-03-11 06:00:00,257,67.0,Male,17,Product_8,Books,3,95.03,0.05,East,270.84
11663,2022-03-11 07:00:00,78,20.0,Male,91,Product_77,Clothing,2,7.74,0.0,East,15.48
11664,2022-03-11 08:00:00,371,30.0,Female,88,Product_66,Books,1,99.05,0.0,North,99.05
11665,2022-03-11 09:00:00,175,60.0,Male,35,Product_41,Books,3,54.65,0.05,South,155.75
11666,2022-03-11 10:00:00,498,66.0,Male,46,Product_75,Clothing,4,38.54,0.1,West,138.74
11667,2022-03-11 11:00:00,194,47.0,Male,42,Product_88,Electronics,4,115.35,0.15,North,392.19
11668,2022-03-11 12:00:00,476,71.0,Male,39,Product_70,Electronics,2,98.33,0.0,South,196.66
11669,2022-03-11 13:00:00,113,62.0,Male,90,Product_61,Home & Garden,2,22.62,0.2,South,36.19
11670,2022-03-11 14:00:00,114,23.0,Female,49,Product_26,Clothing,2,83.39,0.05,North,158.44
11671,2022-03-11 15:00:00,222,34.0,Male,62,Product_71,Beauty,2,10.24,0.1,North,18.43
11672,2022-03-11 16:00:00,166,62.0,Male,38,Product_83,Electronics,3,91.51,0.05,East,260.8
11673,2022-03-11 17:00:00,435,68.0,Female,23,Product_70,Books,1,61.27,0.0,North,61.27
11674,2022-03-11 18:00:00,319,70.0,Female,22,Product_29,Beauty,2,9.6,0.0,North,19.2
11675,2022-03-11 19:00:00,132,36.0,Male,4,Product_66,Books,2,62.46,0.05,South,118.67
11676,2022-03-11 20:00:00,385,59.0,Male,49,Product_19,Clothing,3,48.44,0.0,North,145.32
11677,2022-03-11 21:00:00,264,52.0,Male,59,Product_68,Electronics,2,50.14,0.05,South,95.27
11678,2022-03-11 22:00:00,413,63.0,Female,73,Product_58,Sports,2,22.19,0.0,North,44.38
11679,2022-03-11 23:00:00,55,43.0,Male,68,Product_70,Clothing,1,20.5,0.0,South,20.5
11680,2022-03-12 00:00:00,359,68.0,Female,71,Product_57,Home & Garden,4,76.89,0.0,East,307.56
11681,2022-03-12 01:00:00,131,22.0,Female,87,Product_37,Sports,2,19.84,0.05,East,37.7
11682,2022-03-12 02:00:00,288,46.0,Female,2,Product_61,Beauty,3,34.55,0.0,South,103.65
11683,2022-03-12 03:00:00,266,54.0,Male,49,Product_92,Clothing,1,64.34,0.05,North,61.12
11684,2022-03-12 04:00:00,458,37.0,Male,88,Product_30,Books,3,9.15,0.0,East,27.45
11685,2022-03-12 05:00:00,467,66.0,Male,95,Product_71,Clothing,1,50.14,0.1,North,45.13
11686,2022-03-12 06:00:00,366,38.0,Male,31,Product_73,Sports,1,49.5,0.0,North,49.5
11687,2022-03-12 07:00:00,162,27.0,Female,40,Product_25,Electronics,2,62.64,0.0,East,125.28
11688,2022-03-12 08:00:00,380,22.0,Female,48,Product_97,Books,2,28.1,0.05,West,53.39
11689,2022-03-12 09:00:00,481,53.0,Female,51,Product_65,Electronics,2,34.8,0.0,South,69.6
11690,2022-03-12 10:00:00,87,23.0,Female,43,Product_6,Sports,4,25.02,0.0,North,100.08
11691,2022-03-12 11:00:00,55,43.0,Male,98,Product_18,Electronics,4,87.56,0.15,West,297.7
11692,2022-03-12 12:00:00,476,21.0,Male,55,Product_10,Clothing,3,12.0,0.0,North,36.0
11693,2022-03-12 13:00:00,288,56.0,Male,88,Product_92,Home & Garden,2,169.78,0.0,West,339.56
11694,2022-03-12 14:00:00,178,46.0,Female,49,Product_11,Clothing,4,55.37,0.0,South,221.48
11695,2022-03-12 15:00:00,391,67.0,Female,90,Product_97,Electronics,2,113.98,0.0,South,227.96
11696,2022-03-12 16:00:00,349,52.0,Female,80,Product_65,Clothing,4,32.78,0.0,South,131.12
11697,2022-03-12 17:00:00,8,18.0,Male,57,Product_77,Sports,4,25.19,0.0,West,100.76
11698,2022-03-12 18:00:00,321,41.0,Male,77,Product_84,Sports,1,120.49,0.1,West,108.44
11699,2022-03-12 19:00:00,313,74.0,Female,15,Product_65,Electronics,2,10.21,0.0,South,20.42
11700,2022-03-12 20:00:00,247,53.0,Male,27,Product_52,Sports,2,11.23,0.05,East,21.34
11701,2022-03-12 21:00:00,323,23.0,Female,68,Product_67,Electronics,4,22.79,0.0,East,91.16
11702,2022-03-12 22:00:00,472,58.0,Female,80,Product_82,Home & Garden,2,165.66,0.0,East,331.32
11703,2022-03-12 23:00:00,471,71.0,Female,64,Product_78,Clothing,4,55.13,0.0,West,220.52
11704,2022-03-13 00:00:00,443,63.0,Male,94,Product_31,Home & Garden,2,45.39,0.1,North,81.7
11705,2022-03-13 01:00:00,255,61.0,Male,30,Product_91,Clothing,1,66.1,0.05,South,62.79
11706,2022-03-13 02:00:00,328,74.0,Male,36,Product_17,Beauty,2,32.02,0.1,West,57.64
11707,2022-03-13 03:00:00,54,48.0,Male,67,Product_55,Clothing,1,75.96,0.0,West,75.96
11708,2022-03-13 04:00:00,249,37.0,Male,86,Product_93,Electronics,3,29.98,0.1,North,80.95
11709,2022-03-13 05:00:00,239,41.0,Female,86,Product_36,Clothing,2,92.54,0.05,North,175.83
11710,2022-03-13 06:00:00,229,42.0,Female,49,Product_26,Books,2,20.55,0.0,West,41.1
11711,2022-03-13 07:00:00,67,53.0,Male,76,Product_53,Sports,2,21.26,0.0,South,42.52
11712,2022-03-13 08:00:00,51,38.0,Male,55,Product_17,Sports,1,41.95,0.0,East,41.95
11713,2022-03-13 09:00:00,97,47.0,Male,85,Product_86,Beauty,2,33.17,0.05,North,63.02
11714,2022-03-13 10:00:00,92,41.0,Male,56,Product_25,Beauty,2,57.22,0.0,West,114.44
11715,2022-03-13 11:00:00,495,61.0,Female,68,Product_2,Electronics,4,27.65,0.05,North,105.07
11716,2022-03-13 12:00:00,264,59.0,Male,95,Product_86,Electronics,3,18.1,0.0,North,54.3
11717,2022-03-13 13:00:00,418,47.0,Male,44,Product_5,Books,1,36.73,0.0,North,36.73
11718,2022-03-13 14:00:00,291,39.0,Male,31,Product_4,Electronics,4,46.16,0.0,West,184.64
11719,2022-03-13 15:00:00,96,45.0,Female,58,Product_36,Sports,1,12.69,0.0,East,12.69
11720,2022-03-13 16:00:00,88,24.0,Female,87,Product_6,Sports,4,45.68,0.0,East,182.72
11721,2022-03-13 17:00:00,78,52.0,Male,53,Product_21,Books,3,24.23,0.0,South,72.69
11722,2022-03-13 18:00:00,288,72.0,Male,84,Product_77,Home & Garden,4,29.92,0.05,West,113.7
11723,2022-03-13 19:00:00,120,46.0,Female,79,Product_89,Sports,1,21.38,0.0,East,21.38
11724,2022-03-13 20:00:00,302,31.0,Female,23,Product_26,Beauty,2,138.98,0.0,East,277.96
11725,2022-03-13 21:00:00,491,73.0,Male,28,Product_55,Electronics,2,62.5,0.0,West,125.0
11726,2022-03-13 22:00:00,400,27.0,Female,16,Product_39,Clothing,3,20.22,0.0,South,60.66
11727,2022-03-13 23:00:00,452,33.0,Female,37,Product_84,Sports,1,56.79,0.0,East,56.79
11728,2022-03-14 00:00:00,165,33.0,Female,21,Product_33,Beauty,1,99.38,0.0,West,99.38
11729,2022-03-14 01:00:00,182,71.0,Female,79,Product_14,Electronics,1,30.68,0.0,East,30.68
11730,2022-03-14 02:00:00,469,48.0,Female,17,Product_56,Electronics,3,93.59,0.0,East,280.77
11731,2022-03-14 03:00:00,398,59.0,Male,37,Product_81,Electronics,2,13.39,0.2,North,21.42
11732,2022-03-14 04:00:00,223,42.0,Female,77,Product_21,Electronics,4,91.52,0.0,East,366.08
11733,2022-03-14 05:00:00,311,46.0,Female,19,Product_46,Beauty,3,43.86,0.0,South,131.58
11734,2022-03-14 06:00:00,432,23.0,Female,30,Product_16,Sports,4,17.61,0.0,North,70.44
11735,2022-03-14 07:00:00,466,61.0,Male,45,Product_16,Sports,2,31.14,0.0,West,62.28
11736,2022-03-14 08:00:00,7,26.0,Female,18,Product_84,Home & Garden,3,226.11,0.15,South,576.58
11737,2022-03-14 09:00:00,330,62.0,Female,78,Product_29,Books,2,81.52,0.0,South,163.04
11738,2022-03-14 10:00:00,263,53.0,Male,62,Product_92,Electronics,4,47.79,0.0,East,191.16
11739,2022-03-14 11:00:00,161,73.0,Female,36,Product_8,Clothing,1,11.12,0.1,South,10.01
11740,2022-03-14 12:00:00,151,60.0,Female,84,Product_88,Home & Garden,1,32.05,0.0,North,32.05
11741,2022-03-14 13:00:00,85,37.0,Female,52,Product_3,Electronics,4,20.26,0.2,South,64.83
11742,2022-03-14 14:00:00,147,35.0,Male,19,Product_89,Clothing,1,8.68,0.15,North,7.38
11743,2022-03-14 15:00:00,112,60.0,Male,44,Product_19,Clothing,4,44.07,0.0,North,176.28
11744,2022-03-14 16:00:00,381,74.0,Female,7,Product_97,Electronics,3,114.99,0.0,North,344.97
11745,2022-03-14 17:00:00,403,38.0,Male,44,Product_66,Electronics,3,61.29,0.0,North,183.87
11746,2022-03-14 18:00:00,36,21.0,Female,68,Product_79,Books,3,19.36,0.0,South,58.08
11747,2022-03-14 19:00:00,285,67.0,Male,34,Product_86,Electronics,1,47.62,0.0,South,47.62
11748,2022-03-14 20:00:00,188,50.0,Male,66,Product_74,Beauty,2,148.44,0.0,West,296.88
11749,2022-03-14 21:00:00,82,44.0,Male,69,Product_82,Electronics,1,69.17,0.15,South,58.79
11750,2022-03-14 22:00:00,2,24.0,Female,55,Product_22,Books,1,63.47,0.0,East,63.47
11751,2022-03-14 23:00:00,385,23.0,Male,10,Product_46,Books,2,177.35,0.05,South,336.96
11752,2022-03-15 00:00:00,303,32.0,Male,96,Product_91,Beauty,2,85.19,0.05,East,161.86
11753,2022-03-15 01:00:00,197,35.0,Male,42,Product_13,Books,2,12.35,0.15,East,20.99
11754,2022-03-15 02:00:00,404,49.0,Male,41,Product_33,Clothing,2,26.36,0.0,South,52.72
11755,2022-03-15 03:00:00,11,73.0,Female,77,Product_5,Clothing,1,172.82,0.0,North,172.82
11756,2022-03-15 04:00:00,234,28.0,Female,69,Product_90,Clothing,4,38.64,0.1,South,139.1
11757,2022-03-15 05:00:00,386,37.0,Male,10,Product_77,Electronics,3,10.92,0.1,East,29.48
11758,2022-03-15 06:00:00,195,41.0,Female,10,Product_27,Electronics,4,35.68,0.15,South,121.31
11759,2022-03-15 07:00:00,471,32.0,Male,91,Product_78,Books,1,64.7,0.05,West,61.46
11760,2022-03-15 08:00:00,119,65.0,Female,60,Product_24,Home & Garden,2,305.55,0.0,North,611.1
11761,2022-03-15 09:00:00,396,24.0,Female,51,Product_67,Sports,3,24.57,0.0,North,73.71
11762,2022-03-15 10:00:00,20,38.0,Female,21,Product_63,Beauty,3,41.09,0.0,East,123.27
11763,2022-03-15 11:00:00,261,59.0,Male,8,Product_94,Sports,4,110.88,0.05,West,421.34
11764,2022-03-15 12:00:00,293,43.0,Female,65,Product_99,Sports,1,26.95,0.0,South,26.95
11765,2022-03-15 13:00:00,422,61.0,Male,92,Product_48,Books,1,10.79,0.05,East,10.25
11766,2022-03-15 14:00:00,256,73.0,Female,78,Product_63,Electronics,1,153.73,0.15,North,130.67
11767,2022-03-15 15:00:00,222,31.0,Male,85,Product_78,Clothing,3,38.51,0.05,East,109.75
11768,2022-03-15 16:00:00,393,74.0,Female,30,Product_12,Beauty,4,39.94,0.0,East,159.76
11769,2022-03-15 17:00:00,226,54.0,Female,85,Product_28,Beauty,3,53.54,0.0,West,160.62
11770,2022-03-15 18:00:00,53,38.0,Female,49,Product_44,Books,3,5.18,0.15,North,13.21
11771,2022-03-15 19:00:00,428,35.0,Male,9,Product_93,Home & Garden,2,138.78,0.0,South,277.56
11772,2022-03-15 20:00:00,355,22.0,Female,17,Product_43,Books,4,27.43,0.0,East,109.72
11773,2022-03-15 21:00:00,342,20.0,Male,69,Product_17,Electronics,2,30.29,0.0,North,60.58
11774,2022-03-15 22:00:00,364,40.0,Female,58,Product_40,Electronics,1,14.56,0.0,East,14.56
11775,2022-03-15 23:00:00,280,43.0,Male,57,Product_49,Clothing,3,28.75,0.0,South,86.25
11776,2022-03-16 00:00:00,81,54.0,Male,62,Product_85,Home & Garden,4,86.47,0.15,North,294.0
11777,2022-03-16 01:00:00,202,41.0,Female,95,Product_57,Clothing,1,85.47,0.2,West,68.38
11778,2022-03-16 02:00:00,158,66.0,Male,52,Product_87,Clothing,4,142.29,0.2,North,455.33
11779,2022-03-16 03:00:00,120,36.0,Male,61,Product_84,Electronics,3,30.81,0.0,West,92.43
11780,2022-03-16 04:00:00,59,68.0,Male,40,Product_64,Home & Garden,4,66.67,0.15,West,226.68
11781,2022-03-16 05:00:00,494,42.0,Male,38,Product_75,Books,1,40.39,0.2,East,32.31
11782,2022-03-16 06:00:00,215,38.0,Female,43,Product_57,Sports,2,86.49,0.15,North,147.03
11783,2022-03-16 07:00:00,128,29.0,Female,63,Product_98,Electronics,3,67.33,0.05,West,191.89
11784,2022-03-16 08:00:00,224,74.0,Male,19,Product_74,Home & Garden,2,27.94,0.05,East,53.09
11785,2022-03-16 09:00:00,209,58.0,Male,50,Product_74,Sports,3,25.52,0.0,North,76.56
11786,2022-03-16 10:00:00,370,50.0,Male,33,Product_70,Home & Garden,1,19.55,0.15,South,16.62
11787,2022-03-16 11:00:00,115,67.0,Male,13,Product_88,Clothing,3,47.96,0.0,North,143.88
11788,2022-03-16 12:00:00,209,70.0,Female,78,Product_76,Sports,2,170.99,0.0,West,341.98
11789,2022-03-16 13:00:00,14,21.0,Female,97,Product_43,Beauty,3,16.16,0.2,West,38.78
11790,2022-03-16 14:00:00,9,59.0,Male,62,Product_23,Electronics,1,10.0,0.0,West,10.0
11791,2022-03-16 15:00:00,40,74.0,Male,93,Product_27,Clothing,3,11.36,0.0,East,34.08
11792,2022-03-16 16:00:00,450,24.0,Male,43,Product_58,Clothing,2,81.42,0.2,South,130.27
11793,2022-03-16 17:00:00,237,39.0,Female,49,Product_37,Home & Garden,1,26.55,0.2,North,21.24
11794,2022-03-16 18:00:00,281,72.0,Female,36,Product_6,Electronics,2,17.7,0.0,North,35.4
11795,2022-03-16 19:00:00,359,50.0,Male,10,Product_65,Electronics,3,26.76,0.15,North,68.24
11796,2022-03-16 20:00:00,201,34.0,Male,95,Product_6,Clothing,4,56.83,0.0,South,227.32
11797,2022-03-16 21:00:00,246,41.0,Female,6,Product_50,Beauty,2,44.57,0.0,West,89.14
11798,2022-03-16 22:00:00,278,51.0,Female,57,Product_22,Sports,3,73.05,0.0,West,219.15
11799,2022-03-16 23:00:00,235,45.0,Male,1,Product_88,Electronics,4,25.71,0.0,North,102.84
11800,2022-03-17 00:00:00,494,60.0,Male,71,Product_25,Books,4,35.08,0.0,East,140.32
11801,2022-03-17 01:00:00,4,58.0,Male,58,Product_79,Electronics,1,10.38,0.0,East,10.38
11802,2022-03-17 02:00:00,154,56.0,Female,91,Product_90,Books,4,8.79,0.15,South,29.89
11803,2022-03-17 03:00:00,442,39.0,Male,21,Product_72,Home & Garden,2,36.02,0.05,East,68.44
11804,2022-03-17 04:00:00,29,66.0,Male,92,Product_51,Clothing,2,22.95,0.15,South,39.02
11805,2022-03-17 05:00:00,109,34.0,Female,80,Product_88,Books,4,52.44,0.05,West,199.27
11806,2022-03-17 06:00:00,98,51.0,Male,56,Product_48,Books,3,7.2,0.0,East,21.6
11807,2022-03-17 07:00:00,215,23.0,Female,87,Product_70,Books,2,11.49,0.15,East,19.53
11808,2022-03-17 08:00:00,293,63.0,Male,20,Product_99,Electronics,2,105.19,0.15,North,178.82
11809,2022-03-17 09:00:00,75,23.0,Male,54,Product_65,Beauty,1,46.77,0.0,North,46.77
11810,2022-03-17 10:00:00,326,51.0,Female,25,Product_60,Beauty,3,67.25,0.0,South,201.75
11811,2022-03-17 11:00:00,146,18.0,Male,28,Product_46,Clothing,4,97.25,0.05,East,369.55
11812,2022-03-17 12:00:00,128,27.0,Female,5,Product_36,Electronics,3,36.17,0.05,West,103.08
11813,2022-03-17 13:00:00,341,38.0,Female,21,Product_58,Electronics,1,76.58,0.15,South,65.09
11814,2022-03-17 14:00:00,42,22.0,Male,18,Product_76,Beauty,1,42.18,0.0,East,42.18
11815,2022-03-17 15:00:00,356,19.0,Female,47,Product_38,Home & Garden,3,17.6,0.0,South,52.8
11816,2022-03-17 16:00:00,41,39.0,Male,70,Product_11,Clothing,1,25.6,0.0,North,25.6
11817,2022-03-17 17:00:00,422,65.0,Female,57,Product_12,Clothing,1,38.7,0.05,East,36.76
11818,2022-03-17 18:00:00,34,74.0,Male,93,Product_42,Clothing,1,24.05,0.0,East,24.05
11819,2022-03-17 19:00:00,17,19.0,Female,19,Product_39,Sports,3,25.44,0.0,North,76.32
11820,2022-03-17 20:00:00,165,27.0,Male,97,Product_71,Clothing,1,25.58,0.0,South,25.58
11821,2022-03-17 21:00:00,153,51.0,Male,65,Product_11,Beauty,4,11.55,0.05,South,43.89
11822,2022-03-17 22:00:00,486,33.0,Female,3,Product_36,Sports,4,9.42,0.0,North,37.68
11823,2022-03-17 23:00:00,378,65.0,Female,42,Product_52,Books,2,7.38,0.0,West,14.76
11824,2022-03-18 00:00:00,76,68.0,Male,21,Product_31,Clothing,4,10.88,0.1,East,39.17
11825,2022-03-18 01:00:00,87,56.0,Male,99,Product_33,Electronics,2,26.06,0.2,North,41.7
11826,2022-03-18 02:00:00,117,39.0,Female,40,Product_13,Home & Garden,3,50.05,0.0,North,150.15
11827,2022-03-18 03:00:00,362,29.0,Female,67,Product_18,Clothing,1,15.42,0.0,West,15.42
11828,2022-03-18 04:00:00,342,41.0,Male,25,Product_41,Electronics,4,114.47,0.15,East,389.2
11829,2022-03-18 05:00:00,469,64.0,Male,55,Product_58,Beauty,2,87.61,0.0,East,175.22
11830,2022-03-18 06:00:00,27,57.0,Male,84,Product_56,Clothing,3,41.75,0.05,North,118.99
11831,2022-03-18 07:00:00,313,55.0,Female,52,Product_24,Electronics,2,69.41,0.05,West,131.88
11832,2022-03-18 08:00:00,287,27.0,Male,44,Product_73,Electronics,1,27.81,0.0,South,27.81
11833,2022-03-18 09:00:00,134,52.0,Male,98,Product_31,Clothing,4,6.87,0.05,East,26.11
11834,2022-03-18 10:00:00,219,68.0,Female,85,Product_55,Beauty,3,122.34,0.05,West,348.67
11835,2022-03-18 11:00:00,168,66.0,Male,56,Product_10,Clothing,2,11.84,0.0,North,23.68
11836,2022-03-18 12:00:00,98,49.0,Male,55,Product_60,Clothing,3,152.77,0.0,South,458.31
11837,2022-03-18 13:00:00,268,24.0,Male,87,Product_2,Sports,2,47.42,0.2,North,75.87
11838,2022-03-18 14:00:00,237,38.0,Male,70,Product_15,Clothing,2,23.23,0.0,South,46.46
11839,2022-03-18 15:00:00,309,46.0,Male,77,Product_3,Electronics,1,39.21,0.05,North,37.25
11840,2022-03-18 16:00:00,455,43.0,Female,87,Product_43,Electronics,1,39.82,0.15,West,33.85
11841,2022-03-18 17:00:00,394,21.0,Male,73,Product_31,Clothing,2,6.18,0.0,South,12.36
11842,2022-03-18 18:00:00,173,63.0,Female,81,Product_70,Electronics,4,26.96,0.1,East,97.06
11843,2022-03-18 19:00:00,401,69.0,Female,66,Product_67,Electronics,3,72.33,0.2,West,173.59
11844,2022-03-18 20:00:00,410,39.0,Female,19,Product_56,Books,3,40.67,0.0,West,122.01
11845,2022-03-18 21:00:00,469,32.0,Male,83,Product_63,Electronics,1,19.0,0.0,South,19.0
11846,2022-03-18 22:00:00,476,73.0,Male,7,Product_75,Books,4,25.41,0.15,South,86.39
11847,2022-03-18 23:00:00,190,57.0,Male,63,Product_15,Books,2,104.41,0.0,North,208.82
11848,2022-03-19 00:00:00,122,38.0,Male,42,Product_92,Home & Garden,1,42.28,0.0,North,42.28
11849,2022-03-19 01:00:00,46,32.0,Male,42,Product_10,Clothing,2,42.58,0.15,East,72.39
11850,2022-03-19 02:00:00,64,39.0,Female,59,Product_38,Electronics,2,167.81,0.1,North,302.06
11851,2022-03-19 03:00:00,130,69.0,Male,20,Product_47,Sports,1,24.35,0.2,South,19.48
11852,2022-03-19 04:00:00,310,45.0,Male,73,Product_57,Sports,4,37.65,0.0,North,150.6
11853,2022-03-19 05:00:00,363,31.0,Male,17,Product_50,Sports,3,88.49,0.0,East,265.47
11854,2022-03-19 06:00:00,193,44.0,Female,27,Product_71,Electronics,1,76.13,0.0,South,76.13
11855,2022-03-19 07:00:00,307,58.0,Male,47,Product_15,Beauty,4,20.45,0.05,North,77.71
11856,2022-03-19 08:00:00,181,57.0,Female,2,Product_18,Electronics,2,13.19,0.05,North,25.06
11857,2022-03-19 09:00:00,292,45.0,Male,63,Product_82,Clothing,1,65.32,0.0,East,65.32
11858,2022-03-19 10:00:00,371,43.0,Female,62,Product_88,Clothing,3,19.9,0.0,East,59.7
11859,2022-03-19 11:00:00,282,66.0,Female,19,Product_2,Electronics,3,132.99,0.05,South,379.02
11860,2022-03-19 12:00:00,29,19.0,Male,17,Product_84,Home & Garden,2,11.92,0.0,West,23.84
11861,2022-03-19 13:00:00,149,42.0,Male,69,Product_98,Books,1,24.16,0.0,North,24.16
11862,2022-03-19 14:00:00,267,73.0,Male,39,Product_43,Books,3,7.82,0.15,North,19.94
11863,2022-03-19 15:00:00,296,20.0,Male,82,Product_26,Books,1,65.75,0.0,North,65.75
11864,2022-03-19 16:00:00,11,25.0,Female,71,Product_71,Home & Garden,3,115.94,0.05,South,330.43
11865,2022-03-19 17:00:00,164,46.0,Female,81,Product_38,Sports,2,55.51,0.15,East,94.37
11866,2022-03-19 18:00:00,113,50.0,Female,39,Product_94,Electronics,2,143.83,0.0,North,287.66
11867,2022-03-19 19:00:00,187,59.0,Female,36,Product_42,Home & Garden,1,11.88,0.0,East,11.88
11868,2022-03-19 20:00:00,295,69.0,Male,40,Product_5,Electronics,4,9.59,0.0,South,38.36
11869,2022-03-19 21:00:00,232,52.0,Male,45,Product_11,Clothing,4,96.14,0.15,West,326.88
11870,2022-03-19 22:00:00,227,23.0,Female,4,Product_65,Clothing,2,101.73,0.0,East,203.46
11871,2022-03-19 23:00:00,310,56.0,Male,25,Product_34,Clothing,3,93.9,0.05,East,267.62
11872,2022-03-20 00:00:00,98,69.0,Female,69,Product_1,Home & Garden,4,85.21,0.2,East,272.67
11873,2022-03-20 01:00:00,55,40.0,Male,30,Product_83,Beauty,2,27.49,0.2,West,43.98
11874,2022-03-20 02:00:00,111,42.0,Male,76,Product_2,Clothing,3,17.26,0.0,West,51.78
11875,2022-03-20 03:00:00,152,67.0,Female,68,Product_85,Beauty,3,137.12,0.1,South,370.22
11876,2022-03-20 04:00:00,246,60.0,Male,88,Product_20,Books,4,23.34,0.2,South,74.69
11877,2022-03-20 05:00:00,406,36.0,Female,29,Product_61,Home & Garden,2,30.41,0.0,South,60.82
11878,2022-03-20 06:00:00,69,22.0,Female,73,Product_87,Sports,3,65.13,0.0,South,195.39
11879,2022-03-20 07:00:00,312,68.0,Female,68,Product_21,Electronics,3,22.36,0.0,South,67.08
11880,2022-03-20 08:00:00,289,28.0,Female,51,Product_88,Books,1,90.5,0.0,North,90.5
11881,2022-03-20 09:00:00,250,73.0,Female,24,Product_68,Home & Garden,1,8.63,0.15,West,7.34
11882,2022-03-20 10:00:00,36,29.0,Female,14,Product_12,Beauty,4,83.31,0.0,South,333.24
11883,2022-03-20 11:00:00,239,27.0,Male,69,Product_22,Sports,1,51.05,0.15,West,43.39
11884,2022-03-20 12:00:00,148,25.0,Male,18,Product_20,Books,2,47.55,0.1,South,85.59
11885,2022-03-20 13:00:00,467,41.0,Female,42,Product_82,Books,4,35.66,0.05,East,135.51
11886,2022-03-20 14:00:00,227,45.0,Male,57,Product_1,Clothing,4,21.22,0.05,South,80.64
11887,2022-03-20 15:00:00,244,58.0,Male,83,Product_30,Clothing,1,36.19,0.0,East,36.19
11888,2022-03-20 16:00:00,491,53.0,Male,12,Product_97,Clothing,3,34.89,0.15,South,88.97
11889,2022-03-20 17:00:00,337,54.0,Female,82,Product_24,Home & Garden,2,48.82,0.0,South,97.64
11890,2022-03-20 18:00:00,446,38.0,Female,17,Product_14,Electronics,2,21.53,0.0,West,43.06
11891,2022-03-20 19:00:00,365,46.0,Male,30,Product_36,Books,2,9.04,0.0,North,18.08
11892,2022-03-20 20:00:00,491,72.0,Female,88,Product_69,Home & Garden,4,12.84,0.15,South,43.66
11893,2022-03-20 21:00:00,482,26.0,Female,75,Product_75,Beauty,2,65.06,0.15,North,110.6
11894,2022-03-20 22:00:00,201,64.0,Female,99,Product_24,Books,3,6.14,0.0,West,18.42
11895,2022-03-20 23:00:00,154,32.0,Female,23,Product_60,Home & Garden,3,102.05,0.0,North,306.15
11896,2022-03-21 00:00:00,450,65.0,Female,81,Product_95,Beauty,1,64.27,0.05,East,61.06
11897,2022-03-21 01:00:00,73,63.0,Male,1,Product_55,Home & Garden,2,78.07,0.0,North,156.14
11898,2022-03-21 02:00:00,201,57.0,Female,79,Product_77,Books,4,95.39,0.0,South,381.56
11899,2022-03-21 03:00:00,296,35.0,Male,32,Product_80,Clothing,1,11.55,0.05,West,10.97
11900,2022-03-21 04:00:00,17,59.0,Female,9,Product_24,Clothing,3,91.43,0.0,North,274.29
11901,2022-03-21 05:00:00,129,37.0,Female,15,Product_77,Clothing,2,40.12,0.0,East,80.24
11902,2022-03-21 06:00:00,217,23.0,Male,28,Product_24,Home & Garden,3,113.37,0.0,North,340.11
11903,2022-03-21 07:00:00,61,29.0,Male,24,Product_54,Home & Garden,1,113.84,0.0,South,113.84
11904,2022-03-21 08:00:00,427,19.0,Female,60,Product_26,Home & Garden,3,6.22,0.0,South,18.66
11905,2022-03-21 09:00:00,104,24.0,Male,35,Product_66,Clothing,2,29.13,0.0,East,58.26
11906,2022-03-21 10:00:00,42,33.0,Female,86,Product_80,Beauty,2,42.37,0.0,East,84.74
11907,2022-03-21 11:00:00,25,20.0,Male,27,Product_38,Home & Garden,1,61.72,0.0,East,61.72
11908,2022-03-21 12:00:00,39,62.0,Male,83,Product_65,Clothing,2,21.86,0.05,North,41.53
11909,2022-03-21 13:00:00,291,20.0,Female,76,Product_75,Sports,3,19.53,0.2,South,46.87
11910,2022-03-21 14:00:00,131,44.0,Female,20,Product_51,Books,3,29.0,0.0,North,87.0
11911,2022-03-21 15:00:00,498,67.0,Female,65,Product_35,Beauty,4,39.75,0.15,East,135.15
11912,2022-03-21 16:00:00,229,60.0,Male,85,Product_43,Home & Garden,4,155.95,0.0,West,623.8
11913,2022-03-21 17:00:00,108,57.0,Female,49,Product_29,Electronics,4,76.8,0.0,North,307.2
11914,2022-03-21 18:00:00,172,55.0,Female,1,Product_37,Clothing,3,33.05,0.0,North,99.15
11915,2022-03-21 19:00:00,435,50.0,Female,10,Product_81,Home & Garden,3,7.79,0.0,North,23.37
11916,2022-03-21 20:00:00,478,45.0,Female,47,Product_58,Books,1,14.23,0.05,West,13.52
11917,2022-03-21 21:00:00,102,18.0,Female,59,Product_54,Clothing,4,35.43,0.0,West,141.72
11918,2022-03-21 22:00:00,354,72.0,Male,96,Product_39,Beauty,3,89.05,0.0,South,267.15
11919,2022-03-21 23:00:00,12,25.0,Male,62,Product_42,Home & Garden,1,28.96,0.15,South,24.62
11920,2022-03-22 00:00:00,275,54.0,Female,86,Product_28,Beauty,3,43.66,0.0,North,130.98
11921,2022-03-22 01:00:00,101,49.0,Male,18,Product_29,Electronics,1,116.19,0.0,East,116.19
11922,2022-03-22 02:00:00,44,65.0,Female,46,Product_43,Books,4,127.55,0.0,East,510.2
11923,2022-03-22 03:00:00,443,60.0,Male,32,Product_3,Beauty,4,17.15,0.0,South,68.6
11924,2022-03-22 04:00:00,305,54.0,Female,27,Product_10,Beauty,4,7.23,0.0,West,28.92
11925,2022-03-22 05:00:00,445,21.0,Female,92,Product_59,Electronics,3,23.22,0.0,South,69.66
11926,2022-03-22 06:00:00,17,47.0,Male,18,Product_14,Electronics,3,64.5,0.0,North,193.5
11927,2022-03-22 07:00:00,330,23.0,Male,39,Product_76,Sports,1,155.91,0.0,East,155.91
11928,2022-03-22 08:00:00,57,63.0,Male,49,Product_47,Electronics,2,9.01,0.05,South,17.12
11929,2022-03-22 09:00:00,311,71.0,Female,93,Product_42,Electronics,2,6.44,0.1,West,11.59
11930,2022-03-22 10:00:00,497,36.0,Female,82,Product_94,Electronics,4,112.77,0.2,South,360.86
11931,2022-03-22 11:00:00,303,49.0,Male,44,Product_32,Home & Garden,2,73.95,0.15,South,125.72
11932,2022-03-22 12:00:00,12,26.0,Female,72,Product_32,Home & Garden,4,247.99,0.15,East,843.17
11933,2022-03-22 13:00:00,318,46.0,Male,54,Product_42,Electronics,1,30.27,0.1,South,27.24
11934,2022-03-22 14:00:00,80,28.0,Male,95,Product_32,Electronics,2,31.9,0.05,South,60.61
11935,2022-03-22 15:00:00,216,63.0,Female,34,Product_26,Home & Garden,2,14.46,0.0,West,28.92
11936,2022-03-22 16:00:00,339,46.0,Male,71,Product_1,Home & Garden,4,11.16,0.05,South,42.41
11937,2022-03-22 17:00:00,264,33.0,Male,36,Product_56,Electronics,1,48.22,0.0,North,48.22
11938,2022-03-22 18:00:00,479,18.0,Male,18,Product_2,Clothing,2,27.65,0.15,West,47.0
11939,2022-03-22 19:00:00,149,62.0,Male,38,Product_81,Beauty,2,9.19,0.0,North,18.38
11940,2022-03-22 20:00:00,81,72.0,Male,59,Product_30,Beauty,2,114.01,0.05,North,216.62
11941,2022-03-22 21:00:00,215,70.0,Male,9,Product_71,Beauty,1,16.05,0.0,East,16.05
11942,2022-03-22 22:00:00,485,38.0,Female,73,Product_52,Books,1,74.03,0.0,North,74.03
11943,2022-03-22 23:00:00,374,47.0,Male,72,Product_91,Clothing,2,21.58,0.0,West,43.16
11944,2022-03-23 00:00:00,464,30.0,Female,51,Product_9,Sports,4,88.81,0.0,South,355.24
11945,2022-03-23 01:00:00,198,51.0,Male,35,Product_22,Clothing,4,11.3,0.0,East,45.2
11946,2022-03-23 02:00:00,200,21.0,Male,82,Product_34,Sports,2,75.54,0.0,North,151.08
11947,2022-03-23 03:00:00,25,45.0,Female,5,Product_49,Clothing,1,10.16,0.0,North,10.16
11948,2022-03-23 04:00:00,466,55.0,Female,14,Product_1,Sports,2,34.61,0.0,East,69.22
11949,2022-03-23 05:00:00,89,48.0,Male,92,Product_73,Home & Garden,1,71.21,0.15,South,60.53
11950,2022-03-23 06:00:00,268,72.0,Female,30,Product_84,Electronics,2,14.51,0.0,East,29.02
11951,2022-03-23 07:00:00,143,44.0,Female,4,Product_53,Books,1,21.82,0.0,North,21.82
11952,2022-03-23 08:00:00,59,22.0,Female,39,Product_83,Electronics,3,105.04,0.2,East,252.1
11953,2022-03-23 09:00:00,410,42.0,Male,84,Product_40,Clothing,4,113.19,0.0,North,452.76
11954,2022-03-23 10:00:00,489,20.0,Male,64,Product_45,Electronics,3,7.3,0.0,East,21.9
11955,2022-03-23 11:00:00,365,50.0,Male,25,Product_68,Clothing,4,14.2,0.0,East,56.8
11956,2022-03-23 12:00:00,26,21.0,Female,28,Product_9,Electronics,1,11.25,0.1,North,10.12
11957,2022-03-23 13:00:00,47,42.0,Male,76,Product_22,Beauty,3,14.9,0.0,South,44.7
11958,2022-03-23 14:00:00,288,37.0,Female,66,Product_18,Clothing,4,180.64,0.0,North,722.56
11959,2022-03-23 15:00:00,266,51.0,Male,78,Product_76,Home & Garden,2,45.11,0.1,South,81.2
11960,2022-03-23 16:00:00,16,43.0,Male,22,Product_43,Clothing,1,36.57,0.0,East,36.57
11961,2022-03-23 17:00:00,199,22.0,Female,31,Product_39,Sports,1,213.24,0.15,North,181.25
11962,2022-03-23 18:00:00,401,52.0,Male,23,Product_73,Books,2,45.7,0.0,West,91.4
11963,2022-03-23 19:00:00,407,45.0,Female,48,Product_6,Sports,2,59.11,0.0,South,118.22
11964,2022-03-23 20:00:00,282,46.0,Female,20,Product_83,Sports,4,25.23,0.1,West,90.83
11965,2022-03-23 21:00:00,469,26.0,Female,38,Product_48,Beauty,1,29.07,0.0,North,29.07
11966,2022-03-23 22:00:00,86,69.0,Female,55,Product_7,Books,4,50.12,0.15,West,170.41
11967,2022-03-23 23:00:00,250,55.0,Female,68,Product_80,Sports,2,8.62,0.2,North,13.79
11968,2022-03-24 00:00:00,391,67.0,Female,79,Product_69,Electronics,1,19.78,0.0,South,19.78
11969,2022-03-24 01:00:00,270,23.0,Female,88,Product_16,Sports,2,15.96,0.15,West,27.13
11970,2022-03-24 02:00:00,335,36.0,Male,89,Product_1,Home & Garden,4,5.8,0.0,North,23.2
11971,2022-03-24 03:00:00,117,61.0,Male,1,Product_37,Sports,4,43.49,0.15,North,147.87
11972,2022-03-24 04:00:00,7,74.0,Male,7,Product_83,Books,4,46.17,0.0,East,184.68
11973,2022-03-24 05:00:00,137,28.0,Male,57,Product_37,Sports,1,29.22,0.0,East,29.22
11974,2022-03-24 06:00:00,371,19.0,Female,95,Product_81,Books,2,20.65,0.0,South,41.3
11975,2022-03-24 07:00:00,176,64.0,Female,12,Product_64,Electronics,2,57.79,0.0,North,115.58
11976,2022-03-24 08:00:00,328,61.0,Female,5,Product_90,Electronics,4,12.23,0.0,East,48.92
11977,2022-03-24 09:00:00,498,61.0,Male,50,Product_86,Clothing,4,41.55,0.15,North,141.27
11978,2022-03-24 10:00:00,315,26.0,Female,42,Product_62,Beauty,4,78.07,0.15,West,265.44
11979,2022-03-24 11:00:00,215,38.0,Male,12,Product_72,Books,4,13.97,0.0,East,55.88
11980,2022-03-24 12:00:00,477,41.0,Female,18,Product_61,Sports,3,74.97,0.0,East,224.91
11981,2022-03-24 13:00:00,82,51.0,Female,66,Product_33,Sports,3,76.52,0.15,North,195.13
11982,2022-03-24 14:00:00,223,39.0,Male,74,Product_66,Sports,3,8.09,0.0,West,24.27
11983,2022-03-24 15:00:00,478,20.0,Male,79,Product_30,Beauty,4,5.95,0.0,South,23.8
11984,2022-03-24 16:00:00,372,29.0,Male,94,Product_20,Books,4,187.36,0.0,West,749.44
11985,2022-03-24 17:00:00,423,45.0,Female,17,Product_60,Sports,2,15.75,0.0,North,31.5
11986,2022-03-24 18:00:00,483,47.0,Female,68,Product_82,Sports,1,91.34,0.0,East,91.34
11987,2022-03-24 19:00:00,402,43.0,Female,71,Product_74,Electronics,2,46.26,0.05,East,87.89
11988,2022-03-24 20:00:00,443,65.0,Male,62,Product_24,Sports,3,20.36,0.05,North,58.03
11989,2022-03-24 21:00:00,490,38.0,Male,41,Product_4,Clothing,2,11.96,0.0,South,23.92
11990,2022-03-24 22:00:00,103,45.0,Female,95,Product_37,Electronics,4,39.33,0.15,North,133.72
11991,2022-03-24 23:00:00,273,73.0,Female,34,Product_4,Books,3,31.16,0.0,South,93.48
11992,2022-03-25 00:00:00,14,43.0,Male,70,Product_77,Home & Garden,3,65.01,0.0,South,195.03
11993,2022-03-25 01:00:00,159,50.0,Male,45,Product_89,Beauty,1,122.26,0.0,South,122.26
11994,2022-03-25 02:00:00,152,38.0,Female,58,Product_77,Clothing,1,86.8,0.0,East,86.8
11995,2022-03-25 03:00:00,483,52.0,Male,51,Product_18,Home & Garden,3,21.04,0.0,East,63.12
11996,2022-03-25 04:00:00,108,69.0,Male,34,Product_88,Clothing,3,110.57,0.0,North,331.71
11997,2022-03-25 05:00:00,188,51.0,Male,44,Product_66,Electronics,2,94.61,0.0,East,189.22
11998,2022-03-25 06:00:00,301,58.0,Female,15,Product_48,Clothing,3,137.35,0.0,West,412.05
11999,2022-03-25 07:00:00,98,68.0,Female,78,Product_33,Clothing,4,35.69,0.05,South,135.62
